days,len_day,Period_T,R,length_macroperiod,length_microperiod_energy,J,n_scenario,startup_cost,startup_time,initial_stock,capacity_unit,holding_cost,energy_startup,energy_product,D_0,D_1,D_2,D_3,D_4,D_5,D_6,scenario0,scenario1,scenario2,scenario3,scenario4,scenario5,scenario6,scenario7,scenario8,scenario9,scenario10,scenario11,scenario12,scenario13,scenario14,scenario15,scenario16,scenario17,scenario18,scenario19,scenario20,scenario21,scenario22,scenario23,scenario24,scenario25,scenario26,scenario27,scenario28,scenario29,scenario30,scenario31,scenario32,scenario33,scenario34,scenario35,scenario36,scenario37,scenario38,scenario39,scenario40,scenario41,scenario42,scenario43,scenario44,scenario45,scenario46,scenario47,scenario48,scenario49,scenario50,scenario51,scenario52,scenario53,scenario54,scenario55,scenario56,scenario57,scenario58,scenario59,scenario60,scenario61,scenario62,scenario63,scenario64,scenario65,scenario66,scenario67,scenario68,scenario69,scenario70,scenario71,scenario72,scenario73,scenario74,scenario75,scenario76,scenario77,scenario78,scenario79,scenario80,scenario81,scenario82,scenario83,scenario84,scenario85,scenario86,scenario87,scenario88,scenario89,scenario90,scenario91,scenario92,scenario93,scenario94,scenario95,scenario96,scenario97,scenario98,scenario99,scenario100,scenario101,scenario102,scenario103,scenario104,scenario105,scenario106,scenario107,scenario108,scenario109,scenario110,scenario111,scenario112,scenario113,scenario114,scenario115,scenario116,scenario117,scenario118,scenario119,scenario120,scenario121,scenario122,scenario123,scenario124,scenario125,scenario126,scenario127,scenario128,scenario129,scenario130,scenario131,scenario132,scenario133,scenario134,scenario135,scenario136,scenario137,scenario138,scenario139,scenario140,scenario141,scenario142,scenario143,scenario144,scenario145,scenario146,scenario147,scenario148,scenario149,scenario150,scenario151,scenario152,scenario153,scenario154,scenario155,scenario156,scenario157,scenario158,scenario159,scenario160,scenario161,scenario162,scenario163,scenario164,scenario165,scenario166,scenario167,scenario168,scenario169,scenario170,scenario171,scenario172,scenario173,scenario174,scenario175,scenario176,scenario177,scenario178,scenario179,scenario180,scenario181,scenario182,scenario183,scenario184,scenario185,scenario186,scenario187,scenario188,scenario189,scenario190,scenario191,scenario192,scenario193,scenario194,scenario195,scenario196,scenario197,scenario198,scenario199,scenario200,scenario201,scenario202,scenario203,scenario204,scenario205,scenario206,scenario207,scenario208,scenario209,scenario210,scenario211,scenario212,scenario213,scenario214,scenario215,scenario216,scenario217,scenario218,scenario219,scenario220,scenario221,scenario222,scenario223,scenario224,scenario225,scenario226,scenario227,scenario228,scenario229,scenario230,scenario231,scenario232,scenario233,scenario234,scenario235,scenario236,scenario237,scenario238,scenario239,scenario240,scenario241,scenario242,scenario243,scenario244,scenario245,scenario246,scenario247,scenario248,scenario249,scenario250,scenario251,scenario252,scenario253,scenario254,scenario255,scenario256,scenario257,scenario258,scenario259,scenario260,scenario261,scenario262,scenario263,scenario264,scenario265,scenario266,scenario267,scenario268,scenario269,scenario270,scenario271,scenario272,scenario273,scenario274,scenario275,scenario276,scenario277,scenario278,scenario279,scenario280,scenario281,scenario282,scenario283,scenario284,scenario285,scenario286,scenario287,scenario288,scenario289,scenario290,scenario291,scenario292,scenario293,scenario294,scenario295,scenario296,scenario297,scenario298,scenario299,scenario300,scenario301,scenario302,scenario303,scenario304,scenario305,scenario306,scenario307,scenario308,scenario309,scenario310,scenario311,scenario312,scenario313,scenario314,scenario315,scenario316,scenario317,scenario318,scenario319,scenario320,scenario321,scenario322,scenario323,scenario324,scenario325,scenario326,scenario327,scenario328,scenario329,scenario330,scenario331,scenario332,scenario333,scenario334,scenario335,scenario336,scenario337,scenario338,scenario339,scenario340,scenario341,scenario342,scenario343,scenario344,scenario345,scenario346,scenario347,scenario348,scenario349,scenario350,scenario351,scenario352,scenario353,scenario354,scenario355,scenario356,scenario357,scenario358,scenario359,scenario360,scenario361,scenario362,scenario363,scenario364,scenario365,scenario366,scenario367,scenario368,scenario369,scenario370,scenario371,scenario372,scenario373,scenario374,scenario375,scenario376,scenario377,scenario378,scenario379,scenario380,scenario381,scenario382,scenario383,scenario384,scenario385,scenario386,scenario387,scenario388,scenario389,scenario390,scenario391,scenario392,scenario393,scenario394,scenario395,scenario396,scenario397,scenario398,scenario399,scenario400,scenario401,scenario402,scenario403,scenario404,scenario405,scenario406,scenario407,scenario408,scenario409,scenario410,scenario411,scenario412,scenario413,scenario414,scenario415,scenario416,scenario417,scenario418,scenario419,scenario420,scenario421,scenario422,scenario423,scenario424,scenario425,scenario426,scenario427,scenario428,scenario429,scenario430,scenario431,scenario432,scenario433,scenario434,scenario435,scenario436,scenario437,scenario438,scenario439,scenario440,scenario441,scenario442,scenario443,scenario444,scenario445,scenario446,scenario447,scenario448,scenario449,scenario450,scenario451,scenario452,scenario453,scenario454,scenario455,scenario456,scenario457,scenario458,scenario459,scenario460,scenario461,scenario462,scenario463,scenario464,scenario465,scenario466,scenario467,scenario468,scenario469,scenario470,scenario471,scenario472,scenario473,scenario474,scenario475,scenario476,scenario477,scenario478,scenario479,scenario480,scenario481,scenario482,scenario483,scenario484,scenario485,scenario486,scenario487,scenario488,scenario489,scenario490,scenario491,scenario492,scenario493,scenario494,scenario495,scenario496,scenario497,scenario498,scenario499,battery_cap,charge_lim,discharge_lim,charge_efficiency,discharge_efficiency,trans_efficiency,energy_purchase_price
4.0,16.0,8.0,64.0,480.0,60.0,7.0,500.0,200.0,60.0,581.0,0.05,0.05,10.0,0.13,815.0,826.0,828.0,825.0,830.0,815.0,822.0,0.0,0.0,1.21,2.35,2.84,0.0,0.0,0.0,1.84,4.58,0.3,0.1,0.38,2.77,3.74,2.51,4.58,3.55,2.81,2.91,1.75,4.7,5.91,5.4,6.34,3.35,2.17,0.0,2.52,6.54,0.0,9.28,4.61,0.0,4.57,1.61,1.1,0.16,2.68,1.11,1.9,5.1,0.0,7.09,5.55,0.78,6.17,0.0,4.78,3.97,3.58,0.34,1.36,0.64,1.3,2.31,3.1,5.78,3.69,5.5,2.58,1.98,4.65,0.03,0.09,3.79,6.19,3.48,3.38,2.51,1.16,0.82,6.45,4.88,0.0,5.14,0.0,1.27,1.06,6.38,2.6,1.9,7.34,1.41,4.65,3.05,3.58,2.59,6.21,0.68,3.61,3.32,3.56,5.56,2.65,2.83,3.64,1.65,3.55,1.1,2.83,2.13,6.2,1.95,0.38,4.64,6.96,7.25,4.87,5.0,0.94,0.0,0.0,0.0,1.99,3.59,3.95,0.0,1.04,2.7,0.65,4.03,2.05,5.68,4.99,0.0,6.99,5.62,1.27,1.75,4.22,1.69,3.1,0.0,7.45,1.6,7.55,0.0,3.02,1.25,8.42,6.11,0.0,6.44,4.57,2.69,3.86,7.43,2.86,0.35,3.67,0.2,2.66,2.62,1.12,4.16,3.74,4.64,2.74,5.51,5.46,5.33,1.26,0.0,2.05,0.0,0.0,2.5,5.45,2.96,2.62,3.07,3.74,1.1,1.56,2.57,2.2,0.0,4.94,3.98,0.67,1.93,4.32,3.79,2.07,3.57,3.9,1.92,2.58,2.57,8.03,5.3,2.14,0.0,0.0,3.97,3.39,2.48,3.3,3.61,4.97,6.52,1.68,1.26,2.23,1.22,3.69,0.92,3.98,6.43,2.91,1.74,3.39,2.72,1.77,7.29,2.7,0.0,4.32,4.25,4.55,4.96,4.87,0.0,5.24,5.64,2.63,1.99,0.0,7.27,4.94,3.05,4.61,4.01,3.07,5.25,3.94,3.88,3.65,0.94,1.87,2.39,5.33,3.19,3.59,0.0,1.38,5.78,2.45,6.37,1.1,0.85,2.25,6.92,2.61,5.93,3.67,0.0,0.0,1.51,3.57,1.1,4.08,5.55,2.85,1.95,7.31,4.43,1.38,4.32,4.44,4.16,1.52,6.94,3.15,2.67,7.24,1.11,3.37,5.44,6.14,0.0,2.99,1.27,1.67,2.6,0.0,0.0,0.0,6.83,5.06,3.4,0.05,0.0,1.31,3.31,1.66,0.85,0.6,1.35,0.8,3.18,1.99,0.24,3.37,1.0,0.0,3.76,6.21,0.0,1.35,1.41,2.58,4.08,2.18,2.25,0.0,1.81,2.52,5.38,4.62,0.0,5.88,2.62,3.13,4.62,1.88,2.07,0.0,0.5,2.73,7.69,3.6,0.77,0.0,6.82,3.13,4.86,6.24,0.0,7.65,3.04,2.56,4.7,6.3,4.3,0.54,0.68,0.0,1.52,0.0,0.3,4.2,5.68,0.0,1.91,3.32,1.75,0.0,1.48,1.83,5.69,0.0,1.14,0.0,0.99,2.11,4.24,0.0,4.08,5.72,5.68,3.99,3.26,2.97,3.12,6.53,2.07,3.45,2.54,2.62,4.47,4.43,3.14,2.74,0.9,1.81,6.39,0.69,4.29,0.74,4.87,0.43,3.81,1.58,2.45,6.51,2.58,2.91,2.87,0.0,2.57,7.7,2.82,4.33,1.29,4.26,0.0,5.1,5.51,2.15,6.61,0.89,1.08,7.16,3.38,0.46,0.37,4.69,0.42,0.0,4.13,0.06,0.38,6.82,0.23,9.24,0.6,5.31,6.5,3.12,1.54,0.0,0.0,1.58,2.35,2.49,2.63,1.86,0.0,6.25,1.18,3.21,7.9,2.19,0.98,4.72,2.65,6.31,1.95,3.22,0.77,0.76,1.13,0.0,6.78,4.33,4.08,4.99,2.35,3.04,1.13,2.39,6.29,0.0,4.05,1.08,0.73,2.98,3.37,3.04,3.91,1.73,1.06,2.58,4.22,6.18,5.56,4.14,3.12,2.5,5.36,3.73,3.65,1.42,5.45,4.09,5.77,4.78,5.24,7.18,1.72,0.0,1.94,0.0,1.97,6.93,6.24,1.7,1.63,100.0,100.0,100.0,0.95,0.95,0.95,0.96
,,,,,,,,200.0,60.0,267.0,0.05,0.05,10.0,0.13,808.0,821.0,826.0,819.0,808.0,825.0,810.0,0.86,0.0,3.13,9.95,10.69,0.0,2.89,0.61,7.35,16.77,5.9,3.11,3.85,9.97,16.16,10.19,16.83,13.37,10.67,12.88,9.36,19.02,22.65,18.1,21.82,12.91,10.89,2.64,10.39,25.07,0.0,30.31,16.91,0.0,17.5,7.57,4.28,0.0,10.2,5.14,8.6,20.26,0.0,26.56,20.92,2.94,24.72,0.0,16.88,14.73,13.04,1.76,8.68,5.35,6.55,9.01,11.64,21.03,12.4,19.56,11.08,9.29,16.57,3.06,3.09,14.24,20.0,13.21,13.92,11.76,5.27,4.45,25.09,16.49,0.0,21.67,0.0,6.13,4.78,24.53,11.91,8.49,25.73,6.85,16.91,12.06,12.75,10.24,21.03,4.29,13.4,12.83,14.43,21.36,11.1,11.34,13.47,6.69,15.35,6.8,8.31,9.63,22.17,8.89,3.72,15.95,26.22,27.51,18.71,19.8,6.85,0.18,0.0,0.0,9.24,14.21,16.0,2.24,5.97,11.37,4.94,16.27,8.71,18.81,17.88,0.62,25.5,20.12,7.99,6.14,14.46,6.84,11.86,2.23,25.8,8.12,26.71,0.0,11.26,6.74,29.07,21.35,1.21,23.7,17.94,10.79,15.61,26.9,12.69,3.15,15.69,0.05,10.47,12.49,6.33,15.58,15.06,18.59,10.52,20.83,20.74,21.81,6.26,0.0,10.88,0.0,0.0,10.73,20.97,13.95,11.29,11.62,16.26,5.58,7.78,9.37,9.13,1.04,17.05,15.21,5.57,5.25,17.11,12.02,8.65,12.61,12.75,5.94,11.45,8.36,27.96,20.52,8.38,0.0,1.61,16.32,14.79,11.48,14.03,15.18,17.27,23.8,6.22,6.03,10.36,5.08,12.68,6.25,13.5,22.13,11.45,7.94,11.76,12.46,7.95,24.52,10.97,0.0,16.76,16.58,17.92,18.93,17.16,0.0,18.69,21.8,11.67,10.78,0.0,23.89,18.58,10.61,18.12,14.47,12.37,20.12,13.94,15.22,12.47,3.36,7.01,9.01,19.0,12.9,15.73,2.1,8.59,17.29,10.05,25.3,6.86,4.45,10.42,23.1,12.51,21.24,14.51,0.09,2.16,7.69,14.73,5.98,15.04,21.91,11.69,8.8,25.38,18.81,6.67,16.29,15.09,13.85,6.7,24.55,13.51,10.94,23.93,6.17,14.96,18.21,21.37,0.0,9.46,7.21,7.22,12.59,1.16,0.0,0.0,25.1,18.9,15.43,1.23,1.69,6.94,11.97,6.22,5.64,3.67,5.18,4.84,11.34,8.29,2.57,12.39,5.31,1.28,13.81,21.05,0.0,5.65,6.78,12.58,13.85,8.64,8.99,0.0,7.27,9.9,19.62,17.53,4.02,22.2,14.08,14.49,17.59,10.79,11.15,0.0,3.76,9.95,27.21,16.25,5.3,2.48,25.25,15.2,17.37,21.96,0.0,27.51,11.9,10.23,18.43,22.15,17.52,4.16,5.02,0.0,8.44,1.03,4.13,16.71,19.12,2.53,8.57,14.14,8.39,0.0,5.65,8.92,20.61,0.0,5.16,0.31,4.65,7.61,15.11,1.83,15.72,21.65,22.94,17.04,15.4,11.36,12.83,23.42,8.85,13.09,9.4,12.01,15.74,19.09,12.82,8.65,5.87,8.37,23.77,4.4,16.08,3.6,16.6,5.69,14.1,6.86,9.85,21.37,9.44,12.52,11.82,0.0,12.09,24.88,13.61,15.63,8.37,15.73,0.0,17.47,20.09,11.78,22.5,4.98,6.87,24.33,12.93,4.86,2.93,17.12,5.52,0.0,16.47,1.66,5.17,24.4,3.62,30.72,5.14,19.21,21.47,15.22,7.99,1.03,0.57,7.51,10.23,8.97,9.21,8.32,0.0,20.21,8.42,11.47,29.01,8.48,5.6,16.42,11.65,23.81,11.06,12.92,5.08,5.81,6.19,0.97,22.04,15.83,14.65,18.71,10.08,14.23,5.68,9.69,22.06,3.27,15.05,5.36,5.65,10.67,13.2,12.81,16.32,6.33,2.63,9.24,16.87,23.96,22.12,15.58,12.01,10.47,18.15,16.39,16.31,7.14,22.64,16.21,21.32,17.39,19.11,25.35,9.4,0.22,8.26,0.0,11.37,27.2,23.95,8.77,7.58,,,,,,,1.22
,,,,,,,,200.0,60.0,556.0,0.05,0.05,10.0,0.13,813.0,824.0,812.0,815.0,830.0,831.0,819.0,5.72,0.0,12.54,28.88,25.24,6.98,9.95,5.86,19.29,36.94,22.19,15.28,8.83,30.67,39.68,24.01,33.01,21.09,32.51,30.89,29.12,48.53,55.16,38.57,49.05,27.27,30.28,15.0,29.85,55.88,2.17,62.57,32.53,0.0,41.17,15.83,12.23,6.77,24.3,11.99,20.32,48.72,0.0,63.76,50.43,9.86,56.23,0.0,31.89,33.17,33.35,9.7,26.1,20.68,14.49,26.67,29.59,50.06,33.47,40.09,23.19,24.03,36.79,13.54,14.2,32.46,44.47,32.76,36.65,23.89,17.45,13.95,65.99,38.13,0.0,50.04,0.0,20.22,20.02,60.31,27.57,22.61,54.57,17.3,41.3,27.87,31.1,23.95,50.58,9.92,33.79,38.54,36.87,55.79,25.22,27.4,36.43,12.97,38.18,14.21,28.42,27.52,47.76,19.52,13.05,38.96,56.51,64.17,43.19,49.75,19.68,5.55,0.0,0.0,24.63,33.34,35.4,13.64,15.07,26.1,12.57,42.63,22.02,44.61,44.23,6.87,59.89,46.72,24.44,16.67,32.93,15.22,29.65,7.91,60.75,15.86,55.2,0.0,27.82,17.27,62.29,42.12,10.94,50.52,45.54,24.86,41.98,63.14,34.66,8.71,36.31,0.0,27.2,34.26,23.03,34.69,44.78,47.16,23.15,48.76,46.9,52.24,19.59,0.0,31.45,8.22,0.0,25.3,49.5,35.52,30.83,27.92,45.18,19.47,19.56,23.19,22.63,4.2,43.43,43.54,18.81,22.11,36.65,32.34,21.33,25.78,36.64,12.28,29.93,17.68,59.13,45.57,20.4,4.7,10.53,40.43,35.72,31.23,37.01,37.87,42.74,54.48,15.71,14.78,26.16,15.63,33.35,19.72,35.49,51.21,31.18,14.13,27.51,31.12,23.32,58.56,27.47,7.15,39.15,38.18,49.88,46.52,37.98,0.84,46.88,49.05,24.21,24.32,2.49,57.37,44.89,26.53,44.79,31.8,27.92,43.88,30.26,37.61,32.76,11.03,19.11,23.37,39.25,34.62,37.71,10.02,28.58,40.0,26.29,55.96,17.79,17.57,26.21,55.22,28.03,43.14,34.97,5.73,14.65,24.99,38.68,19.73,31.03,54.22,26.94,24.47,61.37,35.93,22.14,39.09,35.25,31.13,18.62,52.28,42.4,31.17,55.99,20.96,36.18,36.26,44.28,0.0,23.17,16.36,22.55,33.76,10.84,4.54,0.0,51.0,40.09,37.37,11.0,11.12,19.98,26.33,19.21,18.34,15.99,17.82,19.72,28.55,19.65,7.57,31.31,19.41,7.3,32.57,45.74,0.0,16.15,22.46,32.69,38.02,21.32,24.64,2.7,17.76,26.42,43.26,37.94,15.69,51.66,35.06,40.12,39.36,28.94,30.6,0.0,10.41,24.4,59.34,38.32,21.04,12.97,55.76,38.42,40.3,52.31,0.0,65.48,30.82,24.0,41.09,52.52,40.16,12.75,7.27,7.23,20.6,2.74,15.77,41.82,44.59,12.5,21.58,30.1,21.42,2.47,18.42,21.58,51.61,1.1,17.64,1.74,11.37,21.59,29.27,9.47,38.23,50.04,57.2,46.28,40.93,28.3,30.58,52.14,22.75,32.06,24.94,29.18,33.69,44.68,29.57,22.19,20.02,19.15,51.96,12.37,38.67,9.77,36.85,17.94,38.64,22.94,30.88,44.7,28.35,29.28,23.9,4.87,30.15,55.83,32.61,36.53,23.46,36.33,0.0,40.23,48.62,26.85,51.09,17.96,20.35,50.68,35.24,14.06,14.88,41.76,15.39,0.0,41.38,14.63,15.84,56.87,15.55,72.48,20.12,38.64,48.46,38.97,21.54,6.07,4.53,20.86,26.72,25.91,20.71,22.56,0.0,51.34,29.07,24.33,60.34,19.86,15.26,36.58,26.89,53.09,29.19,31.44,15.37,14.79,16.91,8.62,46.69,34.91,34.05,39.27,30.62,37.75,20.21,22.44,45.51,15.81,37.81,14.64,12.01,31.41,29.72,27.54,41.07,13.25,8.67,26.92,42.44,56.4,49.66,36.72,27.41,24.91,38.58,38.49,38.7,23.06,51.49,37.83,50.04,44.84,47.65,61.67,26.7,7.82,26.06,0.0,32.6,62.52,51.6,23.94,21.16,,,,,,,1.26
,,,,,,,,200.0,60.0,600.0,0.05,0.05,10.0,0.13,806.0,824.0,825.0,819.0,828.0,805.0,833.0,14.14,0.0,26.21,56.34,46.12,22.62,18.29,21.5,32.78,56.96,33.63,40.04,16.48,50.04,65.08,45.77,61.11,35.06,58.2,57.77,52.3,80.8,86.66,67.16,73.85,49.04,48.74,31.06,51.18,88.47,11.58,97.08,53.24,9.86,75.61,34.94,29.66,12.83,45.76,20.27,33.66,79.83,4.43,106.74,87.78,29.13,86.94,0.0,50.52,64.04,65.75,34.52,46.19,43.65,32.68,47.75,60.59,78.86,63.75,65.96,54.68,38.71,72.0,32.35,21.79,58.45,77.33,59.98,62.77,41.37,31.84,31.68,114.61,59.62,0.0,84.95,12.56,38.67,38.66,103.9,49.21,43.19,87.93,36.47,79.4,57.49,61.72,32.83,85.21,19.36,66.19,67.76,55.2,98.56,51.67,47.54,59.02,32.08,75.41,29.71,43.4,51.9,81.11,31.24,17.74,73.04,92.03,107.2,78.62,87.43,37.55,26.54,16.85,12.53,51.54,62.79,55.99,26.26,32.51,44.1,21.67,71.3,50.69,66.09,79.84,21.15,105.38,82.63,49.31,41.65,59.78,28.27,58.11,24.96,98.49,28.54,90.43,0.66,52.58,25.12,99.23,67.9,26.31,83.72,79.2,39.81,79.06,98.29,51.5,18.55,55.67,2.71,51.04,69.84,40.57,70.12,84.81,71.59,47.2,86.09,82.08,88.48,26.0,1.97,57.11,18.05,23.46,45.34,78.34,66.39,48.63,50.82,79.49,49.76,43.48,49.32,39.59,8.3,63.76,68.17,21.22,48.85,60.96,51.86,45.08,44.81,73.77,21.18,53.2,35.23,98.78,77.82,31.78,16.97,22.07,65.5,56.6,57.59,56.64,66.78,72.71,88.48,39.47,35.54,49.67,33.56,61.85,37.34,61.64,84.76,50.88,32.37,49.97,57.09,35.1,95.97,50.5,32.05,63.17,54.06,91.72,78.15,65.76,9.42,84.91,76.62,36.8,46.42,10.22,88.37,81.55,45.03,69.49,52.11,48.48,68.21,50.41,63.63,54.32,25.07,51.03,37.0,61.95,62.62,61.95,20.07,54.71,77.46,49.15,88.41,32.62,29.36,47.6,77.9,48.17,63.88,61.47,27.52,30.83,54.94,76.12,36.52,52.04,94.63,43.74,44.29,100.36,57.68,48.28,62.33,72.32,49.47,29.13,85.09,68.14,64.51,96.44,42.63,72.67,75.51,75.6,4.42,48.67,34.9,54.55,68.68,22.78,11.95,6.82,87.45,68.23,73.11,20.88,27.21,39.72,49.9,41.17,39.81,30.46,43.62,42.22,53.03,48.14,11.44,56.02,42.8,23.61,52.61,65.59,5.1,32.7,44.55,51.86,70.87,37.89,35.91,15.97,36.74,52.4,75.13,60.31,35.7,82.72,60.56,71.41,68.19,56.94,50.51,1.85,27.48,46.92,90.8,69.06,38.58,28.02,84.73,68.05,68.27,85.05,7.26,112.26,54.21,45.67,73.75,87.85,69.12,19.34,18.84,19.06,32.5,16.98,29.71,64.73,71.95,26.47,39.36,48.59,40.84,15.4,45.77,39.26,84.94,15.33,36.36,17.19,40.39,43.86,49.2,22.96,70.53,81.4,86.61,81.52,67.78,48.62,54.19,84.87,43.08,54.35,45.37,56.49,56.08,74.35,54.66,36.44,37.26,33.36,81.66,22.35,62.32,23.22,63.38,45.21,63.98,45.03,68.08,74.12,50.04,45.96,47.83,19.1,51.31,98.87,47.11,73.97,37.09,70.55,9.38,70.67,82.61,56.04,84.58,35.02,37.34,86.76,62.32,33.83,34.38,63.33,24.14,11.08,66.07,31.13,22.34,90.58,34.78,113.84,36.32,64.53,77.57,73.78,47.31,25.9,11.23,42.18,53.13,52.46,36.14,45.44,0.0,91.36,47.16,48.63,101.04,41.39,39.64,58.11,38.3,87.1,52.98,56.1,32.34,28.21,39.18,15.13,77.77,56.14,60.01,59.04,48.23,64.63,38.89,50.68,76.25,31.09,71.3,43.27,25.7,66.89,57.2,47.43,72.39,26.04,19.5,52.95,71.29,93.03,89.47,68.75,40.14,44.93,53.98,60.85,78.47,40.57,82.51,67.97,87.79,76.1,78.12,99.63,49.48,19.83,40.45,12.9,62.92,102.42,87.4,28.75,43.56,,,,,,,1.2
,,,,,,,,200.0,60.0,632.0,0.05,0.05,10.0,0.13,821.0,826.0,841.0,811.0,827.0,826.0,816.0,13.12,0.0,36.82,82.94,62.12,36.02,30.36,44.5,36.4,74.59,45.09,69.1,28.85,69.77,82.19,66.44,83.88,51.34,86.79,93.09,83.79,107.24,109.7,92.32,93.63,72.52,70.45,44.35,65.85,112.52,38.98,122.68,76.78,25.21,106.75,71.3,47.07,26.37,66.44,44.96,56.92,108.46,18.92,145.45,113.5,49.67,104.1,4.54,67.69,87.17,90.69,56.96,64.91,87.78,56.64,59.22,84.74,91.88,74.99,88.9,81.11,61.21,95.79,47.3,31.79,86.61,115.8,66.27,67.98,61.88,42.68,53.93,151.84,80.79,0.0,110.28,21.69,49.66,55.11,130.93,71.26,64.46,105.78,59.73,107.73,85.24,85.45,51.07,120.05,40.59,88.96,88.88,78.74,122.08,67.46,59.22,83.25,52.78,107.58,42.44,64.09,81.89,99.54,40.67,36.71,105.52,117.61,124.73,90.32,110.9,68.2,33.59,31.69,28.05,76.63,75.06,77.23,43.75,45.32,55.74,36.88,85.55,74.66,86.74,87.68,27.71,136.02,113.12,84.84,60.01,83.66,55.69,73.52,45.28,116.96,56.76,108.44,8.87,76.23,49.36,122.88,88.2,42.53,117.41,105.95,54.88,100.01,134.78,83.82,41.78,69.57,18.01,73.96,93.33,63.65,92.31,110.88,92.82,62.65,112.24,100.52,112.0,35.57,23.72,77.97,30.33,45.26,70.62,100.15,90.63,78.35,73.41,121.13,66.62,57.17,71.3,49.47,21.06,93.1,95.36,27.89,84.94,90.37,74.59,60.76,61.24,98.83,44.3,71.45,57.47,130.1,110.48,51.67,30.8,35.72,94.46,86.2,85.26,81.03,74.6,89.11,121.47,66.63,51.72,64.37,44.88,79.53,38.69,88.38,122.83,74.08,52.32,73.52,89.7,50.44,127.74,55.2,46.25,93.4,67.77,122.83,98.71,86.48,24.61,110.77,114.73,42.4,72.34,28.73,107.62,102.08,69.29,103.73,71.25,60.88,90.33,77.43,95.11,76.22,49.45,64.84,46.27,73.13,85.93,92.23,20.34,63.48,93.47,71.05,103.76,41.24,40.44,74.24,101.59,73.34,91.78,87.44,46.83,49.79,76.11,91.61,56.23,67.98,121.53,54.79,60.25,122.62,71.15,73.51,92.21,99.97,56.38,33.92,106.47,87.95,87.72,130.08,70.73,101.67,100.13,89.37,21.61,82.57,56.16,81.31,93.29,44.68,24.89,29.27,109.49,81.81,93.78,43.77,53.62,47.51,84.8,70.92,54.48,42.6,66.05,58.88,80.23,67.63,28.48,76.48,52.78,38.86,64.22,88.84,18.85,58.59,61.96,62.57,92.14,57.87,57.61,31.33,61.47,69.14,96.74,85.7,59.88,111.08,77.87,84.61,93.83,71.21,73.98,28.88,47.17,69.11,115.46,104.19,43.31,43.11,95.49,95.45,113.46,108.52,21.0,153.26,93.26,60.76,90.49,110.65,90.81,32.77,30.65,45.2,39.35,24.7,49.4,92.9,96.23,43.53,61.01,72.49,64.97,24.95,51.37,52.77,99.29,32.22,52.14,27.43,70.33,58.19,71.27,35.5,107.36,99.0,110.18,93.19,98.77,67.23,76.21,104.14,68.8,77.79,65.0,73.93,63.75,101.52,75.42,55.71,58.05,40.5,92.51,37.71,87.36,43.99,90.24,61.46,67.17,57.83,92.87,84.42,87.07,53.92,62.26,24.63,81.74,126.13,68.87,83.1,46.38,115.98,31.96,109.64,108.03,74.47,110.18,61.63,52.51,118.79,75.23,62.84,44.9,84.48,35.34,26.28,79.09,49.23,40.03,115.76,57.24,131.41,50.42,84.46,98.63,91.87,77.46,42.66,27.45,62.38,83.24,67.28,54.26,76.98,16.77,117.16,74.36,67.28,140.27,52.06,59.8,68.37,51.42,110.64,66.65,87.49,45.26,54.3,63.17,33.19,116.08,66.24,79.21,75.03,64.36,85.0,50.57,73.71,97.26,42.38,89.7,63.61,37.59,85.83,82.4,81.44,81.72,50.56,30.75,63.01,95.23,121.95,129.87,83.07,60.49,75.96,76.79,82.76,100.54,60.89,114.13,98.39,116.88,98.38,107.64,133.02,72.04,33.93,60.23,28.66,81.02,127.36,102.66,38.89,55.99,,,,,,,1.12
,,,,,,,,200.0,60.0,278.0,0.05,0.05,10.0,0.13,804.0,824.0,817.0,833.0,813.0,827.0,821.0,21.72,0.0,39.5,90.47,69.93,34.56,48.7,55.91,46.2,96.85,33.19,76.22,32.53,67.58,73.38,81.48,99.09,60.23,97.54,98.22,89.98,109.27,107.69,90.83,99.22,90.56,70.8,55.29,85.5,109.38,53.25,134.83,82.86,35.26,118.53,86.92,34.44,37.7,86.83,58.49,64.59,103.75,22.59,122.45,107.95,50.18,96.44,6.33,84.59,75.4,92.4,73.69,73.76,84.9,63.72,56.17,94.21,100.22,89.34,92.59,81.64,61.89,107.03,66.1,25.4,86.05,116.56,60.37,68.31,70.46,53.51,67.76,132.41,95.9,8.79,90.98,46.35,43.59,72.57,127.19,91.17,65.75,106.99,60.15,118.7,98.13,90.62,68.59,124.05,66.75,73.08,88.58,89.9,122.26,71.83,60.59,92.87,60.23,107.36,58.67,68.58,84.81,87.79,64.43,54.32,104.21,119.17,121.3,77.09,121.56,69.52,36.45,37.43,47.41,74.97,84.85,89.64,52.55,43.48,72.51,42.22,102.41,80.72,87.13,91.39,44.58,135.35,116.72,98.21,54.97,81.53,53.48,64.8,51.04,132.61,62.26,110.8,14.95,80.59,59.75,131.52,92.67,51.36,111.16,88.4,38.87,108.56,135.72,93.74,57.93,82.88,27.75,91.29,102.57,71.04,101.52,107.31,93.2,68.88,116.39,95.46,105.21,44.27,45.12,70.77,33.45,64.62,55.32,99.28,82.96,79.65,65.28,120.07,71.09,87.61,80.43,52.91,22.86,94.82,84.99,31.44,87.41,97.7,80.1,70.74,62.18,92.07,62.58,68.2,69.77,116.66,117.27,62.17,46.79,54.21,98.1,97.07,106.88,101.74,88.5,98.65,114.38,71.83,65.55,67.41,50.98,81.54,43.1,92.75,127.64,90.73,72.86,71.54,94.03,56.82,135.85,61.6,55.55,93.65,65.22,123.75,102.43,87.33,35.56,118.71,123.17,48.73,77.8,45.62,100.03,99.54,62.48,103.37,62.27,59.98,88.85,90.33,101.26,74.7,68.24,59.99,60.14,73.77,94.66,94.62,30.65,71.61,97.09,72.85,103.31,45.17,54.11,84.24,104.59,76.82,81.7,87.39,62.81,48.93,71.67,105.71,65.86,70.73,123.02,69.32,62.93,123.48,76.57,67.08,106.54,121.85,80.67,38.36,116.6,101.33,98.31,117.72,84.61,109.56,104.7,103.93,22.43,86.18,56.19,92.72,101.32,49.2,39.2,50.32,105.63,81.0,94.8,43.03,61.85,65.25,97.42,71.16,75.07,45.79,79.98,60.2,97.43,70.64,41.28,79.4,60.57,44.06,87.44,107.76,26.92,66.7,73.95,68.62,94.79,63.24,65.9,48.7,69.24,77.04,102.4,92.07,75.84,121.31,84.15,76.43,97.73,76.36,75.15,43.81,64.22,77.52,118.04,110.97,39.16,51.22,91.19,110.62,117.14,110.28,39.9,157.33,101.12,60.87,90.92,105.81,96.74,48.59,32.35,57.59,50.96,36.15,55.2,90.7,91.74,40.53,62.05,82.07,77.34,31.3,60.91,60.1,94.57,51.74,68.65,33.9,65.42,62.41,86.72,52.86,115.46,97.23,111.15,87.23,99.67,70.34,78.8,89.61,60.07,72.49,73.01,74.11,64.85,79.56,75.86,70.34,62.98,47.21,88.75,42.32,94.74,48.27,92.69,55.58,78.63,67.6,97.33,93.5,84.87,54.79,70.86,22.93,88.5,135.08,69.83,98.22,55.38,119.75,64.03,111.41,100.69,89.22,125.94,72.17,51.87,117.54,79.38,69.97,42.07,80.45,40.22,48.32,96.17,46.25,72.23,126.18,70.52,128.21,51.06,83.84,106.28,88.75,74.38,45.42,37.76,76.77,94.21,68.02,56.94,92.55,28.9,116.78,90.38,72.28,133.7,67.06,70.47,75.15,76.5,119.38,67.69,91.04,70.96,83.89,59.47,44.47,111.85,69.42,80.45,82.17,77.13,99.71,45.26,82.08,103.1,57.06,107.37,65.42,62.83,97.62,90.63,76.6,85.01,50.79,32.18,68.26,108.5,129.62,127.39,77.62,62.82,76.37,71.86,91.54,99.68,67.19,121.17,97.19,123.91,103.34,110.61,111.65,72.78,41.66,76.0,30.19,99.25,127.12,107.51,51.53,66.11,,,,,,,0.8
,,,,,,,,200.0,60.0,160.0,0.05,0.05,10.0,0.13,831.0,812.0,813.0,825.0,812.0,830.0,815.0,28.58,0.0,43.36,93.92,91.65,50.02,74.82,54.3,45.13,103.07,44.16,77.06,59.14,70.65,82.62,82.38,111.18,71.47,97.4,104.28,97.63,110.09,121.85,91.22,88.21,92.29,63.75,75.24,107.49,93.34,41.08,136.59,96.03,55.78,115.85,97.77,52.35,46.69,101.39,74.69,73.86,114.0,42.14,129.03,109.99,59.11,84.19,31.38,106.54,82.15,87.74,81.35,76.55,73.77,82.21,61.88,102.46,103.46,109.49,110.98,91.75,58.59,132.53,71.18,28.5,94.94,103.75,70.79,69.48,81.83,68.16,70.49,145.34,102.56,25.87,90.92,50.31,55.13,98.78,148.01,117.59,64.97,117.4,79.97,115.94,100.9,111.2,88.2,135.0,85.86,81.05,101.65,105.65,129.84,77.84,74.11,99.14,68.84,109.38,73.49,67.71,97.34,104.87,65.88,62.78,109.65,110.59,130.92,94.98,131.41,95.88,47.91,50.48,74.9,80.77,100.5,99.04,59.68,44.0,94.12,60.82,122.54,97.15,84.19,93.08,74.09,135.29,121.24,118.88,58.53,60.68,59.58,72.98,43.67,142.84,82.78,118.12,39.0,84.48,64.24,142.75,109.03,64.23,123.0,108.07,53.47,121.82,140.44,89.61,69.64,95.53,33.26,103.91,112.59,76.07,98.38,115.17,91.14,77.42,111.86,95.64,98.11,69.24,49.44,64.02,29.78,76.38,66.26,116.11,103.99,84.01,72.97,141.25,69.43,81.52,93.25,57.77,20.31,98.36,95.12,35.77,89.29,97.68,89.45,77.62,61.47,77.84,91.78,73.82,75.64,113.86,133.46,76.77,57.7,70.51,101.46,115.03,117.47,116.76,101.2,107.65,112.04,84.3,72.94,87.97,52.81,86.11,61.62,101.79,129.42,93.1,83.21,72.9,106.88,81.92,142.46,77.95,82.97,106.79,61.96,121.53,114.53,91.97,61.45,121.72,126.04,68.21,81.53,48.74,97.29,103.04,61.61,115.98,86.94,65.84,102.01,97.8,111.41,81.07,87.14,69.71,72.3,79.69,111.01,93.74,45.44,75.9,95.75,92.15,97.08,72.82,76.07,91.82,114.64,91.74,83.41,88.42,67.25,54.64,82.03,121.16,83.96,72.1,125.03,84.48,91.16,124.8,91.42,78.41,105.24,138.26,96.89,55.59,113.64,126.96,107.14,118.91,105.19,114.75,99.01,126.81,36.53,95.31,58.3,116.14,121.19,57.81,60.59,47.14,104.21,98.92,91.38,58.72,62.32,59.8,119.15,87.72,87.62,65.62,96.03,69.9,81.08,74.67,45.01,81.11,64.02,55.33,97.69,114.31,17.48,81.31,88.09,72.22,96.27,74.56,89.03,50.99,83.39,87.33,111.57,101.6,94.24,129.4,78.27,77.4,127.53,78.27,85.8,48.2,67.43,98.12,123.11,133.64,34.68,71.32,97.59,110.29,116.96,105.68,40.31,166.7,104.85,81.22,96.24,94.26,114.29,59.2,60.72,75.48,68.01,52.92,66.58,104.58,106.29,35.93,75.9,83.11,97.38,35.67,77.87,82.93,108.4,64.49,69.2,35.44,78.41,74.0,88.5,56.51,124.09,108.95,115.5,99.59,101.47,73.35,93.26,99.61,66.92,85.79,92.17,86.28,76.52,79.2,86.95,87.65,73.61,77.49,90.28,59.55,84.74,58.65,120.99,73.48,90.75,70.22,104.39,87.55,78.83,74.31,99.74,40.81,95.94,131.33,67.73,110.65,83.28,111.78,77.58,117.89,103.81,102.36,129.98,95.26,62.5,134.2,88.71,71.31,51.1,95.64,44.28,57.22,112.68,43.69,69.14,131.06,87.43,125.25,53.76,80.4,102.9,94.57,84.41,48.46,59.28,98.21,120.76,66.87,59.92,101.1,36.09,125.99,122.04,90.58,149.5,69.3,70.25,82.39,93.08,123.9,60.47,108.69,81.13,89.39,76.11,61.13,105.55,71.98,97.88,85.76,86.02,114.85,66.57,100.92,117.79,72.53,110.64,72.08,96.67,109.99,103.12,87.43,88.28,75.4,40.84,92.99,114.89,113.41,115.33,83.58,58.62,83.93,85.78,85.88,102.21,67.03,117.89,107.71,138.5,126.25,122.9,113.71,78.36,60.36,85.44,46.06,112.5,132.39,109.57,59.35,89.25,,,,,,,0.74
,,,,,,,,,,,,,,,809.0,815.0,827.0,828.0,827.0,832.0,818.0,34.97,15.57,49.43,91.62,74.76,64.0,80.57,71.21,52.62,108.3,37.86,92.21,65.5,78.86,86.28,82.82,109.21,69.14,112.64,107.86,110.01,108.49,112.8,73.49,78.82,83.53,63.33,82.07,109.47,86.56,46.65,122.86,82.55,61.58,121.57,97.41,50.65,54.03,94.8,72.99,64.06,99.82,56.53,113.15,93.52,64.0,86.49,48.28,121.28,87.59,76.82,84.29,86.57,66.58,68.19,76.04,105.03,102.19,104.13,122.42,77.18,62.93,111.12,64.25,43.23,73.51,98.37,62.72,64.52,81.51,93.03,69.66,145.71,100.08,24.16,73.12,64.75,71.0,86.39,134.71,137.69,58.52,112.22,101.59,94.54,102.05,106.15,90.9,130.14,73.19,89.87,92.68,108.46,114.72,76.27,75.5,98.12,50.78,114.15,55.22,67.55,97.41,107.41,56.57,68.38,92.1,103.11,120.67,92.55,122.68,96.99,51.95,51.82,87.31,88.45,101.79,92.95,64.61,62.46,101.87,73.57,115.9,113.86,99.15,98.24,80.54,137.92,124.82,109.15,57.06,63.32,54.09,84.48,44.53,146.8,88.52,108.88,49.54,75.97,52.83,110.07,107.32,63.91,107.47,107.35,59.86,103.04,127.19,83.16,76.15,92.95,49.99,109.09,107.15,84.3,99.95,108.59,84.59,62.9,113.18,86.45,89.89,81.38,57.41,60.91,38.74,75.44,84.82,103.33,110.44,69.85,80.87,154.6,56.6,75.32,94.08,48.18,21.74,102.87,72.44,40.9,91.29,110.6,89.51,65.0,70.59,71.06,80.96,61.73,64.49,104.23,130.39,72.54,63.68,96.01,88.52,101.65,106.91,113.7,95.83,102.77,110.31,79.81,82.71,91.42,52.63,85.27,62.83,109.88,114.5,81.48,89.02,94.16,102.85,100.03,128.33,79.58,82.53,106.2,69.31,123.0,106.27,91.78,61.98,114.37,119.31,68.86,89.88,61.64,115.58,95.9,62.3,109.34,99.85,75.08,109.27,91.93,121.04,75.11,98.2,80.11,77.2,103.07,106.4,88.64,53.79,84.66,79.9,82.81,78.23,95.01,71.1,91.53,120.48,95.5,92.11,86.82,73.39,59.99,81.46,102.16,84.03,68.48,103.04,92.39,85.22,125.49,106.51,88.71,101.13,143.14,105.69,59.68,109.47,122.44,94.39,96.88,112.32,96.28,122.3,133.79,34.34,104.59,64.62,106.31,130.34,68.16,64.97,53.56,112.33,100.78,92.88,61.3,80.18,65.02,102.59,89.76,92.55,81.95,99.28,67.48,84.06,73.4,37.23,85.86,64.73,65.68,84.49,106.01,29.57,83.31,82.66,87.39,96.06,61.79,86.48,51.86,88.74,103.78,112.25,99.06,111.39,116.36,76.82,75.94,132.62,72.65,101.89,58.46,65.86,97.86,115.21,122.21,37.49,76.43,88.08,96.15,107.72,108.87,35.32,158.97,102.23,80.31,94.25,73.73,108.19,63.35,82.77,87.96,86.44,66.96,84.71,105.12,104.38,50.7,84.84,79.36,86.19,52.91,85.21,78.75,108.13,71.18,79.66,36.03,71.19,73.55,85.78,50.36,106.97,115.35,117.41,105.18,100.09,68.5,87.36,117.87,72.12,83.02,89.66,82.31,78.02,92.5,85.77,104.24,71.09,90.09,100.62,77.05,90.2,67.81,128.41,79.3,103.12,73.7,102.3,89.54,59.47,90.78,95.39,59.15,97.27,121.45,75.12,115.82,72.29,86.96,78.78,106.84,100.78,111.53,120.62,99.39,75.16,103.39,91.59,93.37,54.62,112.63,55.5,67.78,120.78,39.18,80.0,109.17,113.22,116.37,56.15,87.87,97.45,89.21,100.41,46.11,73.11,83.27,124.72,70.65,57.04,102.28,41.22,105.72,115.42,95.36,141.0,77.36,65.14,80.08,100.99,133.03,66.47,114.06,77.59,87.6,86.07,67.92,84.29,66.81,87.42,71.06,84.84,99.5,75.9,95.35,117.29,73.22,101.69,68.08,99.43,102.57,101.86,86.23,83.1,76.28,74.4,105.35,120.18,87.81,108.26,77.37,52.26,72.21,87.83,89.31,99.96,85.67,117.61,105.01,135.85,134.07,109.08,103.31,81.97,68.91,83.14,47.34,102.61,130.47,107.46,53.93,81.43,,,,,,,0.76
,,,,,,,,,,,,,,,,,,,,,,37.85,30.78,49.81,65.48,67.43,59.12,59.64,53.52,52.63,90.36,35.75,74.86,59.49,66.87,63.5,73.75,86.08,70.54,80.06,95.66,83.86,107.02,93.13,68.86,76.09,73.24,65.02,74.95,105.32,70.24,40.78,104.78,61.43,54.63,96.43,69.03,38.52,42.41,75.73,60.94,59.1,79.11,47.89,88.17,68.5,62.06,75.9,47.5,105.95,76.92,55.57,68.72,74.61,59.16,65.74,61.97,90.52,73.33,82.26,96.58,73.35,52.47,97.89,58.75,54.42,60.38,86.14,52.34,65.85,74.73,71.87,75.63,121.8,88.66,42.01,68.2,63.91,74.1,65.66,114.87,109.57,53.37,90.5,83.82,69.72,88.49,92.09,83.28,98.95,64.31,83.59,79.65,90.21,96.62,57.95,67.1,90.68,46.21,99.42,36.07,68.58,80.78,85.13,48.65,57.23,74.03,93.66,82.43,79.77,100.32,78.16,50.46,58.16,78.95,76.88,82.64,73.31,60.09,49.65,80.69,55.59,101.12,103.93,101.46,81.67,57.34,113.72,98.87,83.63,45.66,56.8,59.81,68.86,44.54,124.27,80.83,78.39,52.1,77.53,53.88,86.22,91.77,47.93,79.42,85.32,50.93,89.36,97.69,85.84,48.95,70.79,43.46,103.74,88.29,73.77,76.42,85.93,61.53,57.2,90.98,69.47,64.94,79.27,54.39,62.13,37.2,66.82,73.45,86.74,93.66,57.7,68.93,111.47,60.89,74.56,67.23,33.62,20.03,72.68,60.21,30.74,82.02,87.9,84.68,66.68,72.14,68.79,73.4,55.28,54.64,88.0,101.49,53.93,75.19,83.97,73.24,91.83,93.2,94.74,91.08,86.71,88.45,55.93,62.78,78.78,58.81,63.25,63.15,85.6,81.55,77.45,71.2,78.59,92.3,87.11,110.3,72.29,45.3,101.47,57.93,113.12,88.17,72.45,68.33,82.97,98.52,60.1,64.57,55.86,98.68,87.28,46.74,96.61,74.6,53.63,89.02,73.14,95.56,75.21,82.37,68.16,61.12,92.41,90.69,68.24,54.03,82.71,55.59,67.25,63.98,81.69,51.6,75.75,94.46,71.88,81.03,73.42,72.75,58.33,70.41,81.15,66.39,46.11,85.76,81.72,78.36,101.63,93.43,92.59,90.1,118.11,83.51,42.05,90.46,100.93,92.16,75.82,85.82,72.8,118.32,103.56,50.81,87.56,59.42,82.04,107.73,61.39,59.6,63.26,99.56,68.76,75.03,54.91,79.01,63.67,62.54,66.27,72.38,65.81,87.09,64.44,75.1,62.49,41.78,84.77,56.45,58.23,63.33,96.44,20.98,64.02,69.95,66.57,82.62,62.58,61.48,46.52,62.55,80.22,110.49,73.07,83.21,99.33,83.08,72.11,99.98,61.23,74.3,56.64,63.41,87.58,87.64,88.01,27.4,55.9,66.64,83.56,92.83,99.2,44.1,121.16,73.91,68.24,67.13,64.26,70.75,62.19,86.31,79.98,73.73,72.31,66.75,79.26,90.96,59.77,74.19,80.89,72.59,49.83,61.93,55.82,80.9,52.13,72.68,44.53,61.16,66.14,80.74,51.12,85.32,92.6,85.96,87.82,83.22,54.07,92.29,105.08,57.64,64.71,90.93,65.61,74.17,83.81,63.41,88.87,70.66,76.95,87.68,80.05,60.73,52.91,94.51,63.34,84.96,64.8,81.69,74.65,65.69,69.14,86.57,58.85,87.71,102.77,64.45,84.46,66.35,66.68,70.79,92.89,75.52,94.23,103.24,98.31,50.73,92.52,81.67,70.56,64.15,98.66,61.13,54.55,103.83,30.87,69.45,80.26,98.52,102.82,43.24,79.56,61.13,80.32,78.93,38.05,57.2,72.01,98.36,55.66,42.99,67.64,35.48,91.54,88.93,86.21,120.69,70.75,57.34,52.73,90.56,107.0,58.87,78.01,67.17,79.07,71.78,43.86,66.31,68.36,83.58,65.46,56.95,72.99,64.54,75.04,91.94,64.4,80.9,55.4,96.4,80.18,90.59,68.84,54.79,76.97,79.75,92.96,96.06,74.86,95.21,65.6,57.24,59.16,81.56,78.69,78.58,79.45,93.31,78.54,105.48,104.2,80.9,88.92,62.7,58.68,75.7,40.53,78.64,84.43,80.07,39.02,62.76,,,,,,,0.9
,,,,,,,,,,,,,,,,,,,,,,28.39,24.81,31.82,33.05,38.89,39.05,39.19,33.77,29.94,54.3,20.25,43.71,43.48,34.47,41.59,42.41,45.42,44.43,45.1,54.84,44.8,61.52,55.15,48.77,44.85,51.99,39.64,47.02,62.75,39.57,31.11,63.72,41.6,38.2,55.6,40.86,25.76,26.89,48.26,38.03,30.31,46.28,32.82,53.48,46.09,47.28,48.27,30.33,65.06,40.91,30.58,44.29,47.59,41.75,36.25,43.02,52.57,42.43,49.09,64.43,46.84,51.98,59.93,35.92,28.03,35.74,50.82,30.25,37.59,39.39,42.06,44.34,69.81,47.03,34.44,43.17,43.07,52.8,50.43,64.06,59.11,26.01,44.96,48.66,39.0,49.53,53.97,50.34,58.83,37.06,49.55,52.19,45.91,52.88,31.65,42.65,56.61,35.19,57.03,31.01,36.24,52.41,45.6,38.18,38.06,44.16,55.27,43.43,45.18,61.34,43.92,30.38,44.57,49.95,43.26,54.19,39.24,36.55,32.97,44.18,28.92,58.31,61.77,59.12,48.34,37.38,59.8,45.96,42.04,26.57,28.06,44.52,40.61,33.99,65.13,49.37,51.84,32.1,46.86,42.78,49.08,60.19,32.73,50.0,56.07,38.86,59.69,49.13,52.66,27.1,39.55,25.98,58.27,52.6,43.71,38.86,53.87,32.5,36.66,53.07,48.54,37.01,47.45,32.12,35.96,27.32,44.33,46.75,53.39,52.11,35.32,45.74,61.84,46.22,37.93,38.0,23.19,23.34,42.03,39.53,19.14,49.99,61.55,48.48,49.39,37.75,42.64,48.57,36.38,40.29,58.58,60.85,33.68,48.06,50.04,46.2,54.64,50.9,44.63,59.86,47.16,62.83,39.35,35.34,45.31,38.56,45.85,43.04,49.55,48.17,45.36,38.88,52.37,54.13,51.5,57.9,48.64,22.49,66.36,38.99,63.55,49.22,39.99,37.77,43.58,61.04,36.19,36.23,32.34,59.77,49.83,24.51,63.54,44.69,24.89,59.48,49.52,51.16,58.12,49.48,39.99,36.37,56.61,54.1,33.04,37.6,50.29,34.02,44.88,43.11,49.67,34.18,47.48,59.04,40.76,49.79,50.39,44.66,32.99,38.08,56.29,43.85,29.24,50.25,47.88,47.59,49.06,46.15,61.08,55.05,69.27,43.03,23.94,48.6,58.47,59.46,47.62,42.55,42.8,57.4,53.78,21.93,57.48,41.95,35.56,60.01,44.46,39.2,38.53,57.15,52.9,40.26,34.56,47.66,37.15,27.05,39.79,42.27,41.04,48.09,37.49,40.13,32.86,34.61,41.72,37.21,40.9,40.5,60.95,25.07,37.55,45.42,40.74,53.62,44.03,49.5,43.29,34.08,43.33,61.01,47.88,50.14,51.58,43.23,47.6,52.29,42.46,41.39,40.66,39.78,53.45,45.24,44.64,25.77,40.79,34.57,45.16,51.89,59.8,27.71,60.44,39.3,45.04,43.71,35.09,37.63,42.6,59.51,45.45,42.95,48.76,35.85,41.32,51.19,41.57,49.24,55.1,47.75,37.82,44.7,31.76,45.95,32.98,43.2,30.77,35.42,40.2,38.12,35.75,48.98,49.65,48.09,53.32,50.84,37.57,55.09,62.74,35.16,39.23,56.12,37.3,44.24,52.16,42.48,55.91,47.74,48.52,52.07,45.52,35.67,23.82,53.71,32.63,41.56,45.52,41.22,39.0,44.46,36.52,55.69,34.84,53.69,58.62,35.31,52.71,42.17,40.91,41.09,53.31,48.76,54.05,55.47,55.9,28.13,52.64,53.5,35.6,44.4,53.85,37.98,33.79,61.56,25.6,42.93,54.68,54.94,62.74,32.97,50.11,36.9,45.51,45.51,23.58,44.42,48.03,63.53,42.53,33.94,40.16,36.36,59.45,53.2,58.97,59.67,49.33,30.42,29.84,50.99,62.1,37.86,45.37,37.36,43.29,44.29,24.88,46.71,42.08,52.49,43.16,32.63,43.52,46.71,41.16,49.58,35.94,45.73,37.37,60.01,41.42,45.02,42.09,34.06,42.57,50.83,55.97,50.46,40.19,53.64,35.61,29.64,35.24,55.0,47.58,45.66,45.47,64.2,42.42,62.72,55.7,36.98,54.04,39.65,36.63,38.7,29.31,49.07,53.6,44.57,33.08,41.3,,,,,,,1.02
,,,,,,,,,,,,,,,,,,,,,,12.23,8.06,12.68,9.81,14.88,14.06,10.36,13.29,11.22,18.2,7.85,13.81,13.62,11.92,14.33,16.12,14.54,16.69,14.27,20.21,14.26,17.37,17.71,15.09,13.32,16.71,13.42,16.74,21.5,12.33,11.24,21.4,13.03,15.18,16.69,13.59,9.14,9.66,15.93,12.44,9.88,15.08,12.81,14.56,16.93,17.23,15.39,10.44,19.68,13.72,10.7,14.04,12.36,13.46,10.41,16.62,16.69,14.74,17.0,20.82,16.53,17.94,17.91,10.39,10.45,9.21,14.83,14.17,12.52,13.22,13.91,13.75,21.3,14.12,13.97,17.14,15.37,17.95,20.8,18.88,18.24,8.23,14.05,15.01,14.28,14.9,16.86,15.26,18.5,11.67,19.02,19.25,17.74,15.26,11.41,14.36,19.56,9.58,19.48,12.18,13.68,21.04,16.15,17.26,14.2,13.97,17.83,15.38,15.28,21.06,15.02,11.9,16.06,18.31,11.97,18.66,13.36,13.84,11.51,13.39,10.41,18.61,20.1,21.41,18.92,14.19,20.93,15.64,13.84,9.36,7.54,15.19,13.91,11.83,21.84,17.07,17.55,11.88,13.62,15.92,14.5,19.4,13.63,16.05,18.37,14.01,18.32,16.67,16.19,10.95,13.63,9.38,19.26,16.17,14.89,12.21,20.33,10.46,12.39,15.52,15.66,11.99,17.63,11.44,11.47,12.32,16.28,16.6,15.93,17.36,13.39,17.39,20.15,15.97,11.24,12.51,8.01,9.08,14.95,13.92,8.79,15.6,21.81,15.3,15.87,10.15,12.89,16.47,14.06,12.61,20.72,18.6,9.41,16.08,16.33,15.9,18.69,16.86,12.65,19.84,12.82,18.93,13.35,11.4,12.27,13.76,14.8,14.46,15.73,17.08,16.57,13.3,17.93,20.71,14.26,17.86,16.28,5.6,20.32,12.6,18.96,18.37,11.43,12.66,14.04,18.02,9.95,12.87,11.3,19.34,18.36,8.03,23.08,14.96,12.43,19.8,16.77,16.37,20.43,18.62,14.73,13.19,17.31,16.52,9.38,12.07,16.68,12.93,14.85,13.55,17.2,13.54,15.23,17.45,14.28,15.78,16.88,15.95,12.06,11.01,16.2,14.79,11.46,16.07,15.81,16.88,14.71,12.5,20.13,16.47,21.98,13.42,9.92,17.57,17.74,19.17,19.24,11.02,16.0,17.75,16.91,8.28,18.43,17.3,14.33,20.46,15.77,14.16,13.73,17.03,18.72,12.0,10.36,16.43,12.1,10.45,12.9,14.98,16.08,14.63,13.65,15.24,13.0,12.2,13.56,11.0,15.13,13.35,19.2,11.36,10.17,13.9,16.48,21.29,14.66,16.07,16.93,14.72,14.39,17.87,15.54,16.47,17.48,12.9,17.42,17.81,14.09,14.81,12.4,13.28,19.97,12.7,16.65,7.61,17.95,13.68,15.23,17.0,19.28,10.6,18.5,11.97,13.26,17.97,11.69,12.57,13.61,20.05,16.46,12.86,14.72,10.56,16.56,14.51,15.03,14.89,18.82,17.44,14.09,15.69,12.04,12.65,13.67,13.56,11.33,12.01,12.41,11.93,13.77,15.75,18.29,15.92,16.68,15.84,12.86,17.35,20.47,10.19,12.78,18.55,13.17,13.45,16.55,13.75,18.68,13.49,14.82,16.13,16.52,12.06,11.47,15.62,9.78,14.38,15.57,16.88,12.84,15.08,10.88,19.81,12.43,18.88,17.54,12.19,16.29,14.81,12.67,16.22,14.86,15.46,16.18,18.07,17.64,9.91,18.07,18.93,12.73,15.35,16.68,14.58,12.47,17.56,11.05,14.37,20.59,18.11,21.06,11.56,17.52,13.55,14.39,15.37,7.9,14.2,17.57,21.18,15.0,11.02,12.46,13.18,19.09,16.78,19.91,19.44,18.7,9.58,11.22,17.01,17.74,12.53,17.69,11.88,14.69,13.08,8.1,16.36,12.17,19.06,15.87,11.29,13.53,14.43,15.16,14.82,9.28,15.27,14.18,17.93,15.97,19.25,14.4,11.78,16.01,19.55,18.42,16.04,13.46,18.03,12.1,12.21,10.28,17.03,15.67,17.06,12.87,21.29,11.95,22.01,17.43,14.25,16.24,12.18,11.71,11.3,11.71,14.11,19.03,19.42,10.73,14.85,,,,,,,1.08
,,,,,,,,,,,,,,,,,,,,,,4.53,2.96,4.9,4.2,5.78,5.75,4.64,5.94,4.84,6.61,4.04,4.52,5.88,5.24,5.76,5.51,6.18,7.49,5.28,8.59,6.15,7.06,6.47,6.64,4.83,6.95,5.34,6.63,8.61,4.44,4.06,7.55,4.29,6.52,6.71,5.83,3.61,4.06,6.77,5.26,3.56,5.62,5.95,5.19,7.23,6.89,5.46,4.97,8.18,5.86,4.5,4.99,4.28,5.85,5.16,6.65,5.49,6.15,6.6,8.47,5.92,6.18,7.39,4.49,4.15,3.99,6.16,5.99,5.93,5.52,5.18,5.6,8.06,6.07,6.29,6.82,6.29,6.76,9.43,8.49,7.45,3.64,6.33,5.09,6.17,5.2,6.25,5.73,7.48,3.61,6.95,7.58,6.57,5.17,4.47,5.94,7.19,4.29,7.75,5.17,6.44,7.81,7.17,5.8,7.1,5.13,6.57,6.34,5.32,8.26,5.42,4.66,6.59,7.48,4.88,5.79,5.46,6.18,5.21,5.59,3.44,7.46,7.65,7.43,7.13,5.8,7.64,6.1,6.68,3.61,3.8,6.84,6.4,4.16,9.38,6.12,6.75,5.69,4.96,5.79,4.93,7.73,6.36,6.22,7.29,5.69,6.74,5.86,6.63,4.31,5.69,4.26,7.54,6.17,6.74,4.6,8.73,4.44,4.74,6.31,6.5,4.51,7.67,5.17,6.11,4.48,6.72,6.85,6.9,6.59,5.41,5.6,8.32,6.58,4.62,4.79,4.11,4.18,6.38,6.15,4.69,7.06,8.6,5.86,7.38,3.99,4.94,6.29,6.43,4.84,9.4,6.53,3.36,7.0,6.74,5.49,6.08,6.84,4.88,6.93,5.32,7.21,6.06,4.98,4.88,5.96,5.46,5.29,5.78,5.8,6.4,6.01,7.23,7.76,4.98,7.8,6.19,2.75,7.83,4.02,7.27,6.62,4.1,5.72,5.01,6.45,4.4,4.83,5.1,7.42,7.62,4.36,8.34,6.39,3.78,7.66,6.55,5.96,7.31,7.84,6.94,5.82,6.76,6.43,3.6,5.54,6.43,5.35,4.53,6.41,7.42,5.41,5.83,6.17,6.55,4.61,5.35,6.82,5.02,3.21,4.84,5.53,4.23,6.81,7.72,8.43,5.36,4.37,7.96,6.17,7.12,6.39,4.94,6.59,7.17,7.75,6.09,4.51,6.84,5.53,6.35,3.39,7.82,6.18,6.11,6.82,6.03,6.21,6.21,5.68,7.62,5.62,4.62,5.91,4.92,4.4,5.93,6.01,6.85,6.12,5.11,6.42,5.28,4.67,4.46,5.37,6.52,5.12,8.29,4.95,4.71,6.57,7.67,8.18,5.17,6.41,5.51,4.91,5.75,6.4,6.54,6.58,7.1,4.94,8.13,7.24,6.4,5.92,5.53,5.53,8.24,5.47,7.18,3.65,6.92,6.01,5.34,6.84,6.95,4.62,6.63,4.76,5.3,8.52,4.86,5.04,5.44,7.66,7.57,3.84,5.81,3.59,7.57,6.4,6.46,5.75,7.85,7.11,5.33,6.23,6.16,4.97,6.08,5.58,4.79,5.48,5.25,4.55,6.18,6.17,7.07,7.42,6.14,6.61,5.85,5.78,7.43,3.93,5.99,6.15,5.33,5.98,4.97,5.8,7.42,5.3,6.14,6.45,5.29,4.06,4.96,6.82,3.46,4.65,6.16,6.83,5.0,6.33,4.39,8.01,5.35,6.69,7.18,5.56,7.23,6.97,5.57,6.42,6.43,5.42,5.81,5.82,7.12,3.03,7.4,7.42,6.15,6.62,5.56,5.68,5.57,6.87,5.59,5.18,7.77,7.26,6.93,4.77,6.18,6.27,5.46,5.38,2.93,5.76,5.89,7.52,6.23,5.55,5.59,5.55,8.28,5.89,8.34,6.69,7.75,3.94,4.82,7.6,5.41,5.73,7.66,6.15,6.86,4.45,4.28,6.92,5.08,7.45,6.33,5.73,6.0,5.81,6.69,6.03,3.07,5.61,4.89,6.48,6.15,9.55,6.07,4.35,6.21,8.64,8.05,6.64,5.36,7.46,5.99,4.08,3.1,6.57,5.44,6.45,5.32,7.59,4.63,7.83,6.34,5.54,5.99,6.1,5.94,3.98,4.39,4.73,6.41,7.59,5.11,5.55,,,,,,,1.18
,,,,,,,,,,,,,,,,,,,,,,0.0,0.0,0.0,0.0,0.0,0.0,0.0,0.0,0.0,0.0,0.0,0.0,0.0,0.0,0.0,0.0,0.0,0.0,0.0,0.0,0.0,0.0,0.0,0.0,0.0,0.0,0.0,0.0,0.0,0.0,0.0,0.0,0.0,0.0,0.0,0.0,0.0,0.0,0.0,0.0,0.0,0.0,0.0,0.0,0.0,0.0,0.0,0.0,0.0,0.0,0.0,0.0,0.0,0.0,0.0,0.0,0.0,0.0,0.0,0.0,0.0,0.0,0.0,0.0,0.0,0.0,0.0,0.0,0.0,0.0,0.0,0.0,0.0,0.0,0.0,0.0,0.0,0.0,0.0,0.0,0.0,0.0,0.0,0.0,0.0,0.0,0.0,0.0,0.0,0.0,0.0,0.0,0.0,0.0,0.0,0.0,0.0,0.0,0.0,0.0,0.0,0.0,0.0,0.0,0.0,0.0,0.0,0.0,0.0,0.0,0.0,0.0,0.0,0.0,0.0,0.0,0.0,0.0,0.0,0.0,0.0,0.0,0.0,0.0,0.0,0.0,0.0,0.0,0.0,0.0,0.0,0.0,0.0,0.0,0.0,0.0,0.0,0.0,0.0,0.0,0.0,0.0,0.0,0.0,0.0,0.0,0.0,0.0,0.0,0.0,0.0,0.0,0.0,0.0,0.0,0.0,0.0,0.0,0.0,0.0,0.0,0.0,0.0,0.0,0.0,0.0,0.0,0.0,0.0,0.0,0.0,0.0,0.0,0.0,0.0,0.0,0.0,0.0,0.0,0.0,0.0,0.0,0.0,0.0,0.0,0.0,0.0,0.0,0.0,0.0,0.0,0.0,0.0,0.0,0.0,0.0,0.0,0.0,0.0,0.0,0.0,0.0,0.0,0.0,0.0,0.0,0.0,0.0,0.0,0.0,0.0,0.0,0.0,0.0,0.0,0.0,0.0,0.0,0.0,0.0,0.0,0.0,0.0,0.0,0.0,0.0,0.0,0.0,0.0,0.0,0.0,0.0,0.0,0.0,0.0,0.0,0.0,0.0,0.0,0.0,0.0,0.0,0.0,0.0,0.0,0.0,0.0,0.0,0.0,0.0,0.0,0.0,0.0,0.0,0.0,0.0,0.0,0.0,0.0,0.0,0.0,0.0,0.0,0.0,0.0,0.0,0.0,0.0,0.0,0.0,0.0,0.0,0.0,0.0,0.0,0.0,0.0,0.0,0.0,0.0,0.0,0.0,0.0,0.0,0.0,0.0,0.0,0.0,0.0,0.0,0.0,0.0,0.0,0.0,0.0,0.0,0.0,0.0,0.0,0.0,0.0,0.0,0.0,0.0,0.0,0.0,0.0,0.0,0.0,0.0,0.0,0.0,0.0,0.0,0.0,0.0,0.0,0.0,0.0,0.0,0.0,0.0,0.0,0.0,0.0,0.0,0.0,0.0,0.0,0.0,0.0,0.0,0.0,0.0,0.0,0.0,0.0,0.0,0.0,0.0,0.0,0.0,0.0,0.0,0.0,0.0,0.0,0.0,0.0,0.0,0.0,0.0,0.0,0.0,0.0,0.0,0.0,0.0,0.0,0.0,0.0,0.0,0.0,0.0,0.0,0.0,0.0,0.0,0.0,0.0,0.0,0.0,0.0,0.0,0.0,0.0,0.0,0.0,0.0,0.0,0.0,0.0,0.0,0.0,0.0,0.0,0.0,0.0,0.0,0.0,0.0,0.0,0.0,0.0,0.0,0.0,0.0,0.0,0.0,0.0,0.0,0.0,0.0,0.0,0.0,0.0,0.0,0.0,0.0,0.0,0.0,0.0,0.0,0.0,0.0,0.0,0.0,0.0,0.0,0.0,0.0,0.0,0.0,0.0,0.0,0.0,0.0,0.0,0.0,0.0,0.0,0.0,0.0,0.0,0.0,0.0,0.0,0.0,0.0,0.0,0.0,0.0,0.0,0.0,0.0,0.0,0.0,0.0,0.0,0.0,0.0,0.0,0.0,0.0,0.0,0.0,0.0,0.0,0.0,0.0,0.0,0.0,0.0,0.0,0.0,0.0,0.0,0.0,0.0,0.0,0.0,0.0,0.0,0.0,0.0,0.0,0.0,0.0,0.0,0.0,0.0,0.0,0.0,0.0,0.0,0.0,0.0,0.0,0.0,0.0,0.0,0.0,0.0,0.0,0.0,0.0,0.0,0.0,0.0,0.0,,,,,,,1.28
,,,,,,,,,,,,,,,,,,,,,,0.0,0.0,0.0,0.0,0.0,0.0,0.0,0.0,0.0,0.0,0.0,0.0,0.0,0.0,0.0,0.0,0.0,0.0,0.0,0.0,0.0,0.0,0.0,0.0,0.0,0.0,0.0,0.0,0.0,0.0,0.0,0.0,0.0,0.0,0.0,0.0,0.0,0.0,0.0,0.0,0.0,0.0,0.0,0.0,0.0,0.0,0.0,0.0,0.0,0.0,0.0,0.0,0.0,0.0,0.0,0.0,0.0,0.0,0.0,0.0,0.0,0.0,0.0,0.0,0.0,0.0,0.0,0.0,0.0,0.0,0.0,0.0,0.0,0.0,0.0,0.0,0.0,0.0,0.0,0.0,0.0,0.0,0.0,0.0,0.0,0.0,0.0,0.0,0.0,0.0,0.0,0.0,0.0,0.0,0.0,0.0,0.0,0.0,0.0,0.0,0.0,0.0,0.0,0.0,0.0,0.0,0.0,0.0,0.0,0.0,0.0,0.0,0.0,0.0,0.0,0.0,0.0,0.0,0.0,0.0,0.0,0.0,0.0,0.0,0.0,0.0,0.0,0.0,0.0,0.0,0.0,0.0,0.0,0.0,0.0,0.0,0.0,0.0,0.0,0.0,0.0,0.0,0.0,0.0,0.0,0.0,0.0,0.0,0.0,0.0,0.0,0.0,0.0,0.0,0.0,0.0,0.0,0.0,0.0,0.0,0.0,0.0,0.0,0.0,0.0,0.0,0.0,0.0,0.0,0.0,0.0,0.0,0.0,0.0,0.0,0.0,0.0,0.0,0.0,0.0,0.0,0.0,0.0,0.0,0.0,0.0,0.0,0.0,0.0,0.0,0.0,0.0,0.0,0.0,0.0,0.0,0.0,0.0,0.0,0.0,0.0,0.0,0.0,0.0,0.0,0.0,0.0,0.0,0.0,0.0,0.0,0.0,0.0,0.0,0.0,0.0,0.0,0.0,0.0,0.0,0.0,0.0,0.0,0.0,0.0,0.0,0.0,0.0,0.0,0.0,0.0,0.0,0.0,0.0,0.0,0.0,0.0,0.0,0.0,0.0,0.0,0.0,0.0,0.0,0.0,0.0,0.0,0.0,0.0,0.0,0.0,0.0,0.0,0.0,0.0,0.0,0.0,0.0,0.0,0.0,0.0,0.0,0.0,0.0,0.0,0.0,0.0,0.0,0.0,0.0,0.0,0.0,0.0,0.0,0.0,0.0,0.0,0.0,0.0,0.0,0.0,0.0,0.0,0.0,0.0,0.0,0.0,0.0,0.0,0.0,0.0,0.0,0.0,0.0,0.0,0.0,0.0,0.0,0.0,0.0,0.0,0.0,0.0,0.0,0.0,0.0,0.0,0.0,0.0,0.0,0.0,0.0,0.0,0.0,0.0,0.0,0.0,0.0,0.0,0.0,0.0,0.0,0.0,0.0,0.0,0.0,0.0,0.0,0.0,0.0,0.0,0.0,0.0,0.0,0.0,0.0,0.0,0.0,0.0,0.0,0.0,0.0,0.0,0.0,0.0,0.0,0.0,0.0,0.0,0.0,0.0,0.0,0.0,0.0,0.0,0.0,0.0,0.0,0.0,0.0,0.0,0.0,0.0,0.0,0.0,0.0,0.0,0.0,0.0,0.0,0.0,0.0,0.0,0.0,0.0,0.0,0.0,0.0,0.0,0.0,0.0,0.0,0.0,0.0,0.0,0.0,0.0,0.0,0.0,0.0,0.0,0.0,0.0,0.0,0.0,0.0,0.0,0.0,0.0,0.0,0.0,0.0,0.0,0.0,0.0,0.0,0.0,0.0,0.0,0.0,0.0,0.0,0.0,0.0,0.0,0.0,0.0,0.0,0.0,0.0,0.0,0.0,0.0,0.0,0.0,0.0,0.0,0.0,0.0,0.0,0.0,0.0,0.0,0.0,0.0,0.0,0.0,0.0,0.0,0.0,0.0,0.0,0.0,0.0,0.0,0.0,0.0,0.0,0.0,0.0,0.0,0.0,0.0,0.0,0.0,0.0,0.0,0.0,0.0,0.0,0.0,0.0,0.0,0.0,0.0,0.0,0.0,0.0,0.0,0.0,0.0,0.0,0.0,0.0,0.0,0.0,0.0,0.0,0.0,0.0,0.0,0.0,0.0,0.0,0.0,0.0,0.0,0.0,0.0,0.0,0.0,0.0,0.0,0.0,0.0,0.0,0.0,0.0,0.0,0.0,,,,,,,1.26
,,,,,,,,,,,,,,,,,,,,,,0.0,0.0,0.0,0.0,0.0,0.0,0.0,0.0,0.0,0.0,0.0,0.0,0.0,0.0,0.0,0.0,0.0,0.0,0.0,0.0,0.0,0.0,0.0,0.0,0.0,0.0,0.0,0.0,0.0,0.0,0.0,0.0,0.0,0.0,0.0,0.0,0.0,0.0,0.0,0.0,0.0,0.0,0.0,0.0,0.0,0.0,0.0,0.0,0.0,0.0,0.0,0.0,0.0,0.0,0.0,0.0,0.0,0.0,0.0,0.0,0.0,0.0,0.0,0.0,0.0,0.0,0.0,0.0,0.0,0.0,0.0,0.0,0.0,0.0,0.0,0.0,0.0,0.0,0.0,0.0,0.0,0.0,0.0,0.0,0.0,0.0,0.0,0.0,0.0,0.0,0.0,0.0,0.0,0.0,0.0,0.0,0.0,0.0,0.0,0.0,0.0,0.0,0.0,0.0,0.0,0.0,0.0,0.0,0.0,0.0,0.0,0.0,0.0,0.0,0.0,0.0,0.0,0.0,0.0,0.0,0.0,0.0,0.0,0.0,0.0,0.0,0.0,0.0,0.0,0.0,0.0,0.0,0.0,0.0,0.0,0.0,0.0,0.0,0.0,0.0,0.0,0.0,0.0,0.0,0.0,0.0,0.0,0.0,0.0,0.0,0.0,0.0,0.0,0.0,0.0,0.0,0.0,0.0,0.0,0.0,0.0,0.0,0.0,0.0,0.0,0.0,0.0,0.0,0.0,0.0,0.0,0.0,0.0,0.0,0.0,0.0,0.0,0.0,0.0,0.0,0.0,0.0,0.0,0.0,0.0,0.0,0.0,0.0,0.0,0.0,0.0,0.0,0.0,0.0,0.0,0.0,0.0,0.0,0.0,0.0,0.0,0.0,0.0,0.0,0.0,0.0,0.0,0.0,0.0,0.0,0.0,0.0,0.0,0.0,0.0,0.0,0.0,0.0,0.0,0.0,0.0,0.0,0.0,0.0,0.0,0.0,0.0,0.0,0.0,0.0,0.0,0.0,0.0,0.0,0.0,0.0,0.0,0.0,0.0,0.0,0.0,0.0,0.0,0.0,0.0,0.0,0.0,0.0,0.0,0.0,0.0,0.0,0.0,0.0,0.0,0.0,0.0,0.0,0.0,0.0,0.0,0.0,0.0,0.0,0.0,0.0,0.0,0.0,0.0,0.0,0.0,0.0,0.0,0.0,0.0,0.0,0.0,0.0,0.0,0.0,0.0,0.0,0.0,0.0,0.0,0.0,0.0,0.0,0.0,0.0,0.0,0.0,0.0,0.0,0.0,0.0,0.0,0.0,0.0,0.0,0.0,0.0,0.0,0.0,0.0,0.0,0.0,0.0,0.0,0.0,0.0,0.0,0.0,0.0,0.0,0.0,0.0,0.0,0.0,0.0,0.0,0.0,0.0,0.0,0.0,0.0,0.0,0.0,0.0,0.0,0.0,0.0,0.0,0.0,0.0,0.0,0.0,0.0,0.0,0.0,0.0,0.0,0.0,0.0,0.0,0.0,0.0,0.0,0.0,0.0,0.0,0.0,0.0,0.0,0.0,0.0,0.0,0.0,0.0,0.0,0.0,0.0,0.0,0.0,0.0,0.0,0.0,0.0,0.0,0.0,0.0,0.0,0.0,0.0,0.0,0.0,0.0,0.0,0.0,0.0,0.0,0.0,0.0,0.0,0.0,0.0,0.0,0.0,0.0,0.0,0.0,0.0,0.0,0.0,0.0,0.0,0.0,0.0,0.0,0.0,0.0,0.0,0.0,0.0,0.0,0.0,0.0,0.0,0.0,0.0,0.0,0.0,0.0,0.0,0.0,0.0,0.0,0.0,0.0,0.0,0.0,0.0,0.0,0.0,0.0,0.0,0.0,0.0,0.0,0.0,0.0,0.0,0.0,0.0,0.0,0.0,0.0,0.0,0.0,0.0,0.0,0.0,0.0,0.0,0.0,0.0,0.0,0.0,0.0,0.0,0.0,0.0,0.0,0.0,0.0,0.0,0.0,0.0,0.0,0.0,0.0,0.0,0.0,0.0,0.0,0.0,0.0,0.0,0.0,0.0,0.0,0.0,0.0,0.0,0.0,0.0,0.0,0.0,0.0,0.0,0.0,0.0,0.0,0.0,0.0,0.0,0.0,0.0,0.0,0.0,0.0,0.0,0.0,0.0,0.0,0.0,0.0,0.0,0.0,0.0,,,,,,,1.1
,,,,,,,,,,,,,,,,,,,,,,0.0,0.0,0.0,0.0,0.0,0.0,0.0,0.0,0.0,0.0,0.0,0.0,0.0,0.0,0.0,0.0,0.0,0.0,0.0,0.0,0.0,0.0,0.0,0.0,0.0,0.0,0.0,0.0,0.0,0.0,0.0,0.0,0.0,0.0,0.0,0.0,0.0,0.0,0.0,0.0,0.0,0.0,0.0,0.0,0.0,0.0,0.0,0.0,0.0,0.0,0.0,0.0,0.0,0.0,0.0,0.0,0.0,0.0,0.0,0.0,0.0,0.0,0.0,0.0,0.0,0.0,0.0,0.0,0.0,0.0,0.0,0.0,0.0,0.0,0.0,0.0,0.0,0.0,0.0,0.0,0.0,0.0,0.0,0.0,0.0,0.0,0.0,0.0,0.0,0.0,0.0,0.0,0.0,0.0,0.0,0.0,0.0,0.0,0.0,0.0,0.0,0.0,0.0,0.0,0.0,0.0,0.0,0.0,0.0,0.0,0.0,0.0,0.0,0.0,0.0,0.0,0.0,0.0,0.0,0.0,0.0,0.0,0.0,0.0,0.0,0.0,0.0,0.0,0.0,0.0,0.0,0.0,0.0,0.0,0.0,0.0,0.0,0.0,0.0,0.0,0.0,0.0,0.0,0.0,0.0,0.0,0.0,0.0,0.0,0.0,0.0,0.0,0.0,0.0,0.0,0.0,0.0,0.0,0.0,0.0,0.0,0.0,0.0,0.0,0.0,0.0,0.0,0.0,0.0,0.0,0.0,0.0,0.0,0.0,0.0,0.0,0.0,0.0,0.0,0.0,0.0,0.0,0.0,0.0,0.0,0.0,0.0,0.0,0.0,0.0,0.0,0.0,0.0,0.0,0.0,0.0,0.0,0.0,0.0,0.0,0.0,0.0,0.0,0.0,0.0,0.0,0.0,0.0,0.0,0.0,0.0,0.0,0.0,0.0,0.0,0.0,0.0,0.0,0.0,0.0,0.0,0.0,0.0,0.0,0.0,0.0,0.0,0.0,0.0,0.0,0.0,0.0,0.0,0.0,0.0,0.0,0.0,0.0,0.0,0.0,0.0,0.0,0.0,0.0,0.0,0.0,0.0,0.0,0.0,0.0,0.0,0.0,0.0,0.0,0.0,0.0,0.0,0.0,0.0,0.0,0.0,0.0,0.0,0.0,0.0,0.0,0.0,0.0,0.0,0.0,0.0,0.0,0.0,0.0,0.0,0.0,0.0,0.0,0.0,0.0,0.0,0.0,0.0,0.0,0.0,0.0,0.0,0.0,0.0,0.0,0.0,0.0,0.0,0.0,0.0,0.0,0.0,0.0,0.0,0.0,0.0,0.0,0.0,0.0,0.0,0.0,0.0,0.0,0.0,0.0,0.0,0.0,0.0,0.0,0.0,0.0,0.0,0.0,0.0,0.0,0.0,0.0,0.0,0.0,0.0,0.0,0.0,0.0,0.0,0.0,0.0,0.0,0.0,0.0,0.0,0.0,0.0,0.0,0.0,0.0,0.0,0.0,0.0,0.0,0.0,0.0,0.0,0.0,0.0,0.0,0.0,0.0,0.0,0.0,0.0,0.0,0.0,0.0,0.0,0.0,0.0,0.0,0.0,0.0,0.0,0.0,0.0,0.0,0.0,0.0,0.0,0.0,0.0,0.0,0.0,0.0,0.0,0.0,0.0,0.0,0.0,0.0,0.0,0.0,0.0,0.0,0.0,0.0,0.0,0.0,0.0,0.0,0.0,0.0,0.0,0.0,0.0,0.0,0.0,0.0,0.0,0.0,0.0,0.0,0.0,0.0,0.0,0.0,0.0,0.0,0.0,0.0,0.0,0.0,0.0,0.0,0.0,0.0,0.0,0.0,0.0,0.0,0.0,0.0,0.0,0.0,0.0,0.0,0.0,0.0,0.0,0.0,0.0,0.0,0.0,0.0,0.0,0.0,0.0,0.0,0.0,0.0,0.0,0.0,0.0,0.0,0.0,0.0,0.0,0.0,0.0,0.0,0.0,0.0,0.0,0.0,0.0,0.0,0.0,0.0,0.0,0.0,0.0,0.0,0.0,0.0,0.0,0.0,0.0,0.0,0.0,0.0,0.0,0.0,0.0,0.0,0.0,0.0,0.0,0.0,0.0,0.0,0.0,0.0,0.0,0.0,0.0,0.0,0.0,0.0,0.0,0.0,0.0,0.0,0.0,0.0,0.0,0.0,0.0,0.0,,,,,,,0.9
,,,,,,,,,,,,,,,,,,,,,,3.47,6.71,4.95,3.21,0.75,4.48,1.65,3.25,0.19,2.73,4.86,5.48,1.55,1.45,0.56,5.72,4.11,3.13,3.51,0.0,2.94,4.31,2.59,0.0,1.69,5.91,6.02,2.74,3.6,4.55,3.31,4.12,5.21,2.66,4.66,2.25,3.97,2.61,4.48,2.55,2.27,3.04,0.0,3.17,0.02,5.41,3.87,1.38,4.18,4.03,2.81,4.5,5.16,6.48,0.38,2.72,7.19,7.58,1.97,5.07,2.28,4.78,2.27,3.03,1.94,5.64,2.5,4.19,6.58,0.86,4.48,0.0,4.52,5.22,4.32,1.05,3.2,7.7,0.0,1.47,0.0,8.65,1.88,7.3,4.17,3.22,2.47,4.58,0.92,2.38,3.5,5.91,5.79,5.24,6.4,4.28,1.07,4.76,3.69,1.83,3.38,0.0,5.21,5.03,7.23,0.48,2.73,3.97,2.55,1.82,4.11,6.01,0.51,0.0,3.86,3.87,1.6,4.69,0.91,1.55,7.1,3.6,3.7,2.99,0.0,2.59,1.59,3.91,0.0,2.12,6.37,7.49,4.57,2.27,4.59,5.45,0.0,1.04,7.86,5.48,1.98,4.94,5.95,3.94,1.56,2.22,3.09,5.48,6.99,3.85,1.38,4.18,4.02,3.88,7.19,2.19,0.0,2.69,4.73,9.75,3.97,3.61,2.96,8.34,1.97,4.04,6.0,3.59,5.98,0.1,2.16,5.13,0.26,6.33,4.36,8.78,4.15,4.12,4.28,3.38,3.54,6.64,0.89,4.85,4.01,2.75,0.0,6.3,5.93,0.75,0.0,2.22,0.0,0.0,2.96,0.0,0.0,3.93,1.14,4.31,5.84,0.0,0.23,4.83,4.37,4.26,1.99,4.14,5.91,6.29,3.89,4.83,0.0,5.8,2.48,4.28,6.83,2.44,3.02,3.47,2.15,6.94,2.54,3.5,3.81,2.58,1.79,2.59,5.52,9.11,1.36,2.81,4.94,2.04,5.09,1.24,5.13,0.43,1.46,1.57,2.26,2.63,3.15,6.12,4.5,5.97,4.67,0.37,2.01,3.65,2.83,2.23,0.98,3.61,2.74,0.55,0.61,1.21,4.52,4.97,2.86,3.48,0.0,6.57,0.0,2.36,4.2,0.0,4.23,0.66,5.27,2.71,5.58,2.38,4.12,3.97,0.48,4.13,1.9,1.44,4.45,3.56,3.29,0.0,1.82,3.61,0.34,3.27,3.49,3.67,4.24,0.77,4.39,0.3,3.62,3.34,6.98,2.34,6.31,1.3,5.83,1.46,0.0,4.1,2.78,1.43,3.02,1.5,7.06,7.39,0.0,3.44,7.57,5.89,0.0,0.0,1.75,6.79,4.23,5.79,4.38,3.13,1.18,6.12,3.7,0.27,4.81,6.7,0.0,1.54,2.97,3.37,1.94,0.42,7.14,5.03,2.83,3.16,0.91,1.01,4.09,2.7,1.36,4.57,3.97,1.58,2.67,1.44,4.74,3.83,1.7,0.0,3.59,0.0,3.88,0.0,1.14,2.47,4.98,1.42,3.52,0.0,1.55,4.1,3.69,1.42,4.4,0.0,0.43,2.75,0.0,5.94,4.09,0.0,4.9,2.63,5.27,0.63,6.48,7.17,3.66,1.89,1.01,0.0,7.06,2.67,3.29,4.48,2.84,6.48,4.07,2.16,2.31,1.71,0.0,0.08,0.94,1.25,3.23,3.0,6.04,2.1,2.27,2.66,5.91,6.16,2.69,2.64,6.51,1.49,0.93,4.96,5.1,0.06,1.8,3.45,0.0,1.12,2.44,5.46,4.56,4.31,0.46,2.56,0.18,6.54,0.0,3.2,2.09,2.44,0.0,1.02,3.33,0.49,1.92,0.72,6.03,3.74,4.0,2.72,3.09,2.75,4.94,3.77,5.43,6.16,3.15,3.92,2.7,3.43,0.28,3.54,6.4,1.67,2.22,1.5,1.89,6.26,2.04,3.85,0.78,1.83,2.44,5.65,5.77,7.29,3.64,0.0,5.82,2.98,0.29,3.29,1.32,2.14,5.07,2.57,1.83,2.72,0.0,3.74,5.1,3.74,4.75,4.45,0.79,6.43,0.0,0.0,3.25,2.03,3.78,3.39,9.87,4.67,0.0,5.81,7.38,0.25,0.0,3.39,,,,,,,0.96
,,,,,,,,,,,,,,,,,,,,,,14.21,22.31,20.21,12.18,6.35,15.96,10.16,11.71,2.65,11.38,16.5,20.26,8.55,7.12,4.35,23.1,16.64,13.66,13.05,0.0,12.91,18.89,10.81,0.0,8.83,19.77,20.76,12.53,14.28,18.71,13.49,15.84,20.22,10.45,16.05,11.58,14.86,10.16,16.17,9.61,11.44,12.45,2.32,13.16,1.55,19.09,14.6,6.07,17.59,17.51,12.91,16.07,20.14,22.7,3.08,11.73,23.18,27.43,11.32,18.33,8.15,16.95,8.34,10.93,8.57,21.17,10.33,16.43,24.14,6.14,17.31,2.13,16.44,19.98,17.1,6.55,11.57,26.34,3.2,7.3,0.53,30.1,8.7,23.32,17.11,11.45,9.43,16.23,4.16,10.93,14.27,20.61,22.52,16.56,22.67,16.29,3.69,17.36,14.38,9.05,12.8,2.05,21.66,17.76,24.8,3.18,10.6,13.61,9.91,11.27,14.9,19.8,4.06,0.04,15.25,14.74,8.03,18.43,5.06,7.89,25.47,11.96,14.16,11.71,0.0,9.54,10.25,15.06,0.0,8.7,23.59,25.86,17.35,9.29,18.29,20.53,1.14,5.83,24.45,21.79,7.6,17.0,20.61,15.56,6.44,10.19,12.43,17.49,24.79,13.76,4.91,14.86,14.89,14.34,25.44,8.5,0.0,10.52,16.28,35.0,15.17,13.44,11.09,29.61,8.69,17.67,21.48,14.01,22.37,2.26,7.37,17.47,3.33,21.45,15.35,31.24,16.31,12.92,16.33,12.44,13.54,23.2,5.45,18.9,14.41,13.03,0.0,22.44,21.23,7.05,0.0,8.67,0.0,2.48,10.7,0.0,0.0,13.99,5.35,16.59,22.56,0.0,2.32,18.55,16.91,14.37,8.17,16.61,21.13,21.79,13.99,18.47,0.0,22.34,9.96,16.3,25.74,8.8,12.6,11.22,10.54,25.14,10.26,12.93,14.76,12.32,10.1,11.74,20.02,32.94,7.67,11.3,17.51,8.17,20.42,6.62,18.9,2.2,6.39,6.83,9.53,11.07,12.76,20.99,18.7,20.63,17.31,3.33,10.38,13.8,14.18,10.99,4.13,13.0,10.81,5.35,3.11,7.09,15.67,18.65,10.01,12.1,1.6,22.83,0.26,7.54,16.95,1.34,17.3,4.93,18.48,11.37,20.23,9.43,13.69,12.65,4.03,15.18,6.83,7.55,18.53,13.99,11.05,0.0,8.53,13.51,2.73,11.44,11.52,14.51,15.65,4.49,15.56,3.96,13.95,14.29,24.83,10.21,23.27,7.78,18.88,5.89,0.0,16.22,11.02,4.65,10.72,6.71,25.57,24.86,0.0,14.41,27.42,21.89,0.0,0.82,7.42,24.01,15.17,20.6,17.81,11.67,5.13,20.15,13.45,5.44,17.46,25.39,0.0,6.71,11.12,11.86,9.02,3.92,26.25,19.31,11.2,14.18,6.63,4.98,14.81,11.43,7.2,16.99,15.92,7.68,9.82,8.09,18.7,14.95,7.33,0.0,13.47,0.0,13.02,2.54,4.37,10.67,15.73,2.71,11.24,0.0,7.08,14.14,14.0,6.32,16.18,0.0,4.27,9.28,0.0,21.56,17.47,0.0,17.53,11.33,18.39,2.49,23.02,24.61,14.13,7.38,7.18,0.0,25.51,9.76,12.13,17.46,10.03,21.7,12.64,9.88,11.17,9.19,0.0,3.87,2.6,7.61,13.93,12.19,21.96,11.47,9.13,11.57,22.1,19.73,12.69,11.91,24.18,7.2,6.67,17.05,18.63,1.29,8.17,11.47,2.36,4.93,10.33,19.17,16.0,15.62,3.27,11.21,3.77,23.08,0.0,13.66,7.46,10.35,0.0,5.47,12.85,3.29,10.76,4.58,23.22,13.58,13.86,9.62,11.86,10.46,16.22,15.36,20.08,22.38,12.23,14.0,11.94,12.88,1.08,12.99,21.71,6.04,10.61,6.05,8.43,20.78,9.1,16.2,5.26,8.65,10.6,21.16,21.5,24.69,12.72,0.0,21.36,13.54,4.76,11.67,5.42,8.82,18.07,10.19,7.45,12.13,0.0,14.58,18.84,15.21,17.28,18.46,3.22,20.44,0.73,0.0,11.77,8.69,15.44,12.14,33.47,17.37,0.0,20.73,26.55,5.62,0.0,13.9,,,,,,,1.22
,,,,,,,,,,,,,,,,,,,,,,32.93,50.84,45.44,28.49,19.03,41.29,22.43,29.46,13.38,28.25,39.39,45.98,17.23,19.15,14.6,48.48,36.53,31.52,29.53,0.48,34.68,42.38,33.86,0.0,23.1,44.26,46.78,33.85,34.22,38.6,33.41,36.02,48.02,25.44,40.25,32.69,26.07,30.06,34.8,24.24,31.52,29.82,10.71,30.07,11.01,47.61,38.05,19.5,40.95,38.63,34.89,33.87,47.19,50.82,6.9,26.16,49.99,64.16,25.91,48.16,22.35,41.06,21.24,23.36,23.32,48.97,21.74,38.13,54.41,21.62,39.69,14.98,33.28,42.92,40.34,19.49,26.77,57.29,7.54,16.0,7.43,66.08,18.04,52.03,44.31,32.02,20.24,40.6,11.32,30.31,38.35,49.84,52.91,35.22,51.39,37.87,10.51,42.58,32.15,22.16,27.88,9.91,47.99,45.11,62.51,8.66,25.65,34.13,23.9,26.83,35.16,45.77,9.89,8.13,30.93,35.82,27.25,40.94,14.71,18.42,56.8,26.69,30.22,29.86,3.79,23.93,34.37,35.84,0.0,22.59,52.67,56.15,39.18,24.22,44.62,43.69,7.81,22.6,56.59,51.12,18.12,39.65,50.89,41.21,15.65,25.52,33.56,37.87,54.1,33.99,17.43,32.29,31.77,38.68,56.21,17.0,0.0,25.25,38.91,75.86,30.41,31.96,27.54,63.72,20.15,40.65,57.46,37.49,49.86,13.28,15.99,38.34,14.57,45.6,34.27,70.61,43.19,35.77,39.76,26.56,35.14,50.56,14.05,40.35,30.14,29.56,4.08,53.76,44.87,17.41,4.04,25.88,0.87,10.81,30.68,4.14,1.08,36.07,21.27,41.79,56.83,0.37,11.76,49.05,39.4,34.35,20.37,39.13,50.16,49.02,33.7,42.83,5.36,53.54,21.1,32.93,59.16,24.37,30.19,27.12,22.67,52.99,24.46,35.74,41.41,30.79,26.02,33.6,42.62,71.85,21.62,33.98,39.54,21.46,47.33,18.87,42.33,9.87,15.22,22.68,24.06,27.25,33.72,45.9,47.94,45.29,44.82,16.28,28.35,33.85,34.78,27.33,12.81,31.45,29.31,24.42,12.22,21.62,41.92,44.59,22.19,27.7,9.25,48.76,6.16,18.64,38.69,11.29,41.04,15.25,44.56,24.29,43.49,22.31,27.3,28.12,16.3,35.23,20.23,28.09,46.16,33.42,28.19,3.67,23.29,31.58,14.44,27.02,27.87,40.3,32.68,12.5,37.79,15.65,33.53,32.12,54.38,26.97,52.91,22.5,46.92,17.67,4.06,37.86,29.58,17.68,27.12,16.36,57.08,54.47,4.13,34.89,60.74,49.03,0.0,5.77,20.36,56.18,32.78,46.68,45.47,21.61,13.2,46.7,28.56,11.84,43.39,57.65,0.33,19.93,30.49,25.36,22.53,13.92,60.73,45.02,23.26,27.53,19.7,15.14,35.56,25.34,21.12,42.69,34.92,21.21,32.82,20.86,43.7,37.15,27.27,4.19,29.02,2.12,28.61,9.9,7.95,29.82,35.82,13.96,27.1,1.33,20.6,33.18,30.1,12.72,33.11,0.0,14.57,22.79,0.0,52.52,42.25,8.1,43.9,27.83,43.62,9.5,52.73,58.87,33.21,23.3,18.9,0.0,60.0,28.02,24.86,47.29,27.6,49.72,28.89,27.88,29.63,22.44,0.0,13.35,6.62,17.48,32.9,28.23,50.19,27.39,25.17,28.45,48.83,44.22,33.61,28.92,53.41,20.78,16.02,41.45,43.34,8.93,23.02,21.91,15.14,11.4,30.11,43.77,36.23,40.99,17.2,30.2,14.69,49.73,0.0,38.89,21.01,25.27,0.0,15.35,28.58,11.88,33.99,15.9,54.23,32.32,33.35,23.99,27.05,31.68,36.78,36.64,42.45,51.14,31.49,30.34,30.11,30.77,5.79,28.91,51.66,18.19,29.81,23.47,16.76,49.29,24.2,35.01,15.71,19.31,29.57,51.24,47.9,59.83,31.41,3.77,44.69,39.85,14.87,30.78,18.72,26.16,42.21,30.89,26.78,33.56,8.92,34.34,43.59,38.66,37.73,41.92,14.41,47.85,4.24,4.13,26.48,23.49,40.96,29.83,72.8,39.18,7.12,50.62,56.06,23.21,4.85,35.73,,,,,,,1.26
,,,,,,,,,,,,,,,,,,,,,,60.94,86.58,74.29,54.51,39.95,65.9,36.54,55.1,29.43,55.97,68.63,72.89,38.34,33.34,27.38,73.64,60.91,56.3,50.28,17.58,59.11,68.84,54.35,9.9,41.98,73.7,74.0,65.99,54.04,64.29,56.05,56.6,88.2,48.96,74.52,67.07,46.12,65.03,58.2,30.95,60.91,55.41,34.16,58.26,17.39,77.53,72.44,36.81,65.27,60.29,66.91,58.24,85.91,86.17,22.69,44.36,87.53,94.53,51.6,78.31,40.99,63.41,40.68,40.59,44.65,75.53,39.96,62.64,95.96,51.84,61.66,42.26,48.51,76.67,65.9,38.23,59.86,93.9,23.21,26.43,20.01,102.6,28.84,78.61,71.89,60.29,48.27,71.61,26.83,55.95,68.75,88.53,91.89,58.87,82.15,65.8,33.04,74.25,46.31,39.71,52.57,25.98,75.66,66.49,104.83,26.02,47.66,59.63,53.74,43.83,67.34,71.37,28.74,25.88,44.06,63.39,50.06,68.92,31.65,37.76,97.43,52.2,57.97,43.98,14.19,40.91,59.87,71.78,0.0,51.41,89.83,89.02,70.09,45.55,73.16,68.36,23.84,42.25,95.52,89.06,38.02,71.93,92.45,68.38,38.82,48.74,68.52,64.47,89.04,60.05,35.41,63.8,61.55,62.09,87.32,27.22,6.94,45.35,64.39,120.11,53.47,54.49,41.04,107.08,33.53,61.27,97.61,66.54,86.29,26.82,23.61,52.33,36.17,82.54,63.91,117.82,76.55,72.81,72.08,51.65,50.97,82.45,24.11,74.17,45.86,49.62,17.84,92.38,74.15,25.96,14.95,58.35,12.77,27.62,52.03,24.53,14.78,73.1,34.47,77.93,85.59,16.93,20.54,84.85,67.02,59.46,45.4,59.33,88.79,82.44,57.19,76.42,17.52,84.46,38.5,50.68,104.67,51.1,51.47,52.76,41.86,86.69,46.49,63.31,80.29,59.76,41.14,54.28,68.77,109.4,38.62,61.23,77.06,43.87,80.11,28.36,76.14,30.41,37.37,50.9,42.26,43.64,74.0,84.02,75.3,71.23,75.64,37.47,59.07,60.99,58.91,47.19,34.04,49.0,46.7,51.84,16.14,37.79,75.95,74.07,39.52,52.27,20.67,81.08,10.77,35.17,63.96,22.07,66.38,34.04,77.2,45.86,80.99,33.67,43.3,50.04,40.97,68.39,39.91,43.77,75.62,56.53,48.08,11.44,52.29,51.88,38.81,39.85,56.62,69.65,59.4,31.75,61.45,33.66,58.6,43.91,87.33,46.02,87.62,42.17,86.8,28.36,16.03,70.14,54.23,41.63,47.28,30.7,94.85,87.35,6.96,55.87,95.5,86.11,0.0,11.87,43.07,86.15,57.96,75.86,85.57,44.9,24.84,84.94,57.19,24.61,63.48,93.39,11.95,50.91,55.74,38.38,49.55,40.64,100.66,78.52,28.29,49.61,41.61,31.35,63.68,47.09,30.11,79.65,59.66,47.37,62.1,40.1,76.65,59.91,58.26,18.89,54.15,8.64,51.39,35.88,21.88,58.61,68.94,29.09,44.56,9.76,35.35,64.59,50.83,19.53,55.2,7.27,46.67,35.16,3.4,85.93,70.5,19.43,78.9,58.45,70.36,24.75,90.27,111.97,57.27,45.02,46.76,9.56,103.76,48.73,35.75,80.97,52.78,75.82,48.81,50.61,46.38,24.95,0.0,42.33,24.12,34.66,65.83,49.52,90.27,51.28,52.78,54.91,81.27,78.08,58.69,51.11,92.7,50.07,23.58,74.73,70.41,36.19,55.43,38.05,34.13,30.65,67.56,68.92,54.52,74.23,42.34,55.82,30.72,83.45,0.19,67.72,39.68,48.75,8.89,37.15,50.94,28.05,70.08,28.27,86.0,66.97,63.08,43.2,40.83,65.4,54.37,66.51,72.28,83.78,48.27,45.41,54.75,60.8,8.92,53.31,87.96,47.36,52.07,58.65,36.8,68.45,58.52,49.33,39.56,34.82,53.92,89.84,81.89,96.42,52.22,25.74,66.38,69.79,30.03,66.21,36.0,51.0,65.17,58.58,56.32,59.25,21.5,50.8,77.67,74.41,64.14,67.34,35.36,92.07,13.93,22.22,52.82,40.71,75.62,53.12,114.51,77.42,19.03,85.98,85.81,49.72,16.61,65.54,,,,,,,1.2
,,,,,,,,,,,,,,,,,,,,,,80.12,112.68,82.52,63.23,59.03,85.81,44.43,81.71,45.31,88.01,97.34,92.1,56.44,49.91,39.2,105.21,79.66,71.45,60.55,37.03,87.01,99.29,68.33,15.09,57.71,92.88,116.84,104.1,73.67,80.07,77.44,80.97,113.56,57.76,89.11,93.22,70.42,75.5,79.86,48.01,77.65,79.53,37.26,88.32,33.31,107.82,95.65,60.47,86.68,78.6,93.74,84.49,112.01,117.93,47.55,75.69,107.2,112.22,66.18,98.92,61.29,75.95,54.96,59.39,74.82,84.61,63.65,89.06,121.88,80.94,80.67,65.75,68.2,104.69,94.1,57.26,83.36,125.45,33.01,45.45,38.76,108.39,42.9,111.6,113.81,81.14,73.9,93.63,47.53,92.36,91.1,114.5,121.56,75.63,102.33,73.84,35.51,96.08,76.49,68.08,82.16,43.8,87.08,84.49,127.51,52.83,69.71,91.66,71.24,69.24,93.9,98.69,43.94,55.41,55.38,79.54,74.39,78.11,51.66,55.59,130.79,79.13,64.37,70.88,38.34,60.98,88.39,104.85,0.0,80.15,117.08,105.25,94.8,63.66,91.43,92.61,43.53,51.19,130.74,99.53,49.44,120.97,118.73,108.56,68.28,78.36,96.88,81.14,112.37,75.79,54.67,79.77,88.89,85.87,123.44,38.68,29.75,55.07,72.44,145.84,73.28,91.61,56.59,134.48,48.05,69.34,131.46,92.06,108.2,43.82,34.31,89.39,49.52,113.03,88.64,130.75,102.41,102.54,92.52,67.99,81.71,108.81,32.8,103.52,51.8,82.69,40.02,126.96,101.52,42.15,40.49,78.77,21.31,48.22,67.01,43.19,19.1,94.12,51.14,113.27,99.02,35.83,39.3,107.54,88.91,68.75,60.87,106.8,113.4,99.85,76.39,101.12,40.68,112.8,61.01,85.51,138.15,84.52,67.31,82.71,52.14,123.6,75.02,85.76,102.41,82.75,52.49,79.35,91.16,134.71,48.04,73.97,112.3,60.58,111.54,61.3,113.22,62.4,63.05,76.04,67.05,70.68,101.63,104.05,90.05,97.99,93.06,64.12,85.33,85.08,80.32,73.44,44.68,65.18,74.71,75.7,40.24,51.1,103.56,94.6,51.44,77.25,41.9,114.95,36.3,53.94,74.18,36.17,93.51,42.01,98.57,74.89,105.49,64.33,67.79,70.62,75.14,89.68,69.36,67.21,93.79,86.23,64.97,11.04,78.96,81.56,64.11,64.14,75.15,89.88,92.38,55.12,81.44,71.0,73.04,62.83,110.15,67.12,114.98,61.37,105.67,43.46,30.64,101.98,80.13,59.03,71.11,38.53,124.76,105.65,41.79,66.03,114.98,108.03,0.0,36.14,70.36,95.8,78.57,99.29,114.18,75.1,26.15,118.96,78.77,40.56,77.43,104.64,21.06,78.55,84.67,55.13,70.76,60.46,129.86,95.82,33.22,58.31,55.37,43.68,87.9,71.93,41.87,104.69,81.94,59.55,90.13,60.52,102.77,68.89,75.48,44.97,65.9,19.53,87.11,51.79,47.37,77.63,97.62,49.84,66.28,39.39,47.62,76.34,84.23,30.55,76.37,30.09,75.25,53.78,20.79,109.73,74.35,47.35,98.26,75.82,83.9,41.29,113.25,143.44,75.07,66.97,83.25,21.08,120.05,66.72,49.36,98.35,65.24,93.97,73.32,69.47,63.38,45.55,9.02,74.84,52.36,42.91,86.96,70.14,118.63,70.64,69.41,81.67,122.43,96.17,77.01,54.91,121.19,66.38,39.85,98.58,98.26,46.85,69.12,60.86,50.21,55.82,99.94,84.98,63.13,104.99,75.15,62.65,36.93,115.88,2.36,90.78,55.68,78.08,20.37,57.96,81.23,49.89,99.24,57.57,116.37,98.24,92.04,63.56,58.87,100.84,74.12,91.32,87.99,102.34,72.83,67.55,70.36,81.36,27.02,57.24,124.32,78.51,68.0,81.99,54.06,98.23,83.8,72.24,62.36,48.15,65.83,100.99,104.51,117.69,52.36,43.23,87.72,86.17,41.0,82.76,57.87,73.49,92.66,75.28,58.57,85.44,32.41,65.7,98.46,79.55,89.39,89.29,57.0,119.08,32.1,42.14,66.79,65.47,98.65,76.88,139.31,103.27,43.73,116.16,105.72,70.17,43.37,84.0,,,,,,,1.12
,,,,,,,,,,,,,,,,,,,,,,76.94,107.66,69.8,63.55,75.22,104.29,59.39,80.16,45.39,96.96,106.17,92.28,50.84,75.07,51.25,115.36,81.86,80.65,65.64,60.21,79.89,93.43,85.46,33.51,72.42,97.98,112.47,105.23,76.58,85.94,93.2,88.13,122.81,50.34,97.78,101.34,56.52,70.36,81.37,70.45,75.52,69.31,44.08,94.35,43.15,114.14,100.32,83.1,87.81,80.42,96.35,89.85,114.59,105.77,54.36,86.78,76.7,114.48,79.16,91.2,70.49,86.65,56.87,74.36,91.02,80.71,74.78,96.54,119.49,87.06,77.41,57.5,76.47,108.02,89.71,62.5,97.74,121.72,30.54,49.67,56.48,107.52,48.42,114.12,120.03,99.71,70.08,102.41,69.04,101.56,77.12,111.3,126.77,78.07,107.53,82.88,37.83,96.37,80.69,80.37,94.67,69.58,97.53,84.7,128.91,59.53,65.16,89.59,80.25,68.97,89.07,107.42,57.6,72.86,60.15,99.1,61.37,82.16,59.51,78.34,120.28,88.1,62.98,65.39,48.55,60.36,94.56,105.13,5.5,91.25,124.1,97.42,88.62,71.04,85.73,92.66,46.46,59.97,130.56,92.27,62.54,119.59,112.65,110.43,69.53,84.82,94.94,87.05,103.23,85.56,70.78,96.21,92.15,99.86,116.11,55.17,50.23,66.76,83.23,145.87,62.12,92.08,58.48,152.04,73.97,80.11,127.97,97.3,101.45,44.74,49.51,89.01,57.81,106.73,99.36,128.46,98.0,89.87,106.57,73.69,105.91,118.63,39.5,122.93,51.38,103.36,52.24,103.55,122.82,60.62,58.89,85.68,36.17,62.8,78.96,46.07,35.83,98.07,51.6,110.05,94.75,55.23,51.62,104.23,102.94,79.1,70.43,104.53,117.59,98.81,80.48,87.56,53.61,118.85,60.2,88.19,145.02,97.78,66.22,95.54,60.34,127.41,71.61,101.98,103.27,83.74,65.34,76.64,95.02,140.4,62.08,76.64,110.61,86.43,110.43,77.36,102.95,69.96,78.16,83.59,76.86,79.65,116.45,103.36,114.83,110.48,97.02,75.59,89.68,92.53,79.22,91.3,48.76,66.93,74.81,91.29,53.81,65.38,111.1,98.98,62.94,81.0,56.87,120.61,60.71,60.2,88.18,65.55,97.44,51.96,111.56,82.1,100.7,80.28,76.64,77.39,97.21,94.5,79.37,84.75,90.65,91.84,76.56,22.33,73.74,86.22,73.26,87.21,74.75,97.72,94.34,68.78,78.9,85.9,74.09,69.78,121.89,52.56,114.22,69.33,92.01,46.41,29.99,113.03,99.31,54.98,84.57,35.2,119.64,96.82,67.46,71.83,102.12,106.35,24.06,55.94,93.25,84.09,83.7,110.25,111.13,67.27,43.93,131.34,85.17,52.08,70.91,102.3,51.83,74.55,104.09,60.67,74.19,78.33,116.73,98.52,38.31,81.87,59.39,56.63,93.27,90.84,58.83,100.56,80.5,58.23,86.16,69.3,116.34,76.93,79.26,67.93,58.08,29.43,87.14,50.7,64.12,88.8,94.64,65.3,81.59,52.98,50.4,76.11,89.13,31.52,73.56,31.69,98.13,66.61,30.84,110.94,70.14,74.52,102.62,70.68,92.91,42.35,102.17,140.87,73.41,69.37,93.93,35.11,99.71,62.81,63.89,91.64,68.41,105.7,72.51,71.28,69.24,53.77,24.41,85.58,82.98,56.85,84.89,80.24,111.71,68.8,80.32,95.82,120.67,91.85,91.91,64.03,115.45,73.7,57.11,124.68,106.29,51.27,92.43,62.8,62.93,67.0,105.37,80.38,83.48,114.35,83.04,54.69,63.81,118.71,13.56,92.74,55.46,87.83,22.42,72.63,86.93,66.12,103.89,68.55,110.35,90.42,100.21,75.88,61.79,105.6,87.78,100.22,83.01,96.04,66.32,72.23,81.05,76.66,38.68,65.71,130.84,84.79,74.12,92.7,66.76,101.06,94.77,77.67,63.26,63.66,79.14,98.81,106.85,129.44,53.92,42.63,101.7,81.13,60.78,91.16,67.1,77.95,98.17,73.83,57.66,95.17,50.71,71.79,98.58,68.49,97.9,98.62,62.09,111.51,37.79,53.87,74.07,63.35,112.76,71.92,130.99,97.63,54.25,116.97,107.22,77.51,40.41,94.13,,,,,,,0.8
,,,,,,,,,,,,,,,,,,,,,,93.75,123.69,76.79,69.02,93.06,125.23,67.3,69.3,59.86,113.77,111.28,94.97,61.29,79.12,67.09,115.04,99.43,70.97,76.6,64.56,92.29,100.96,95.78,48.0,69.97,93.01,112.4,114.01,87.66,109.04,105.67,93.99,120.77,59.59,119.13,125.97,63.78,77.57,91.35,81.75,86.58,76.38,50.86,95.11,47.6,128.29,105.07,85.26,98.87,93.82,102.16,104.56,103.08,104.91,60.54,105.62,83.02,130.58,88.76,108.48,94.41,114.02,55.35,80.74,98.86,95.33,89.4,77.75,112.05,103.43,81.81,57.14,87.98,123.88,100.46,64.89,104.21,126.44,19.05,75.79,67.28,123.9,64.78,119.01,108.17,106.96,72.33,113.2,96.56,112.75,81.52,124.46,121.07,85.23,114.48,91.53,68.08,105.84,83.91,90.11,99.75,81.77,95.77,96.46,122.76,59.96,77.2,85.75,94.44,78.01,88.52,128.63,61.92,89.12,77.22,116.01,59.9,92.31,64.21,81.54,123.84,107.37,54.32,79.65,57.65,80.52,95.25,124.2,26.43,92.2,144.03,102.92,93.68,78.75,112.32,104.08,58.15,78.06,136.04,109.77,75.01,116.59,127.07,119.18,70.55,96.48,92.73,96.17,105.62,97.35,84.98,108.88,108.38,93.14,112.62,66.71,74.99,89.86,99.2,150.57,60.55,95.89,69.96,176.34,77.94,89.23,153.57,95.07,105.28,70.31,84.66,85.67,70.27,109.67,110.17,133.81,101.84,91.14,118.42,79.27,113.69,121.52,40.24,140.81,61.09,110.4,61.04,117.31,122.58,76.51,62.09,84.03,77.7,77.14,99.32,51.85,40.89,108.12,64.06,115.34,101.58,69.57,61.63,113.67,108.69,83.97,79.95,122.49,118.43,114.5,94.23,82.38,69.42,121.98,66.69,86.39,156.38,90.01,69.72,105.88,66.36,125.35,69.55,87.98,107.08,93.71,69.17,77.67,100.72,133.78,69.34,94.58,101.16,100.09,120.48,85.59,111.17,66.42,79.15,86.27,87.1,93.85,120.15,106.02,120.5,109.02,103.07,83.46,86.87,83.75,82.62,83.64,69.47,68.7,101.02,100.02,77.21,80.88,131.28,106.46,70.86,86.12,74.49,110.76,74.67,62.17,109.58,95.78,112.85,68.86,105.89,92.62,96.74,96.06,103.66,81.37,110.27,106.64,76.23,72.39,123.75,101.41,94.63,32.15,76.28,85.39,82.71,97.92,88.56,94.35,98.33,80.54,89.6,99.43,92.94,67.13,136.69,52.15,114.92,80.3,92.81,61.47,40.48,115.27,104.13,65.86,88.71,62.4,118.3,111.24,97.38,87.77,100.99,99.2,37.95,61.92,112.58,76.8,90.59,120.08,103.0,79.97,58.06,132.26,96.51,58.36,93.0,112.66,67.52,76.89,113.09,105.93,66.9,83.49,126.67,99.55,54.51,99.3,78.24,64.51,109.69,106.72,64.38,101.12,86.18,78.07,104.6,80.97,130.06,89.04,104.9,92.78,64.12,43.98,93.3,52.14,86.41,100.09,87.95,74.34,94.26,74.55,74.24,89.39,95.1,48.85,76.91,39.96,104.02,83.95,28.45,131.62,85.62,86.68,100.57,72.49,91.49,61.17,108.17,136.43,70.33,63.3,90.74,44.14,95.44,81.3,82.79,92.87,56.04,108.15,82.43,84.49,72.13,64.63,31.02,114.38,96.89,66.92,106.99,90.92,119.6,92.16,76.09,109.74,112.95,105.57,106.82,83.77,116.27,78.57,84.91,132.72,94.39,66.98,114.86,81.01,78.69,75.96,111.82,114.06,97.09,121.75,94.03,71.39,84.52,129.42,20.56,99.43,69.27,110.91,32.03,96.24,84.98,70.91,111.76,83.97,110.71,96.22,106.53,95.03,69.1,113.74,95.63,94.9,97.18,92.58,72.75,89.46,84.88,66.38,52.56,66.61,116.97,89.86,85.22,112.63,97.87,109.1,106.08,80.19,72.06,90.93,73.75,118.75,98.78,143.0,66.82,56.27,98.75,93.23,59.06,90.13,80.51,90.72,115.11,79.59,47.06,116.89,73.96,80.11,99.08,89.43,115.59,99.52,81.08,110.12,30.57,73.76,89.05,59.63,113.03,89.85,134.08,104.1,65.65,116.64,119.19,96.01,49.86,108.86,,,,,,,0.74
,,,,,,,,,,,,,,,,,,,,,,95.68,120.25,86.37,91.46,117.86,123.86,74.44,74.65,57.65,112.34,109.58,88.66,70.43,63.18,71.0,108.84,108.12,59.53,76.13,88.87,78.6,101.72,83.08,45.74,84.76,81.04,111.33,112.78,101.41,108.77,113.64,88.21,117.28,69.03,109.78,123.89,69.62,94.92,77.95,78.39,83.82,87.74,66.13,96.82,56.02,114.57,100.22,74.98,97.1,99.29,103.5,98.03,99.34,115.77,76.37,118.62,97.06,124.33,100.89,113.84,87.53,113.82,76.74,79.28,89.59,92.23,94.63,77.3,111.47,110.26,81.69,65.61,91.99,109.89,99.48,66.34,90.45,118.96,24.53,89.79,60.56,118.58,95.2,127.59,90.88,101.63,83.07,123.39,103.44,103.62,78.3,128.49,120.56,86.1,109.24,95.11,70.22,102.2,87.55,91.57,106.93,100.36,96.95,103.25,113.75,57.62,93.77,72.67,97.97,73.59,87.79,126.58,54.26,92.39,86.07,108.51,67.56,80.03,76.78,70.83,120.15,90.78,56.56,79.54,69.73,71.94,98.39,117.22,32.27,90.8,129.74,98.18,87.43,83.94,121.28,108.22,64.12,95.77,126.89,105.04,73.07,105.35,135.17,118.63,63.6,100.9,104.17,87.21,97.39,84.17,90.8,100.79,109.61,77.62,108.21,62.08,78.37,90.21,97.51,139.3,62.33,92.98,61.67,165.95,74.65,75.9,137.15,93.94,102.72,74.71,101.0,97.39,76.77,111.6,115.2,114.85,99.42,97.69,117.86,73.09,103.86,105.16,41.59,143.66,61.76,100.12,62.67,124.16,114.54,90.4,46.83,93.84,75.02,79.93,97.33,59.07,44.18,85.42,62.98,102.6,92.89,65.74,74.81,112.65,99.83,76.33,85.53,123.38,105.32,92.37,118.13,86.97,71.84,124.53,59.34,95.64,144.08,113.76,72.04,101.34,73.5,110.94,73.54,78.13,102.38,92.06,75.9,89.61,93.34,130.36,66.59,94.53,106.27,98.74,115.0,100.48,110.79,64.27,64.04,91.36,97.86,99.54,113.28,101.71,107.87,118.13,91.06,82.0,77.0,87.38,90.51,93.82,64.0,72.76,103.93,91.99,76.68,73.82,136.56,104.28,66.44,81.1,78.59,101.65,72.88,64.29,112.03,82.48,113.26,74.51,100.06,92.82,96.81,96.71,109.69,88.94,95.65,103.52,80.27,66.81,138.23,94.11,84.44,44.72,74.44,86.71,94.61,99.75,78.55,91.32,103.37,82.59,94.65,97.28,92.04,70.59,124.66,59.3,107.04,80.09,92.52,68.76,52.69,114.56,100.08,79.7,92.14,59.16,107.21,121.35,104.9,91.82,100.57,90.87,44.0,80.73,115.17,74.41,79.41,113.54,104.53,76.41,79.4,115.98,97.4,64.09,83.25,106.32,73.69,76.78,99.38,112.36,76.83,81.9,120.95,89.79,59.29,92.84,80.87,59.44,107.83,107.03,82.15,94.96,83.64,88.08,99.82,87.23,118.88,102.57,112.21,84.41,76.95,56.41,112.19,55.62,91.78,100.21,103.95,77.73,99.73,79.14,77.06,84.81,85.19,72.92,77.38,51.11,101.47,70.74,67.21,124.63,75.51,78.48,103.21,87.28,106.63,51.59,95.81,129.09,69.89,65.8,71.19,45.96,96.64,81.56,83.02,100.46,51.87,104.79,73.24,92.49,53.9,61.66,29.39,112.93,113.28,73.72,110.59,88.21,126.52,106.68,63.66,106.49,105.47,98.98,105.02,90.51,102.54,85.16,81.63,116.22,75.88,66.52,124.24,86.21,93.62,78.37,94.92,123.97,95.56,116.85,96.52,62.29,90.71,126.38,32.83,93.43,71.29,102.23,48.98,108.63,90.83,82.89,114.22,93.12,108.73,91.43,104.36,93.33,55.1,105.59,87.65,87.07,94.02,88.74,72.98,94.82,75.63,57.53,50.77,74.96,87.46,93.83,92.85,111.36,106.75,104.15,100.03,76.54,81.66,97.05,63.21,107.52,96.47,120.63,76.82,62.65,83.92,82.09,55.39,94.37,84.0,95.58,120.6,82.14,44.36,112.13,58.91,87.9,98.05,89.28,113.34,99.23,98.27,113.57,40.18,75.72,93.66,67.39,105.31,104.59,129.7,83.54,79.3,107.94,123.95,97.71,58.36,116.52,,,,,,,0.76
,,,,,,,,,,,,,,,,,,,,,,83.88,110.06,77.37,79.33,95.22,97.21,61.62,67.71,46.22,83.92,89.62,79.12,64.7,50.4,73.11,84.99,89.41,52.02,68.94,80.54,64.07,83.51,65.78,35.44,65.92,76.76,96.98,82.37,63.47,89.26,98.68,56.85,99.51,43.81,93.98,89.72,64.76,70.01,45.76,63.62,91.7,82.43,68.75,79.85,52.19,86.73,79.7,64.33,80.71,94.9,77.34,78.55,95.62,96.12,62.92,90.68,74.14,105.04,76.61,94.1,80.01,86.25,76.06,73.54,78.73,68.65,78.81,61.89,97.61,80.96,79.23,56.44,68.9,81.32,89.15,50.26,76.72,100.56,33.98,75.53,47.02,85.46,92.82,106.88,68.92,80.9,76.33,103.08,80.19,83.27,75.46,118.68,87.87,73.3,69.08,89.28,65.36,87.68,73.98,84.44,72.75,90.05,71.82,90.14,80.76,47.15,74.09,56.2,79.68,60.98,67.68,99.51,51.41,76.33,70.81,93.19,63.06,60.13,78.06,67.47,106.31,70.21,60.71,69.65,46.69,53.43,76.68,91.64,35.58,69.47,95.81,80.65,76.24,68.17,94.21,93.41,43.76,83.02,91.76,78.72,58.41,86.44,107.17,104.13,49.94,94.22,86.29,69.93,87.81,68.28,77.33,84.32,88.12,70.12,94.51,46.92,67.78,70.49,87.67,108.8,57.29,65.47,54.91,128.98,61.6,64.87,107.26,84.27,85.48,59.7,81.57,90.2,67.4,89.39,93.21,77.38,72.36,90.75,102.86,82.3,80.31,75.23,43.29,107.9,46.49,92.15,67.79,95.77,87.65,87.8,35.38,79.53,63.78,81.07,88.01,51.4,37.65,66.64,60.71,79.01,72.73,62.39,63.97,106.36,78.54,58.11,66.76,89.82,96.1,66.2,99.36,75.91,63.3,97.85,48.81,73.35,97.08,106.79,67.57,81.02,76.33,81.58,60.98,70.08,79.52,72.69,68.78,71.77,82.27,93.04,60.37,71.61,77.53,68.04,102.05,80.83,83.57,57.43,54.92,75.69,87.3,86.9,68.41,78.87,94.97,86.4,81.21,74.73,63.2,74.12,70.52,70.12,56.12,68.93,100.44,65.52,67.52,68.66,99.82,82.26,63.7,55.02,64.89,87.81,68.78,58.65,100.83,71.33,70.39,52.44,66.42,84.51,71.62,89.08,97.34,78.21,79.08,85.37,67.31,54.06,114.62,87.1,63.13,39.2,54.0,69.43,69.73,79.02,67.16,86.21,93.71,68.58,72.12,81.02,79.34,51.86,105.21,58.9,72.1,76.64,66.74,59.64,44.69,87.56,83.06,68.16,70.06,49.1,91.73,97.66,92.67,71.36,86.75,73.18,41.26,72.45,105.29,51.52,63.7,73.51,94.07,63.82,72.26,73.14,81.72,42.09,63.3,78.8,76.09,70.23,74.9,82.0,61.73,79.61,98.08,76.13,65.45,67.32,74.64,71.21,97.96,85.01,80.81,74.73,73.99,71.45,78.04,89.38,82.28,90.2,98.91,73.82,67.0,62.95,97.52,53.72,87.68,90.01,81.43,59.69,81.8,74.58,66.81,63.97,65.7,62.34,66.04,55.95,83.59,65.6,72.37,101.78,60.38,55.33,70.65,72.62,96.61,60.25,71.1,100.14,62.84,56.93,52.88,41.34,82.48,80.09,71.08,84.58,48.76,80.97,60.23,75.28,47.36,43.03,33.01,86.91,94.95,76.52,83.23,73.7,105.59,84.25,62.1,92.18,71.74,87.3,87.12,92.32,82.96,60.59,68.48,81.76,53.38,64.18,87.89,77.21,99.98,57.35,78.51,102.23,71.49,99.99,85.24,51.24,84.72,101.03,33.75,70.87,52.3,93.81,54.93,89.24,85.26,81.45,95.5,77.39,91.91,79.67,78.24,82.75,68.17,88.46,64.88,66.81,77.75,84.78,68.0,81.43,52.22,56.08,37.26,45.81,56.46,75.6,78.77,88.41,86.33,84.52,84.42,46.43,76.37,81.13,58.27,85.55,78.93,82.23,59.93,59.78,68.17,66.0,52.11,83.78,90.92,81.68,103.26,58.67,42.55,93.47,48.85,72.06,83.03,72.3,94.93,85.19,85.09,90.78,49.04,59.4,63.14,70.22,93.6,79.23,103.08,63.79,49.88,65.29,107.09,79.77,47.41,91.39,,,,,,,0.9
,,,,,,,,,,,,,,,,,,,,,,46.48,64.24,50.91,44.76,53.32,52.71,22.81,43.13,26.38,42.89,57.43,48.08,34.84,26.73,45.74,50.96,50.27,26.17,43.63,44.03,37.54,52.18,37.42,28.11,51.82,45.19,65.34,48.53,34.45,59.76,57.16,40.37,56.27,21.8,57.82,56.93,40.38,40.45,30.47,32.98,51.31,48.02,46.66,52.98,34.78,47.62,45.96,42.28,45.22,45.54,45.51,46.1,56.76,45.06,26.69,52.29,43.35,61.29,47.88,55.76,48.72,49.36,49.22,44.08,48.35,40.08,48.28,42.42,64.02,47.96,40.28,30.41,41.79,43.8,50.71,32.95,49.31,60.75,33.04,42.92,28.79,51.4,56.48,69.59,42.92,49.35,41.33,55.98,47.58,48.67,43.29,69.33,49.18,51.06,35.22,50.37,46.24,53.23,44.37,47.62,36.23,50.61,48.64,56.03,50.26,26.41,42.14,36.2,46.93,37.47,34.8,55.83,32.39,34.79,34.91,52.78,38.86,23.16,55.8,43.15,56.58,48.35,39.19,51.97,28.6,34.23,43.72,64.23,25.06,43.74,57.65,45.44,51.47,42.93,55.66,60.45,21.45,50.54,54.15,52.01,34.09,54.28,60.27,64.58,32.2,58.76,57.99,35.89,45.85,34.74,44.47,51.31,62.09,42.74,51.58,31.65,41.25,44.41,52.57,67.19,41.54,39.97,31.28,75.12,38.35,35.2,59.74,38.96,58.83,41.91,49.06,54.19,42.99,45.59,50.4,43.07,44.87,53.66,65.19,46.01,52.22,42.41,25.59,62.32,35.61,55.09,49.67,63.28,41.41,48.23,34.77,39.07,27.59,48.48,52.69,31.26,29.71,36.49,29.44,44.09,41.84,38.17,32.61,65.77,44.25,35.59,45.75,55.82,62.44,40.14,56.88,42.92,38.05,56.62,33.09,41.98,60.53,65.72,39.14,49.52,45.07,46.12,39.1,44.91,41.64,46.9,51.42,40.25,40.67,50.9,39.79,43.38,42.11,45.55,56.06,51.14,45.0,34.67,33.33,45.86,43.93,53.69,40.36,50.93,51.84,54.64,41.99,46.54,28.5,45.79,37.16,47.57,38.04,41.05,58.74,44.7,45.25,48.13,53.41,54.12,43.71,28.41,39.42,53.01,37.5,38.65,59.98,44.01,41.34,33.48,37.49,43.86,48.29,50.79,52.65,38.63,50.03,50.93,36.36,34.52,67.96,47.86,40.25,24.74,25.85,44.68,49.72,55.65,33.65,50.94,54.6,36.64,46.63,42.66,43.66,35.01,64.81,30.96,31.93,56.16,42.82,42.51,32.99,53.75,50.31,49.6,38.09,33.34,58.56,50.39,51.87,44.46,50.44,44.2,36.92,43.39,66.78,32.78,39.12,44.39,51.92,39.12,46.24,42.73,45.97,36.95,39.05,51.23,45.51,34.14,45.04,41.77,44.31,56.16,55.22,47.88,35.8,48.36,38.83,52.27,62.96,40.92,40.7,45.21,46.14,43.15,51.71,47.36,46.85,47.39,55.21,45.61,48.48,38.91,59.2,40.8,54.14,51.93,45.04,29.14,48.62,43.15,34.28,41.04,41.33,38.31,37.41,38.03,51.8,41.36,39.0,58.92,27.44,46.02,44.72,40.84,50.85,31.09,47.06,47.1,37.99,36.85,30.89,24.22,47.68,55.49,42.2,48.37,29.54,53.34,30.6,46.31,34.45,28.58,25.59,47.31,51.15,44.08,52.24,43.18,66.71,53.36,36.77,54.46,41.83,53.7,52.09,55.65,45.32,45.42,30.98,47.57,33.29,41.64,47.18,43.05,59.27,35.54,42.27,56.3,43.16,66.95,52.03,34.2,46.14,60.1,25.16,45.61,34.13,52.1,32.68,60.94,52.31,47.78,52.87,42.7,57.52,50.58,46.37,52.19,46.37,54.09,37.17,39.32,43.38,59.91,46.04,45.78,36.08,42.41,31.96,31.18,31.23,51.33,36.27,52.91,55.55,55.24,53.21,27.08,45.85,46.26,39.74,52.92,45.55,37.99,36.7,35.99,37.23,37.47,34.02,44.61,52.33,47.31,57.96,31.61,35.86,52.71,22.81,50.57,53.85,39.68,56.48,55.57,52.25,54.49,35.38,39.58,31.67,42.29,58.52,54.04,49.94,40.19,24.44,32.17,67.42,49.64,25.34,54.22,,,,,,,1.02
,,,,,,,,,,,,,,,,,,,,,,14.76,20.06,18.19,15.51,19.07,17.96,7.85,17.97,9.13,14.49,19.87,16.03,11.84,9.69,12.5,13.84,16.86,11.44,14.07,13.35,11.59,15.88,14.55,10.25,17.58,15.95,21.16,13.23,12.86,20.77,16.95,14.29,18.29,9.66,17.3,20.33,15.47,14.06,12.92,12.0,12.16,17.27,17.03,17.35,13.62,14.95,17.68,15.39,17.37,14.2,16.08,15.15,20.46,14.6,8.91,16.27,12.63,17.81,18.8,20.99,16.27,14.54,17.41,15.07,12.42,12.94,16.94,17.14,19.99,15.92,14.31,12.0,11.5,13.69,17.1,10.42,17.71,19.75,12.31,16.32,8.66,16.73,19.44,21.17,15.05,13.2,17.58,18.61,15.04,15.87,13.68,18.54,17.69,14.86,12.01,15.16,13.7,17.13,13.92,17.23,12.81,16.25,15.81,15.96,17.01,9.92,14.58,15.55,11.09,12.35,10.78,17.42,11.36,11.57,11.62,20.0,13.88,8.55,19.63,11.19,19.9,14.92,12.83,19.19,9.13,11.11,16.48,20.1,8.74,15.03,18.38,15.96,16.08,15.28,20.28,19.98,10.17,15.09,18.98,13.03,12.85,20.71,19.14,19.12,11.21,19.21,19.4,11.52,15.36,9.21,14.92,19.35,20.77,15.33,16.81,11.01,14.37,14.82,15.59,22.62,13.6,13.04,12.89,23.68,16.13,12.6,21.14,12.41,19.13,13.4,19.06,19.7,15.2,15.69,16.55,14.12,13.72,17.44,20.09,14.47,17.89,13.87,9.56,19.05,12.57,18.37,15.33,21.0,11.54,17.15,12.57,13.45,11.87,18.38,18.01,9.89,10.6,14.94,9.43,14.93,15.21,12.89,11.7,22.38,14.9,12.45,14.72,23.14,19.96,14.21,18.76,14.13,12.25,17.22,12.65,13.2,19.62,20.18,12.98,12.6,13.57,13.64,16.85,11.21,12.62,14.6,18.75,9.12,13.7,16.81,13.48,14.29,12.24,14.39,18.59,18.01,13.05,10.72,11.74,14.56,12.35,15.96,13.77,16.73,15.07,19.62,13.85,17.0,9.15,15.04,11.62,16.51,13.2,13.07,14.08,13.42,14.21,15.15,15.09,18.17,13.85,11.1,11.42,17.01,14.1,13.89,18.14,15.34,15.82,13.39,13.74,15.35,16.7,15.72,16.05,10.45,18.74,16.1,11.53,14.88,17.93,13.32,12.65,5.72,9.79,13.86,16.4,18.1,10.72,14.95,16.03,10.85,16.96,13.81,15.42,12.0,22.49,8.45,11.34,19.08,16.48,13.41,12.02,14.94,17.15,16.12,14.35,9.9,19.82,16.35,15.44,17.56,18.45,14.69,11.94,12.32,22.35,11.42,12.92,11.98,17.03,11.68,13.6,14.64,15.81,17.14,13.12,16.22,13.17,8.04,14.26,14.73,13.74,19.23,18.02,13.23,12.75,16.76,12.57,17.37,18.72,14.28,11.63,14.99,17.23,13.66,16.68,12.89,14.55,12.66,16.18,16.32,18.48,13.85,19.72,13.38,18.4,15.95,15.44,11.23,15.83,15.07,10.97,16.29,11.3,13.02,13.11,11.03,17.25,13.64,14.11,18.74,10.1,15.64,15.54,15.55,16.22,9.6,18.31,15.61,11.89,11.35,10.65,7.82,14.21,17.83,14.53,14.78,10.0,19.25,12.73,17.02,11.85,13.31,11.43,14.99,16.95,16.23,18.06,15.27,21.15,18.96,11.63,17.09,14.93,20.19,18.22,17.77,13.52,17.59,10.38,16.78,13.73,15.0,17.04,14.67,18.57,12.65,14.78,17.19,13.68,21.11,15.14,14.61,12.43,17.89,8.65,15.36,11.6,15.82,13.65,20.73,14.78,14.85,16.07,14.3,18.11,16.91,14.15,16.39,16.97,15.95,13.97,11.96,15.36,22.66,14.21,13.91,12.71,17.4,12.9,14.19,13.71,15.89,12.67,15.42,19.39,19.27,16.28,9.49,15.7,11.96,11.31,19.34,13.93,12.18,14.54,9.62,14.31,12.81,12.2,14.91,17.95,13.35,20.15,11.97,13.86,16.96,9.3,16.08,18.44,11.2,16.63,19.41,16.13,17.76,13.9,13.67,13.24,12.9,15.75,18.01,14.44,12.68,11.92,10.47,19.35,16.37,9.19,18.89,,,,,,,1.08
,,,,,,,,,,,,,,,,,,,,,,5.67,8.34,7.16,5.56,8.13,7.11,4.24,7.84,3.37,6.18,7.11,7.06,4.8,4.08,4.96,5.23,6.61,5.78,5.07,6.46,4.93,6.47,5.78,4.78,7.24,6.55,7.87,5.52,5.77,8.5,6.36,5.91,8.12,5.47,6.19,6.25,6.91,5.43,5.74,5.75,3.65,6.74,7.69,6.54,5.36,6.01,7.82,6.83,6.8,5.03,6.03,5.84,7.55,5.97,4.17,6.31,4.92,5.84,7.3,8.64,6.59,5.17,7.82,6.71,5.5,5.19,6.65,8.06,7.04,6.07,5.65,4.65,4.93,4.75,7.06,4.8,7.58,8.02,4.81,6.59,2.9,7.17,7.53,6.53,5.81,5.04,7.25,7.42,5.91,6.35,5.19,6.84,7.17,5.49,4.3,5.8,5.42,7.25,5.77,7.05,5.93,7.01,5.79,5.45,6.98,3.79,5.61,6.64,3.99,6.32,4.41,7.25,5.19,4.93,5.12,7.0,5.57,4.25,7.38,4.61,6.52,6.69,4.55,7.15,4.58,4.14,6.36,7.32,3.66,6.68,7.1,6.66,6.17,6.64,8.21,8.04,3.96,5.94,7.25,4.47,5.01,7.24,7.71,6.62,5.54,6.27,7.0,5.07,5.67,3.24,6.17,8.02,7.71,6.48,6.98,5.59,5.15,7.21,6.79,9.29,5.1,4.93,6.33,8.13,6.83,4.47,7.51,4.57,6.57,4.87,7.58,8.47,6.7,6.38,6.93,5.93,5.36,6.51,8.34,5.67,6.65,5.78,3.82,6.37,4.63,7.24,7.13,7.24,4.25,7.18,5.62,5.33,4.6,6.01,7.16,4.31,4.84,4.95,4.16,7.28,6.89,5.99,4.71,7.07,6.6,6.03,6.51,9.46,7.63,5.4,7.35,6.57,5.15,6.46,4.65,5.44,6.98,8.15,5.89,4.8,5.25,5.86,6.52,4.59,6.22,5.57,7.86,3.42,5.61,6.16,4.64,6.32,4.26,6.02,7.77,7.59,5.44,4.73,4.41,5.33,5.17,6.51,6.55,6.14,6.39,7.79,6.27,7.37,3.63,5.33,5.66,7.7,4.9,6.0,4.69,5.92,5.84,5.52,6.49,6.96,5.23,5.18,4.14,6.21,6.23,4.55,7.01,5.87,5.75,5.68,6.43,6.73,6.26,7.03,6.04,4.96,7.72,6.55,4.28,5.81,5.3,4.89,4.6,2.52,4.51,5.75,6.8,5.59,5.39,6.81,6.02,4.57,6.54,5.59,6.07,5.19,7.74,4.12,5.47,6.61,6.73,5.41,5.4,6.29,7.09,7.54,6.53,5.03,8.2,7.33,5.59,7.38,6.26,5.72,4.37,5.12,7.26,4.4,4.94,4.73,6.89,4.8,6.27,4.95,8.22,5.55,4.62,7.27,6.32,3.23,5.93,6.22,5.98,7.02,6.94,5.1,5.73,6.92,5.04,5.82,8.22,5.93,5.15,6.26,6.51,5.57,5.98,4.84,6.54,4.87,6.91,6.66,7.74,6.65,7.92,5.0,7.16,6.91,7.14,4.67,5.94,5.68,4.28,7.51,4.76,5.09,5.59,3.68,6.2,6.3,5.72,7.35,4.83,4.77,7.0,5.84,6.41,3.96,6.63,6.82,5.2,4.96,5.2,3.71,5.57,7.36,4.62,7.19,5.69,7.73,4.2,7.2,5.23,6.28,5.81,7.1,6.17,5.79,7.35,6.63,8.37,7.33,4.76,5.83,5.84,8.12,7.25,6.6,6.03,6.73,3.76,6.6,5.6,6.6,7.19,5.36,7.73,5.13,5.8,6.31,5.71,8.36,4.16,6.67,5.12,7.7,3.33,6.56,4.01,6.61,6.51,7.66,6.76,5.62,6.1,5.7,6.92,6.49,6.85,6.79,7.22,5.36,4.4,5.1,6.67,8.76,6.96,3.89,6.21,6.82,4.93,7.17,5.93,6.09,6.24,6.43,8.48,7.85,5.25,4.88,6.95,4.74,4.86,6.78,5.2,5.37,5.62,4.12,5.82,5.23,5.36,5.39,7.46,5.19,7.32,5.31,5.26,6.65,2.92,6.4,6.85,4.51,5.83,8.81,6.77,6.38,5.99,5.62,6.73,4.63,6.16,6.49,4.96,5.98,5.39,4.05,7.8,6.43,3.98,6.94,,,,,,,1.18
,,,,,,,,,,,,,,,,,,,,,,0.0,0.0,0.0,0.0,0.0,0.0,0.0,0.0,0.0,0.0,0.0,0.0,0.0,0.0,0.0,0.0,0.0,0.0,0.0,0.0,0.0,0.0,0.0,0.0,0.0,0.0,0.0,0.0,0.0,0.0,0.0,0.0,0.0,0.0,0.0,0.0,0.0,0.0,0.0,0.0,0.0,0.0,0.0,0.0,0.0,0.0,0.0,0.0,0.0,0.0,0.0,0.0,0.0,0.0,0.0,0.0,0.0,0.0,0.0,0.0,0.0,0.0,0.0,0.0,0.0,0.0,0.0,0.0,0.0,0.0,0.0,0.0,0.0,0.0,0.0,0.0,0.0,0.0,0.0,0.0,0.0,0.0,0.0,0.0,0.0,0.0,0.0,0.0,0.0,0.0,0.0,0.0,0.0,0.0,0.0,0.0,0.0,0.0,0.0,0.0,0.0,0.0,0.0,0.0,0.0,0.0,0.0,0.0,0.0,0.0,0.0,0.0,0.0,0.0,0.0,0.0,0.0,0.0,0.0,0.0,0.0,0.0,0.0,0.0,0.0,0.0,0.0,0.0,0.0,0.0,0.0,0.0,0.0,0.0,0.0,0.0,0.0,0.0,0.0,0.0,0.0,0.0,0.0,0.0,0.0,0.0,0.0,0.0,0.0,0.0,0.0,0.0,0.0,0.0,0.0,0.0,0.0,0.0,0.0,0.0,0.0,0.0,0.0,0.0,0.0,0.0,0.0,0.0,0.0,0.0,0.0,0.0,0.0,0.0,0.0,0.0,0.0,0.0,0.0,0.0,0.0,0.0,0.0,0.0,0.0,0.0,0.0,0.0,0.0,0.0,0.0,0.0,0.0,0.0,0.0,0.0,0.0,0.0,0.0,0.0,0.0,0.0,0.0,0.0,0.0,0.0,0.0,0.0,0.0,0.0,0.0,0.0,0.0,0.0,0.0,0.0,0.0,0.0,0.0,0.0,0.0,0.0,0.0,0.0,0.0,0.0,0.0,0.0,0.0,0.0,0.0,0.0,0.0,0.0,0.0,0.0,0.0,0.0,0.0,0.0,0.0,0.0,0.0,0.0,0.0,0.0,0.0,0.0,0.0,0.0,0.0,0.0,0.0,0.0,0.0,0.0,0.0,0.0,0.0,0.0,0.0,0.0,0.0,0.0,0.0,0.0,0.0,0.0,0.0,0.0,0.0,0.0,0.0,0.0,0.0,0.0,0.0,0.0,0.0,0.0,0.0,0.0,0.0,0.0,0.0,0.0,0.0,0.0,0.0,0.0,0.0,0.0,0.0,0.0,0.0,0.0,0.0,0.0,0.0,0.0,0.0,0.0,0.0,0.0,0.0,0.0,0.0,0.0,0.0,0.0,0.0,0.0,0.0,0.0,0.0,0.0,0.0,0.0,0.0,0.0,0.0,0.0,0.0,0.0,0.0,0.0,0.0,0.0,0.0,0.0,0.0,0.0,0.0,0.0,0.0,0.0,0.0,0.0,0.0,0.0,0.0,0.0,0.0,0.0,0.0,0.0,0.0,0.0,0.0,0.0,0.0,0.0,0.0,0.0,0.0,0.0,0.0,0.0,0.0,0.0,0.0,0.0,0.0,0.0,0.0,0.0,0.0,0.0,0.0,0.0,0.0,0.0,0.0,0.0,0.0,0.0,0.0,0.0,0.0,0.0,0.0,0.0,0.0,0.0,0.0,0.0,0.0,0.0,0.0,0.0,0.0,0.0,0.0,0.0,0.0,0.0,0.0,0.0,0.0,0.0,0.0,0.0,0.0,0.0,0.0,0.0,0.0,0.0,0.0,0.0,0.0,0.0,0.0,0.0,0.0,0.0,0.0,0.0,0.0,0.0,0.0,0.0,0.0,0.0,0.0,0.0,0.0,0.0,0.0,0.0,0.0,0.0,0.0,0.0,0.0,0.0,0.0,0.0,0.0,0.0,0.0,0.0,0.0,0.0,0.0,0.0,0.0,0.0,0.0,0.0,0.0,0.0,0.0,0.0,0.0,0.0,0.0,0.0,0.0,0.0,0.0,0.0,0.0,0.0,0.0,0.0,0.0,0.0,0.0,0.0,0.0,0.0,0.0,0.0,0.0,0.0,0.0,0.0,0.0,0.0,0.0,0.0,0.0,0.0,0.0,0.0,0.0,0.0,0.0,0.0,0.0,0.0,0.0,0.0,0.0,0.0,0.0,0.0,0.0,0.0,,,,,,,1.28
,,,,,,,,,,,,,,,,,,,,,,0.0,0.0,0.0,0.0,0.0,0.0,0.0,0.0,0.0,0.0,0.0,0.0,0.0,0.0,0.0,0.0,0.0,0.0,0.0,0.0,0.0,0.0,0.0,0.0,0.0,0.0,0.0,0.0,0.0,0.0,0.0,0.0,0.0,0.0,0.0,0.0,0.0,0.0,0.0,0.0,0.0,0.0,0.0,0.0,0.0,0.0,0.0,0.0,0.0,0.0,0.0,0.0,0.0,0.0,0.0,0.0,0.0,0.0,0.0,0.0,0.0,0.0,0.0,0.0,0.0,0.0,0.0,0.0,0.0,0.0,0.0,0.0,0.0,0.0,0.0,0.0,0.0,0.0,0.0,0.0,0.0,0.0,0.0,0.0,0.0,0.0,0.0,0.0,0.0,0.0,0.0,0.0,0.0,0.0,0.0,0.0,0.0,0.0,0.0,0.0,0.0,0.0,0.0,0.0,0.0,0.0,0.0,0.0,0.0,0.0,0.0,0.0,0.0,0.0,0.0,0.0,0.0,0.0,0.0,0.0,0.0,0.0,0.0,0.0,0.0,0.0,0.0,0.0,0.0,0.0,0.0,0.0,0.0,0.0,0.0,0.0,0.0,0.0,0.0,0.0,0.0,0.0,0.0,0.0,0.0,0.0,0.0,0.0,0.0,0.0,0.0,0.0,0.0,0.0,0.0,0.0,0.0,0.0,0.0,0.0,0.0,0.0,0.0,0.0,0.0,0.0,0.0,0.0,0.0,0.0,0.0,0.0,0.0,0.0,0.0,0.0,0.0,0.0,0.0,0.0,0.0,0.0,0.0,0.0,0.0,0.0,0.0,0.0,0.0,0.0,0.0,0.0,0.0,0.0,0.0,0.0,0.0,0.0,0.0,0.0,0.0,0.0,0.0,0.0,0.0,0.0,0.0,0.0,0.0,0.0,0.0,0.0,0.0,0.0,0.0,0.0,0.0,0.0,0.0,0.0,0.0,0.0,0.0,0.0,0.0,0.0,0.0,0.0,0.0,0.0,0.0,0.0,0.0,0.0,0.0,0.0,0.0,0.0,0.0,0.0,0.0,0.0,0.0,0.0,0.0,0.0,0.0,0.0,0.0,0.0,0.0,0.0,0.0,0.0,0.0,0.0,0.0,0.0,0.0,0.0,0.0,0.0,0.0,0.0,0.0,0.0,0.0,0.0,0.0,0.0,0.0,0.0,0.0,0.0,0.0,0.0,0.0,0.0,0.0,0.0,0.0,0.0,0.0,0.0,0.0,0.0,0.0,0.0,0.0,0.0,0.0,0.0,0.0,0.0,0.0,0.0,0.0,0.0,0.0,0.0,0.0,0.0,0.0,0.0,0.0,0.0,0.0,0.0,0.0,0.0,0.0,0.0,0.0,0.0,0.0,0.0,0.0,0.0,0.0,0.0,0.0,0.0,0.0,0.0,0.0,0.0,0.0,0.0,0.0,0.0,0.0,0.0,0.0,0.0,0.0,0.0,0.0,0.0,0.0,0.0,0.0,0.0,0.0,0.0,0.0,0.0,0.0,0.0,0.0,0.0,0.0,0.0,0.0,0.0,0.0,0.0,0.0,0.0,0.0,0.0,0.0,0.0,0.0,0.0,0.0,0.0,0.0,0.0,0.0,0.0,0.0,0.0,0.0,0.0,0.0,0.0,0.0,0.0,0.0,0.0,0.0,0.0,0.0,0.0,0.0,0.0,0.0,0.0,0.0,0.0,0.0,0.0,0.0,0.0,0.0,0.0,0.0,0.0,0.0,0.0,0.0,0.0,0.0,0.0,0.0,0.0,0.0,0.0,0.0,0.0,0.0,0.0,0.0,0.0,0.0,0.0,0.0,0.0,0.0,0.0,0.0,0.0,0.0,0.0,0.0,0.0,0.0,0.0,0.0,0.0,0.0,0.0,0.0,0.0,0.0,0.0,0.0,0.0,0.0,0.0,0.0,0.0,0.0,0.0,0.0,0.0,0.0,0.0,0.0,0.0,0.0,0.0,0.0,0.0,0.0,0.0,0.0,0.0,0.0,0.0,0.0,0.0,0.0,0.0,0.0,0.0,0.0,0.0,0.0,0.0,0.0,0.0,0.0,0.0,0.0,0.0,0.0,0.0,0.0,0.0,0.0,0.0,0.0,0.0,0.0,0.0,0.0,0.0,0.0,0.0,0.0,0.0,0.0,0.0,0.0,0.0,0.0,0.0,0.0,0.0,,,,,,,1.26
,,,,,,,,,,,,,,,,,,,,,,0.0,0.0,0.0,0.0,0.0,0.0,0.0,0.0,0.0,0.0,0.0,0.0,0.0,0.0,0.0,0.0,0.0,0.0,0.0,0.0,0.0,0.0,0.0,0.0,0.0,0.0,0.0,0.0,0.0,0.0,0.0,0.0,0.0,0.0,0.0,0.0,0.0,0.0,0.0,0.0,0.0,0.0,0.0,0.0,0.0,0.0,0.0,0.0,0.0,0.0,0.0,0.0,0.0,0.0,0.0,0.0,0.0,0.0,0.0,0.0,0.0,0.0,0.0,0.0,0.0,0.0,0.0,0.0,0.0,0.0,0.0,0.0,0.0,0.0,0.0,0.0,0.0,0.0,0.0,0.0,0.0,0.0,0.0,0.0,0.0,0.0,0.0,0.0,0.0,0.0,0.0,0.0,0.0,0.0,0.0,0.0,0.0,0.0,0.0,0.0,0.0,0.0,0.0,0.0,0.0,0.0,0.0,0.0,0.0,0.0,0.0,0.0,0.0,0.0,0.0,0.0,0.0,0.0,0.0,0.0,0.0,0.0,0.0,0.0,0.0,0.0,0.0,0.0,0.0,0.0,0.0,0.0,0.0,0.0,0.0,0.0,0.0,0.0,0.0,0.0,0.0,0.0,0.0,0.0,0.0,0.0,0.0,0.0,0.0,0.0,0.0,0.0,0.0,0.0,0.0,0.0,0.0,0.0,0.0,0.0,0.0,0.0,0.0,0.0,0.0,0.0,0.0,0.0,0.0,0.0,0.0,0.0,0.0,0.0,0.0,0.0,0.0,0.0,0.0,0.0,0.0,0.0,0.0,0.0,0.0,0.0,0.0,0.0,0.0,0.0,0.0,0.0,0.0,0.0,0.0,0.0,0.0,0.0,0.0,0.0,0.0,0.0,0.0,0.0,0.0,0.0,0.0,0.0,0.0,0.0,0.0,0.0,0.0,0.0,0.0,0.0,0.0,0.0,0.0,0.0,0.0,0.0,0.0,0.0,0.0,0.0,0.0,0.0,0.0,0.0,0.0,0.0,0.0,0.0,0.0,0.0,0.0,0.0,0.0,0.0,0.0,0.0,0.0,0.0,0.0,0.0,0.0,0.0,0.0,0.0,0.0,0.0,0.0,0.0,0.0,0.0,0.0,0.0,0.0,0.0,0.0,0.0,0.0,0.0,0.0,0.0,0.0,0.0,0.0,0.0,0.0,0.0,0.0,0.0,0.0,0.0,0.0,0.0,0.0,0.0,0.0,0.0,0.0,0.0,0.0,0.0,0.0,0.0,0.0,0.0,0.0,0.0,0.0,0.0,0.0,0.0,0.0,0.0,0.0,0.0,0.0,0.0,0.0,0.0,0.0,0.0,0.0,0.0,0.0,0.0,0.0,0.0,0.0,0.0,0.0,0.0,0.0,0.0,0.0,0.0,0.0,0.0,0.0,0.0,0.0,0.0,0.0,0.0,0.0,0.0,0.0,0.0,0.0,0.0,0.0,0.0,0.0,0.0,0.0,0.0,0.0,0.0,0.0,0.0,0.0,0.0,0.0,0.0,0.0,0.0,0.0,0.0,0.0,0.0,0.0,0.0,0.0,0.0,0.0,0.0,0.0,0.0,0.0,0.0,0.0,0.0,0.0,0.0,0.0,0.0,0.0,0.0,0.0,0.0,0.0,0.0,0.0,0.0,0.0,0.0,0.0,0.0,0.0,0.0,0.0,0.0,0.0,0.0,0.0,0.0,0.0,0.0,0.0,0.0,0.0,0.0,0.0,0.0,0.0,0.0,0.0,0.0,0.0,0.0,0.0,0.0,0.0,0.0,0.0,0.0,0.0,0.0,0.0,0.0,0.0,0.0,0.0,0.0,0.0,0.0,0.0,0.0,0.0,0.0,0.0,0.0,0.0,0.0,0.0,0.0,0.0,0.0,0.0,0.0,0.0,0.0,0.0,0.0,0.0,0.0,0.0,0.0,0.0,0.0,0.0,0.0,0.0,0.0,0.0,0.0,0.0,0.0,0.0,0.0,0.0,0.0,0.0,0.0,0.0,0.0,0.0,0.0,0.0,0.0,0.0,0.0,0.0,0.0,0.0,0.0,0.0,0.0,0.0,0.0,0.0,0.0,0.0,0.0,0.0,0.0,0.0,0.0,0.0,0.0,0.0,0.0,0.0,0.0,0.0,0.0,0.0,0.0,0.0,0.0,0.0,0.0,0.0,0.0,0.0,0.0,,,,,,,1.1
,,,,,,,,,,,,,,,,,,,,,,0.0,0.0,0.0,0.0,0.0,0.0,0.0,0.0,0.0,0.0,0.0,0.0,0.0,0.0,0.0,0.0,0.0,0.0,0.0,0.0,0.0,0.0,0.0,0.0,0.0,0.0,0.0,0.0,0.0,0.0,0.0,0.0,0.0,0.0,0.0,0.0,0.0,0.0,0.0,0.0,0.0,0.0,0.0,0.0,0.0,0.0,0.0,0.0,0.0,0.0,0.0,0.0,0.0,0.0,0.0,0.0,0.0,0.0,0.0,0.0,0.0,0.0,0.0,0.0,0.0,0.0,0.0,0.0,0.0,0.0,0.0,0.0,0.0,0.0,0.0,0.0,0.0,0.0,0.0,0.0,0.0,0.0,0.0,0.0,0.0,0.0,0.0,0.0,0.0,0.0,0.0,0.0,0.0,0.0,0.0,0.0,0.0,0.0,0.0,0.0,0.0,0.0,0.0,0.0,0.0,0.0,0.0,0.0,0.0,0.0,0.0,0.0,0.0,0.0,0.0,0.0,0.0,0.0,0.0,0.0,0.0,0.0,0.0,0.0,0.0,0.0,0.0,0.0,0.0,0.0,0.0,0.0,0.0,0.0,0.0,0.0,0.0,0.0,0.0,0.0,0.0,0.0,0.0,0.0,0.0,0.0,0.0,0.0,0.0,0.0,0.0,0.0,0.0,0.0,0.0,0.0,0.0,0.0,0.0,0.0,0.0,0.0,0.0,0.0,0.0,0.0,0.0,0.0,0.0,0.0,0.0,0.0,0.0,0.0,0.0,0.0,0.0,0.0,0.0,0.0,0.0,0.0,0.0,0.0,0.0,0.0,0.0,0.0,0.0,0.0,0.0,0.0,0.0,0.0,0.0,0.0,0.0,0.0,0.0,0.0,0.0,0.0,0.0,0.0,0.0,0.0,0.0,0.0,0.0,0.0,0.0,0.0,0.0,0.0,0.0,0.0,0.0,0.0,0.0,0.0,0.0,0.0,0.0,0.0,0.0,0.0,0.0,0.0,0.0,0.0,0.0,0.0,0.0,0.0,0.0,0.0,0.0,0.0,0.0,0.0,0.0,0.0,0.0,0.0,0.0,0.0,0.0,0.0,0.0,0.0,0.0,0.0,0.0,0.0,0.0,0.0,0.0,0.0,0.0,0.0,0.0,0.0,0.0,0.0,0.0,0.0,0.0,0.0,0.0,0.0,0.0,0.0,0.0,0.0,0.0,0.0,0.0,0.0,0.0,0.0,0.0,0.0,0.0,0.0,0.0,0.0,0.0,0.0,0.0,0.0,0.0,0.0,0.0,0.0,0.0,0.0,0.0,0.0,0.0,0.0,0.0,0.0,0.0,0.0,0.0,0.0,0.0,0.0,0.0,0.0,0.0,0.0,0.0,0.0,0.0,0.0,0.0,0.0,0.0,0.0,0.0,0.0,0.0,0.0,0.0,0.0,0.0,0.0,0.0,0.0,0.0,0.0,0.0,0.0,0.0,0.0,0.0,0.0,0.0,0.0,0.0,0.0,0.0,0.0,0.0,0.0,0.0,0.0,0.0,0.0,0.0,0.0,0.0,0.0,0.0,0.0,0.0,0.0,0.0,0.0,0.0,0.0,0.0,0.0,0.0,0.0,0.0,0.0,0.0,0.0,0.0,0.0,0.0,0.0,0.0,0.0,0.0,0.0,0.0,0.0,0.0,0.0,0.0,0.0,0.0,0.0,0.0,0.0,0.0,0.0,0.0,0.0,0.0,0.0,0.0,0.0,0.0,0.0,0.0,0.0,0.0,0.0,0.0,0.0,0.0,0.0,0.0,0.0,0.0,0.0,0.0,0.0,0.0,0.0,0.0,0.0,0.0,0.0,0.0,0.0,0.0,0.0,0.0,0.0,0.0,0.0,0.0,0.0,0.0,0.0,0.0,0.0,0.0,0.0,0.0,0.0,0.0,0.0,0.0,0.0,0.0,0.0,0.0,0.0,0.0,0.0,0.0,0.0,0.0,0.0,0.0,0.0,0.0,0.0,0.0,0.0,0.0,0.0,0.0,0.0,0.0,0.0,0.0,0.0,0.0,0.0,0.0,0.0,0.0,0.0,0.0,0.0,0.0,0.0,0.0,0.0,0.0,0.0,0.0,0.0,0.0,0.0,0.0,0.0,0.0,0.0,0.0,0.0,0.0,0.0,0.0,0.0,0.0,0.0,0.0,0.0,0.0,0.0,0.0,0.0,,,,,,,0.9
,,,,,,,,,,,,,,,,,,,,,,1.3,5.97,2.97,6.87,3.42,2.52,4.02,1.32,1.36,7.52,7.68,4.48,0.18,3.09,1.8,1.23,2.55,5.75,0.95,5.65,4.22,2.09,2.64,8.28,0.0,6.91,1.41,1.79,1.23,6.14,4.83,3.32,0.0,5.53,0.0,4.84,2.54,4.83,2.89,4.52,1.46,0.0,2.09,4.48,6.98,1.26,3.45,4.32,6.03,6.61,3.19,0.0,5.87,5.0,3.9,6.68,3.4,4.51,0.0,0.0,1.92,0.11,2.19,2.74,2.71,6.08,5.15,9.93,5.85,0.6,0.0,4.93,1.89,5.39,6.86,0.33,0.0,1.84,3.18,2.87,9.07,7.58,1.68,7.44,0.32,2.52,4.12,5.43,0.0,7.49,0.0,4.9,2.34,0.0,0.94,3.23,4.27,1.06,6.68,3.89,0.86,3.31,3.05,5.81,3.87,4.94,6.2,3.01,0.0,0.27,0.0,0.0,4.24,5.06,0.0,3.96,2.85,1.81,2.08,3.78,9.97,3.55,3.51,2.86,5.63,0.0,0.32,0.0,3.43,3.51,3.54,8.73,0.0,4.04,5.03,4.72,3.8,0.86,0.0,4.69,2.3,1.6,2.32,5.43,0.0,0.59,2.26,3.24,2.44,1.45,0.48,4.54,3.32,0.56,1.53,0.63,4.67,5.49,0.1,0.0,9.89,1.76,1.35,4.0,4.32,2.91,3.98,5.13,2.57,3.69,0.0,3.66,0.0,3.18,0.0,0.25,3.51,0.0,0.29,2.33,4.08,4.68,3.16,3.38,4.07,4.1,1.43,0.47,1.45,2.22,1.78,4.18,4.49,1.71,2.95,7.15,6.13,3.33,3.99,0.0,0.61,3.66,3.18,1.72,5.11,0.95,0.99,1.48,0.0,5.84,0.0,0.88,3.09,2.76,2.21,3.76,0.0,0.12,4.4,4.74,1.4,4.48,0.0,2.47,2.91,6.24,4.16,1.27,8.76,5.64,3.97,0.41,1.14,1.33,4.25,5.7,5.8,3.67,0.54,1.52,3.39,2.37,0.0,1.85,1.81,0.11,1.85,1.8,0.0,6.5,0.04,0.16,4.72,2.97,1.27,0.0,5.7,6.02,3.22,0.0,1.22,0.0,2.83,1.94,1.85,2.46,1.73,4.64,2.25,1.75,2.03,3.46,1.54,4.28,1.89,3.0,1.38,2.78,2.93,6.95,2.92,1.22,5.32,4.38,1.72,3.84,0.2,5.45,7.88,0.05,2.03,1.84,4.49,5.03,1.0,3.0,0.31,0.54,3.62,4.97,5.42,6.58,0.0,0.0,2.5,1.09,3.61,0.0,2.91,7.81,8.79,2.04,0.0,0.0,4.13,0.0,0.0,6.94,2.8,2.24,3.78,3.49,0.66,1.07,3.5,0.0,7.06,0.0,3.58,6.11,3.47,6.66,0.0,0.86,7.85,0.45,3.43,0.0,3.49,1.16,3.96,1.19,4.38,1.64,2.94,0.45,0.0,0.0,0.15,4.88,0.42,6.05,2.49,1.57,2.89,3.04,4.12,4.51,5.68,0.0,6.6,4.8,5.68,0.19,2.07,1.13,0.0,2.39,0.17,0.19,0.0,7.35,1.87,8.42,1.31,0.0,3.31,2.27,3.59,5.51,4.56,3.11,0.0,6.6,0.0,2.81,0.08,5.81,2.13,2.66,2.15,0.85,0.0,5.24,4.36,0.0,7.91,4.38,4.48,1.41,7.29,2.87,2.22,0.5,0.92,6.26,4.35,5.32,7.29,9.38,5.08,6.42,0.2,3.26,2.23,6.15,8.46,4.39,5.25,0.17,2.28,1.7,2.22,5.41,0.7,5.46,2.71,6.28,0.46,5.04,5.27,4.38,4.91,0.83,7.49,2.84,5.43,7.42,9.81,3.63,2.99,0.0,3.23,5.73,4.43,5.06,0.0,0.16,8.72,2.59,2.37,1.21,5.12,2.29,0.44,1.91,3.34,0.33,1.52,4.48,0.0,5.82,0.0,1.56,0.23,8.55,5.29,5.19,3.06,0.0,1.74,10.66,0.78,2.23,0.0,2.22,0.0,0.64,0.9,5.0,0.7,4.66,6.96,2.64,1.48,3.68,3.01,5.79,3.61,3.17,2.87,0.21,6.16,0.65,3.87,1.33,3.65,0.0,5.42,0.89,,,,,,,0.96
,,,,,,,,,,,,,,,,,,,,,,7.18,21.67,8.89,23.73,13.09,10.22,16.45,5.28,7.41,26.99,26.33,17.19,2.65,12.06,10.39,6.34,8.73,20.71,6.14,19.21,16.87,8.73,9.74,29.26,0.68,22.95,7.75,8.61,4.61,22.4,16.88,11.23,0.0,22.77,0.0,17.24,11.18,15.73,11.82,18.33,5.22,1.88,8.09,16.82,22.71,4.46,15.14,15.37,22.43,25.99,13.29,0.0,21.27,18.91,14.3,22.97,12.85,16.1,0.0,0.0,7.98,1.94,10.58,11.7,11.16,24.82,17.96,36.81,22.2,3.35,2.14,16.19,8.58,19.68,25.0,2.34,0.0,8.96,11.56,13.31,30.04,26.1,8.32,26.58,4.7,11.51,18.18,19.34,2.24,24.23,0.0,18.29,10.65,0.0,5.86,15.61,13.23,5.9,25.23,14.25,4.79,14.18,13.72,19.31,14.65,17.86,21.46,11.86,2.7,4.31,0.0,0.0,13.87,18.97,0.37,17.49,13.48,9.13,8.83,16.16,33.08,15.07,15.7,9.17,20.53,0.0,4.17,0.0,13.3,17.16,13.19,31.02,2.01,15.26,18.11,18.08,15.76,4.84,0.0,18.15,10.62,6.86,10.11,18.86,0.0,4.65,11.25,13.64,11.17,7.7,6.83,15.64,12.24,2.97,7.94,1.77,17.66,21.2,5.01,3.0,32.6,8.65,9.52,16.57,15.33,11.86,17.09,19.45,8.93,14.54,0.9,11.53,2.32,12.13,1.37,5.2,15.28,0.32,4.33,11.44,15.72,17.87,10.17,12.13,17.73,14.53,5.09,4.28,4.73,10.84,7.78,18.07,15.45,7.11,13.3,26.87,20.73,11.98,16.04,3.33,4.98,14.17,10.74,8.66,17.25,5.54,7.67,5.83,0.0,19.52,0.0,6.12,15.7,9.79,8.37,12.28,0.0,2.52,17.21,17.46,6.07,16.42,3.61,11.18,9.66,21.96,16.9,5.47,30.07,19.43,16.96,5.81,5.39,5.38,16.1,21.06,22.4,14.74,4.97,6.75,14.56,9.71,0.0,9.88,8.55,2.9,9.2,8.25,3.46,23.39,2.0,2.47,15.91,12.84,6.37,0.0,22.81,21.81,12.22,0.0,6.85,0.65,9.64,7.85,7.81,11.43,6.82,16.99,10.85,8.5,7.77,13.11,9.5,16.52,8.75,10.47,6.83,10.93,12.8,25.77,11.74,6.68,16.92,17.8,8.44,15.61,5.27,19.44,27.07,2.47,8.46,8.27,14.84,18.18,5.24,13.26,6.22,2.99,14.22,18.93,19.61,24.37,0.46,0.0,9.05,3.31,15.57,0.0,13.72,26.13,31.43,10.42,0.0,0.0,15.67,0.0,0.0,23.73,11.05,8.25,13.66,14.3,4.45,4.56,12.2,0.0,26.24,0.12,14.11,19.72,13.38,22.77,0.0,5.23,28.32,4.11,12.66,2.11,13.02,6.93,15.76,4.85,17.61,9.39,11.47,4.38,1.09,0.0,2.43,17.32,1.97,22.88,12.51,7.88,10.83,9.91,14.5,16.93,20.61,0.0,22.19,19.35,20.81,1.09,9.56,5.82,1.6,10.69,0.49,3.55,0.0,26.67,6.76,30.77,7.68,0.0,13.95,11.1,13.37,19.5,17.18,13.42,0.0,23.41,0.0,11.51,0.21,20.77,8.93,10.88,10.32,7.36,0.0,19.97,16.65,1.68,26.14,14.27,16.8,8.61,25.62,12.21,11.52,6.06,6.57,22.37,14.67,20.49,23.4,31.81,17.81,23.06,4.21,12.35,8.74,21.61,29.4,17.46,17.85,5.27,10.99,8.35,9.53,18.43,5.08,17.34,10.05,21.12,2.04,16.57,21.0,18.39,20.25,4.94,28.88,11.51,21.68,26.16,34.41,15.36,12.3,2.2,11.74,19.26,16.85,17.58,1.52,1.6,31.82,11.98,12.37,6.01,17.39,9.6,5.11,8.5,12.36,2.47,6.3,15.04,1.51,21.27,2.08,5.08,3.62,32.11,19.09,18.11,10.4,1.4,8.44,37.45,3.93,10.2,0.82,7.65,0.0,6.32,2.78,16.78,4.88,16.88,24.65,9.57,7.17,14.1,11.45,21.8,13.09,13.0,12.69,3.54,21.6,2.4,15.29,6.48,12.38,0.69,22.27,5.38,,,,,,,1.22
,,,,,,,,,,,,,,,,,,,,,,20.42,51.81,23.87,46.97,36.11,26.95,41.19,12.3,21.99,62.25,59.67,40.78,12.44,25.73,26.08,17.51,22.48,50.85,20.78,40.17,38.82,22.77,31.17,67.52,3.53,52.98,26.25,18.19,18.19,51.78,40.46,31.74,1.92,49.86,0.0,44.85,30.24,40.83,28.31,41.92,14.11,13.15,23.82,38.76,48.94,15.28,39.73,36.15,48.46,58.67,29.74,0.0,48.58,45.44,36.92,50.11,24.41,42.04,0.0,0.0,28.11,16.04,25.98,21.84,26.0,57.88,43.56,78.15,50.35,12.48,8.55,32.41,20.62,44.01,57.3,13.51,0.0,18.08,27.26,29.8,64.95,56.27,20.12,56.71,14.85,28.49,45.19,44.51,11.83,51.23,7.67,41.42,28.7,0.0,24.56,35.59,31.84,11.2,54.29,36.67,14.15,36.08,31.28,40.74,38.31,43.82,53.54,33.1,11.09,16.11,5.24,0.0,39.75,46.72,7.54,35.18,31.41,20.53,20.04,36.16,71.93,37.44,40.26,22.49,45.59,0.0,15.39,0.15,32.67,48.35,33.49,70.73,14.21,32.38,44.95,43.52,40.07,13.1,2.88,39.89,30.44,27.14,22.51,41.98,9.09,17.35,27.99,33.01,26.25,19.8,22.59,34.24,30.3,10.91,21.07,7.78,41.37,48.98,17.07,9.04,65.44,21.99,22.72,40.84,35.57,29.59,38.23,42.78,22.98,35.85,6.42,25.51,8.96,28.83,8.51,7.56,41.17,2.67,15.2,30.19,35.44,40.35,26.76,34.14,40.5,31.53,16.87,11.95,15.75,28.13,26.5,40.33,36.81,23.34,33.98,65.67,48.82,28.94,39.07,13.9,21.22,34.44,20.2,27.92,42.98,15.62,19.62,17.42,0.0,41.21,0.41,21.37,34.41,19.93,23.84,29.94,3.76,12.31,40.71,36.21,24.63,45.96,19.12,29.39,30.63,52.9,42.18,17.56,67.59,45.41,40.37,13.66,15.4,17.4,35.84,53.47,51.69,36.4,14.9,21.2,36.37,24.12,0.0,25.69,21.51,7.15,28.2,28.26,16.54,54.37,9.22,17.07,36.82,34.53,19.07,4.48,50.76,44.38,30.36,0.0,21.08,4.9,28.27,25.39,24.05,31.56,12.98,40.98,27.83,18.56,22.95,25.39,27.44,34.33,24.37,31.37,17.45,29.28,36.88,63.3,29.12,20.63,38.09,41.47,26.14,34.9,18.81,46.6,54.96,8.63,24.12,27.86,35.29,38.78,13.09,32.17,19.73,7.99,35.56,47.24,39.26,60.49,3.68,2.59,25.23,10.1,41.18,2.3,37.69,55.75,68.65,28.09,1.37,0.0,33.49,0.0,0.04,56.97,25.78,18.89,35.0,32.57,14.38,18.4,27.31,0.0,55.74,2.74,35.55,45.08,30.19,50.54,0.0,17.65,63.26,15.85,23.17,8.0,31.32,19.13,43.88,15.36,47.37,21.69,27.54,19.77,13.91,1.85,11.43,45.46,2.94,51.09,31.09,23.09,27.17,20.88,33.03,39.42,43.73,0.0,52.54,44.52,47.34,6.96,21.27,16.41,13.77,24.16,6.83,15.65,5.88,67.39,20.12,68.3,19.36,6.25,37.15,31.92,37.5,45.96,38.74,29.7,0.0,52.64,4.69,29.05,6.33,46.41,27.53,31.13,27.78,17.82,10.25,46.37,34.61,4.67,54.83,31.27,36.14,24.14,62.03,34.53,33.82,18.78,18.97,53.43,43.29,48.29,49.78,71.46,38.02,56.1,19.65,33.77,23.29,50.54,62.99,43.89,38.76,16.92,27.97,24.9,25.1,37.59,16.14,41.1,22.67,52.38,13.24,40.39,45.63,42.34,47.16,17.91,60.7,29.97,55.69,59.58,75.15,37.11,36.45,10.05,25.27,46.94,44.24,44.29,6.18,10.09,68.8,34.38,31.54,19.61,43.14,24.05,15.08,26.22,29.15,10.64,16.89,33.28,14.77,46.78,13.81,15.48,14.5,69.98,40.86,43.0,26.63,10.38,25.31,81.56,6.65,29.4,7.76,19.42,0.7,16.56,10.27,40.97,18.71,36.65,54.98,22.67,22.25,33.39,25.4,48.59,32.96,31.86,28.85,13.73,50.65,14.78,32.31,16.54,30.11,4.55,53.42,13.45,,,,,,,1.26
,,,,,,,,,,,,,,,,,,,,,,42.11,80.17,35.26,82.72,68.68,49.94,66.51,28.32,35.44,96.31,94.24,65.59,34.99,40.76,50.17,34.1,44.33,89.49,40.41,61.76,59.9,36.31,53.14,106.29,16.28,86.56,48.3,37.31,44.33,77.8,67.57,58.28,16.24,79.32,5.68,80.92,60.86,78.57,49.37,62.82,36.71,34.21,37.41,77.57,68.92,35.46,70.26,69.48,80.63,95.32,46.78,9.48,90.6,75.19,63.02,92.25,46.29,78.1,6.74,0.0,59.91,35.45,54.08,45.21,44.37,90.27,79.88,123.12,81.31,21.82,24.27,56.94,44.38,85.65,98.26,38.57,0.0,27.19,45.18,45.45,103.6,85.81,42.51,85.64,29.12,46.11,80.09,74.61,29.0,72.65,28.82,71.21,49.81,0.15,54.56,59.83,49.85,21.79,89.01,64.5,38.41,68.46,64.88,61.91,74.78,80.52,90.45,64.0,25.83,26.96,25.82,0.0,60.36,77.54,26.51,62.67,63.6,46.52,27.25,60.21,122.14,69.59,74.7,43.91,74.76,2.29,38.43,8.63,52.47,87.45,52.41,120.24,28.42,60.73,82.04,71.16,77.92,33.77,13.17,65.82,63.56,47.92,42.68,68.51,23.79,47.64,46.82,60.96,49.39,36.73,45.73,64.65,61.61,23.19,37.51,18.92,67.47,83.28,35.56,20.88,97.05,41.66,38.38,59.2,52.55,54.85,64.1,69.48,45.86,57.91,21.84,49.94,25.47,57.75,15.06,23.66,67.98,21.24,37.4,52.23,55.73,66.7,47.47,52.86,68.96,55.32,33.1,23.19,31.05,47.04,59.37,63.86,66.58,47.03,66.44,107.04,78.47,51.78,66.92,32.47,31.94,64.98,30.99,54.44,76.9,32.82,35.64,41.27,1.79,69.46,12.52,48.29,51.63,37.62,37.6,55.48,20.71,29.14,67.56,57.63,40.1,79.62,33.89,54.8,56.82,76.76,70.07,31.61,103.61,68.78,66.63,31.22,40.13,49.59,57.74,90.39,92.19,67.78,29.68,37.49,74.99,48.46,0.0,50.24,42.46,6.34,55.99,57.13,39.86,86.8,29.76,36.15,60.93,59.98,35.37,18.63,90.25,67.62,47.0,0.0,40.3,18.83,46.44,39.83,46.05,57.24,21.66,65.43,54.51,30.92,42.08,39.65,54.04,59.56,39.17,57.74,27.74,57.79,66.83,98.02,47.71,42.16,68.72,71.27,47.39,52.87,36.93,79.19,84.15,27.59,40.23,47.34,65.93,62.87,27.75,62.24,39.78,16.68,63.72,82.87,64.18,100.52,15.31,9.98,45.62,18.96,72.78,13.52,67.95,83.98,110.51,49.07,15.72,9.8,61.02,0.0,12.35,93.25,48.15,38.24,68.96,60.16,32.78,49.71,48.65,0.0,96.85,17.79,62.17,76.13,51.55,84.77,0.0,37.2,96.53,30.75,40.69,25.99,54.6,34.58,76.67,31.29,89.17,44.2,51.39,38.6,29.47,11.47,15.9,83.7,8.78,90.24,60.37,50.14,55.25,46.17,60.91,65.7,68.57,0.0,90.9,72.82,81.31,18.52,40.71,38.03,27.84,46.04,19.59,40.2,23.75,113.4,44.66,109.56,46.57,18.77,65.32,51.04,62.27,75.66,68.9,60.51,0.0,81.07,19.73,58.85,10.94,82.59,53.69,69.57,48.41,38.98,27.16,69.35,58.99,12.94,93.36,54.38,56.12,45.49,107.33,66.67,52.55,38.88,38.59,90.23,72.23,90.18,71.46,109.61,59.41,91.22,45.1,73.16,36.95,83.18,93.31,84.73,58.92,35.93,52.28,45.78,54.43,65.0,33.78,75.61,47.83,86.4,25.61,78.3,80.53,79.12,80.42,46.17,96.34,49.42,95.18,101.73,108.88,64.37,57.24,28.69,41.68,81.28,85.94,73.64,23.8,26.9,119.31,67.28,52.17,42.17,80.96,39.34,36.01,48.5,53.76,30.85,33.75,51.5,30.63,81.85,38.3,27.59,26.81,111.96,62.91,65.38,56.57,29.04,52.6,134.07,21.48,57.66,28.44,40.09,9.32,28.81,29.28,64.87,33.67,64.79,92.64,34.38,41.51,56.32,44.79,89.8,57.83,59.81,54.49,27.42,88.8,39.0,50.18,39.55,58.75,13.37,82.85,20.64,,,,,,,1.2
,,,,,,,,,,,,,,,,,,,,,,55.94,106.23,42.85,108.98,90.01,63.74,87.02,51.11,55.97,123.4,118.71,78.32,50.48,47.47,62.66,56.15,63.4,123.75,54.91,93.01,88.18,54.17,75.64,126.71,50.35,118.35,70.93,45.83,59.55,98.63,72.74,82.75,34.82,99.66,29.72,111.89,98.25,109.33,68.65,82.85,56.4,46.64,48.79,111.04,94.84,65.79,91.36,94.64,126.15,123.24,66.45,18.3,121.57,92.16,92.3,124.48,74.6,121.87,15.22,4.51,79.29,64.96,85.99,77.92,47.82,122.41,97.68,157.68,94.92,40.65,49.96,66.69,62.57,126.26,124.44,65.03,0.01,47.71,67.69,53.94,135.06,105.38,60.44,104.73,42.78,70.19,97.2,107.4,49.03,93.02,41.63,92.22,65.65,23.84,74.12,99.52,55.54,38.55,106.73,81.0,65.78,105.07,96.87,70.34,103.88,109.67,125.46,81.72,49.01,37.43,35.58,0.0,67.79,97.77,42.59,91.77,83.75,69.74,38.23,82.96,150.53,91.04,104.85,70.71,98.04,30.85,68.55,4.49,66.07,104.47,61.18,150.2,49.92,89.61,113.77,94.48,109.48,63.3,38.75,98.79,93.04,57.4,81.7,89.32,31.16,71.12,58.96,65.98,81.53,70.52,56.29,91.06,94.23,42.43,44.52,36.47,82.21,113.46,56.96,33.05,111.63,65.65,50.23,76.28,80.1,76.81,85.45,82.16,60.43,80.4,43.3,64.99,46.41,78.22,28.44,34.95,89.88,46.05,44.6,70.2,85.3,79.66,61.11,78.08,79.09,68.69,40.22,40.77,53.27,77.96,86.45,78.55,102.11,62.34,100.13,130.57,115.74,75.45,84.45,58.9,51.89,86.68,31.3,74.58,105.95,48.49,54.33,64.15,9.25,107.73,24.08,64.74,59.39,70.08,57.03,65.53,46.13,51.24,79.05,83.77,70.91,90.02,64.29,65.47,83.54,97.64,105.92,49.74,122.42,88.86,92.73,60.33,75.11,63.42,80.47,131.76,120.43,86.37,43.3,51.55,102.21,91.59,0.0,67.7,75.3,24.29,87.12,82.61,78.3,112.39,57.73,64.31,87.79,78.6,39.08,43.72,121.91,86.78,65.47,12.3,56.81,39.87,73.35,54.12,66.85,81.99,46.43,87.12,77.54,47.3,63.07,67.02,81.45,86.2,43.11,81.46,38.96,87.72,81.68,118.62,73.63,58.86,95.59,85.4,65.69,72.61,61.54,119.35,103.01,50.52,58.23,58.85,82.09,85.5,44.03,85.93,67.71,30.03,73.85,115.39,93.3,139.48,33.8,23.9,62.56,29.74,107.34,30.33,95.59,103.51,148.34,80.87,44.63,26.45,79.31,9.79,41.48,117.77,77.57,62.26,90.77,74.96,44.01,70.9,65.9,14.5,124.6,30.6,92.04,97.96,56.79,109.13,8.99,63.52,115.73,46.06,60.79,40.58,69.63,60.83,111.73,55.7,121.41,70.0,84.52,61.22,45.02,27.41,27.8,106.31,13.72,121.43,83.0,66.09,69.1,72.05,74.89,85.73,92.31,4.1,115.62,94.24,117.59,28.53,63.68,60.25,52.88,64.9,39.77,52.73,41.87,123.39,65.67,144.41,77.31,26.8,83.86,72.38,98.72,100.81,98.28,79.0,3.04,95.42,38.7,90.7,31.68,109.56,65.89,87.64,72.06,53.0,47.09,95.23,100.29,30.4,111.82,86.49,72.09,75.26,134.06,88.08,66.06,62.86,74.92,117.05,96.96,112.5,93.68,127.63,71.17,127.84,55.7,107.02,49.89,108.01,120.67,121.34,61.37,48.1,85.27,54.54,78.28,83.39,50.75,101.84,67.82,124.92,33.14,114.33,110.98,109.43,111.42,72.18,137.46,55.62,124.94,136.48,136.58,91.34,93.17,61.53,64.65,105.88,112.85,99.63,46.26,53.33,161.97,109.21,85.69,40.2,105.23,62.29,52.82,64.29,75.78,62.33,55.69,71.06,54.72,102.94,73.29,50.06,44.36,147.33,76.48,76.53,91.64,47.47,83.65,165.94,37.71,77.16,51.93,72.74,27.08,46.52,50.07,80.2,52.6,90.56,97.98,41.62,65.9,73.65,60.01,119.86,80.14,75.84,67.35,46.03,109.4,69.7,68.92,51.98,92.35,25.54,116.34,36.64,,,,,,,1.12
,,,,,,,,,,,,,,,,,,,,,,59.41,102.65,45.8,104.04,101.29,69.45,86.17,65.24,66.11,129.26,112.99,84.11,60.79,47.38,72.35,56.12,56.97,113.77,49.29,94.46,108.13,80.08,72.47,126.2,52.62,120.69,78.48,50.38,56.18,105.56,86.62,71.44,39.2,112.9,36.81,135.4,85.12,116.48,68.8,96.3,70.49,61.44,50.62,113.62,89.66,85.84,94.75,117.18,129.5,121.12,60.6,37.45,132.81,100.19,92.57,121.15,84.48,129.02,19.64,12.46,86.33,73.96,95.68,79.32,49.06,124.32,85.2,153.94,110.03,53.99,67.68,70.92,66.21,137.0,129.1,68.27,13.56,57.89,74.21,62.09,133.08,98.16,57.07,108.92,61.66,86.42,89.61,110.47,48.75,85.3,57.05,105.33,65.22,33.9,90.27,108.84,55.36,51.66,98.63,93.94,66.34,107.18,94.19,73.87,107.04,117.69,134.46,79.91,69.32,49.61,50.74,12.24,72.06,100.32,52.95,109.54,84.19,81.94,35.61,91.37,157.37,89.46,117.01,77.83,95.73,49.44,88.14,13.57,59.83,100.96,69.9,149.73,65.84,102.54,108.22,94.68,116.92,65.67,57.74,110.98,116.03,56.7,85.82,94.47,41.88,71.62,63.04,72.85,97.58,80.25,65.49,95.71,106.66,60.55,50.07,36.34,87.1,117.8,61.06,51.73,108.17,87.11,68.69,90.54,94.88,92.5,93.81,88.4,64.2,86.69,61.34,70.64,53.93,87.65,16.92,40.8,103.01,59.38,49.26,73.7,87.83,94.5,72.68,89.38,77.45,68.35,43.87,63.08,68.32,102.86,93.39,84.36,97.65,78.09,109.72,124.83,126.43,81.71,90.55,77.2,63.95,78.72,34.94,73.31,82.56,73.62,70.08,62.27,19.41,122.43,33.08,74.57,63.01,74.52,60.62,58.11,54.99,77.55,73.99,87.12,77.51,87.3,85.99,69.53,86.43,103.13,109.96,64.44,125.26,110.5,100.51,68.57,82.59,83.52,81.33,134.22,117.79,91.96,44.02,65.82,112.36,86.69,19.79,74.76,72.04,38.66,92.11,96.35,80.84,120.02,86.65,82.15,101.61,70.33,43.59,58.13,126.69,84.95,66.89,24.12,57.72,56.74,69.51,59.51,72.48,75.03,62.01,88.04,87.17,50.57,75.75,72.81,91.9,88.54,64.48,89.53,52.37,89.32,86.27,118.09,82.71,63.13,99.03,85.48,88.77,73.91,85.15,127.12,107.86,55.65,76.51,60.55,77.11,81.47,49.51,92.62,76.43,27.41,71.02,120.18,93.0,129.68,52.18,43.46,77.62,35.46,109.07,18.0,102.38,105.55,161.5,99.38,56.64,31.25,90.26,10.17,60.12,118.33,77.77,70.35,103.08,71.13,53.79,86.36,68.67,26.05,117.49,58.2,112.42,93.92,61.11,119.8,15.25,54.95,115.52,51.01,58.47,50.98,84.38,80.88,115.04,70.57,114.54,66.78,84.31,64.94,55.6,57.7,42.26,94.55,27.72,115.08,94.93,61.12,78.73,77.45,85.8,83.78,95.11,5.42,110.46,111.56,119.99,47.1,62.91,69.35,52.24,78.74,46.51,66.79,52.54,118.29,65.52,133.86,84.38,46.77,94.37,77.18,89.21,114.38,103.86,79.46,4.58,93.05,50.38,103.92,45.47,120.44,82.45,85.43,74.37,61.85,72.74,93.82,102.9,42.49,103.44,93.26,79.88,95.72,128.25,95.53,67.86,79.01,91.65,121.24,90.38,112.32,94.75,122.27,79.6,128.5,61.02,106.08,70.36,110.31,137.07,124.76,57.6,48.74,86.75,46.17,89.66,96.69,65.02,124.65,76.69,122.72,37.89,111.98,112.75,120.6,98.09,78.91,133.75,59.09,119.47,154.88,129.37,99.57,94.86,59.1,68.1,116.77,124.15,102.46,48.24,60.76,182.59,101.27,83.46,51.06,104.82,62.58,68.64,72.12,71.9,64.27,75.91,69.81,68.22,98.0,81.6,69.03,50.77,137.18,84.31,68.19,100.64,57.05,93.49,160.08,41.91,82.3,57.6,67.02,27.72,59.22,62.11,88.09,59.18,101.05,102.57,58.94,67.18,87.92,79.83,132.35,92.36,79.17,75.72,55.92,114.62,73.27,82.38,65.43,92.64,40.93,113.92,59.83,,,,,,,0.8
,,,,,,,,,,,,,,,,,,,,,,76.89,105.11,59.46,122.73,81.49,76.1,102.83,92.04,73.21,118.45,127.84,98.3,74.1,58.16,68.05,47.82,73.16,109.61,56.97,97.9,128.86,98.71,86.61,123.33,53.28,141.22,78.3,51.45,67.8,118.65,103.49,76.74,40.42,119.38,56.12,131.68,76.58,135.23,89.68,98.66,93.68,73.16,69.12,108.74,91.11,91.67,107.34,120.58,133.43,123.77,69.87,47.18,136.44,97.68,121.28,128.36,97.86,138.44,44.52,25.5,102.9,88.18,111.69,87.27,62.05,117.84,91.1,152.76,110.64,83.51,80.53,86.37,82.55,159.76,131.28,62.91,27.37,68.43,80.97,84.95,150.73,107.67,69.78,121.57,81.73,80.02,93.09,108.98,78.66,98.78,82.08,105.62,61.16,42.37,101.81,129.61,60.21,66.54,87.54,110.62,85.87,126.84,95.29,91.51,104.6,112.19,154.26,74.23,87.69,64.3,51.78,30.27,83.77,108.68,70.58,109.68,93.28,96.17,45.64,105.71,154.19,97.33,122.09,71.87,91.65,61.12,78.31,28.04,78.39,98.21,97.66,154.62,68.7,100.79,102.3,111.86,132.13,76.96,73.18,113.41,118.15,72.89,88.68,112.38,57.85,73.12,72.32,92.26,107.27,104.77,71.32,101.44,108.56,67.17,59.14,48.89,93.68,123.7,79.38,67.61,125.25,96.97,65.15,107.35,116.57,92.66,99.51,104.69,68.77,102.54,69.52,84.9,69.43,84.39,24.08,57.79,116.8,74.88,60.63,90.4,97.44,110.37,90.7,101.87,85.06,70.65,46.84,82.54,84.9,110.03,97.5,87.66,106.28,106.44,107.96,130.62,150.41,88.3,93.75,82.26,90.85,76.51,70.35,71.95,89.31,93.86,85.92,71.45,28.85,123.68,46.17,78.08,89.69,69.88,74.01,64.95,61.45,86.86,70.12,92.83,83.51,82.48,91.89,65.84,103.67,112.51,106.18,74.37,132.42,106.94,116.01,86.58,80.59,89.96,92.05,147.06,138.48,96.53,48.8,72.89,123.18,90.62,35.02,94.14,70.86,42.54,112.7,96.48,70.19,112.18,91.39,90.91,108.16,79.12,57.2,53.85,139.15,96.56,70.15,24.32,60.05,94.4,68.94,68.02,91.89,83.88,62.78,90.7,84.61,61.6,85.81,85.49,76.69,107.62,81.99,85.81,62.83,72.23,88.49,140.15,70.73,74.29,95.76,106.22,101.18,63.17,100.83,133.04,112.92,81.0,92.77,75.08,83.39,91.78,75.12,88.45,100.11,42.78,73.66,132.44,97.82,123.98,76.96,81.97,77.81,36.95,106.81,26.68,115.22,101.05,162.9,102.97,70.14,42.62,102.35,30.86,79.99,114.76,70.25,74.37,107.76,72.19,59.91,100.41,72.49,44.09,124.18,63.42,134.7,118.27,66.37,130.48,21.37,72.52,134.69,62.98,73.97,66.73,98.95,83.76,105.81,70.77,104.07,60.0,101.92,66.98,53.43,72.91,74.82,100.46,38.61,115.29,106.66,78.68,92.41,59.01,97.74,99.36,82.92,19.2,124.51,116.85,127.25,66.87,65.6,61.9,63.38,96.79,61.23,92.31,49.46,120.5,73.74,137.96,86.87,82.83,112.45,78.45,110.5,104.85,122.49,81.7,19.41,97.92,57.18,107.78,63.98,139.3,89.2,82.62,81.59,70.24,84.08,101.04,109.31,64.77,100.96,104.59,76.23,112.32,126.21,104.99,66.67,94.03,90.77,123.9,112.66,110.51,101.7,114.23,98.7,128.83,78.27,109.81,88.75,116.1,147.24,135.07,68.72,68.58,90.01,52.91,94.38,89.5,69.59,134.1,83.83,131.76,44.68,112.64,121.98,124.91,88.69,92.98,129.58,73.84,111.14,172.37,121.1,92.28,109.56,66.41,77.12,125.2,139.66,126.06,60.95,70.86,192.18,97.07,98.03,55.02,131.64,72.79,77.59,95.95,65.47,64.63,82.45,62.97,87.84,115.4,101.88,95.34,67.66,135.96,92.43,86.22,128.8,70.03,91.84,171.3,55.56,85.19,79.29,78.76,50.57,73.4,76.16,91.83,61.45,99.24,110.91,84.23,83.02,86.24,92.14,138.36,92.08,85.4,98.9,76.94,114.68,74.41,85.9,91.54,95.46,50.46,102.69,78.25,,,,,,,0.74
,,,,,,,,,,,,,,,,,,,,,,86.42,101.59,55.72,100.28,82.86,88.93,99.7,101.59,85.16,107.01,108.85,88.7,88.37,60.13,57.58,45.78,82.35,106.89,73.26,86.57,121.66,105.95,92.66,119.66,46.29,124.29,60.6,44.68,79.4,99.18,115.45,74.57,41.77,106.05,58.43,128.23,77.36,123.08,87.66,118.15,99.59,78.22,70.42,99.89,93.66,86.32,101.6,89.48,131.14,107.94,71.0,38.5,119.45,84.62,119.87,112.6,104.06,151.53,66.44,29.58,96.13,72.07,109.67,71.53,71.27,114.39,75.06,141.21,107.52,99.9,76.8,78.99,89.97,142.5,122.3,64.78,56.39,66.0,91.3,86.93,156.58,107.29,74.95,123.04,88.87,72.03,90.66,101.48,86.57,98.48,95.23,111.67,64.69,47.75,84.64,119.85,66.52,68.12,78.75,104.78,90.14,118.16,95.45,86.31,83.87,96.32,150.37,63.1,82.58,57.45,76.41,35.32,67.06,110.68,65.61,103.54,88.63,90.37,46.02,106.28,138.02,97.37,116.72,60.62,83.7,60.37,86.46,23.7,94.56,82.58,107.45,148.59,70.66,106.45,87.86,110.88,138.75,73.41,68.97,114.64,99.37,67.75,89.07,118.82,66.36,83.94,81.1,96.36,101.66,107.97,89.33,98.11,110.97,62.18,70.59,55.65,94.07,115.61,77.22,65.4,137.22,99.85,80.12,109.31,109.35,97.18,92.81,125.77,66.95,104.07,74.93,81.03,72.93,75.75,29.72,60.18,115.91,82.6,71.75,112.36,95.82,88.88,88.94,89.25,79.23,84.04,51.06,77.5,75.16,105.48,75.93,90.95,98.68,111.86,99.0,118.76,130.94,82.19,92.36,85.03,104.59,69.99,90.57,73.3,99.72,114.35,85.41,62.55,30.15,108.34,63.51,79.79,101.05,64.38,82.61,58.14,55.0,96.66,78.08,106.16,73.64,78.06,83.09,62.12,112.98,101.11,96.11,89.56,108.68,107.15,108.72,104.74,82.74,86.74,97.61,132.98,138.49,93.54,52.41,74.28,115.29,94.33,63.97,85.69,80.57,53.16,126.32,82.74,64.47,102.27,96.83,89.32,90.66,89.76,67.89,59.24,139.34,99.7,82.25,26.02,52.5,108.2,89.3,63.25,89.94,83.89,68.78,92.92,91.7,64.35,87.19,91.47,80.76,106.36,88.0,81.14,75.94,67.46,96.88,140.17,70.02,66.18,77.24,108.52,92.9,53.19,84.96,138.3,99.16,87.0,83.13,82.61,95.57,89.67,93.62,79.03,84.52,52.48,76.33,127.13,92.75,110.7,101.1,89.28,61.84,50.07,100.4,35.29,116.15,98.6,134.32,90.65,78.02,51.72,80.26,51.5,79.4,98.03,68.79,80.66,106.34,71.28,65.44,96.56,80.55,56.04,101.32,67.76,132.38,113.45,68.17,115.56,23.36,83.97,130.43,72.17,74.44,72.58,78.93,75.72,82.93,61.73,114.11,63.42,102.37,85.4,55.65,74.26,75.37,101.94,41.03,117.86,103.02,71.17,87.1,61.15,87.6,121.47,70.69,39.24,109.03,110.06,113.63,71.34,78.63,55.1,70.48,84.83,61.76,85.48,60.81,124.5,66.83,137.98,84.01,101.89,116.35,86.21,122.0,100.66,134.11,75.1,29.75,104.98,86.56,111.22,62.04,138.79,96.13,89.33,70.98,57.64,94.37,105.48,101.05,76.68,101.7,111.82,78.88,104.41,104.79,105.69,44.18,106.22,89.72,126.98,112.79,102.42,104.9,114.65,100.05,128.81,82.32,108.08,98.67,103.29,121.98,127.69,69.7,71.66,89.87,55.58,106.67,102.31,69.45,109.42,89.24,116.92,45.11,102.48,106.7,110.13,83.63,73.02,120.08,79.47,99.63,153.18,111.84,86.58,100.45,77.63,85.17,113.15,127.77,114.73,57.25,76.68,179.73,95.27,95.41,54.18,123.18,65.58,71.08,95.28,54.7,53.91,87.65,54.42,95.9,120.99,103.89,79.1,59.29,138.77,98.3,79.39,127.19,65.81,92.67,156.49,59.59,88.45,62.37,94.36,59.62,71.21,76.06,94.02,67.6,112.3,102.7,85.01,87.02,95.39,97.24,117.67,108.92,77.85,99.6,82.91,123.02,70.75,77.01,82.98,75.73,60.49,112.67,78.36,,,,,,,0.76
,,,,,,,,,,,,,,,,,,,,,,80.7,91.39,47.68,78.8,79.63,81.94,81.95,78.55,76.12,82.47,81.48,68.94,81.79,54.09,48.53,45.51,78.08,92.93,69.36,71.59,91.0,85.41,76.02,105.11,42.77,91.79,55.28,51.5,75.38,66.48,103.08,52.27,42.85,92.0,50.8,105.59,72.6,86.94,72.13,90.52,74.09,63.21,64.88,84.35,71.76,55.71,75.79,70.12,100.18,78.56,68.93,24.87,69.11,75.9,98.5,83.61,92.47,120.75,64.48,34.35,89.89,69.87,88.69,60.37,71.2,88.74,59.41,108.54,72.08,74.64,69.74,60.33,75.12,106.95,94.41,49.34,66.24,59.56,71.68,71.11,122.48,92.06,67.32,104.9,73.4,53.2,75.17,88.2,79.1,82.05,79.99,96.96,48.61,51.31,55.41,94.35,67.59,57.69,68.21,83.04,68.77,87.41,77.86,61.96,69.31,71.25,119.08,54.61,67.16,44.11,72.33,44.2,49.1,87.64,58.44,91.64,63.61,78.33,42.92,76.32,108.53,82.59,95.04,44.08,77.04,47.92,73.78,25.64,81.03,63.62,90.85,112.14,50.16,91.56,78.01,95.15,104.36,65.13,55.26,88.66,62.74,66.35,76.1,92.89,59.65,71.61,63.89,79.37,91.26,93.19,71.14,74.76,84.78,63.32,75.23,40.98,80.29,100.69,63.8,45.34,103.0,82.54,58.9,78.83,75.0,84.09,85.08,92.71,71.34,72.78,70.71,61.71,58.26,63.47,38.8,50.53,81.44,64.25,56.38,82.46,91.36,64.78,68.74,61.89,46.05,69.54,55.52,64.75,66.16,86.01,78.04,78.33,75.55,87.22,87.21,107.04,106.25,73.41,74.04,70.03,78.85,49.34,74.8,75.46,85.4,100.14,72.04,62.2,33.58,85.15,64.53,69.04,97.08,48.61,58.34,50.48,41.68,73.91,83.49,85.59,50.31,63.82,69.92,54.94,99.19,82.97,66.82,84.06,94.36,76.87,89.53,88.21,82.55,72.07,79.66,100.22,122.2,81.79,49.5,63.98,116.67,71.46,64.05,77.11,73.32,46.2,93.12,72.64,73.19,83.28,81.72,82.38,63.21,85.95,55.28,51.2,109.85,78.58,76.17,30.04,53.56,85.44,88.85,50.69,74.82,82.41,77.99,82.22,82.23,67.88,69.57,81.31,57.06,80.23,71.85,74.27,57.21,56.48,78.07,127.11,55.03,62.25,61.5,87.22,67.3,35.12,81.42,96.81,70.27,81.49,62.61,56.72,66.92,77.99,87.05,78.59,64.97,45.07,77.65,90.52,64.52,86.38,80.23,69.26,51.84,42.15,94.44,40.75,96.45,92.21,113.86,62.27,68.47,52.46,36.42,58.79,60.37,87.27,67.11,72.53,92.33,57.81,62.16,88.24,69.27,64.57,82.82,56.53,106.64,82.6,67.37,95.94,21.02,65.96,112.39,57.21,67.52,70.88,67.48,54.25,55.14,60.27,104.51,54.75,81.65,72.25,53.75,61.64,55.4,81.93,48.81,95.92,80.96,51.2,81.18,52.32,74.45,96.88,50.69,30.78,90.47,93.21,94.16,69.21,66.52,57.52,59.27,62.7,51.2,76.89,54.1,87.71,54.64,111.99,61.49,89.04,86.44,72.97,102.3,91.99,127.32,71.01,47.1,83.93,80.28,91.96,41.85,115.13,86.44,81.12,53.93,47.83,79.91,85.48,88.23,69.05,97.24,80.54,67.57,73.24,72.46,93.62,40.02,76.96,71.93,96.58,78.63,79.98,81.05,90.29,80.3,93.21,69.37,94.86,76.57,83.67,79.3,94.11,53.66,67.99,75.45,60.86,89.61,83.36,57.99,82.29,87.68,95.33,48.1,80.66,85.69,77.79,63.47,62.94,100.49,65.01,78.87,116.37,80.97,69.91,80.06,71.37,70.17,95.85,105.05,93.9,43.26,57.89,128.38,69.23,75.62,57.68,84.52,58.26,77.74,77.19,52.39,48.78,60.96,44.61,62.55,89.98,90.78,67.55,42.24,111.58,75.32,58.92,90.42,65.59,88.82,134.12,59.46,60.32,47.45,77.14,50.83,76.94,53.84,91.67,62.65,104.51,84.58,76.95,86.76,72.07,81.83,92.83,88.87,60.81,105.75,74.3,88.79,66.42,75.76,74.12,64.84,66.84,97.68,72.2,,,,,,,0.9
,,,,,,,,,,,,,,,,,,,,,,45.81,52.15,30.86,44.56,50.63,43.86,50.92,50.29,46.92,45.42,52.14,42.02,49.33,28.91,35.54,38.01,48.98,56.56,40.77,46.64,46.61,51.69,44.41,64.22,32.22,53.79,25.29,37.67,41.48,34.81,60.17,40.43,32.06,52.9,36.81,55.72,53.06,46.62,37.52,47.6,43.79,34.46,47.46,53.21,42.19,35.68,46.15,30.28,56.37,51.16,43.85,17.86,32.3,44.79,58.65,44.56,63.63,77.52,40.86,30.04,57.37,45.91,52.31,40.5,47.35,53.04,40.18,55.11,35.17,50.63,44.1,34.37,43.54,55.2,57.86,32.52,38.63,37.77,38.98,45.82,70.24,46.11,42.06,58.8,41.23,39.51,48.32,50.66,46.08,51.59,47.86,49.44,35.32,33.55,26.21,49.74,34.59,51.25,43.86,46.23,46.52,42.84,42.54,38.13,43.24,43.44,62.95,27.55,43.51,31.92,41.13,25.74,37.22,51.84,35.33,58.75,40.97,47.56,32.26,49.89,52.33,38.87,48.84,27.27,48.14,41.06,39.09,24.62,49.7,39.57,48.74,69.29,26.38,54.45,43.74,53.66,60.27,32.78,30.78,51.45,30.23,45.38,48.2,52.03,35.09,44.43,45.28,44.27,64.76,62.41,43.1,44.99,52.18,44.42,46.9,29.8,49.94,61.91,45.61,38.61,56.07,46.63,31.0,44.85,42.15,54.79,55.22,52.81,50.98,45.13,37.86,43.01,28.14,45.92,30.26,34.65,38.92,31.62,37.41,37.63,50.25,35.27,40.71,37.73,33.44,48.95,37.38,39.86,41.27,66.5,55.76,41.42,52.94,53.15,51.31,67.14,58.3,39.22,40.18,32.66,45.29,23.79,37.97,43.16,52.51,55.39,36.78,42.27,28.64,53.74,38.01,41.25,61.11,32.95,31.92,35.89,32.87,48.57,47.33,46.89,34.12,39.89,41.57,37.44,62.21,44.05,40.23,45.75,49.91,49.53,51.97,50.05,55.1,44.69,48.54,61.16,66.84,46.54,30.01,37.97,67.61,41.46,39.98,50.89,38.01,31.75,53.3,44.22,42.7,54.8,45.7,50.43,45.08,44.44,26.93,28.62,60.98,47.59,54.44,23.18,37.49,46.43,54.31,30.75,46.11,52.44,49.8,48.96,53.8,34.63,36.93,44.53,31.79,51.57,46.23,44.07,37.47,36.4,49.54,70.06,41.19,42.69,37.19,48.11,44.16,22.18,48.52,52.8,44.24,51.23,29.89,31.37,43.29,50.71,51.04,47.69,42.1,27.98,52.59,59.05,40.39,58.97,42.72,34.86,30.25,33.36,51.32,28.38,50.86,49.82,68.88,35.26,48.49,31.63,30.4,45.25,29.86,49.52,41.16,43.58,53.24,40.02,42.62,46.53,48.07,44.1,44.19,35.52,61.64,39.93,42.6,61.23,23.97,37.66,70.66,36.42,39.13,42.97,41.52,37.1,28.79,43.15,63.5,29.94,49.97,49.63,35.4,37.7,33.27,46.94,34.3,51.75,42.39,37.34,40.05,34.15,42.82,60.41,34.55,16.54,62.29,50.2,49.32,42.14,34.2,35.93,29.21,36.74,25.53,47.01,29.78,46.73,39.27,58.12,41.73,55.52,45.57,32.17,56.96,58.24,74.52,47.97,27.03,50.1,42.28,49.51,27.99,61.59,53.98,48.42,28.52,36.51,38.51,55.32,54.76,44.58,57.0,45.15,39.71,39.25,47.37,58.17,28.66,40.88,42.98,61.06,47.57,45.81,46.18,51.57,43.16,56.03,41.19,64.66,46.25,48.61,50.95,55.22,26.85,41.62,49.61,39.25,51.08,37.58,40.27,55.4,53.13,56.29,36.52,45.09,50.94,42.53,37.46,37.68,57.2,31.14,44.18,66.34,48.13,43.44,44.53,43.36,43.74,54.01,60.85,50.22,32.2,35.06,69.23,39.83,53.65,38.45,43.81,37.38,52.66,44.71,33.3,26.35,35.02,35.35,45.59,57.13,54.73,45.16,27.57,70.85,53.35,36.17,45.19,41.93,56.44,72.27,39.61,29.34,27.2,47.95,33.27,48.21,39.0,54.12,49.22,61.41,44.82,42.47,46.5,47.47,45.77,57.77,48.92,42.08,62.22,46.57,52.73,40.0,43.15,39.33,39.42,44.63,58.99,46.16,,,,,,,1.02
,,,,,,,,,,,,,,,,,,,,,,14.15,15.89,10.6,14.66,19.29,16.08,17.08,13.41,19.61,16.96,19.25,15.23,18.06,8.63,13.0,14.97,17.41,20.89,13.13,17.69,12.79,15.93,11.8,20.7,15.19,19.64,12.73,13.32,13.63,9.74,23.57,14.02,11.32,17.13,15.58,17.25,18.11,14.84,13.41,18.91,14.15,13.02,16.15,17.86,14.08,11.87,16.01,9.47,18.06,16.0,13.64,9.2,11.3,14.41,19.26,14.34,20.73,25.09,13.42,10.98,20.45,14.83,17.81,12.48,17.89,19.0,14.38,15.04,12.28,16.48,14.59,11.48,13.31,16.96,19.66,10.52,12.1,12.86,13.88,12.82,19.17,14.98,14.36,19.99,14.08,12.99,17.53,15.78,14.21,19.14,15.58,17.15,12.75,11.12,10.25,16.27,10.65,16.86,12.62,15.46,16.17,13.95,14.64,12.49,14.42,13.42,18.57,12.51,15.22,11.2,15.98,12.31,14.99,15.13,15.01,18.74,14.68,12.86,11.66,16.94,15.73,12.52,15.71,9.2,15.67,13.13,11.57,8.37,17.64,12.78,16.33,23.52,11.26,16.33,12.57,17.53,18.65,10.87,10.46,15.74,9.2,15.59,15.45,14.31,11.57,15.03,17.99,12.37,19.1,21.42,14.69,17.29,14.37,14.8,12.39,9.68,16.76,21.0,14.94,14.61,18.96,15.43,11.27,18.44,14.16,21.48,18.06,17.47,19.52,15.96,13.16,13.57,9.17,14.69,10.67,12.63,11.98,11.0,10.8,13.29,16.8,12.04,14.01,15.24,12.28,12.68,14.26,13.8,11.35,20.52,17.81,16.2,14.16,17.69,15.33,21.26,18.3,14.37,12.29,10.3,14.85,6.43,12.91,15.23,15.81,15.8,10.36,13.29,7.33,16.08,13.03,14.22,20.21,14.79,10.75,11.18,16.87,14.6,16.35,15.53,12.12,14.81,12.92,14.47,18.69,13.1,14.51,15.6,17.41,15.29,17.82,15.43,19.33,15.89,17.91,20.35,20.98,16.02,11.52,14.32,21.84,12.22,11.57,18.55,13.45,13.13,16.95,16.06,16.22,18.31,12.21,18.66,14.01,15.67,8.81,11.78,18.76,18.18,20.68,12.12,13.46,13.72,17.47,10.69,15.58,18.3,17.85,16.31,17.28,10.58,10.54,12.82,9.5,16.34,14.0,16.54,11.95,14.94,16.54,21.64,12.07,14.53,12.28,14.69,13.04,9.17,19.24,18.45,18.48,15.64,8.55,11.29,14.0,16.52,13.92,15.82,14.66,13.52,18.82,19.9,12.01,17.17,12.31,10.08,11.13,10.52,14.48,9.72,13.97,18.95,22.53,14.11,14.42,13.35,12.29,16.99,10.52,15.39,11.89,14.51,13.65,15.11,14.03,14.71,16.12,13.14,12.78,13.06,17.53,14.41,16.75,21.36,10.71,10.19,23.12,11.89,12.22,12.74,13.46,12.74,12.6,16.31,22.07,10.62,18.39,15.84,14.65,12.12,12.7,14.61,10.78,16.72,14.07,14.28,12.89,12.62,11.59,18.64,15.25,3.91,22.25,16.2,16.81,11.99,10.89,11.52,10.67,13.52,10.52,15.54,11.44,15.1,13.7,19.04,12.7,21.17,14.31,11.01,17.61,19.14,22.9,15.61,9.65,15.63,11.33,17.79,12.73,21.76,16.06,15.93,9.29,13.01,11.34,17.94,17.31,15.98,20.36,14.47,14.2,12.51,13.07,17.51,10.59,12.27,17.89,17.99,17.62,14.26,12.48,17.22,13.18,19.64,12.88,20.78,18.96,15.26,18.17,17.56,8.14,14.66,12.92,13.23,16.4,12.25,14.64,17.77,16.7,19.15,10.18,13.89,14.56,13.52,13.54,16.4,20.2,8.37,14.87,19.58,16.25,16.79,13.55,16.04,13.13,18.91,20.28,15.79,13.59,9.39,20.02,13.95,17.91,14.4,13.96,11.7,17.99,14.69,12.2,11.45,13.34,11.61,15.75,18.86,18.22,15.07,11.0,20.79,16.92,13.94,16.34,14.24,17.8,18.69,13.85,10.98,11.92,14.88,12.26,14.99,11.43,17.5,15.47,18.78,16.75,15.35,15.1,15.35,15.13,19.79,14.17,14.17,19.12,16.35,18.6,15.03,13.85,13.54,15.88,15.86,17.88,12.59,,,,,,,1.08
,,,,,,,,,,,,,,,,,,,,,,7.91,6.69,3.78,6.25,7.73,6.32,6.79,6.3,8.26,6.26,6.89,6.36,6.76,2.83,5.72,6.61,6.15,8.78,6.68,6.77,4.3,7.71,4.01,8.01,6.45,7.43,5.28,6.61,5.63,4.04,8.81,6.34,5.25,6.51,6.27,6.84,5.84,5.28,6.09,7.04,5.86,4.32,5.29,7.6,5.12,5.0,6.03,4.12,7.68,5.38,4.3,4.77,4.95,4.83,8.74,5.78,8.53,10.2,5.52,4.31,8.68,7.15,7.26,5.59,7.53,6.81,6.6,6.01,5.4,5.15,5.63,4.64,5.39,6.53,8.28,4.9,5.13,5.56,5.52,4.94,8.09,5.75,5.22,7.98,6.36,5.4,6.91,6.54,6.63,6.85,6.87,8.42,5.03,3.9,4.68,5.49,4.73,6.96,4.11,6.29,5.82,6.07,5.17,5.13,5.64,6.33,6.52,5.83,6.87,4.39,6.52,4.36,6.98,5.68,6.55,6.97,5.24,5.42,4.86,7.05,7.81,5.2,6.31,3.8,6.46,5.15,5.73,3.33,6.47,5.57,6.82,8.46,4.92,5.72,4.26,6.93,7.02,4.94,5.04,6.05,4.64,6.55,6.69,5.87,5.12,5.55,7.84,5.32,6.29,8.47,5.76,6.64,5.3,5.81,6.14,4.69,5.84,7.57,6.6,5.41,6.82,6.7,4.85,8.25,6.18,8.09,6.07,6.65,7.1,5.72,5.97,6.3,3.87,5.69,5.13,5.6,4.55,5.6,5.35,5.73,7.85,5.89,4.7,6.81,5.23,4.85,5.61,5.52,3.41,8.1,6.87,6.39,5.62,6.99,5.76,7.06,6.94,4.81,5.13,4.98,6.05,2.91,5.79,6.79,4.81,6.05,4.04,4.59,4.21,7.36,5.68,5.9,7.87,6.62,5.47,4.71,6.65,6.22,6.57,6.6,3.85,5.44,5.19,6.34,7.3,4.32,6.06,6.03,6.35,6.77,6.94,5.49,7.23,6.29,7.22,7.72,8.87,5.91,5.55,5.81,8.52,5.79,4.11,7.43,5.37,5.84,5.95,5.55,7.5,7.48,4.84,7.12,4.66,5.86,3.34,4.29,7.4,7.68,7.42,5.84,5.94,5.99,6.72,4.18,5.72,7.28,7.46,7.0,6.59,6.07,3.16,4.45,4.11,6.69,5.61,6.02,5.0,6.43,6.4,8.13,5.49,6.98,4.55,5.54,5.4,4.15,7.53,7.23,6.18,5.96,3.41,4.14,4.74,7.08,5.21,6.32,7.35,6.52,7.15,8.21,5.13,7.1,5.26,4.2,5.29,4.17,5.47,4.63,6.46,7.01,8.24,6.49,5.04,4.78,4.56,6.16,5.5,6.64,5.01,6.45,4.53,6.01,6.43,5.04,5.95,4.51,5.65,5.94,5.84,5.44,7.08,7.8,5.38,4.62,8.19,4.04,5.08,4.77,5.08,5.47,6.37,6.2,8.82,3.49,6.9,5.75,5.77,5.12,4.93,6.08,3.79,6.9,5.23,5.1,6.21,4.19,5.14,8.07,6.28,1.55,8.76,6.03,6.8,5.02,4.27,5.19,4.31,6.01,4.68,6.67,4.99,6.56,5.62,7.23,6.3,8.7,5.67,4.37,7.31,6.68,7.77,6.76,4.49,6.76,3.91,6.61,6.47,7.2,5.71,6.72,3.81,6.42,4.78,7.31,6.72,6.41,8.74,6.43,4.83,5.51,4.78,7.45,4.38,5.25,7.07,7.82,7.72,5.93,5.12,6.66,5.79,7.37,4.44,8.37,8.14,4.96,7.21,6.7,3.22,6.8,5.29,5.67,7.61,5.28,5.7,7.12,5.97,6.59,4.69,4.41,5.8,5.76,5.44,5.96,8.36,4.59,4.72,7.33,5.51,6.7,5.2,5.74,5.01,6.9,8.99,6.8,5.71,3.42,7.74,5.57,7.16,5.86,5.76,5.03,6.48,5.8,3.91,4.85,4.49,4.57,6.37,7.97,6.55,5.5,4.3,7.94,6.08,5.77,7.32,5.95,8.08,5.99,6.56,5.28,5.18,6.03,6.3,5.83,3.85,6.59,5.1,7.17,5.9,6.54,5.81,6.34,5.78,6.98,5.67,6.77,7.11,6.69,7.23,5.6,5.54,6.04,7.18,6.05,6.24,5.68,,,,,,,1.18
,,,,,,,,,,,,,,,,,,,,,,0.0,0.0,0.0,0.0,0.0,0.0,0.0,0.0,0.0,0.0,0.0,0.0,0.0,0.0,0.0,0.0,0.0,0.0,0.0,0.0,0.0,0.0,0.0,0.0,0.0,0.0,0.0,0.0,0.0,0.0,0.0,0.0,0.0,0.0,0.0,0.0,0.0,0.0,0.0,0.0,0.0,0.0,0.0,0.0,0.0,0.0,0.0,0.0,0.0,0.0,0.0,0.0,0.0,0.0,0.0,0.0,0.0,0.0,0.0,0.0,0.0,0.0,0.0,0.0,0.0,0.0,0.0,0.0,0.0,0.0,0.0,0.0,0.0,0.0,0.0,0.0,0.0,0.0,0.0,0.0,0.0,0.0,0.0,0.0,0.0,0.0,0.0,0.0,0.0,0.0,0.0,0.0,0.0,0.0,0.0,0.0,0.0,0.0,0.0,0.0,0.0,0.0,0.0,0.0,0.0,0.0,0.0,0.0,0.0,0.0,0.0,0.0,0.0,0.0,0.0,0.0,0.0,0.0,0.0,0.0,0.0,0.0,0.0,0.0,0.0,0.0,0.0,0.0,0.0,0.0,0.0,0.0,0.0,0.0,0.0,0.0,0.0,0.0,0.0,0.0,0.0,0.0,0.0,0.0,0.0,0.0,0.0,0.0,0.0,0.0,0.0,0.0,0.0,0.0,0.0,0.0,0.0,0.0,0.0,0.0,0.0,0.0,0.0,0.0,0.0,0.0,0.0,0.0,0.0,0.0,0.0,0.0,0.0,0.0,0.0,0.0,0.0,0.0,0.0,0.0,0.0,0.0,0.0,0.0,0.0,0.0,0.0,0.0,0.0,0.0,0.0,0.0,0.0,0.0,0.0,0.0,0.0,0.0,0.0,0.0,0.0,0.0,0.0,0.0,0.0,0.0,0.0,0.0,0.0,0.0,0.0,0.0,0.0,0.0,0.0,0.0,0.0,0.0,0.0,0.0,0.0,0.0,0.0,0.0,0.0,0.0,0.0,0.0,0.0,0.0,0.0,0.0,0.0,0.0,0.0,0.0,0.0,0.0,0.0,0.0,0.0,0.0,0.0,0.0,0.0,0.0,0.0,0.0,0.0,0.0,0.0,0.0,0.0,0.0,0.0,0.0,0.0,0.0,0.0,0.0,0.0,0.0,0.0,0.0,0.0,0.0,0.0,0.0,0.0,0.0,0.0,0.0,0.0,0.0,0.0,0.0,0.0,0.0,0.0,0.0,0.0,0.0,0.0,0.0,0.0,0.0,0.0,0.0,0.0,0.0,0.0,0.0,0.0,0.0,0.0,0.0,0.0,0.0,0.0,0.0,0.0,0.0,0.0,0.0,0.0,0.0,0.0,0.0,0.0,0.0,0.0,0.0,0.0,0.0,0.0,0.0,0.0,0.0,0.0,0.0,0.0,0.0,0.0,0.0,0.0,0.0,0.0,0.0,0.0,0.0,0.0,0.0,0.0,0.0,0.0,0.0,0.0,0.0,0.0,0.0,0.0,0.0,0.0,0.0,0.0,0.0,0.0,0.0,0.0,0.0,0.0,0.0,0.0,0.0,0.0,0.0,0.0,0.0,0.0,0.0,0.0,0.0,0.0,0.0,0.0,0.0,0.0,0.0,0.0,0.0,0.0,0.0,0.0,0.0,0.0,0.0,0.0,0.0,0.0,0.0,0.0,0.0,0.0,0.0,0.0,0.0,0.0,0.0,0.0,0.0,0.0,0.0,0.0,0.0,0.0,0.0,0.0,0.0,0.0,0.0,0.0,0.0,0.0,0.0,0.0,0.0,0.0,0.0,0.0,0.0,0.0,0.0,0.0,0.0,0.0,0.0,0.0,0.0,0.0,0.0,0.0,0.0,0.0,0.0,0.0,0.0,0.0,0.0,0.0,0.0,0.0,0.0,0.0,0.0,0.0,0.0,0.0,0.0,0.0,0.0,0.0,0.0,0.0,0.0,0.0,0.0,0.0,0.0,0.0,0.0,0.0,0.0,0.0,0.0,0.0,0.0,0.0,0.0,0.0,0.0,0.0,0.0,0.0,0.0,0.0,0.0,0.0,0.0,0.0,0.0,0.0,0.0,0.0,0.0,0.0,0.0,0.0,0.0,0.0,0.0,0.0,0.0,0.0,0.0,0.0,0.0,0.0,0.0,0.0,0.0,0.0,0.0,0.0,0.0,0.0,0.0,0.0,0.0,0.0,0.0,,,,,,,1.28
,,,,,,,,,,,,,,,,,,,,,,0.0,0.0,0.0,0.0,0.0,0.0,0.0,0.0,0.0,0.0,0.0,0.0,0.0,0.0,0.0,0.0,0.0,0.0,0.0,0.0,0.0,0.0,0.0,0.0,0.0,0.0,0.0,0.0,0.0,0.0,0.0,0.0,0.0,0.0,0.0,0.0,0.0,0.0,0.0,0.0,0.0,0.0,0.0,0.0,0.0,0.0,0.0,0.0,0.0,0.0,0.0,0.0,0.0,0.0,0.0,0.0,0.0,0.0,0.0,0.0,0.0,0.0,0.0,0.0,0.0,0.0,0.0,0.0,0.0,0.0,0.0,0.0,0.0,0.0,0.0,0.0,0.0,0.0,0.0,0.0,0.0,0.0,0.0,0.0,0.0,0.0,0.0,0.0,0.0,0.0,0.0,0.0,0.0,0.0,0.0,0.0,0.0,0.0,0.0,0.0,0.0,0.0,0.0,0.0,0.0,0.0,0.0,0.0,0.0,0.0,0.0,0.0,0.0,0.0,0.0,0.0,0.0,0.0,0.0,0.0,0.0,0.0,0.0,0.0,0.0,0.0,0.0,0.0,0.0,0.0,0.0,0.0,0.0,0.0,0.0,0.0,0.0,0.0,0.0,0.0,0.0,0.0,0.0,0.0,0.0,0.0,0.0,0.0,0.0,0.0,0.0,0.0,0.0,0.0,0.0,0.0,0.0,0.0,0.0,0.0,0.0,0.0,0.0,0.0,0.0,0.0,0.0,0.0,0.0,0.0,0.0,0.0,0.0,0.0,0.0,0.0,0.0,0.0,0.0,0.0,0.0,0.0,0.0,0.0,0.0,0.0,0.0,0.0,0.0,0.0,0.0,0.0,0.0,0.0,0.0,0.0,0.0,0.0,0.0,0.0,0.0,0.0,0.0,0.0,0.0,0.0,0.0,0.0,0.0,0.0,0.0,0.0,0.0,0.0,0.0,0.0,0.0,0.0,0.0,0.0,0.0,0.0,0.0,0.0,0.0,0.0,0.0,0.0,0.0,0.0,0.0,0.0,0.0,0.0,0.0,0.0,0.0,0.0,0.0,0.0,0.0,0.0,0.0,0.0,0.0,0.0,0.0,0.0,0.0,0.0,0.0,0.0,0.0,0.0,0.0,0.0,0.0,0.0,0.0,0.0,0.0,0.0,0.0,0.0,0.0,0.0,0.0,0.0,0.0,0.0,0.0,0.0,0.0,0.0,0.0,0.0,0.0,0.0,0.0,0.0,0.0,0.0,0.0,0.0,0.0,0.0,0.0,0.0,0.0,0.0,0.0,0.0,0.0,0.0,0.0,0.0,0.0,0.0,0.0,0.0,0.0,0.0,0.0,0.0,0.0,0.0,0.0,0.0,0.0,0.0,0.0,0.0,0.0,0.0,0.0,0.0,0.0,0.0,0.0,0.0,0.0,0.0,0.0,0.0,0.0,0.0,0.0,0.0,0.0,0.0,0.0,0.0,0.0,0.0,0.0,0.0,0.0,0.0,0.0,0.0,0.0,0.0,0.0,0.0,0.0,0.0,0.0,0.0,0.0,0.0,0.0,0.0,0.0,0.0,0.0,0.0,0.0,0.0,0.0,0.0,0.0,0.0,0.0,0.0,0.0,0.0,0.0,0.0,0.0,0.0,0.0,0.0,0.0,0.0,0.0,0.0,0.0,0.0,0.0,0.0,0.0,0.0,0.0,0.0,0.0,0.0,0.0,0.0,0.0,0.0,0.0,0.0,0.0,0.0,0.0,0.0,0.0,0.0,0.0,0.0,0.0,0.0,0.0,0.0,0.0,0.0,0.0,0.0,0.0,0.0,0.0,0.0,0.0,0.0,0.0,0.0,0.0,0.0,0.0,0.0,0.0,0.0,0.0,0.0,0.0,0.0,0.0,0.0,0.0,0.0,0.0,0.0,0.0,0.0,0.0,0.0,0.0,0.0,0.0,0.0,0.0,0.0,0.0,0.0,0.0,0.0,0.0,0.0,0.0,0.0,0.0,0.0,0.0,0.0,0.0,0.0,0.0,0.0,0.0,0.0,0.0,0.0,0.0,0.0,0.0,0.0,0.0,0.0,0.0,0.0,0.0,0.0,0.0,0.0,0.0,0.0,0.0,0.0,0.0,0.0,0.0,0.0,0.0,0.0,0.0,0.0,0.0,0.0,0.0,0.0,0.0,0.0,0.0,0.0,0.0,0.0,0.0,0.0,0.0,0.0,,,,,,,1.26
,,,,,,,,,,,,,,,,,,,,,,0.0,0.0,0.0,0.0,0.0,0.0,0.0,0.0,0.0,0.0,0.0,0.0,0.0,0.0,0.0,0.0,0.0,0.0,0.0,0.0,0.0,0.0,0.0,0.0,0.0,0.0,0.0,0.0,0.0,0.0,0.0,0.0,0.0,0.0,0.0,0.0,0.0,0.0,0.0,0.0,0.0,0.0,0.0,0.0,0.0,0.0,0.0,0.0,0.0,0.0,0.0,0.0,0.0,0.0,0.0,0.0,0.0,0.0,0.0,0.0,0.0,0.0,0.0,0.0,0.0,0.0,0.0,0.0,0.0,0.0,0.0,0.0,0.0,0.0,0.0,0.0,0.0,0.0,0.0,0.0,0.0,0.0,0.0,0.0,0.0,0.0,0.0,0.0,0.0,0.0,0.0,0.0,0.0,0.0,0.0,0.0,0.0,0.0,0.0,0.0,0.0,0.0,0.0,0.0,0.0,0.0,0.0,0.0,0.0,0.0,0.0,0.0,0.0,0.0,0.0,0.0,0.0,0.0,0.0,0.0,0.0,0.0,0.0,0.0,0.0,0.0,0.0,0.0,0.0,0.0,0.0,0.0,0.0,0.0,0.0,0.0,0.0,0.0,0.0,0.0,0.0,0.0,0.0,0.0,0.0,0.0,0.0,0.0,0.0,0.0,0.0,0.0,0.0,0.0,0.0,0.0,0.0,0.0,0.0,0.0,0.0,0.0,0.0,0.0,0.0,0.0,0.0,0.0,0.0,0.0,0.0,0.0,0.0,0.0,0.0,0.0,0.0,0.0,0.0,0.0,0.0,0.0,0.0,0.0,0.0,0.0,0.0,0.0,0.0,0.0,0.0,0.0,0.0,0.0,0.0,0.0,0.0,0.0,0.0,0.0,0.0,0.0,0.0,0.0,0.0,0.0,0.0,0.0,0.0,0.0,0.0,0.0,0.0,0.0,0.0,0.0,0.0,0.0,0.0,0.0,0.0,0.0,0.0,0.0,0.0,0.0,0.0,0.0,0.0,0.0,0.0,0.0,0.0,0.0,0.0,0.0,0.0,0.0,0.0,0.0,0.0,0.0,0.0,0.0,0.0,0.0,0.0,0.0,0.0,0.0,0.0,0.0,0.0,0.0,0.0,0.0,0.0,0.0,0.0,0.0,0.0,0.0,0.0,0.0,0.0,0.0,0.0,0.0,0.0,0.0,0.0,0.0,0.0,0.0,0.0,0.0,0.0,0.0,0.0,0.0,0.0,0.0,0.0,0.0,0.0,0.0,0.0,0.0,0.0,0.0,0.0,0.0,0.0,0.0,0.0,0.0,0.0,0.0,0.0,0.0,0.0,0.0,0.0,0.0,0.0,0.0,0.0,0.0,0.0,0.0,0.0,0.0,0.0,0.0,0.0,0.0,0.0,0.0,0.0,0.0,0.0,0.0,0.0,0.0,0.0,0.0,0.0,0.0,0.0,0.0,0.0,0.0,0.0,0.0,0.0,0.0,0.0,0.0,0.0,0.0,0.0,0.0,0.0,0.0,0.0,0.0,0.0,0.0,0.0,0.0,0.0,0.0,0.0,0.0,0.0,0.0,0.0,0.0,0.0,0.0,0.0,0.0,0.0,0.0,0.0,0.0,0.0,0.0,0.0,0.0,0.0,0.0,0.0,0.0,0.0,0.0,0.0,0.0,0.0,0.0,0.0,0.0,0.0,0.0,0.0,0.0,0.0,0.0,0.0,0.0,0.0,0.0,0.0,0.0,0.0,0.0,0.0,0.0,0.0,0.0,0.0,0.0,0.0,0.0,0.0,0.0,0.0,0.0,0.0,0.0,0.0,0.0,0.0,0.0,0.0,0.0,0.0,0.0,0.0,0.0,0.0,0.0,0.0,0.0,0.0,0.0,0.0,0.0,0.0,0.0,0.0,0.0,0.0,0.0,0.0,0.0,0.0,0.0,0.0,0.0,0.0,0.0,0.0,0.0,0.0,0.0,0.0,0.0,0.0,0.0,0.0,0.0,0.0,0.0,0.0,0.0,0.0,0.0,0.0,0.0,0.0,0.0,0.0,0.0,0.0,0.0,0.0,0.0,0.0,0.0,0.0,0.0,0.0,0.0,0.0,0.0,0.0,0.0,0.0,0.0,0.0,0.0,0.0,0.0,0.0,0.0,0.0,0.0,0.0,0.0,0.0,0.0,0.0,0.0,0.0,0.0,0.0,0.0,0.0,0.0,,,,,,,1.1
,,,,,,,,,,,,,,,,,,,,,,0.0,0.0,0.0,0.0,0.0,0.0,0.0,0.0,0.0,0.0,0.0,0.0,0.0,0.0,0.0,0.0,0.0,0.0,0.0,0.0,0.0,0.0,0.0,0.0,0.0,0.0,0.0,0.0,0.0,0.0,0.0,0.0,0.0,0.0,0.0,0.0,0.0,0.0,0.0,0.0,0.0,0.0,0.0,0.0,0.0,0.0,0.0,0.0,0.0,0.0,0.0,0.0,0.0,0.0,0.0,0.0,0.0,0.0,0.0,0.0,0.0,0.0,0.0,0.0,0.0,0.0,0.0,0.0,0.0,0.0,0.0,0.0,0.0,0.0,0.0,0.0,0.0,0.0,0.0,0.0,0.0,0.0,0.0,0.0,0.0,0.0,0.0,0.0,0.0,0.0,0.0,0.0,0.0,0.0,0.0,0.0,0.0,0.0,0.0,0.0,0.0,0.0,0.0,0.0,0.0,0.0,0.0,0.0,0.0,0.0,0.0,0.0,0.0,0.0,0.0,0.0,0.0,0.0,0.0,0.0,0.0,0.0,0.0,0.0,0.0,0.0,0.0,0.0,0.0,0.0,0.0,0.0,0.0,0.0,0.0,0.0,0.0,0.0,0.0,0.0,0.0,0.0,0.0,0.0,0.0,0.0,0.0,0.0,0.0,0.0,0.0,0.0,0.0,0.0,0.0,0.0,0.0,0.0,0.0,0.0,0.0,0.0,0.0,0.0,0.0,0.0,0.0,0.0,0.0,0.0,0.0,0.0,0.0,0.0,0.0,0.0,0.0,0.0,0.0,0.0,0.0,0.0,0.0,0.0,0.0,0.0,0.0,0.0,0.0,0.0,0.0,0.0,0.0,0.0,0.0,0.0,0.0,0.0,0.0,0.0,0.0,0.0,0.0,0.0,0.0,0.0,0.0,0.0,0.0,0.0,0.0,0.0,0.0,0.0,0.0,0.0,0.0,0.0,0.0,0.0,0.0,0.0,0.0,0.0,0.0,0.0,0.0,0.0,0.0,0.0,0.0,0.0,0.0,0.0,0.0,0.0,0.0,0.0,0.0,0.0,0.0,0.0,0.0,0.0,0.0,0.0,0.0,0.0,0.0,0.0,0.0,0.0,0.0,0.0,0.0,0.0,0.0,0.0,0.0,0.0,0.0,0.0,0.0,0.0,0.0,0.0,0.0,0.0,0.0,0.0,0.0,0.0,0.0,0.0,0.0,0.0,0.0,0.0,0.0,0.0,0.0,0.0,0.0,0.0,0.0,0.0,0.0,0.0,0.0,0.0,0.0,0.0,0.0,0.0,0.0,0.0,0.0,0.0,0.0,0.0,0.0,0.0,0.0,0.0,0.0,0.0,0.0,0.0,0.0,0.0,0.0,0.0,0.0,0.0,0.0,0.0,0.0,0.0,0.0,0.0,0.0,0.0,0.0,0.0,0.0,0.0,0.0,0.0,0.0,0.0,0.0,0.0,0.0,0.0,0.0,0.0,0.0,0.0,0.0,0.0,0.0,0.0,0.0,0.0,0.0,0.0,0.0,0.0,0.0,0.0,0.0,0.0,0.0,0.0,0.0,0.0,0.0,0.0,0.0,0.0,0.0,0.0,0.0,0.0,0.0,0.0,0.0,0.0,0.0,0.0,0.0,0.0,0.0,0.0,0.0,0.0,0.0,0.0,0.0,0.0,0.0,0.0,0.0,0.0,0.0,0.0,0.0,0.0,0.0,0.0,0.0,0.0,0.0,0.0,0.0,0.0,0.0,0.0,0.0,0.0,0.0,0.0,0.0,0.0,0.0,0.0,0.0,0.0,0.0,0.0,0.0,0.0,0.0,0.0,0.0,0.0,0.0,0.0,0.0,0.0,0.0,0.0,0.0,0.0,0.0,0.0,0.0,0.0,0.0,0.0,0.0,0.0,0.0,0.0,0.0,0.0,0.0,0.0,0.0,0.0,0.0,0.0,0.0,0.0,0.0,0.0,0.0,0.0,0.0,0.0,0.0,0.0,0.0,0.0,0.0,0.0,0.0,0.0,0.0,0.0,0.0,0.0,0.0,0.0,0.0,0.0,0.0,0.0,0.0,0.0,0.0,0.0,0.0,0.0,0.0,0.0,0.0,0.0,0.0,0.0,0.0,0.0,0.0,0.0,0.0,0.0,0.0,0.0,0.0,0.0,0.0,0.0,0.0,0.0,0.0,0.0,0.0,0.0,0.0,0.0,,,,,,,0.9
,,,,,,,,,,,,,,,,,,,,,,4.15,4.22,2.15,4.63,2.35,1.67,5.97,0.0,2.22,3.68,4.25,0.0,9.47,4.49,2.91,3.37,5.48,0.0,6.16,4.46,0.97,7.93,0.65,0.0,1.78,1.61,2.88,3.64,3.13,0.92,0.0,2.94,6.05,3.8,0.51,5.21,3.07,3.97,4.92,1.32,0.54,4.94,4.97,0.67,3.38,1.5,3.36,1.16,4.27,2.67,3.75,8.77,2.23,4.29,4.52,3.6,3.57,0.0,2.74,3.6,1.65,4.39,1.87,3.85,11.41,4.7,2.64,0.39,2.93,1.34,7.06,5.47,5.97,4.35,3.29,4.79,4.29,0.0,2.4,1.55,5.14,0.53,5.58,6.35,3.03,2.63,4.23,1.25,1.72,4.4,1.74,2.29,3.88,6.34,0.0,4.95,0.77,2.44,2.81,2.57,3.08,2.28,2.76,1.81,4.69,1.45,0.12,5.19,0.0,0.3,1.74,1.96,5.9,0.0,4.78,7.53,0.0,3.77,5.68,6.61,4.03,2.39,1.26,2.62,0.82,1.57,0.29,6.61,2.27,2.63,2.68,5.39,0.44,7.79,2.0,3.09,3.93,3.61,0.88,7.04,3.44,0.7,2.64,2.26,1.38,5.16,6.66,0.12,0.0,0.81,4.55,3.91,3.54,0.19,3.07,4.46,2.23,2.01,5.17,2.36,3.33,4.51,2.03,0.6,5.73,1.39,0.0,7.6,1.2,2.73,0.0,6.39,4.96,0.73,3.11,0.0,5.02,0.22,0.0,4.44,1.9,4.93,5.21,2.62,2.82,3.4,3.36,1.26,0.0,1.23,1.14,4.31,0.85,1.82,3.76,2.95,0.0,5.7,0.53,4.56,4.16,0.82,0.87,0.54,6.76,4.15,7.03,2.17,0.96,1.45,3.04,1.97,4.77,5.07,5.49,5.92,0.88,2.22,3.08,5.11,4.85,0.89,1.62,5.72,3.51,1.32,7.05,5.6,2.88,1.02,4.18,0.57,2.66,6.93,0.14,0.7,1.7,0.0,5.15,0.0,2.45,0.0,6.12,7.43,3.53,1.76,1.06,3.02,3.5,4.17,2.76,5.21,4.14,7.04,7.55,2.3,5.58,0.48,6.06,0.0,2.91,1.81,5.07,4.18,4.41,2.55,1.79,3.31,0.6,2.71,2.88,2.61,0.0,1.91,3.96,2.55,3.81,4.01,6.53,3.03,0.19,5.03,3.68,0.77,5.5,3.83,1.76,3.96,0.63,1.09,2.62,1.31,1.06,3.03,0.98,3.27,0.0,2.27,7.36,6.8,2.5,2.14,0.0,3.07,1.51,4.69,1.72,0.0,5.89,5.15,6.17,5.05,3.08,3.57,1.11,5.26,5.75,1.58,1.16,1.31,5.44,3.43,2.72,2.32,2.04,0.65,1.01,1.09,3.49,2.41,2.49,1.24,2.63,3.14,2.61,3.51,3.29,4.74,4.47,3.85,5.65,4.14,4.21,0.0,5.36,0.94,6.51,1.93,0.0,2.5,4.99,3.4,1.97,1.52,5.44,3.29,6.28,5.47,0.0,7.15,3.2,4.57,2.88,2.62,7.52,1.85,1.88,4.97,0.0,6.69,3.11,0.0,4.18,0.0,4.62,1.44,0.59,2.4,0.8,0.0,1.91,0.82,1.48,2.28,2.48,3.72,5.34,4.87,5.09,4.32,3.6,2.1,3.66,3.01,3.73,1.48,4.8,0.0,6.81,1.27,0.0,1.41,0.0,2.72,3.19,1.91,3.49,0.23,0.0,0.09,3.91,1.4,1.76,5.92,0.5,0.0,0.0,4.69,4.99,0.58,2.29,0.08,0.0,2.83,2.32,3.66,1.64,2.46,2.39,0.0,2.86,2.26,7.29,3.96,1.34,4.26,2.97,2.56,2.1,0.0,5.38,0.0,2.8,1.8,5.33,3.29,4.69,6.31,2.41,7.35,0.82,0.0,3.62,1.6,4.17,2.58,6.23,3.78,5.03,3.42,4.38,0.0,3.59,5.52,0.0,5.33,3.71,0.59,1.18,5.26,9.01,4.02,3.51,5.27,3.39,4.17,4.27,6.2,0.0,0.22,1.62,0.02,3.19,5.17,2.34,0.29,1.71,3.51,1.39,6.7,3.52,2.65,2.64,2.89,1.45,7.29,3.82,0.41,0.56,0.0,,,,,,,0.96
,,,,,,,,,,,,,,,,,,,,,,14.45,16.68,8.66,15.24,12.66,8.16,22.31,0.04,9.01,14.18,16.95,0.0,33.66,16.67,11.37,13.56,19.03,0.0,21.53,18.93,5.05,27.91,7.05,1.85,9.2,5.59,13.13,15.25,11.76,6.58,4.18,11.56,22.65,15.07,4.5,19.56,12.39,16.65,17.74,7.43,1.37,16.17,19.74,4.5,12.11,5.59,10.26,5.97,15.75,10.45,15.43,28.44,8.07,18.71,16.64,14.56,14.7,0.0,10.33,13.02,6.73,16.16,10.29,16.43,39.01,16.96,10.53,3.32,12.54,5.91,24.39,19.42,21.25,16.54,14.53,17.6,15.34,0.0,10.71,6.65,17.6,1.45,20.13,22.17,14.05,11.9,18.88,5.65,7.53,17.69,6.82,8.22,15.56,23.89,2.85,19.15,3.49,9.0,10.74,12.71,9.87,9.0,10.53,8.75,19.55,8.24,4.51,17.34,0.0,2.24,9.4,7.76,23.0,0.61,17.81,26.52,0.0,15.83,19.04,22.83,14.76,10.86,5.52,12.81,4.61,8.03,1.24,23.38,8.39,10.23,11.44,21.44,3.09,27.25,8.74,12.48,14.03,14.42,3.93,24.96,13.26,3.86,11.24,6.99,9.22,17.68,23.45,4.09,2.1,5.05,16.54,15.34,13.58,2.9,12.14,16.75,10.41,8.51,20.74,11.55,11.99,15.92,10.15,6.09,21.55,7.64,0.0,25.09,5.75,11.36,0.0,22.64,16.72,6.01,10.48,0.93,19.35,5.28,0.0,18.5,9.45,16.31,20.16,8.82,11.5,13.34,14.07,7.12,0.0,5.05,7.91,13.71,6.22,7.09,11.66,11.31,0.74,21.44,4.4,17.02,20.14,3.68,6.49,3.91,23.28,19.6,25.25,9.07,4.57,6.41,12.35,11.26,16.77,18.2,18.49,21.57,3.78,9.43,13.97,19.57,17.21,6.39,6.17,21.21,12.66,4.39,25.39,21.02,11.72,5.4,14.67,6.53,12.15,23.48,3.19,3.51,8.51,0.0,19.26,0.0,9.7,0.0,23.31,25.31,15.66,9.37,6.97,10.45,13.67,15.98,9.65,18.23,18.04,25.97,26.86,8.58,19.53,5.36,21.31,1.79,11.87,8.98,17.89,16.24,15.46,10.3,9.09,11.87,2.84,11.18,8.24,10.43,0.0,8.53,16.49,10.63,15.03,16.89,22.75,12.11,2.63,18.17,14.58,5.83,21.09,15.23,8.14,14.67,5.91,5.21,10.81,6.74,3.49,12.84,5.88,13.61,0.0,8.62,24.94,24.24,10.62,10.69,1.59,11.88,6.51,16.15,6.46,0.0,20.05,20.04,21.44,21.97,10.95,14.76,7.18,18.6,21.38,6.02,6.66,6.77,21.85,11.74,9.93,8.94,7.68,5.95,6.72,6.05,12.61,8.16,11.73,6.19,9.68,12.16,11.47,13.8,11.79,18.07,17.56,14.83,21.05,14.11,14.37,0.0,20.1,4.2,23.14,9.18,0.0,13.13,19.16,14.05,7.32,6.87,19.31,12.15,22.27,22.25,0.0,26.87,13.33,17.35,9.43,9.57,25.05,7.98,8.72,19.15,0.0,25.15,11.83,0.0,16.0,0.0,17.44,7.12,4.76,9.97,5.42,0.0,7.8,3.84,7.3,10.15,11.33,16.22,18.82,20.04,19.85,16.31,13.63,8.76,12.13,11.02,14.49,7.79,18.24,0.0,23.06,6.8,0.0,7.4,0.0,11.43,13.36,9.2,12.51,4.13,1.78,0.55,14.35,7.4,7.0,20.3,3.78,2.52,0.0,19.5,19.64,4.61,8.51,2.31,0.0,13.13,9.44,12.48,5.14,10.68,9.27,0.0,11.01,10.98,24.7,16.74,7.46,17.84,11.85,10.47,9.4,0.0,20.38,0.0,12.42,10.19,18.85,11.8,17.99,20.74,11.05,25.98,3.41,0.0,13.61,5.99,16.99,10.57,21.15,14.6,20.22,16.45,15.93,1.11,15.2,20.14,1.02,19.11,12.79,3.43,2.91,20.34,31.06,14.54,13.11,17.49,12.2,15.79,16.35,24.32,0.0,2.72,7.89,0.93,14.94,20.35,11.08,2.63,5.31,12.03,5.56,26.25,13.46,9.36,10.96,10.72,8.67,26.21,14.37,4.03,6.4,1.86,,,,,,,1.22
,,,,,,,,,,,,,,,,,,,,,,34.91,35.56,22.39,34.84,33.04,23.69,51.57,6.18,22.89,34.45,39.91,0.0,75.17,41.89,25.9,28.09,43.04,0.0,42.64,49.23,10.73,60.35,25.21,7.76,21.56,13.13,33.39,39.37,30.33,21.15,15.37,28.8,53.77,36.65,17.3,43.47,28.75,42.04,44.66,22.79,6.67,39.25,47.38,20.61,28.08,20.56,23.57,19.14,35.08,28.02,31.87,62.52,15.05,45.72,39.46,34.61,36.71,0.0,26.93,30.77,18.02,40.49,28.57,39.95,80.9,45.22,26.29,11.06,31.48,19.16,52.41,47.7,48.53,39.81,33.17,45.44,37.47,1.75,30.7,18.93,40.04,7.92,50.76,54.93,35.72,29.43,42.53,16.1,27.86,43.18,12.76,19.95,31.2,56.18,10.59,46.43,15.38,26.17,22.93,30.3,25.69,25.89,30.78,25.07,44.99,20.12,13.2,42.3,4.14,11.52,23.63,19.73,54.77,2.19,43.84,50.59,2.75,36.55,45.23,50.81,32.01,27.21,19.44,31.46,14.27,22.23,7.25,51.52,20.7,25.6,29.92,48.22,8.18,60.77,24.02,31.12,34.76,33.25,13.38,50.1,29.57,13.77,27.06,25.24,21.44,47.51,53.15,18.96,14.83,10.46,42.24,42.91,30.2,7.47,28.66,38.63,26.76,20.74,48.78,31.96,26.74,37.0,23.05,19.11,51.15,22.73,0.0,56.64,17.79,33.37,0.0,48.9,36.3,20.32,26.13,9.15,39.88,17.03,0.0,44.02,28.05,40.92,51.1,22.39,29.64,30.76,33.27,14.09,1.1,17.92,21.61,33.19,18.27,25.35,24.9,29.14,0.0,53.96,15.27,36.0,48.26,10.48,17.75,7.45,47.86,43.08,51.83,20.47,16.68,17.42,26.38,32.19,40.25,41.85,39.61,45.86,14.83,27.23,31.14,42.01,34.13,22.71,17.57,50.67,27.84,16.71,59.52,47.59,25.77,19.54,32.64,24.73,24.17,49.82,11.22,17.17,24.33,0.42,44.99,7.37,25.61,1.55,52.71,56.89,32.78,26.45,20.24,24.79,32.9,36.85,27.21,44.15,45.03,60.0,56.79,22.44,49.25,16.56,49.0,8.47,32.76,23.4,40.31,37.73,38.46,27.57,24.81,26.33,14.69,28.97,20.86,23.39,1.85,29.8,38.57,36.39,37.46,34.29,55.76,26.93,10.22,39.96,38.75,17.65,50.59,37.18,22.05,34.53,22.22,19.04,33.21,21.27,11.85,28.56,21.16,33.08,0.0,27.36,51.48,51.38,28.28,29.44,11.08,28.78,18.47,33.53,17.66,0.0,48.59,48.03,42.64,51.42,29.2,36.67,21.75,44.44,51.73,21.34,15.05,20.11,46.06,29.07,22.09,21.19,22.96,14.11,20.42,16.46,31.15,23.21,33.58,18.76,20.71,26.93,27.16,37.32,30.39,38.97,44.27,32.57,51.43,38.21,29.56,0.73,47.47,11.97,47.62,22.4,0.52,31.42,37.76,35.45,16.93,20.2,42.66,26.27,49.62,48.53,0.0,58.16,28.81,44.61,21.91,26.3,57.84,23.05,27.14,43.32,0.0,59.79,24.47,0.0,38.79,0.0,40.59,21.21,16.0,25.28,15.74,7.96,21.64,15.09,22.42,23.55,29.13,37.82,41.22,49.43,46.17,34.54,34.26,20.77,29.26,25.42,34.4,17.77,40.15,0.0,50.96,20.1,1.04,20.49,1.73,28.53,31.86,27.71,28.23,12.43,9.08,1.22,38.78,20.02,25.47,47.18,13.32,7.8,0.48,46.17,45.91,12.44,25.85,8.88,0.0,30.72,18.79,31.35,17.27,24.04,19.17,0.0,28.82,29.71,53.32,43.01,20.38,41.07,28.76,23.85,22.35,2.37,52.48,0.0,31.52,29.34,44.95,25.94,39.31,48.44,29.32,56.08,8.02,0.0,33.73,17.37,47.04,26.95,49.55,42.83,51.26,42.17,37.32,12.48,31.84,46.59,8.87,43.34,29.73,9.53,9.34,46.77,68.1,33.12,31.26,36.75,28.48,37.99,37.75,51.49,5.71,9.5,24.25,9.57,35.73,50.53,27.67,8.87,11.37,32.0,17.01,59.59,36.89,28.81,30.44,24.19,20.5,63.55,36.06,14.71,19.93,7.93,,,,,,,1.26
,,,,,,,,,,,,,,,,,,,,,,64.91,59.57,32.14,58.61,67.66,39.21,89.62,16.64,39.27,64.04,73.31,0.0,125.32,83.87,60.04,43.47,74.94,8.08,77.03,82.22,15.87,96.42,47.8,17.88,38.34,29.87,60.43,68.16,58.55,38.48,19.26,50.16,89.42,67.19,34.39,78.07,51.41,78.03,76.91,40.89,18.03,65.36,74.33,41.82,48.55,39.19,44.08,39.95,51.82,43.44,54.52,106.25,29.83,82.63,70.2,52.92,59.46,18.45,53.94,49.01,36.07,71.95,57.6,71.31,126.49,78.45,46.76,28.47,52.29,35.61,75.73,79.24,85.78,74.42,58.7,82.47,66.33,13.72,49.07,39.48,72.12,21.01,91.04,96.09,64.83,53.0,69.26,32.29,49.25,69.03,31.89,27.55,57.5,98.27,26.76,71.64,40.99,46.51,41.05,44.2,58.74,49.91,58.65,40.59,75.29,35.03,31.48,60.0,13.74,24.6,45.73,45.6,85.22,10.14,75.79,86.81,21.15,68.3,73.21,83.22,57.14,53.83,39.8,47.56,20.36,43.62,20.01,74.96,36.76,51.2,63.21,82.58,19.82,96.46,49.39,56.87,77.16,58.76,40.41,74.92,51.01,33.58,39.19,55.49,46.66,77.36,91.93,42.48,38.8,18.16,62.23,73.65,55.16,21.51,51.02,60.27,38.04,38.0,84.28,64.42,51.05,51.69,41.23,35.56,82.57,42.18,0.0,91.72,34.97,63.95,0.0,78.18,66.68,45.27,40.6,28.8,68.57,45.6,0.0,74.17,63.49,66.8,79.02,39.61,46.31,54.04,56.36,30.48,7.61,33.64,48.76,56.79,31.71,41.23,46.76,56.53,1.99,87.02,31.92,59.57,78.61,16.3,39.48,18.45,77.51,73.41,75.86,31.23,25.64,39.68,53.76,51.46,70.48,70.63,64.4,73.43,34.94,51.18,53.38,73.9,51.73,48.8,44.43,75.55,55.47,42.61,96.39,83.69,48.86,39.38,54.59,50.88,41.98,82.6,33.83,32.18,43.79,10.88,70.26,29.87,52.35,12.98,89.68,95.73,55.35,49.78,30.63,50.48,69.84,68.66,44.48,79.99,84.86,86.66,96.3,45.9,80.3,36.18,82.3,21.67,57.68,47.93,71.97,59.51,64.67,54.6,52.96,40.2,26.92,51.46,36.91,52.12,16.35,43.47,68.01,62.48,59.2,42.9,94.06,53.96,19.67,67.84,67.11,34.54,84.38,61.16,50.77,56.48,44.75,33.27,57.74,42.47,24.62,51.47,46.87,51.37,0.0,56.47,86.88,79.84,46.77,51.43,25.11,57.69,35.6,52.9,39.77,4.89,86.36,86.47,67.95,84.25,49.62,60.35,47.47,81.11,92.08,42.76,30.82,35.82,77.58,46.43,37.69,38.31,46.39,20.63,42.49,27.8,53.03,51.14,59.28,39.03,36.09,44.82,46.64,65.8,59.42,73.67,78.56,65.91,78.38,77.32,53.33,9.65,78.12,43.61,77.42,40.47,12.25,57.88,64.52,64.05,33.55,36.33,73.44,53.53,78.44,70.9,0.0,98.99,50.82,73.59,48.3,52.02,89.94,43.45,48.95,72.74,2.33,100.15,44.19,5.31,77.18,4.98,75.36,33.83,40.48,46.97,26.18,18.53,39.71,40.09,55.73,50.89,34.46,57.0,60.42,81.74,72.85,54.1,58.55,46.26,53.51,43.75,62.05,38.79,69.2,10.77,86.37,46.34,12.64,38.27,11.15,59.88,62.7,44.89,50.81,21.37,22.44,6.73,70.16,43.63,53.28,77.25,27.0,11.89,9.49,81.89,77.03,25.05,57.61,30.4,0.0,46.77,37.99,65.11,32.67,42.22,28.11,0.0,51.91,47.81,81.21,66.95,42.0,71.18,56.75,52.22,42.63,27.08,96.97,8.03,57.02,49.55,77.89,40.32,68.88,78.72,59.16,90.89,15.76,8.25,53.52,45.14,75.9,46.86,91.82,71.71,74.68,79.71,59.54,29.76,55.24,84.18,21.54,76.02,50.75,23.55,18.86,61.06,106.38,56.53,47.57,62.4,53.33,63.6,60.35,91.24,11.28,20.73,43.67,26.14,69.24,78.22,52.04,19.66,23.72,67.75,38.87,81.75,70.85,57.73,61.47,45.2,42.9,95.09,63.86,33.75,42.81,24.06,,,,,,,1.2
,,,,,,,,,,,,,,,,,,,,,,80.78,86.28,47.6,84.39,92.4,54.1,115.78,18.85,53.81,98.53,105.14,8.89,146.27,104.64,81.41,53.17,105.16,25.1,96.11,109.37,38.22,125.39,69.19,47.58,58.16,35.97,81.94,89.32,95.07,45.81,34.36,61.43,103.73,89.85,56.29,104.02,73.89,91.8,93.46,66.41,29.34,86.44,94.98,58.49,69.68,57.4,62.0,56.42,74.89,68.5,87.09,136.45,43.52,113.77,91.51,62.35,65.31,37.1,80.51,70.51,59.96,93.12,78.67,90.49,164.46,95.62,62.55,49.8,71.3,44.05,101.2,105.85,107.66,93.69,77.16,97.8,95.02,31.23,73.69,63.19,99.12,26.77,116.11,124.25,77.81,70.47,96.95,40.91,60.56,93.06,61.12,42.54,73.28,127.16,39.85,88.77,50.05,74.28,59.5,55.23,92.64,55.97,81.24,65.63,90.07,43.04,47.72,73.82,30.43,45.58,59.37,67.69,115.04,29.72,104.92,115.26,41.97,82.93,84.5,110.62,92.18,84.09,54.4,75.69,31.68,51.5,48.69,93.06,55.03,74.38,91.71,95.22,31.78,100.56,73.76,80.67,101.43,62.81,55.92,91.91,76.86,51.95,49.83,84.98,60.77,100.02,106.86,63.01,60.23,23.14,83.36,90.47,89.95,39.1,66.72,81.77,49.31,65.36,117.09,94.71,81.66,70.81,68.87,43.53,111.72,65.6,7.55,109.83,60.89,87.71,0.0,97.94,77.31,70.9,68.81,35.16,99.8,82.81,19.63,91.21,88.67,79.31,105.32,56.14,57.57,72.8,74.63,52.77,24.23,47.45,71.58,83.05,51.93,56.04,67.25,73.77,12.21,99.27,41.38,82.77,97.88,22.88,71.01,33.74,95.43,101.87,97.36,52.22,60.33,65.68,91.79,61.91,101.67,95.06,90.77,94.78,61.29,61.95,63.61,98.23,70.78,70.18,55.54,95.18,69.07,59.29,117.79,101.05,63.64,63.61,76.54,57.7,70.89,108.17,57.96,45.6,67.84,41.61,86.76,53.86,79.3,25.12,106.87,115.84,92.61,81.61,44.02,80.6,95.82,87.8,62.7,102.68,113.12,102.68,107.36,59.35,99.56,69.19,102.7,45.39,89.59,67.5,103.93,75.28,90.44,77.53,78.86,53.89,36.27,75.31,47.55,76.19,43.15,58.73,103.38,92.43,76.29,59.53,122.88,75.48,42.08,97.4,87.66,42.45,111.21,69.86,85.23,71.1,72.2,49.12,70.69,62.96,43.27,50.0,64.43,73.57,0.0,78.81,106.1,101.13,63.26,77.1,29.08,86.08,56.48,81.01,66.89,30.65,110.19,123.77,93.94,105.67,75.19,79.27,71.59,117.2,122.35,60.2,55.98,43.59,116.49,77.6,54.66,52.89,61.98,34.92,69.61,44.21,65.1,72.18,90.52,61.49,49.85,66.31,72.4,89.94,82.67,106.63,111.61,93.3,109.62,100.12,61.67,22.61,105.17,70.14,102.15,71.69,29.56,79.66,92.42,88.77,56.56,47.12,100.74,80.48,93.51,90.45,0.0,129.34,72.77,103.83,47.2,51.84,110.61,59.25,71.32,102.68,16.85,127.47,68.63,12.27,99.13,22.51,113.01,59.44,62.01,64.47,51.91,26.22,49.81,53.19,84.41,72.55,54.07,76.09,67.72,102.78,101.26,81.13,75.37,67.42,76.16,57.0,86.86,53.73,96.03,28.8,107.23,71.42,29.2,54.69,35.54,88.06,86.89,62.15,66.04,39.54,42.36,32.1,93.45,61.86,80.29,94.64,30.82,29.19,14.89,114.51,95.42,44.75,77.21,60.03,9.85,61.48,75.59,88.46,43.05,49.07,30.95,0.0,60.4,74.12,107.64,82.53,63.29,89.2,77.67,73.19,56.01,56.09,117.42,41.05,100.75,64.99,102.13,65.9,88.61,105.98,89.33,124.07,32.94,6.97,89.31,70.52,82.8,80.44,104.29,99.55,93.32,85.43,73.18,55.39,94.61,114.68,38.31,105.71,97.55,48.22,28.0,75.68,128.04,81.97,70.27,87.69,73.6,83.73,82.14,106.02,29.11,32.75,53.72,37.67,105.39,104.39,72.89,43.63,39.71,93.86,71.76,112.46,95.06,85.73,83.29,75.75,63.76,121.03,76.78,61.57,59.38,34.53,,,,,,,1.12
,,,,,,,,,,,,,,,,,,,,,,101.6,95.16,53.12,80.83,90.52,65.45,113.63,10.4,71.85,128.51,121.35,9.8,135.87,108.15,79.34,39.32,103.73,48.19,112.59,109.09,59.22,131.58,71.01,62.38,71.9,37.07,80.74,103.56,103.44,50.2,54.12,58.86,105.13,97.65,70.85,131.27,71.26,98.49,81.42,71.77,48.54,85.87,96.54,79.87,83.87,83.03,62.96,53.08,90.04,69.15,107.5,123.52,47.85,104.14,84.23,71.23,74.47,47.19,92.83,70.19,67.37,106.28,82.62,93.62,159.52,92.32,69.78,42.36,70.68,44.24,100.87,113.97,94.72,97.77,66.34,102.29,107.52,41.85,63.5,72.03,98.51,48.38,117.54,134.39,82.87,66.76,88.77,46.83,62.13,104.96,73.07,37.52,97.41,142.29,43.7,102.69,66.25,73.63,70.51,78.92,103.99,70.0,85.25,77.74,99.83,50.19,62.83,80.19,42.05,55.87,69.78,71.39,105.52,54.28,111.73,117.76,56.89,87.49,93.8,110.33,108.81,102.65,63.76,79.55,49.66,48.72,57.11,108.62,59.99,75.77,91.23,112.34,44.14,109.64,79.59,82.0,101.89,57.3,53.98,99.94,68.73,43.53,68.69,87.24,71.54,114.51,109.31,59.17,80.86,33.57,83.36,98.0,83.75,59.22,91.44,81.55,59.24,92.51,109.53,91.35,76.93,71.96,79.31,63.6,111.07,68.07,19.64,114.42,80.63,96.38,12.44,94.28,79.02,100.9,91.86,47.56,104.17,80.23,25.89,102.61,86.95,75.76,93.37,65.57,82.42,90.12,94.69,55.72,26.14,63.69,82.08,76.69,81.94,72.37,72.62,82.2,4.63,97.89,54.92,80.38,93.76,38.68,71.18,34.11,93.09,92.6,101.63,62.85,80.35,77.12,110.87,67.17,99.19,104.11,100.67,89.47,64.63,74.68,77.99,112.36,98.35,72.11,54.96,98.47,67.98,62.1,126.25,97.37,57.71,65.9,81.08,68.56,80.75,98.97,76.52,53.6,68.47,48.96,83.5,66.82,99.22,31.73,98.68,109.55,88.62,92.35,52.26,84.51,86.93,92.79,79.36,104.04,100.17,89.93,97.28,60.36,104.28,73.84,112.73,50.2,101.83,64.77,110.45,84.7,104.93,79.86,89.37,53.03,60.72,95.72,57.68,93.34,53.83,72.1,115.46,95.49,84.3,79.46,129.96,87.8,48.35,120.56,84.7,38.64,100.05,74.9,90.23,66.84,76.11,50.67,79.8,62.2,57.09,43.92,78.06,66.51,13.89,87.53,117.21,110.61,70.23,89.59,35.29,89.53,75.24,91.76,69.93,41.41,106.16,118.33,102.9,116.54,81.4,79.52,75.6,119.59,134.94,70.51,58.58,40.93,121.72,84.65,68.43,64.02,83.12,34.71,75.45,57.88,69.62,79.62,98.74,78.88,51.83,81.32,72.89,101.11,79.16,104.16,110.71,85.67,104.78,94.86,45.17,48.16,100.14,85.86,113.87,68.14,42.04,82.83,88.23,90.56,70.37,60.14,117.0,75.98,100.07,97.34,12.01,121.77,84.37,113.91,45.78,64.06,101.28,77.23,82.12,112.86,25.94,132.73,70.57,20.9,89.16,31.47,107.87,75.18,61.5,64.7,60.28,46.13,68.28,49.38,82.18,85.68,75.74,76.6,71.92,90.93,104.56,86.47,87.5,68.64,88.99,64.82,92.77,57.56,110.54,52.94,106.56,79.43,53.02,65.14,50.84,82.39,76.06,64.17,73.25,51.23,53.22,48.72,85.23,64.35,79.71,94.23,37.13,47.83,35.08,112.34,91.56,58.97,88.99,60.69,18.65,66.33,78.17,96.72,43.28,64.96,36.19,0.0,48.79,101.99,119.84,86.63,76.13,100.56,94.0,86.3,56.18,64.89,115.45,50.55,108.17,68.15,112.27,81.43,95.84,104.0,84.22,118.99,33.48,11.51,85.95,73.77,94.38,70.72,108.48,114.21,93.23,88.92,75.35,66.33,96.46,115.48,32.4,106.76,111.16,58.46,51.67,79.34,114.8,84.47,75.35,92.7,82.34,92.22,94.46,97.8,41.48,48.65,69.85,61.75,107.5,102.29,89.08,53.6,62.02,105.39,86.47,112.88,82.12,90.14,99.24,83.27,67.06,117.16,80.2,64.56,80.72,47.67,,,,,,,0.8
,,,,,,,,,,,,,,,,,,,,,,104.55,106.69,70.56,77.26,88.72,82.59,120.5,17.11,92.65,125.92,147.43,20.17,140.01,128.57,96.01,58.26,116.43,59.71,102.08,105.57,75.19,132.46,81.66,74.9,78.78,39.78,92.68,112.07,100.03,72.75,83.72,72.11,108.07,105.09,75.51,145.38,76.55,110.05,86.62,98.23,65.1,95.54,104.39,106.85,99.57,90.17,73.61,74.51,94.68,77.85,133.33,119.39,73.16,107.26,87.77,91.8,68.73,47.15,94.55,72.15,71.6,116.94,84.69,90.56,158.13,96.57,66.91,56.93,66.35,56.38,96.55,121.91,102.92,115.94,68.14,91.83,113.71,47.8,68.46,55.97,100.48,65.57,119.23,147.01,104.82,79.83,99.72,66.02,66.23,121.08,102.45,52.05,115.16,164.99,47.85,95.94,71.93,85.87,91.8,97.34,116.05,69.63,101.26,81.76,101.79,65.4,93.87,91.25,57.3,71.83,79.0,76.61,113.29,58.65,111.7,141.25,62.42,104.68,85.28,116.37,109.51,98.88,78.29,71.17,56.05,59.95,39.21,127.15,68.59,84.86,111.4,115.03,61.85,93.9,85.35,95.54,122.1,61.2,74.84,107.02,69.57,56.37,81.66,97.91,91.83,118.61,119.69,76.68,73.57,46.73,100.32,104.44,80.8,80.85,91.0,100.78,64.34,113.97,113.35,87.99,90.81,71.75,91.45,83.88,127.3,74.62,35.32,125.1,110.86,79.26,29.4,110.51,87.4,110.28,100.65,55.15,112.72,77.45,34.91,114.65,92.02,71.94,110.12,74.41,86.51,97.06,106.24,73.4,44.79,74.22,108.58,89.99,89.05,69.17,94.76,87.2,13.62,105.62,78.57,87.61,103.28,65.84,71.64,30.94,90.08,108.35,125.36,68.69,96.25,102.1,124.58,82.3,111.65,110.53,110.64,102.55,73.61,80.62,72.64,106.63,116.73,64.44,59.59,107.82,65.36,82.01,132.74,111.91,71.78,70.39,99.25,71.82,92.07,86.99,79.3,67.19,82.65,82.61,76.12,63.42,95.48,36.36,105.19,121.74,93.73,96.53,58.65,98.67,82.18,100.39,104.16,107.22,98.76,95.1,115.48,75.49,94.74,91.05,121.66,58.14,104.4,77.96,116.88,86.75,113.16,75.62,77.85,59.05,89.78,105.47,75.63,110.32,66.58,88.82,131.34,115.82,92.85,101.01,126.49,87.86,56.39,127.57,105.69,65.34,100.62,75.77,112.84,71.52,73.87,68.58,80.82,72.02,60.39,57.46,95.89,71.6,41.89,89.93,119.33,116.46,75.31,96.89,54.59,89.97,80.2,98.27,85.4,68.68,122.8,116.96,100.36,119.65,87.2,83.84,85.33,120.06,151.35,81.95,70.73,46.5,118.72,94.53,68.8,89.51,92.86,36.92,88.24,70.02,75.21,86.94,99.39,77.64,56.13,104.34,75.38,119.7,88.99,104.29,141.26,104.9,105.98,103.68,43.42,73.09,117.59,110.19,122.67,71.25,44.91,97.47,100.61,108.34,62.76,75.36,133.85,90.57,101.54,108.29,48.04,127.2,87.65,129.44,62.62,72.64,111.52,91.39,85.88,117.54,49.22,135.36,70.75,26.61,97.62,42.84,105.54,78.78,71.83,67.16,68.05,64.32,89.08,56.95,93.69,92.84,102.43,95.01,77.41,94.05,115.8,103.72,92.7,75.06,85.14,80.19,109.04,66.35,93.41,64.81,109.89,85.06,78.8,63.59,65.38,97.92,77.41,72.98,80.09,64.01,54.47,65.3,75.76,82.27,81.08,113.68,45.7,53.93,52.97,116.97,85.25,52.73,117.64,63.12,24.57,75.38,99.95,100.81,71.02,83.72,38.79,13.15,66.17,119.59,130.54,93.27,75.72,125.35,96.85,80.7,64.6,63.36,120.23,58.99,112.7,75.91,123.03,93.92,112.63,100.14,105.36,118.42,32.16,17.1,98.56,82.99,107.17,87.41,132.1,120.23,101.96,100.24,78.29,85.22,109.03,129.66,39.85,111.47,118.77,78.18,69.8,104.28,119.66,96.3,82.74,93.65,100.84,100.35,81.19,96.8,57.77,74.39,84.47,71.22,112.77,94.72,106.68,57.51,71.03,117.75,91.65,114.65,69.12,114.47,102.76,100.67,63.7,132.35,89.08,79.51,96.38,57.69,,,,,,,0.74
,,,,,,,,,,,,,,,,,,,,,,110.16,108.95,80.07,93.65,95.85,89.86,123.78,32.94,99.12,122.54,165.49,41.43,126.14,131.54,100.44,59.57,113.84,62.2,91.61,96.11,73.34,131.89,78.23,69.82,71.63,57.93,94.38,100.19,101.11,81.17,83.92,80.73,119.18,100.91,80.51,137.32,80.79,106.76,96.2,127.68,74.8,80.37,111.45,103.83,99.96,70.12,69.59,93.41,104.63,77.16,130.92,103.47,90.82,102.1,74.28,86.82,70.74,49.69,97.78,88.48,59.12,108.3,85.31,90.33,134.81,92.82,58.47,62.07,68.3,74.37,98.31,125.93,108.94,99.97,74.15,81.71,119.23,51.93,80.18,60.41,89.26,70.54,119.56,145.12,80.95,74.77,85.35,69.74,54.59,122.46,97.94,48.74,124.91,142.12,54.11,84.27,80.51,109.58,83.51,93.75,98.88,72.25,104.2,93.67,87.85,89.57,95.68,85.65,61.6,70.88,76.26,83.88,109.45,57.89,104.08,139.54,86.13,112.04,96.99,116.73,98.16,93.27,76.35,61.43,67.64,66.42,34.31,115.39,64.23,86.22,99.84,103.41,67.33,99.01,81.49,112.5,114.66,77.54,73.2,116.94,73.98,54.9,96.76,91.03,96.7,122.54,112.89,75.51,93.1,48.26,106.03,98.72,83.19,89.01,69.27,114.07,69.68,99.83,107.95,85.03,90.31,85.75,94.04,80.52,121.42,77.35,47.01,136.16,98.24,66.09,46.11,113.25,98.52,117.7,90.51,60.52,128.86,87.93,44.06,112.8,93.43,74.14,113.57,69.43,75.61,96.93,106.13,78.06,43.38,93.1,93.93,80.86,91.51,76.63,106.08,73.77,32.25,106.48,70.93,97.45,105.07,70.99,67.68,45.81,83.37,90.88,111.69,78.01,88.92,114.0,119.14,77.29,125.98,101.44,111.87,96.06,57.32,81.7,72.81,87.75,118.22,52.69,63.96,117.74,67.34,80.97,125.29,101.79,80.49,70.2,100.87,79.86,88.8,87.37,81.47,72.3,97.83,72.05,78.91,65.2,73.95,53.27,99.69,100.53,87.21,88.04,40.94,99.37,90.31,123.08,98.77,101.01,94.33,101.75,103.76,74.65,93.15,107.95,120.02,66.27,106.87,82.04,107.87,79.44,102.45,85.53,82.06,74.14,90.9,111.45,83.5,93.36,62.63,100.84,133.46,132.54,96.27,108.59,118.88,73.11,68.07,118.05,100.86,72.37,98.6,91.93,122.2,78.45,68.05,73.07,77.81,79.4,67.83,77.85,67.07,78.04,55.06,94.72,113.61,117.06,61.11,103.02,57.01,82.65,75.67,89.48,94.5,65.42,119.81,112.94,86.26,129.86,86.17,89.54,73.52,101.93,144.74,75.51,70.7,46.62,106.76,101.65,86.9,86.66,91.71,42.25,77.37,75.5,74.82,85.93,104.65,78.99,79.34,108.57,71.97,126.71,81.64,98.42,136.69,107.84,106.96,89.82,61.56,75.52,109.71,101.23,117.12,79.55,47.28,109.54,93.39,91.27,62.44,90.53,135.36,93.32,105.51,96.75,50.31,133.05,81.89,118.55,68.81,75.54,103.39,93.51,79.22,112.85,54.85,116.52,62.86,36.69,95.12,61.79,104.11,83.43,86.32,68.75,58.75,69.11,62.07,61.89,95.88,96.8,116.53,80.6,77.94,87.2,93.87,102.36,105.04,74.78,77.19,87.04,99.84,72.53,87.44,68.26,104.48,87.78,87.61,45.37,67.96,101.73,74.91,87.72,73.98,64.95,59.97,74.46,65.87,80.04,84.81,112.5,52.9,58.13,57.06,97.87,79.53,58.6,113.82,64.44,26.27,80.38,110.93,98.56,93.15,75.05,31.84,38.19,75.34,119.94,123.55,72.45,80.97,118.14,93.03,73.97,69.32,57.15,129.67,55.37,107.62,72.6,115.22,86.99,116.78,90.72,87.72,134.62,33.32,30.04,109.8,82.78,94.18,101.1,119.21,114.74,103.82,98.45,85.43,80.09,97.41,126.33,62.87,98.29,106.88,67.54,74.27,100.89,109.56,100.99,82.46,98.96,109.69,101.1,91.6,103.53,54.04,74.6,90.06,69.87,106.65,81.99,100.0,51.12,58.88,99.1,89.12,120.21,78.77,112.89,98.48,98.09,75.14,119.64,88.4,99.21,100.78,70.12,,,,,,,0.76
,,,,,,,,,,,,,,,,,,,,,,102.56,80.79,68.35,93.85,87.15,79.33,109.35,28.52,79.23,104.72,138.22,47.12,92.21,106.97,79.64,62.64,83.6,57.58,69.59,86.34,60.12,109.11,72.89,53.07,57.43,50.62,79.08,77.46,91.51,67.21,72.15,63.18,95.95,91.13,74.93,120.23,61.42,94.18,80.83,98.09,60.94,63.81,89.91,89.04,84.21,53.96,67.89,78.45,88.18,65.88,106.27,75.12,84.14,77.17,53.69,66.46,66.47,48.09,86.32,70.95,51.37,81.49,69.68,68.42,112.71,64.98,63.74,59.86,63.98,58.92,82.82,108.2,84.98,75.02,59.44,59.05,86.86,53.0,67.12,53.28,77.53,55.44,97.76,111.86,78.26,61.76,81.83,70.63,41.42,112.33,81.8,55.16,87.42,103.26,52.81,63.13,65.81,90.89,74.96,68.38,73.63,67.93,83.0,72.66,69.7,85.83,90.62,73.21,51.15,66.02,58.35,69.45,81.41,68.08,84.54,110.79,83.86,107.55,86.91,112.24,81.67,86.84,50.42,58.78,47.11,54.71,32.44,82.03,55.25,84.44,69.71,99.0,66.05,83.8,70.06,115.88,80.99,74.63,53.99,89.41,59.93,48.86,81.82,72.98,77.71,94.29,99.53,68.22,77.6,45.44,77.3,79.32,70.02,77.93,59.95,94.29,48.79,72.77,80.08,61.76,93.07,72.88,82.14,60.41,94.12,59.74,43.82,94.96,80.54,63.92,58.12,94.16,89.13,102.4,74.29,53.76,108.95,77.14,43.82,92.78,79.3,64.39,91.76,63.92,63.85,90.9,100.95,69.24,47.25,73.01,73.18,79.19,66.87,55.84,90.62,71.71,41.01,77.32,55.94,88.53,86.22,71.94,52.7,43.6,67.47,66.39,88.64,51.18,72.21,104.95,88.33,53.87,92.68,76.86,82.16,75.65,46.92,75.06,64.64,88.4,105.82,50.27,69.43,90.34,55.29,61.38,88.91,86.83,88.04,67.13,71.96,69.58,65.68,73.67,66.02,49.02,89.61,47.22,69.36,42.34,41.84,42.99,72.08,62.28,69.18,77.46,38.74,80.79,65.76,97.86,82.39,91.03,76.33,84.83,83.0,58.97,76.36,86.45,110.77,55.15,101.85,69.61,73.81,62.33,69.75,66.87,77.17,64.23,82.02,90.26,75.56,75.55,53.57,87.55,99.51,98.18,78.29,89.29,92.56,69.43,58.21,78.74,84.5,74.08,75.28,69.96,93.98,72.16,52.18,56.3,70.8,69.78,63.6,69.37,48.93,63.32,53.06,80.14,101.01,93.73,50.75,76.14,40.21,69.16,57.06,66.04,89.39,65.45,98.13,87.45,66.31,103.15,61.63,82.63,69.17,83.46,113.97,62.53,64.75,47.42,92.58,84.22,67.47,79.09,67.23,40.85,63.62,73.36,66.21,73.13,88.61,73.26,75.59,89.24,73.17,105.55,56.37,92.19,94.53,94.57,75.38,79.45,65.63,44.01,85.14,80.34,94.34,75.65,44.4,91.62,60.59,73.8,69.89,82.74,104.39,78.68,80.86,76.83,45.34,109.49,65.81,90.91,58.86,69.27,70.84,83.39,73.02,100.66,53.04,99.12,68.39,36.05,74.03,47.41,105.89,74.62,72.76,60.77,56.3,57.95,54.66,56.68,85.61,86.9,104.47,73.17,58.52,77.17,77.69,75.93,84.7,65.81,72.39,80.81,93.33,71.47,73.2,60.61,84.7,74.29,63.87,44.41,65.64,82.82,60.63,67.99,55.85,50.13,63.82,64.79,52.65,72.7,76.94,100.97,54.61,60.39,52.16,71.87,71.9,49.48,87.27,70.62,24.35,64.72,87.94,84.57,67.16,57.12,31.68,45.39,76.35,98.28,95.42,67.07,68.55,99.19,81.72,67.66,73.26,57.11,104.8,33.29,79.96,57.04,88.67,70.7,92.86,75.43,77.43,105.4,29.55,27.58,102.83,63.87,59.89,99.39,86.39,94.52,94.36,92.48,73.98,72.36,83.92,95.54,63.21,85.34,85.97,54.59,54.97,83.18,93.81,94.13,64.11,89.19,90.18,74.9,83.5,82.6,40.31,61.14,79.49,55.98,83.16,61.51,72.93,57.11,45.87,78.34,69.9,101.22,82.16,98.03,67.03,83.61,67.36,90.51,77.6,80.3,80.31,62.8,,,,,,,0.9
,,,,,,,,,,,,,,,,,,,,,,61.69,41.37,41.72,65.63,51.5,42.77,65.79,21.81,43.45,53.27,73.12,35.51,56.3,64.31,47.03,41.06,52.0,43.55,45.6,60.35,37.17,67.01,50.72,30.16,34.28,35.83,47.33,41.19,53.3,37.1,45.62,33.77,48.72,48.84,43.54,60.02,38.41,58.25,48.89,44.61,44.05,32.18,63.65,44.95,55.62,37.58,39.17,43.74,61.47,44.73,63.98,44.16,47.09,48.85,29.87,33.18,39.2,26.68,46.44,38.43,34.5,42.13,47.5,46.55,68.84,42.49,43.24,35.5,47.2,37.84,46.93,67.03,43.09,38.62,32.0,38.13,51.82,30.21,38.93,30.58,46.86,33.59,51.6,57.3,47.64,38.89,50.88,42.63,23.13,68.9,54.62,33.75,57.92,63.08,29.55,36.88,32.66,54.86,42.77,40.02,40.18,35.05,49.76,41.9,48.12,49.58,55.74,38.98,37.92,37.93,36.11,31.53,40.13,36.67,39.23,61.59,46.22,60.45,42.6,58.83,44.46,56.79,33.82,34.53,43.09,30.91,31.21,41.35,39.15,52.89,46.85,57.47,39.14,54.86,45.48,61.18,44.02,46.5,30.9,54.32,40.09,34.27,50.92,44.75,51.95,44.72,66.1,44.17,46.62,29.99,45.29,52.64,42.09,42.24,44.03,50.28,34.27,45.97,53.63,32.41,63.22,47.94,53.02,37.96,55.65,39.28,36.99,52.04,47.64,47.37,40.67,55.79,57.44,51.25,48.82,29.13,62.47,40.99,31.77,57.71,43.88,43.67,51.14,37.49,42.62,44.05,52.35,41.79,30.72,41.26,42.35,47.17,39.77,32.86,52.61,45.98,27.31,45.56,36.43,56.74,52.22,33.9,32.37,32.83,32.3,33.83,57.89,24.02,44.94,71.08,49.51,22.2,51.06,41.5,44.27,40.67,30.92,45.53,43.11,65.03,65.44,29.12,34.99,55.14,42.35,43.46,48.5,53.69,47.78,37.5,44.26,47.52,43.11,47.71,47.53,29.5,45.44,31.21,37.18,34.45,25.14,29.55,46.35,38.25,40.74,48.96,27.13,51.35,34.37,54.13,57.59,48.35,41.86,47.75,53.97,29.67,53.21,48.3,66.33,32.17,55.49,42.07,44.9,41.37,43.07,43.82,41.95,39.01,52.24,50.09,48.69,42.38,34.28,45.58,59.86,51.8,53.22,46.8,53.84,42.32,40.13,42.47,47.27,43.93,51.3,43.52,47.34,46.74,39.16,43.76,46.1,38.31,35.85,40.43,34.26,32.04,38.31,55.41,71.76,49.33,41.31,48.38,26.44,44.08,30.43,40.7,53.56,44.46,61.49,49.99,40.48,52.68,36.06,50.24,40.3,49.6,64.07,40.03,33.58,29.47,58.2,47.83,39.87,53.49,41.42,31.77,33.93,40.67,31.1,46.68,56.94,48.52,49.62,52.88,52.52,57.81,37.69,58.46,59.52,49.65,58.32,45.09,37.38,29.94,47.66,46.64,51.23,41.6,28.58,54.97,36.24,43.45,42.37,47.85,52.1,52.71,51.2,47.72,36.72,61.28,40.37,49.31,31.34,47.44,41.82,54.62,45.42,59.8,34.47,59.69,44.9,28.28,44.31,31.86,69.18,44.2,37.75,38.07,30.87,43.72,33.91,33.72,48.1,48.01,63.59,50.58,35.26,49.08,52.07,43.31,44.11,37.31,41.41,44.06,57.08,46.41,37.09,43.79,48.15,50.9,41.75,35.96,38.47,41.98,32.16,37.92,37.44,39.3,39.94,35.7,30.65,44.23,46.59,60.45,31.5,36.93,30.39,46.99,38.17,29.58,43.39,41.49,30.22,39.73,43.7,54.56,39.78,32.2,17.98,33.62,43.79,50.88,65.24,46.22,32.95,65.95,38.6,41.19,46.01,34.68,61.88,23.8,46.31,34.43,47.78,39.68,51.75,43.66,52.91,60.61,28.37,24.06,69.54,42.75,36.38,52.54,51.22,65.12,54.6,56.93,35.71,40.53,44.97,49.59,46.76,40.35,53.67,28.45,34.72,45.81,60.47,60.99,35.38,51.61,50.6,40.12,58.55,44.46,21.14,33.63,41.85,39.0,48.31,47.42,55.02,43.49,27.6,50.0,41.68,61.09,55.95,53.75,40.55,52.78,42.88,57.11,51.34,48.98,47.19,45.97,,,,,,,1.02
,,,,,,,,,,,,,,,,,,,,,,15.48,14.43,15.48,19.66,16.65,15.58,23.43,8.49,12.28,18.59,22.18,12.94,18.15,19.72,17.15,14.73,15.14,14.86,15.54,17.27,13.11,19.85,15.95,10.53,12.23,11.68,17.68,14.03,17.83,9.87,16.29,11.62,16.04,13.68,16.56,16.92,14.16,20.66,15.63,12.74,16.22,11.32,20.56,14.67,18.11,14.13,14.62,19.3,19.67,14.37,21.01,16.95,15.53,18.55,9.26,12.23,13.38,10.47,18.34,10.06,10.15,12.68,16.96,16.58,20.99,15.47,15.38,12.17,12.89,13.83,15.2,20.67,17.14,16.03,11.96,14.9,20.23,12.35,11.36,12.92,12.38,11.39,19.63,18.78,16.74,11.26,16.14,14.48,9.93,22.12,18.12,9.57,16.24,19.98,10.67,13.44,11.71,19.31,12.27,13.58,15.71,14.56,16.72,13.48,17.58,14.6,15.88,14.33,13.34,14.03,13.02,9.84,15.26,10.89,14.35,22.42,16.08,17.23,13.64,18.16,12.89,20.29,12.19,13.25,14.48,13.01,13.05,16.5,11.91,16.6,19.07,16.44,15.01,17.9,14.8,21.81,14.88,13.51,9.38,18.6,12.53,13.39,13.81,15.7,18.23,14.46,21.59,15.3,14.71,11.43,17.56,17.25,15.74,14.0,14.45,16.73,10.77,16.71,16.83,14.27,21.79,15.02,17.76,13.8,16.94,14.69,14.33,14.92,14.69,16.37,13.74,17.23,19.75,17.89,18.77,10.97,20.32,13.39,10.17,19.62,14.2,12.45,13.23,14.76,16.55,14.61,17.36,15.36,11.33,14.1,14.09,17.55,15.96,13.98,17.62,14.14,6.33,12.6,12.39,17.99,15.55,13.27,13.81,13.41,9.27,11.27,17.77,7.96,12.82,22.61,14.97,7.22,15.24,15.82,16.51,15.22,11.99,13.27,13.41,22.88,21.11,9.2,9.4,16.68,16.46,16.72,14.57,17.09,15.71,14.18,17.29,15.12,13.37,17.4,16.22,9.05,13.49,13.74,10.66,13.32,7.89,11.19,14.89,13.66,14.52,15.48,7.82,14.54,12.11,18.09,17.1,14.77,14.16,14.07,18.25,9.57,17.82,16.29,20.7,11.85,17.44,12.53,15.81,14.16,13.87,12.93,17.73,13.94,15.51,15.82,16.98,13.1,13.28,14.02,22.73,17.59,16.31,13.54,18.21,14.38,13.18,16.54,15.85,13.05,16.31,11.04,16.16,16.79,12.45,16.56,16.52,13.09,9.69,12.82,11.01,11.37,12.16,19.32,23.04,16.81,14.89,15.97,8.99,12.34,12.55,12.38,17.46,15.67,19.4,16.34,15.2,17.84,11.86,15.86,12.05,16.21,20.29,11.21,13.28,9.91,19.8,18.83,13.15,18.41,13.28,11.32,12.17,14.15,8.44,15.53,18.74,15.52,12.34,20.3,18.05,16.81,14.81,19.51,17.4,13.89,21.36,17.65,13.93,13.42,16.44,14.83,16.94,13.63,11.84,18.56,15.29,13.72,14.6,14.84,15.72,13.78,16.19,13.8,13.09,20.33,13.57,15.48,9.96,16.09,15.66,18.76,18.57,18.84,14.91,20.17,14.85,8.06,16.03,11.88,19.46,15.12,13.15,13.55,13.31,13.09,10.9,13.27,17.22,17.5,23.31,17.75,11.89,18.39,17.05,13.17,13.64,13.23,14.52,16.2,20.1,14.67,13.97,15.23,15.35,16.3,14.45,14.52,12.43,13.65,9.52,12.93,12.37,14.49,15.29,15.62,12.79,13.29,15.2,16.58,9.84,11.61,8.96,15.81,11.76,11.44,16.5,15.52,10.63,14.16,14.24,17.03,13.77,11.97,5.85,13.33,13.28,14.4,21.88,15.34,11.32,23.06,11.11,14.54,18.43,12.62,18.21,11.06,15.24,12.27,18.13,15.51,17.14,14.55,18.88,19.26,10.03,8.92,24.28,13.81,14.21,17.2,14.6,18.34,18.82,17.99,11.38,14.51,12.62,18.62,14.67,14.28,17.75,12.08,11.51,13.74,22.23,21.24,12.61,16.49,16.68,14.82,18.44,15.93,11.87,9.51,11.81,12.1,15.51,16.14,20.48,17.4,10.25,18.59,14.24,17.72,15.77,17.84,14.75,19.09,15.37,19.28,17.48,16.65,15.46,15.9,,,,,,,1.08
,,,,,,,,,,,,,,,,,,,,,,5.96,6.72,6.05,6.79,6.78,6.96,7.58,3.4,5.09,7.39,8.6,6.06,7.16,6.64,6.74,4.52,6.36,5.54,5.91,6.03,6.26,7.51,6.42,4.72,5.11,5.04,6.53,5.09,6.53,3.27,5.88,4.8,7.03,5.5,6.32,5.54,6.52,7.47,6.59,4.94,6.79,5.13,7.83,5.67,6.78,5.88,4.67,7.45,6.31,6.31,7.43,7.24,5.05,7.88,3.73,5.35,4.76,4.48,7.5,4.42,4.75,4.07,6.38,6.36,6.72,6.16,5.46,5.17,5.58,4.72,6.0,7.9,6.85,7.27,6.49,6.0,7.63,4.57,3.91,5.6,5.23,4.64,7.51,7.33,6.04,5.29,6.83,5.93,3.8,9.21,6.69,2.89,6.09,7.11,4.97,4.59,5.54,7.88,4.39,5.77,5.22,7.1,5.91,6.47,6.97,5.1,5.94,5.6,4.67,5.26,6.8,3.49,5.76,6.1,5.84,8.39,6.27,6.72,5.78,7.07,5.65,7.1,5.65,6.81,4.99,5.43,6.09,5.8,3.99,5.69,8.13,7.56,6.1,7.25,5.54,7.95,5.22,4.07,3.68,7.14,4.15,6.13,5.26,6.18,8.1,6.7,8.38,6.77,6.08,4.56,6.87,7.16,6.42,5.44,5.52,6.36,4.85,6.66,7.31,4.74,8.73,5.76,5.48,5.55,6.55,6.99,5.43,6.3,5.22,5.85,5.43,5.43,7.56,7.4,7.98,4.35,6.82,6.12,4.92,8.19,5.36,5.42,5.31,6.25,6.92,6.6,6.44,4.81,4.02,5.3,6.38,7.47,6.89,6.27,6.05,5.09,2.66,5.47,5.51,6.46,5.73,6.35,5.85,5.6,4.61,4.21,6.23,3.22,4.62,7.93,5.5,3.15,4.97,5.72,6.28,6.96,5.6,5.3,4.68,9.29,7.71,2.67,4.38,5.93,5.67,7.75,5.36,6.12,6.99,6.2,6.06,6.32,6.28,7.92,5.86,3.96,5.07,5.31,3.13,4.29,4.92,4.14,5.59,5.92,6.08,6.35,4.23,5.65,5.34,8.25,6.25,6.46,4.64,5.4,7.24,4.38,6.08,5.64,8.77,4.93,7.7,4.05,6.32,5.98,6.15,5.93,7.19,6.2,6.0,5.96,5.68,5.07,5.87,6.13,8.38,6.53,7.39,6.0,6.72,6.35,6.11,6.39,6.74,4.37,6.14,3.91,6.44,6.11,5.46,5.9,6.96,4.37,4.03,5.13,2.73,4.77,4.54,8.21,9.11,6.32,6.68,5.96,2.95,4.83,5.62,4.26,7.17,6.72,7.44,6.6,5.67,6.6,4.29,5.76,5.88,6.68,7.14,4.14,5.69,4.73,8.0,7.6,5.64,6.53,5.22,4.84,5.61,6.64,4.24,6.21,6.78,6.84,6.0,8.43,7.07,5.13,6.32,7.88,6.3,6.51,9.03,7.3,6.22,5.35,5.97,6.45,7.48,5.2,6.75,6.64,6.54,5.06,6.7,5.16,6.4,4.52,6.65,5.6,5.11,7.87,4.74,6.21,3.66,5.95,5.97,7.48,6.95,7.3,6.58,7.49,5.29,3.44,6.87,5.76,6.65,6.21,6.94,5.94,6.19,5.51,4.68,5.42,5.99,7.31,9.43,6.38,4.75,7.63,6.38,4.92,6.9,5.02,6.42,7.06,7.43,5.5,5.96,6.48,5.96,5.89,5.99,7.23,5.68,6.31,4.29,4.47,4.81,5.15,6.3,6.56,4.96,6.23,6.14,5.92,3.08,4.69,5.19,6.25,4.71,4.44,5.27,6.37,3.9,6.92,5.66,6.35,5.28,5.03,3.03,5.97,5.12,5.77,8.0,5.8,5.64,9.62,3.56,5.08,7.12,4.66,6.89,5.2,5.5,5.6,7.65,6.35,6.96,4.84,7.4,8.1,3.99,4.17,9.42,5.41,5.85,6.61,5.94,7.5,7.04,7.46,5.7,6.47,4.24,6.69,5.36,4.91,7.32,5.06,4.91,6.08,7.9,7.49,4.57,5.88,7.53,5.85,7.99,7.08,4.89,3.62,5.42,4.75,6.73,7.4,7.75,7.43,4.83,6.7,5.14,5.37,6.24,6.95,5.89,7.32,6.57,7.6,6.38,6.57,6.03,6.46,,,,,,,1.18
,,,,,,,,,,,,,,,,,,,,,,0.0,0.0,0.0,0.0,0.0,0.0,0.0,0.0,0.0,0.0,0.0,0.0,0.0,0.0,0.0,0.0,0.0,0.0,0.0,0.0,0.0,0.0,0.0,0.0,0.0,0.0,0.0,0.0,0.0,0.0,0.0,0.0,0.0,0.0,0.0,0.0,0.0,0.0,0.0,0.0,0.0,0.0,0.0,0.0,0.0,0.0,0.0,0.0,0.0,0.0,0.0,0.0,0.0,0.0,0.0,0.0,0.0,0.0,0.0,0.0,0.0,0.0,0.0,0.0,0.0,0.0,0.0,0.0,0.0,0.0,0.0,0.0,0.0,0.0,0.0,0.0,0.0,0.0,0.0,0.0,0.0,0.0,0.0,0.0,0.0,0.0,0.0,0.0,0.0,0.0,0.0,0.0,0.0,0.0,0.0,0.0,0.0,0.0,0.0,0.0,0.0,0.0,0.0,0.0,0.0,0.0,0.0,0.0,0.0,0.0,0.0,0.0,0.0,0.0,0.0,0.0,0.0,0.0,0.0,0.0,0.0,0.0,0.0,0.0,0.0,0.0,0.0,0.0,0.0,0.0,0.0,0.0,0.0,0.0,0.0,0.0,0.0,0.0,0.0,0.0,0.0,0.0,0.0,0.0,0.0,0.0,0.0,0.0,0.0,0.0,0.0,0.0,0.0,0.0,0.0,0.0,0.0,0.0,0.0,0.0,0.0,0.0,0.0,0.0,0.0,0.0,0.0,0.0,0.0,0.0,0.0,0.0,0.0,0.0,0.0,0.0,0.0,0.0,0.0,0.0,0.0,0.0,0.0,0.0,0.0,0.0,0.0,0.0,0.0,0.0,0.0,0.0,0.0,0.0,0.0,0.0,0.0,0.0,0.0,0.0,0.0,0.0,0.0,0.0,0.0,0.0,0.0,0.0,0.0,0.0,0.0,0.0,0.0,0.0,0.0,0.0,0.0,0.0,0.0,0.0,0.0,0.0,0.0,0.0,0.0,0.0,0.0,0.0,0.0,0.0,0.0,0.0,0.0,0.0,0.0,0.0,0.0,0.0,0.0,0.0,0.0,0.0,0.0,0.0,0.0,0.0,0.0,0.0,0.0,0.0,0.0,0.0,0.0,0.0,0.0,0.0,0.0,0.0,0.0,0.0,0.0,0.0,0.0,0.0,0.0,0.0,0.0,0.0,0.0,0.0,0.0,0.0,0.0,0.0,0.0,0.0,0.0,0.0,0.0,0.0,0.0,0.0,0.0,0.0,0.0,0.0,0.0,0.0,0.0,0.0,0.0,0.0,0.0,0.0,0.0,0.0,0.0,0.0,0.0,0.0,0.0,0.0,0.0,0.0,0.0,0.0,0.0,0.0,0.0,0.0,0.0,0.0,0.0,0.0,0.0,0.0,0.0,0.0,0.0,0.0,0.0,0.0,0.0,0.0,0.0,0.0,0.0,0.0,0.0,0.0,0.0,0.0,0.0,0.0,0.0,0.0,0.0,0.0,0.0,0.0,0.0,0.0,0.0,0.0,0.0,0.0,0.0,0.0,0.0,0.0,0.0,0.0,0.0,0.0,0.0,0.0,0.0,0.0,0.0,0.0,0.0,0.0,0.0,0.0,0.0,0.0,0.0,0.0,0.0,0.0,0.0,0.0,0.0,0.0,0.0,0.0,0.0,0.0,0.0,0.0,0.0,0.0,0.0,0.0,0.0,0.0,0.0,0.0,0.0,0.0,0.0,0.0,0.0,0.0,0.0,0.0,0.0,0.0,0.0,0.0,0.0,0.0,0.0,0.0,0.0,0.0,0.0,0.0,0.0,0.0,0.0,0.0,0.0,0.0,0.0,0.0,0.0,0.0,0.0,0.0,0.0,0.0,0.0,0.0,0.0,0.0,0.0,0.0,0.0,0.0,0.0,0.0,0.0,0.0,0.0,0.0,0.0,0.0,0.0,0.0,0.0,0.0,0.0,0.0,0.0,0.0,0.0,0.0,0.0,0.0,0.0,0.0,0.0,0.0,0.0,0.0,0.0,0.0,0.0,0.0,0.0,0.0,0.0,0.0,0.0,0.0,0.0,0.0,0.0,0.0,0.0,0.0,0.0,0.0,0.0,0.0,0.0,0.0,0.0,0.0,0.0,0.0,0.0,0.0,0.0,0.0,0.0,0.0,0.0,0.0,0.0,0.0,0.0,0.0,0.0,0.0,0.0,0.0,0.0,0.0,,,,,,,1.28
,,,,,,,,,,,,,,,,,,,,,,0.0,0.0,0.0,0.0,0.0,0.0,0.0,0.0,0.0,0.0,0.0,0.0,0.0,0.0,0.0,0.0,0.0,0.0,0.0,0.0,0.0,0.0,0.0,0.0,0.0,0.0,0.0,0.0,0.0,0.0,0.0,0.0,0.0,0.0,0.0,0.0,0.0,0.0,0.0,0.0,0.0,0.0,0.0,0.0,0.0,0.0,0.0,0.0,0.0,0.0,0.0,0.0,0.0,0.0,0.0,0.0,0.0,0.0,0.0,0.0,0.0,0.0,0.0,0.0,0.0,0.0,0.0,0.0,0.0,0.0,0.0,0.0,0.0,0.0,0.0,0.0,0.0,0.0,0.0,0.0,0.0,0.0,0.0,0.0,0.0,0.0,0.0,0.0,0.0,0.0,0.0,0.0,0.0,0.0,0.0,0.0,0.0,0.0,0.0,0.0,0.0,0.0,0.0,0.0,0.0,0.0,0.0,0.0,0.0,0.0,0.0,0.0,0.0,0.0,0.0,0.0,0.0,0.0,0.0,0.0,0.0,0.0,0.0,0.0,0.0,0.0,0.0,0.0,0.0,0.0,0.0,0.0,0.0,0.0,0.0,0.0,0.0,0.0,0.0,0.0,0.0,0.0,0.0,0.0,0.0,0.0,0.0,0.0,0.0,0.0,0.0,0.0,0.0,0.0,0.0,0.0,0.0,0.0,0.0,0.0,0.0,0.0,0.0,0.0,0.0,0.0,0.0,0.0,0.0,0.0,0.0,0.0,0.0,0.0,0.0,0.0,0.0,0.0,0.0,0.0,0.0,0.0,0.0,0.0,0.0,0.0,0.0,0.0,0.0,0.0,0.0,0.0,0.0,0.0,0.0,0.0,0.0,0.0,0.0,0.0,0.0,0.0,0.0,0.0,0.0,0.0,0.0,0.0,0.0,0.0,0.0,0.0,0.0,0.0,0.0,0.0,0.0,0.0,0.0,0.0,0.0,0.0,0.0,0.0,0.0,0.0,0.0,0.0,0.0,0.0,0.0,0.0,0.0,0.0,0.0,0.0,0.0,0.0,0.0,0.0,0.0,0.0,0.0,0.0,0.0,0.0,0.0,0.0,0.0,0.0,0.0,0.0,0.0,0.0,0.0,0.0,0.0,0.0,0.0,0.0,0.0,0.0,0.0,0.0,0.0,0.0,0.0,0.0,0.0,0.0,0.0,0.0,0.0,0.0,0.0,0.0,0.0,0.0,0.0,0.0,0.0,0.0,0.0,0.0,0.0,0.0,0.0,0.0,0.0,0.0,0.0,0.0,0.0,0.0,0.0,0.0,0.0,0.0,0.0,0.0,0.0,0.0,0.0,0.0,0.0,0.0,0.0,0.0,0.0,0.0,0.0,0.0,0.0,0.0,0.0,0.0,0.0,0.0,0.0,0.0,0.0,0.0,0.0,0.0,0.0,0.0,0.0,0.0,0.0,0.0,0.0,0.0,0.0,0.0,0.0,0.0,0.0,0.0,0.0,0.0,0.0,0.0,0.0,0.0,0.0,0.0,0.0,0.0,0.0,0.0,0.0,0.0,0.0,0.0,0.0,0.0,0.0,0.0,0.0,0.0,0.0,0.0,0.0,0.0,0.0,0.0,0.0,0.0,0.0,0.0,0.0,0.0,0.0,0.0,0.0,0.0,0.0,0.0,0.0,0.0,0.0,0.0,0.0,0.0,0.0,0.0,0.0,0.0,0.0,0.0,0.0,0.0,0.0,0.0,0.0,0.0,0.0,0.0,0.0,0.0,0.0,0.0,0.0,0.0,0.0,0.0,0.0,0.0,0.0,0.0,0.0,0.0,0.0,0.0,0.0,0.0,0.0,0.0,0.0,0.0,0.0,0.0,0.0,0.0,0.0,0.0,0.0,0.0,0.0,0.0,0.0,0.0,0.0,0.0,0.0,0.0,0.0,0.0,0.0,0.0,0.0,0.0,0.0,0.0,0.0,0.0,0.0,0.0,0.0,0.0,0.0,0.0,0.0,0.0,0.0,0.0,0.0,0.0,0.0,0.0,0.0,0.0,0.0,0.0,0.0,0.0,0.0,0.0,0.0,0.0,0.0,0.0,0.0,0.0,0.0,0.0,0.0,0.0,0.0,0.0,0.0,0.0,0.0,0.0,0.0,0.0,0.0,0.0,0.0,0.0,0.0,0.0,0.0,0.0,0.0,0.0,0.0,0.0,0.0,0.0,,,,,,,1.26
,,,,,,,,,,,,,,,,,,,,,,0.0,0.0,0.0,0.0,0.0,0.0,0.0,0.0,0.0,0.0,0.0,0.0,0.0,0.0,0.0,0.0,0.0,0.0,0.0,0.0,0.0,0.0,0.0,0.0,0.0,0.0,0.0,0.0,0.0,0.0,0.0,0.0,0.0,0.0,0.0,0.0,0.0,0.0,0.0,0.0,0.0,0.0,0.0,0.0,0.0,0.0,0.0,0.0,0.0,0.0,0.0,0.0,0.0,0.0,0.0,0.0,0.0,0.0,0.0,0.0,0.0,0.0,0.0,0.0,0.0,0.0,0.0,0.0,0.0,0.0,0.0,0.0,0.0,0.0,0.0,0.0,0.0,0.0,0.0,0.0,0.0,0.0,0.0,0.0,0.0,0.0,0.0,0.0,0.0,0.0,0.0,0.0,0.0,0.0,0.0,0.0,0.0,0.0,0.0,0.0,0.0,0.0,0.0,0.0,0.0,0.0,0.0,0.0,0.0,0.0,0.0,0.0,0.0,0.0,0.0,0.0,0.0,0.0,0.0,0.0,0.0,0.0,0.0,0.0,0.0,0.0,0.0,0.0,0.0,0.0,0.0,0.0,0.0,0.0,0.0,0.0,0.0,0.0,0.0,0.0,0.0,0.0,0.0,0.0,0.0,0.0,0.0,0.0,0.0,0.0,0.0,0.0,0.0,0.0,0.0,0.0,0.0,0.0,0.0,0.0,0.0,0.0,0.0,0.0,0.0,0.0,0.0,0.0,0.0,0.0,0.0,0.0,0.0,0.0,0.0,0.0,0.0,0.0,0.0,0.0,0.0,0.0,0.0,0.0,0.0,0.0,0.0,0.0,0.0,0.0,0.0,0.0,0.0,0.0,0.0,0.0,0.0,0.0,0.0,0.0,0.0,0.0,0.0,0.0,0.0,0.0,0.0,0.0,0.0,0.0,0.0,0.0,0.0,0.0,0.0,0.0,0.0,0.0,0.0,0.0,0.0,0.0,0.0,0.0,0.0,0.0,0.0,0.0,0.0,0.0,0.0,0.0,0.0,0.0,0.0,0.0,0.0,0.0,0.0,0.0,0.0,0.0,0.0,0.0,0.0,0.0,0.0,0.0,0.0,0.0,0.0,0.0,0.0,0.0,0.0,0.0,0.0,0.0,0.0,0.0,0.0,0.0,0.0,0.0,0.0,0.0,0.0,0.0,0.0,0.0,0.0,0.0,0.0,0.0,0.0,0.0,0.0,0.0,0.0,0.0,0.0,0.0,0.0,0.0,0.0,0.0,0.0,0.0,0.0,0.0,0.0,0.0,0.0,0.0,0.0,0.0,0.0,0.0,0.0,0.0,0.0,0.0,0.0,0.0,0.0,0.0,0.0,0.0,0.0,0.0,0.0,0.0,0.0,0.0,0.0,0.0,0.0,0.0,0.0,0.0,0.0,0.0,0.0,0.0,0.0,0.0,0.0,0.0,0.0,0.0,0.0,0.0,0.0,0.0,0.0,0.0,0.0,0.0,0.0,0.0,0.0,0.0,0.0,0.0,0.0,0.0,0.0,0.0,0.0,0.0,0.0,0.0,0.0,0.0,0.0,0.0,0.0,0.0,0.0,0.0,0.0,0.0,0.0,0.0,0.0,0.0,0.0,0.0,0.0,0.0,0.0,0.0,0.0,0.0,0.0,0.0,0.0,0.0,0.0,0.0,0.0,0.0,0.0,0.0,0.0,0.0,0.0,0.0,0.0,0.0,0.0,0.0,0.0,0.0,0.0,0.0,0.0,0.0,0.0,0.0,0.0,0.0,0.0,0.0,0.0,0.0,0.0,0.0,0.0,0.0,0.0,0.0,0.0,0.0,0.0,0.0,0.0,0.0,0.0,0.0,0.0,0.0,0.0,0.0,0.0,0.0,0.0,0.0,0.0,0.0,0.0,0.0,0.0,0.0,0.0,0.0,0.0,0.0,0.0,0.0,0.0,0.0,0.0,0.0,0.0,0.0,0.0,0.0,0.0,0.0,0.0,0.0,0.0,0.0,0.0,0.0,0.0,0.0,0.0,0.0,0.0,0.0,0.0,0.0,0.0,0.0,0.0,0.0,0.0,0.0,0.0,0.0,0.0,0.0,0.0,0.0,0.0,0.0,0.0,0.0,0.0,0.0,0.0,0.0,0.0,0.0,0.0,0.0,0.0,0.0,0.0,0.0,0.0,0.0,0.0,0.0,0.0,0.0,0.0,0.0,,,,,,,1.1
,,,,,,,,,,,,,,,,,,,,,,0.0,0.0,0.0,0.0,0.0,0.0,0.0,0.0,0.0,0.0,0.0,0.0,0.0,0.0,0.0,0.0,0.0,0.0,0.0,0.0,0.0,0.0,0.0,0.0,0.0,0.0,0.0,0.0,0.0,0.0,0.0,0.0,0.0,0.0,0.0,0.0,0.0,0.0,0.0,0.0,0.0,0.0,0.0,0.0,0.0,0.0,0.0,0.0,0.0,0.0,0.0,0.0,0.0,0.0,0.0,0.0,0.0,0.0,0.0,0.0,0.0,0.0,0.0,0.0,0.0,0.0,0.0,0.0,0.0,0.0,0.0,0.0,0.0,0.0,0.0,0.0,0.0,0.0,0.0,0.0,0.0,0.0,0.0,0.0,0.0,0.0,0.0,0.0,0.0,0.0,0.0,0.0,0.0,0.0,0.0,0.0,0.0,0.0,0.0,0.0,0.0,0.0,0.0,0.0,0.0,0.0,0.0,0.0,0.0,0.0,0.0,0.0,0.0,0.0,0.0,0.0,0.0,0.0,0.0,0.0,0.0,0.0,0.0,0.0,0.0,0.0,0.0,0.0,0.0,0.0,0.0,0.0,0.0,0.0,0.0,0.0,0.0,0.0,0.0,0.0,0.0,0.0,0.0,0.0,0.0,0.0,0.0,0.0,0.0,0.0,0.0,0.0,0.0,0.0,0.0,0.0,0.0,0.0,0.0,0.0,0.0,0.0,0.0,0.0,0.0,0.0,0.0,0.0,0.0,0.0,0.0,0.0,0.0,0.0,0.0,0.0,0.0,0.0,0.0,0.0,0.0,0.0,0.0,0.0,0.0,0.0,0.0,0.0,0.0,0.0,0.0,0.0,0.0,0.0,0.0,0.0,0.0,0.0,0.0,0.0,0.0,0.0,0.0,0.0,0.0,0.0,0.0,0.0,0.0,0.0,0.0,0.0,0.0,0.0,0.0,0.0,0.0,0.0,0.0,0.0,0.0,0.0,0.0,0.0,0.0,0.0,0.0,0.0,0.0,0.0,0.0,0.0,0.0,0.0,0.0,0.0,0.0,0.0,0.0,0.0,0.0,0.0,0.0,0.0,0.0,0.0,0.0,0.0,0.0,0.0,0.0,0.0,0.0,0.0,0.0,0.0,0.0,0.0,0.0,0.0,0.0,0.0,0.0,0.0,0.0,0.0,0.0,0.0,0.0,0.0,0.0,0.0,0.0,0.0,0.0,0.0,0.0,0.0,0.0,0.0,0.0,0.0,0.0,0.0,0.0,0.0,0.0,0.0,0.0,0.0,0.0,0.0,0.0,0.0,0.0,0.0,0.0,0.0,0.0,0.0,0.0,0.0,0.0,0.0,0.0,0.0,0.0,0.0,0.0,0.0,0.0,0.0,0.0,0.0,0.0,0.0,0.0,0.0,0.0,0.0,0.0,0.0,0.0,0.0,0.0,0.0,0.0,0.0,0.0,0.0,0.0,0.0,0.0,0.0,0.0,0.0,0.0,0.0,0.0,0.0,0.0,0.0,0.0,0.0,0.0,0.0,0.0,0.0,0.0,0.0,0.0,0.0,0.0,0.0,0.0,0.0,0.0,0.0,0.0,0.0,0.0,0.0,0.0,0.0,0.0,0.0,0.0,0.0,0.0,0.0,0.0,0.0,0.0,0.0,0.0,0.0,0.0,0.0,0.0,0.0,0.0,0.0,0.0,0.0,0.0,0.0,0.0,0.0,0.0,0.0,0.0,0.0,0.0,0.0,0.0,0.0,0.0,0.0,0.0,0.0,0.0,0.0,0.0,0.0,0.0,0.0,0.0,0.0,0.0,0.0,0.0,0.0,0.0,0.0,0.0,0.0,0.0,0.0,0.0,0.0,0.0,0.0,0.0,0.0,0.0,0.0,0.0,0.0,0.0,0.0,0.0,0.0,0.0,0.0,0.0,0.0,0.0,0.0,0.0,0.0,0.0,0.0,0.0,0.0,0.0,0.0,0.0,0.0,0.0,0.0,0.0,0.0,0.0,0.0,0.0,0.0,0.0,0.0,0.0,0.0,0.0,0.0,0.0,0.0,0.0,0.0,0.0,0.0,0.0,0.0,0.0,0.0,0.0,0.0,0.0,0.0,0.0,0.0,0.0,0.0,0.0,0.0,0.0,0.0,0.0,0.0,0.0,0.0,0.0,0.0,0.0,0.0,0.0,0.0,0.0,0.0,0.0,0.0,0.0,0.0,,,,,,,0.9
