days,len_day,Period_T,R,length_macroperiod,length_microperiod_energy,J,n_scenario,startup_cost,startup_time,initial_stock,capacity_unit,holding_cost,energy_startup,energy_product,D_0,D_1,D_2,D_3,D_4,D_5,D_6,D_7,D_8,D_9,D_10,D_11,D_12,D_13,D_14,D_15,D_16,D_17,D_18,D_19,scenario0,scenario1,scenario2,scenario3,scenario4,scenario5,scenario6,scenario7,scenario8,scenario9,scenario10,scenario11,scenario12,scenario13,scenario14,scenario15,scenario16,scenario17,scenario18,scenario19,scenario20,scenario21,scenario22,scenario23,scenario24,scenario25,scenario26,scenario27,scenario28,scenario29,scenario30,scenario31,scenario32,scenario33,scenario34,scenario35,scenario36,scenario37,scenario38,scenario39,scenario40,scenario41,scenario42,scenario43,scenario44,scenario45,scenario46,scenario47,scenario48,scenario49,scenario50,scenario51,scenario52,scenario53,scenario54,scenario55,scenario56,scenario57,scenario58,scenario59,scenario60,scenario61,scenario62,scenario63,scenario64,scenario65,scenario66,scenario67,scenario68,scenario69,scenario70,scenario71,scenario72,scenario73,scenario74,scenario75,scenario76,scenario77,scenario78,scenario79,scenario80,scenario81,scenario82,scenario83,scenario84,scenario85,scenario86,scenario87,scenario88,scenario89,scenario90,scenario91,scenario92,scenario93,scenario94,scenario95,scenario96,scenario97,scenario98,scenario99,battery_cap,charge_lim,discharge_lim,charge_efficiency,discharge_efficiency,trans_efficiency,energy_purchase_price
4.0,16.0,8.0,64.0,480.0,60.0,20.0,100.0,200.0,60.0,935.0,0.05,0.05,10.0,0.13,345.0,332.0,335.0,330.0,329.0,335.0,340.0,337.0,355.0,336.0,346.0,323.0,333.0,335.0,331.0,325.0,342.0,336.0,333.0,345.0,1.0867731267870555,1.437170888518346,0.802753774900775,0.81282631049341,0.0,1.4154220087832,1.521627706137647,1.524951181499694,1.8446754945389945,0.92466663317208,0.6399673861217492,0.6923917231687321,1.4981923135151145,1.675708643894081,2.559503637490151,0.1887797648579862,0.0574362949817136,0.0,1.299093985654076,0.0,0.2789834058958531,1.3614951556195694,1.1485796126741148,0.479507095835365,2.270157604811088,1.3005457984920588,0.5861800013787295,0.9168738323637444,1.7521286218086916,1.6831852761628596,0.164444355517958,2.1724529559676977,0.3878510598210739,1.8487172537981351,1.3007306911515195,1.414774318142846,1.2646768716478047,0.8314452630199134,0.110395330414091,0.3670506262466813,0.558130868702585,1.1361836667530345,0.5036917541291501,0.0722026170000345,1.6646037285231512,1.7842413011350335,0.1691061303931262,0.1524470636539003,0.336228329884817,0.6914062335011141,1.3952869513735155,1.2194560435692854,1.9538386052707983,1.0001072305446548,0.0631867339210467,0.7265870980340698,1.289758723614277,0.4663365592218361,1.3824901940747516,1.1917608784192346,0.3153256587066533,0.5773965484700709,0.1872700234673028,1.4054236733612568,1.7759716855820096,2.462540942790074,0.0,0.980354654524493,1.1807587790252834,1.4447142733316394,1.054837329505084,1.87873043459464,0.4002268218552521,0.8003876785428641,1.1095238963691283,0.7475357494781483,1.3255227356928962,1.7603444087658444,0.6147812002258729,1.2252116682833267,0.0409036229024857,0.8964738901450953,0.5843547949796581,1.0684136296109517,0.0832921042133402,0.4175307587543432,0.2293490736952929,0.9661247811349652,0.413333846928659,1.1886729047794553,1.340964485377469,0.0,1.6677567981054455,0.0196283243794334,0.5434049773325513,1.8546060838026972,1.7063663413569703,0.2200756631449146,0.2230931150942934,0.2188941201767282,100.0,250.0,250.0,0.95,0.95,0.95,0.96
,,,,,,,,200.0,60.0,828.0,0.05,0.05,10.0,0.13,340.0,336.0,341.0,337.0,342.0,324.0,334.0,340.0,346.0,332.0,334.0,326.0,327.0,325.0,325.0,332.0,320.0,331.0,339.0,332.0,3.696219389352757,5.296947076555215,3.3928309494033684,3.285958441680866,0.1537162409457297,5.113549427395116,5.669572321720909,5.469537229451525,6.739577731513834,3.730356511942471,2.5029555913492603,2.446167830956803,5.740629517295096,6.541435516017536,8.973631342815327,1.1568359530447043,1.269539097934728,0.0547697220131686,4.987078786546088,0.0,1.4898663375879466,5.0838314908661495,4.451321621465216,1.9515103282091744,8.279834503562874,4.613249740964668,2.777401471579526,4.017630799999129,6.671716362925569,5.839354989038387,1.2650087379140182,7.83008307954748,2.313901834525612,5.879787464758037,4.91682313858027,5.590034280548067,4.609672986407198,3.3641101808588787,1.087776804954161,1.706305854508579,2.429235102238734,4.458114356468417,3.251775595216582,0.8315995845406743,6.333618504878249,6.141017239867757,0.6092031673154623,1.960513987376102,1.9078074201237676,3.358566674436133,5.43536268819002,5.352299489646725,6.657620211326229,3.686822864487918,1.1300975496237768,3.4562843156090666,4.957270520383848,2.509699170087167,5.489145206784364,4.934993620506351,1.970259857548018,3.027070573583837,1.5915209281017106,4.806185446505113,5.731257181548615,8.70904764054177,0.0,3.1151545251440256,4.343629053580746,4.6992659387704645,4.029159799462466,7.305689342972179,1.9437275679404344,2.916510820960049,4.980336757425632,3.961584601662511,5.048546665551079,6.68691327096437,3.3186025074961,4.531306383548944,0.9798413190946528,3.0044325570412496,2.737117757616863,4.504304463493859,1.680546634382463,1.4546017535785944,2.3462849508743107,4.2730913188061495,2.1101414413966246,4.303372912351052,5.802043939416003,0.5033365235942822,6.455072602855377,1.7498342070454922,2.8926736927429664,7.422017070597898,6.156975916075789,1.5807512095044172,1.3425953398035344,1.454602735623857,,,,,,,1.22
,,,,,,,,200.0,60.0,478.0,0.05,0.05,10.0,0.13,330.0,328.0,343.0,357.0,341.0,333.0,332.0,334.0,343.0,337.0,320.0,336.0,343.0,331.0,319.0,350.0,341.0,347.0,347.0,317.0,10.810729594349452,12.734054236000109,9.18124820569936,8.138290159610044,3.5388870821639307,14.455206963067988,12.847439556416568,13.021324773469424,16.456086839049743,10.013613142446795,7.174633863452621,7.52301140836642,13.946778107778728,15.134698746124924,21.311803637430483,2.224808690120585,3.27167141731909,4.695017577560975,12.199510472468289,0.0,4.649390205174332,12.40741512275144,13.244852049806044,6.281805730000805,19.56815371237742,10.638851771040382,9.549354524208816,9.638375423489986,15.7822412754911,13.918166997553476,4.624964246754785,17.112847905741745,4.389962605572325,11.277748938517991,11.754632790953076,13.184049126382414,11.660113286673392,8.687456065412949,4.558441444645976,6.853866400148983,6.42652874959442,10.298446643889196,8.326382001067579,3.404120846044472,14.08253346868252,14.191388589955576,3.1555392095762413,4.964395879442195,4.190460956538877,8.783144962965622,14.21354485626531,12.573924639116656,15.386557526415462,9.018704007867688,5.11010857763834,8.584154350569976,12.395150059137666,7.696294180303261,11.695329827190976,10.659468126301892,4.395677397231992,8.455476807323915,5.546063468173954,11.872379004049645,14.519778212888854,22.91237541163207,1.9610515328375837,7.891581401315939,9.4773690884798,11.938287066213748,11.164136582107648,16.567663804347337,4.854892810880257,7.970944310445194,12.960121601251274,9.873509331834423,12.775867619283158,15.587288987023523,7.588665380250741,10.32652842742798,4.75364785657959,7.933191780757944,8.70382441335746,12.534958170328403,6.932219588152435,3.567102257896988,6.682810056525817,10.867908448811768,4.174606709209503,9.511051717978797,12.724461883385686,3.945836880683831,15.305929966950082,5.905226582432583,8.965171323828965,17.88524262322767,13.480517102747708,5.814703049254093,5.010522549916962,4.9991186097019895,,,,,,,1.26
,,,,,,,,200.0,60.0,1064.0,0.05,0.05,10.0,0.13,322.0,329.0,324.0,335.0,331.0,336.0,330.0,340.0,331.0,330.0,340.0,336.0,343.0,347.0,337.0,336.0,323.0,337.0,348.0,335.0,19.011292878197843,21.82788297283745,14.076505704206674,18.705928035995825,7.542763446056895,26.02421003192602,18.27510602517081,21.753468120392935,27.725529070034597,14.480781416685058,15.166187030174529,14.289822061091572,24.86604458375983,23.941041664928672,35.76692098354592,6.171044848333729,8.48595537217373,10.216198456667328,23.08466118044538,0.0,9.287728373659812,21.46114171905788,23.34344710801803,12.582880523867864,33.48740868422742,20.416592212390533,18.7788853492986,20.782533431035915,26.87932459229425,23.93845240710412,11.059101979786549,27.725162483857435,8.40215984637741,19.94662199615464,22.093123375811896,22.150967107459536,25.368271217643247,15.41270650480697,10.091217877441991,11.699753787770298,13.268139643198367,17.41252769914277,16.406785303637754,8.20183173640376,20.278125949348603,23.625853794219093,9.268400167169766,8.291414705345803,8.252178282330888,13.64130647864932,23.513355398595834,21.192079433217565,26.13879760056468,18.549505184467804,9.545323791760511,16.287019305441337,23.077198655326317,9.972662081573311,22.08237360682992,19.95724069530928,7.564537634618008,14.388453215465397,11.150239912996849,18.798149062299032,21.97534658038026,37.109851555387664,3.9122511562786753,17.104467300518472,16.561492511983438,18.410441871792887,20.074214486295624,31.05193692724394,8.607338402612811,16.094659696300393,19.698650133156814,20.23606941752173,19.22862358660538,27.15974487660874,15.335947191908652,19.41130019686293,9.581045171701778,14.115635733900362,18.62041715178235,21.63632351693922,12.988796289380367,8.711809816194341,12.334515441905378,19.9171305630604,7.574547426950926,14.771632697865028,20.434944576641392,10.818489052206267,26.141702827579078,13.527130871721832,16.332975808255668,33.17549525413224,24.099230139463724,10.944521402969464,14.5920585117357,14.1968355086448,,,,,,,1.2
,,,,,,,,200.0,60.0,790.0,0.05,0.05,10.0,0.13,318.0,338.0,330.0,335.0,326.0,335.0,333.0,334.0,335.0,349.0,339.0,342.0,334.0,350.0,349.0,342.0,312.0,334.0,340.0,342.0,23.26468172319035,29.202923037048343,21.76645411358129,28.47900524032045,16.346140694308385,34.85618753981324,26.48756856373849,31.37846501245462,32.71503556916448,18.522723712103463,18.635248256886097,19.314160342812507,34.879159379031634,32.42386370484784,50.60880864320468,12.103873527482708,13.364794653310271,16.557774625289195,30.84772476312684,1.7863393795684774,13.641070229576128,31.13508127998085,32.651818073335754,18.157418918952065,43.36884586665363,27.407925906336107,22.354753450960825,25.796265758268017,38.89392242986818,27.47193883301813,16.961627206356912,37.77305322855843,18.64308792228403,26.846981615389883,32.74801028438941,31.96366332149105,33.25711530712424,22.698660047252098,13.141663811990698,18.9071810270074,17.45493278979334,22.196000586214605,23.405390138482037,13.853435866916758,25.94054785586757,30.162081811755,14.555931336443988,15.600071915986913,13.903240358875284,20.235852488914745,29.82710949305753,28.604235278798733,31.641998058026545,26.09326192576229,12.145100599275455,21.232150194589973,27.65672740701037,13.381383391148658,21.94462010815868,25.03549124995693,12.381861653207803,18.75208645568524,14.326848586443022,26.27890305676707,27.527331484007423,44.56138856428756,10.17657265859046,23.186951605098702,23.280144052490385,25.45998276430097,28.79625112553471,40.50127786559874,11.553360425997884,20.1278268802079,24.98731030168414,28.39082874668849,23.675442008449167,33.908441814629704,23.641429436664687,24.665385797240592,11.838469937044572,19.066694264047356,22.97639161754104,23.92513320646812,19.85911115744967,12.821890740652552,15.116780932779625,25.54280880414056,15.62253373953864,20.296623611510785,23.58780735209732,19.589245839589843,41.01327996627987,22.927185925969653,24.071754446523386,38.67597337825354,34.10829851340268,17.41807008548116,19.653191031963736,21.326228123026358,,,,,,,1.12
,,,,,,,,200.0,60.0,2028.0,0.05,0.05,10.0,0.13,341.0,330.0,344.0,326.0,332.0,319.0,332.0,346.0,332.0,321.0,345.0,331.0,326.0,338.0,325.0,325.0,342.0,355.0,339.0,328.0,26.93897844886473,28.986574618957302,23.39842172499837,30.57520221353504,19.76639180709928,35.798209845859304,26.96426546417257,35.71045229271222,34.359548387210936,16.438329989990105,18.64616341594268,26.68524478494463,40.04977439476402,34.70847016654371,52.54786847615664,14.296964580052206,19.635370016055447,19.09770972266707,32.10508814455558,5.262287630626287,12.592243781392028,34.465922715056735,34.183071409882295,21.34427447448519,42.99746295751621,30.96307089754441,24.362379490311348,28.92467307645459,32.883969702169885,24.14415164408228,18.23820950068285,37.27927766983336,16.745628097292705,25.728049370891835,33.79249564674636,35.136751783725416,35.06618689405936,21.98797358165812,14.88482445540786,23.93842082432018,22.89308608580952,22.96771180013262,24.757219749905374,14.429572699668174,27.708070253712485,36.389913755835295,13.21966195882335,16.621134717794295,18.092616563698943,15.52782120472282,32.56350150373516,27.43334026115948,30.248874964051858,26.171472795972274,15.89387840805678,23.496980132369963,27.587220566905028,15.506380752753053,22.970426855497664,23.87730119828078,16.632089421613568,24.306828891759157,15.154056039912364,26.01457426405515,30.34907183114479,41.29076935379236,14.233167442505543,27.37617231699778,24.13268430647846,23.19204014849446,30.48262105114463,36.73906861191156,14.23379665466143,20.08546621832118,28.343506672051728,32.51632125905781,27.231522110744336,31.46320620310059,26.24037830654775,28.998386371792773,11.523757097457072,24.642237777869827,24.805593766392924,27.09148098399776,24.775799949779245,14.229563585709414,19.45278455078259,27.301146313696183,17.533957350746423,18.58546372145037,21.799001878285864,22.51010133750414,44.344289133925486,22.80771118955035,25.03964220725362,42.10429488124873,40.36746604033817,24.834925668718014,19.76008114845129,23.330151218657107,,,,,,,0.8
,,,,,,,,200.0,60.0,1791.0,0.05,0.05,10.0,0.13,327.0,339.0,350.0,338.0,334.0,338.0,340.0,336.0,329.0,328.0,338.0,327.0,340.0,352.0,344.0,341.0,339.0,347.0,348.0,327.0,33.12524504301908,29.17912957840641,28.68663280964252,33.619653711927334,24.69652505777225,39.368951679492056,31.27407937782529,39.05502740500396,37.51186796050075,19.494291013926382,20.48759319767576,33.438913882681874,44.489255374144726,35.07215558869286,55.82802256894573,20.56820137996391,24.78461891580951,21.8288157775768,36.50871984696801,10.8138564273455,15.722821814943558,36.39906756387029,33.584941583612235,28.955015567309104,41.25625926351322,36.09100237374677,26.41634556685633,29.415823023232115,31.62880860650993,28.893543490906023,20.41226342256199,41.79965657291872,19.348344230552364,29.901219519984828,38.8635299548135,32.93183236925487,37.56280942964544,26.664639760963244,15.885173234812711,23.68880119120156,24.07616372227116,25.946771143861326,29.68953710989071,22.67586078399148,34.359263009276624,39.002971350820765,18.87594372327101,22.01550350089854,21.685067197501684,19.3924024110531,34.18960833007569,27.18758928675472,32.402803999172455,29.828889454043047,25.501793793492997,20.751476580834595,22.444985747293074,18.007714326013375,25.32309237655617,28.79641327886547,21.53657292024996,33.03113559937205,14.826959216697578,29.65739417095797,33.70174729713312,41.57051102244094,12.280614841852518,28.458665073521136,28.742830660740456,24.619956429063556,30.73754079493811,34.72205028504238,21.909148981340667,24.96032954460301,34.153880243833115,35.992100303984245,27.78944499646759,35.70171404902227,26.2459609483918,32.656419816554354,14.901776965230985,30.27249773314878,24.871904322954357,33.95211012241396,29.438193636927327,16.101535085145414,21.466875178145955,31.889955728945,24.612136178986635,22.992824155885515,21.546653121733584,26.205233392914515,48.6962396010264,29.43643403055017,28.584274553194334,47.855534645837984,44.667347682711096,27.60422216258196,20.644131642237586,26.397027184108804,,,,,,,0.74
,,,,,,,,200.0,60.0,156.0,0.05,0.05,10.0,0.13,333.0,345.0,336.0,332.0,342.0,339.0,340.0,342.0,329.0,343.0,324.0,337.0,344.0,335.0,342.0,332.0,340.0,340.0,339.0,334.0,30.29251441240466,32.20749615547647,27.93722678418461,30.66823726376552,22.5989082680405,42.12640386813958,30.337509500979223,35.29485887470962,35.49172727695168,19.13042316058475,21.04284283527372,40.99116164235417,38.257509018700375,37.18981713229028,48.11469704331706,24.90635326664568,29.731543565464,18.69573378860741,38.955332534338766,10.298826734245008,18.44947798310596,37.13769859869116,35.83791431108261,28.810261958244816,39.75579500484645,29.418699890131773,30.37146518531936,33.589912012823646,27.01172200405501,26.864128738164577,21.57823563000318,40.52497252722579,17.02053121053182,32.45089714492869,40.21005731382064,33.21020429734298,32.53008715294112,28.133291633918024,18.92500608956662,26.04949142864119,19.20540135829789,28.39874190932559,30.97057419550315,26.59870241870918,38.45061238564851,37.54447065117561,19.48412305049859,20.2728057870771,22.79806527858102,18.05083977585396,28.79771903332418,22.96979362135357,31.042164167045264,22.636072676695694,28.35507774275657,18.62405276719868,29.69617828803598,22.779125021358755,28.796294644756667,25.776563159403583,23.342857999201428,35.93881964879028,18.09930730190992,29.18106544228714,32.45239723585787,41.42015321510842,14.509872371786251,28.38958898030329,30.945811871352987,30.00840811210516,29.988744986088854,27.313082887216424,25.93337164801197,29.119890280751555,28.57060694798065,25.777059054640368,24.24951053150976,41.631758378132574,29.38493804527748,30.82967440377928,12.941924920078469,27.33061825873976,21.86878059026738,32.659042162051186,32.83470256679033,13.284555005082314,25.608234892422733,28.450800679899995,28.624229386983497,28.36386524098396,20.931493087629697,27.019612649355125,44.83340293330444,32.656224256616646,27.848430839751757,39.96319299737458,44.629362274810575,23.701169882877902,19.525117180120684,27.514866526764536,,,,,,,0.76
,,,,,,,,200.0,60.0,202.0,0.05,0.05,10.0,0.13,,,,,,,,,,,,,,,,,,,,,22.883073293654675,30.77718701377436,21.212844297158917,28.86234465022676,21.348844390702208,29.87663951411329,20.093290990366576,31.33173594205668,27.695697763352907,18.813329333703383,19.416174882005077,37.74732134084786,32.713101239303576,30.530526891144973,31.624233837732096,25.855755499191314,26.55810479040211,14.513570121259164,29.334850381736217,13.68741699395052,18.463181258996908,24.224180652908583,30.06634882885818,21.723107761263343,33.589498469427895,26.076426880646792,27.963393285584992,33.63840790890292,20.216453410523485,25.471075597582484,18.71780292357446,33.791305812920385,16.446203453243573,29.023486221276944,34.94208512186299,28.46010772456872,22.77786339487594,22.821221748953548,16.407208909593884,21.66097120904563,16.013320372842223,21.815362306786977,26.595036792519284,23.356951811152683,31.939801611867207,25.556746961920684,17.551440285872992,14.583771341257718,23.54948011698264,15.996253943565875,21.59430831709469,20.172022049941603,26.976849743748595,17.59177317024962,24.37442620785121,19.53934681096884,20.579972191169087,24.224787046443947,26.6575023872482,19.2945170571776,24.776704103398835,29.506498761014534,15.156327071444249,27.50945966314207,26.87288763937161,30.665139964303044,13.930407282117663,25.88433739731757,25.672996413603503,28.99903967970332,23.654715251010916,21.266920541431645,22.130724087554896,23.46749273497765,20.98068369439702,23.480787018649927,19.16258435038324,32.80070666516623,32.2743916511941,29.612840161286343,13.91249498351531,27.23912861900139,15.029009440530947,24.19875697135457,31.862947109082107,11.242764407896738,21.02353336394262,26.733835234121237,23.884301413549583,25.561379939810084,21.49934294577968,22.886416829061115,36.83151470190555,23.79566113688216,21.80662370495009,31.29681116917568,34.48987953662578,21.211271147724297,18.23403263530725,24.07351305287991,,,,,,,0.9
,,,,,,,,200.0,60.0,670.0,0.05,0.05,10.0,0.13,,,,,,,,,,,,,,,,,,,,,12.899920849421694,18.79710761958874,12.212371339512412,16.619457420147747,15.534907204056674,18.67147314551327,12.329621178024512,18.300020803717523,16.2014448322898,13.55592528030106,12.59786105050282,21.100796081540643,17.05701066802206,18.27928646829038,16.791431834111126,16.484493683567518,19.677856500186564,10.45955066364145,16.892916275887792,8.767034122260403,11.278856752082058,11.437546628108906,17.29361170965363,14.448948450529976,19.089079499769525,17.405866923306046,17.88035093310086,19.479582954663773,12.809406504715712,13.874413186897348,11.099198430758578,18.374357688221224,11.595040365436963,14.632381933380495,17.86862079757982,16.556601222374443,14.816011568518949,14.412608500489414,12.360527329890973,9.511416935870296,9.58564356646076,15.244273313355007,18.085338437617462,14.613548682755276,19.11137436208128,15.159253535527554,12.377111544029136,6.2542728414927,14.972326053081355,9.44413428991355,12.543717602462074,11.754190912874748,15.57851923115325,10.38328506700802,13.674469293567125,10.021793999641424,10.775984236669023,12.861425256549548,16.61246889825394,11.615140385967017,15.145023534051877,14.438200703408738,8.808945998935233,17.420023594127155,17.28698689556686,18.22522560155728,9.89778775866213,14.459688563858403,10.907144547343371,17.558107564914728,13.682150115454982,12.420996632996884,12.154718442174724,13.06439884028802,12.214417122510838,13.618726923530332,12.080423890019114,19.48502361059153,18.909205369780064,15.400618035645032,11.699112607160744,16.45400437577159,8.417606185887571,15.465165696445968,18.56130086101803,6.321188529415581,14.586283743212926,15.209112566877565,16.961814424184748,16.101442648193245,15.766593708296536,14.052220824848764,22.08876607779507,12.534146498036405,14.299041266358364,17.458711829836687,19.50180625129036,10.958866852391184,12.245539595578665,13.722310891571263,,,,,,,1.02
,,,,,,,,200.0,60.0,792.0,0.05,0.05,10.0,0.13,,,,,,,,,,,,,,,,,,,,,4.105468729498454,6.441910743827917,4.674358243194704,5.369644165575917,4.842457685012249,6.084551596119984,4.890409517400741,5.939354475969639,5.462184217842662,4.736252577745511,5.189082339360186,6.576724190245137,5.466309603735572,5.894140934033246,5.927122388105952,6.485609209453546,5.901721426588168,4.270563758876845,6.597513996427294,2.5912578082004463,4.064375770586382,4.082302274274936,4.825816854919589,5.903786649409697,6.470097622340141,6.411724991507648,5.983239403590883,5.467563482526344,4.584621436063579,4.231148035589266,3.045327294267484,5.280291187497888,4.77385232138011,5.115907585812601,5.736180755694363,4.811388366326411,4.257064579622633,5.562445799366319,4.5955807649390366,3.258482393773739,3.3436564769808106,4.968058662174155,6.286528340944686,5.385660499025993,5.5737116667337325,4.726285943764403,3.806881737143764,2.526588444936746,5.705090803686441,3.206322899881261,5.434879634315198,3.912853678738143,6.055336626199681,4.665553772920005,4.042840497015324,4.022607750220804,4.503276868897662,4.061360215239501,4.850710317685967,3.64946456235493,4.638262732884181,5.013009224525666,2.599179145987353,5.3440439000324425,5.72975318309024,5.851172637025471,3.598079575391533,4.546793462747451,3.3283579347886736,4.544815026568027,4.182104448881805,3.952276017316168,3.8439684775078673,4.225680067667889,4.063093534206192,4.929441227155043,4.319951787709339,6.018664486717995,5.795692835679656,5.316507639664174,4.384451597241486,5.154393792486474,3.354205685405098,5.695302850707423,5.040754188941322,3.470993727158369,5.0369592155052425,5.251235934604628,6.177948578494215,4.449317505040229,4.855644969595265,4.282221724167565,6.609802238251654,5.290258512423989,4.3289560968180005,5.500669198934725,5.630826404348275,3.577688381930475,4.332100564952257,4.4243993657608,,,,,,,1.08
,,,,,,,,200.0,60.0,2034.0,0.05,0.05,10.0,0.13,,,,,,,,,,,,,,,,,,,,,1.6932386758728393,2.501977282467902,1.6153503160522238,1.9418498500295904,1.7874810649555244,2.435524547178835,1.9516450909404737,2.2787267604052523,1.9908541115197755,1.8257010398153928,2.027263315202112,2.415524275523394,2.4084270691650134,2.559193010941497,2.7109589926760806,2.54016909748042,2.5312372777772176,1.949171614145358,2.7888794156846224,1.0922586287960288,1.661657291538881,1.7840274220106933,1.8536512714396265,2.2808769641324123,2.779730783983204,2.4031029071410783,2.0458646161519214,2.1991879469339155,1.785331084794509,1.87953364129411,1.364331864709256,2.086075891418197,2.1209506067968,2.218611893576649,2.036893269891204,1.843418752532347,1.4249573367124817,2.3287547300668856,1.9367110556098337,1.676682823446857,1.4296819353750836,1.9349908603262669,2.051533858283085,2.030702966103992,2.3176935861226555,1.9640982493650727,1.481598937564344,1.148266905410361,2.4348694941910582,1.175300929481657,2.563738930408744,1.771632341516928,2.4254012735785397,1.9792480798096648,2.045996630136119,1.4738484271053376,1.9091138458504928,1.8336520654268795,1.70551033208972,1.6313920983590036,2.09470462156669,2.032983570194631,1.5289244356910066,2.2339471351794007,2.387864804445357,2.211460603520813,1.564933471484545,2.075613242552894,1.525086197998248,1.6625074677753997,1.7725685505300686,1.6404415315934024,1.8780284482152363,1.6010737063658538,1.5691781252361618,2.161347285231072,1.85406269451681,2.443511696660704,1.9187141455061412,2.0528491797025463,2.260006396437585,2.0636558171661834,1.4927552158026651,2.4900247651702294,2.0263402330574785,1.6324812203202517,2.3730310047040883,1.8039247937577143,2.3760186356249924,1.785700803310282,1.723262267812813,1.7503997347428566,2.7184989627611675,2.1773230160366346,1.9162159881549456,2.2842546600463947,2.1804724059407032,1.682820153523271,1.635881416687349,1.862798200798072,,,,,,,1.18
,,,,,,,,200.0,60.0,1335.0,0.05,0.05,10.0,0.13,,,,,,,,,,,,,,,,,,,,,0.0,0.0,0.0,0.0,0.0,0.0,0.0,0.0,0.0,0.0,0.0,0.0,0.0,0.0,0.0,0.0,0.0,0.0,0.0,0.0,0.0,0.0,0.0,0.0,0.0,0.0,0.0,0.0,0.0,0.0,0.0,0.0,0.0,0.0,0.0,0.0,0.0,0.0,0.0,0.0,0.0,0.0,0.0,0.0,0.0,0.0,0.0,0.0,0.0,0.0,0.0,0.0,0.0,0.0,0.0,0.0,0.0,0.0,0.0,0.0,0.0,0.0,0.0,0.0,0.0,0.0,0.0,0.0,0.0,0.0,0.0,0.0,0.0,0.0,0.0,0.0,0.0,0.0,0.0,0.0,0.0,0.0,0.0,0.0,0.0,0.0,0.0,0.0,0.0,0.0,0.0,0.0,0.0,0.0,0.0,0.0,0.0,0.0,0.0,0.0,,,,,,,1.28
,,,,,,,,200.0,60.0,979.0,0.05,0.05,10.0,0.13,,,,,,,,,,,,,,,,,,,,,0.0,0.0,0.0,0.0,0.0,0.0,0.0,0.0,0.0,0.0,0.0,0.0,0.0,0.0,0.0,0.0,0.0,0.0,0.0,0.0,0.0,0.0,0.0,0.0,0.0,0.0,0.0,0.0,0.0,0.0,0.0,0.0,0.0,0.0,0.0,0.0,0.0,0.0,0.0,0.0,0.0,0.0,0.0,0.0,0.0,0.0,0.0,0.0,0.0,0.0,0.0,0.0,0.0,0.0,0.0,0.0,0.0,0.0,0.0,0.0,0.0,0.0,0.0,0.0,0.0,0.0,0.0,0.0,0.0,0.0,0.0,0.0,0.0,0.0,0.0,0.0,0.0,0.0,0.0,0.0,0.0,0.0,0.0,0.0,0.0,0.0,0.0,0.0,0.0,0.0,0.0,0.0,0.0,0.0,0.0,0.0,0.0,0.0,0.0,0.0,,,,,,,1.26
,,,,,,,,200.0,60.0,91.0,0.05,0.05,10.0,0.13,,,,,,,,,,,,,,,,,,,,,0.0,0.0,0.0,0.0,0.0,0.0,0.0,0.0,0.0,0.0,0.0,0.0,0.0,0.0,0.0,0.0,0.0,0.0,0.0,0.0,0.0,0.0,0.0,0.0,0.0,0.0,0.0,0.0,0.0,0.0,0.0,0.0,0.0,0.0,0.0,0.0,0.0,0.0,0.0,0.0,0.0,0.0,0.0,0.0,0.0,0.0,0.0,0.0,0.0,0.0,0.0,0.0,0.0,0.0,0.0,0.0,0.0,0.0,0.0,0.0,0.0,0.0,0.0,0.0,0.0,0.0,0.0,0.0,0.0,0.0,0.0,0.0,0.0,0.0,0.0,0.0,0.0,0.0,0.0,0.0,0.0,0.0,0.0,0.0,0.0,0.0,0.0,0.0,0.0,0.0,0.0,0.0,0.0,0.0,0.0,0.0,0.0,0.0,0.0,0.0,,,,,,,1.1
,,,,,,,,200.0,60.0,1116.0,0.05,0.05,10.0,0.13,,,,,,,,,,,,,,,,,,,,,0.0,0.0,0.0,0.0,0.0,0.0,0.0,0.0,0.0,0.0,0.0,0.0,0.0,0.0,0.0,0.0,0.0,0.0,0.0,0.0,0.0,0.0,0.0,0.0,0.0,0.0,0.0,0.0,0.0,0.0,0.0,0.0,0.0,0.0,0.0,0.0,0.0,0.0,0.0,0.0,0.0,0.0,0.0,0.0,0.0,0.0,0.0,0.0,0.0,0.0,0.0,0.0,0.0,0.0,0.0,0.0,0.0,0.0,0.0,0.0,0.0,0.0,0.0,0.0,0.0,0.0,0.0,0.0,0.0,0.0,0.0,0.0,0.0,0.0,0.0,0.0,0.0,0.0,0.0,0.0,0.0,0.0,0.0,0.0,0.0,0.0,0.0,0.0,0.0,0.0,0.0,0.0,0.0,0.0,0.0,0.0,0.0,0.0,0.0,0.0,,,,,,,0.9
,,,,,,,,200.0,60.0,1137.0,0.05,0.05,10.0,0.13,,,,,,,,,,,,,,,,,,,,,1.4051310469655327,1.669598507833014,0.5588293145078326,0.6899181029430985,1.1255057245515796,2.072906984792403,1.262287048760428,2.019607008566028,1.621308607026029,0.3560405767919919,1.1512909706394945,0.5375347951661591,1.6297988057652646,0.869849597804909,0.9196811579282598,1.1501564586808213,0.0,1.6321438975182434,1.4306859365057645,0.4746698028016275,0.84218919226278,1.7723587913168846,0.0,1.4625295681479904,0.0,1.62374825222749,3.2034516137399964,2.24521433777509,0.3899568494615949,0.5568555777640442,1.5311036743786195,1.539987078979765,2.032580443854944,0.7682942248673618,1.8856985700471849,1.8612710238251864,0.0,2.343870419833254,1.33981675174767,0.0,0.6571986520568021,2.9246390575139025,0.0,0.0,1.312775207387496,0.6716156029515551,0.1588958110946725,0.6661060449095162,0.0,0.8844822956514454,0.9118264214995316,1.5655340539371203,2.301847549085116,0.4360962582169646,0.0,1.1948106546478812,0.7582774208147344,2.191154300226809,1.20553701480984,1.9258823138322536,1.0820677776931291,1.307721566814469,0.7880526328937297,0.5918454157977193,1.9962963203045485,0.4918634936534196,0.3755756105874203,1.1238925306106844,0.7516914496665233,0.4112006274086506,0.5088125302873321,1.900062486326048,1.359819350618424,0.3325595224503732,0.7176596293540564,1.3718442227780825,0.0390761024154654,0.7615657619856768,1.569306724593576,0.0,1.7661127664757363,1.5394156183539245,0.3813095963073681,0.0,1.0357875242728305,1.700979968532259,1.3814349694943535,0.7922507408240904,0.1230263593171084,1.5264696201274597,1.395793951805087,0.4540406603160343,1.7619232936056868,1.38142195605768,1.5277084189476864,1.971717770675821,2.187080216366643,0.949470823519654,0.5075566906193907,3.3016423264769825,,,,,,,0.96
,,,,,,,,200.0,60.0,679.0,0.05,0.05,10.0,0.13,,,,,,,,,,,,,,,,,,,,,5.362239423733065,6.390728226602467,2.684408442566819,2.201928090065134,4.81724701673658,7.494887768812608,5.026158192762297,7.163423051680308,6.833694775159451,1.174519042915274,4.437716906234453,2.157980534667141,5.619203997154052,3.847312773299526,3.589698745081141,3.3876261229884785,0.0,5.787392202562601,4.862158291413477,1.9822817354166045,3.300148157858553,6.802012777545105,0.1953902249244512,4.860024173061086,0.0,6.508823438547936,11.2514023438639,8.541627333107938,2.008662270134355,3.372090994035396,6.076873890196506,6.27939188750176,7.514821966448801,3.656941006597018,6.797078649902283,6.275346199010068,0.0,8.675812429974801,5.274206251608272,0.0,3.3679786621745302,9.768230923823436,0.0,0.0,5.390883113620469,2.918400384077081,1.1699038766137249,2.85989471986302,0.0,3.4387386933096424,4.081023042283935,6.477171068601349,8.290195867519122,2.741111721243784,0.0,5.169368805679419,3.422874803070941,7.824985700658897,5.222864061153237,6.547138593195429,4.464641960630969,4.1475017774054,3.165802894372693,3.1811395412280965,7.660160196719996,2.420311970538902,2.213587413357072,4.17490512069584,3.0890607753039734,2.2764788845433275,2.490143373248692,7.154286259011768,5.2993090471106,1.4903063085936816,2.7054325807134925,5.656191225710987,1.0626537818669504,4.116217324062547,5.274997571509491,0.0,7.093133680048536,6.202695233093236,2.6416658268852715,0.5369303305298208,4.596218606206002,6.236085708128577,5.540736852127388,3.5820874704406203,1.3314649167244972,5.827678489827292,5.336470862635601,2.0092238871789423,6.503680459800782,4.850435647382328,5.134889750074141,6.57014288172074,7.197951179114851,3.5370211116750068,1.4861875435879115,11.343360093602817,,,,,,,1.22
,,,,,,,,200.0,60.0,1155.0,0.05,0.05,10.0,0.13,,,,,,,,,,,,,,,,,,,,,14.84987414982469,14.098064659030394,5.5771856481324775,6.039282177414402,10.295443924397274,15.948690431836935,10.75183391937543,14.815949599406048,13.603437356757436,3.4723067160057663,11.673695134409796,5.3260306074933,12.431777495438238,10.22498174034962,10.573373026007555,9.319209438189851,0.0,12.170645692869025,10.684943472578146,6.076642663339435,8.904370970608651,14.64567785772237,4.513050486743378,12.55114355523868,1.4079442220406624,15.765084421655663,25.340138752539545,19.6008883077123,5.837100797257879,11.031757298428849,14.321854669798965,15.05085599643297,18.30499583056281,10.83438905495042,17.54379556926647,12.948167657625609,0.0,20.27718390771256,13.683971858527006,0.0,7.957255933746223,21.61099582096666,1.0111392163128874,0.712344243367492,12.265360677884482,7.210804793283745,4.020859793153996,8.355402317035953,0.0585367373458922,8.449114082119845,9.53147394105018,16.455829186238866,17.56067592143866,8.042791384680438,0.0,11.544134338544623,9.353824359582628,18.149116808233185,10.357402778550597,14.458168436348696,10.216840284620512,11.229379131871964,8.680329806220424,10.573342694169174,17.415769540115264,4.460416404076923,3.7240749305847776,9.774665114063282,8.729192407582202,7.737788748742962,6.776543923187584,16.49469481075897,13.385670506051854,3.257399657540935,6.132790366003642,14.932540964332668,4.193227814165441,12.182280246554946,13.32941094669456,0.591669385339253,15.375787987527069,14.54480772750519,7.443690439779635,1.5909253874659135,12.801593915087413,14.150260354150404,13.237971080975528,9.86050183694432,2.9716448814933227,14.197434846504796,11.892279352146542,6.37391793149325,14.991524291434954,10.793098120225183,12.001423961544592,14.201086787900586,16.5722717755871,8.916012957742318,4.352497383728449,25.27439909989564,,,,,,,1.26
,,,,,,,,200.0,60.0,141.0,0.05,0.05,10.0,0.13,,,,,,,,,,,,,,,,,,,,,27.288444317018,24.41348134788221,13.3900257941843,12.425193762222516,14.582228317791795,30.110511593673728,19.003202137536665,23.355699150081165,25.190094696909544,6.41944176077237,20.359838643236767,11.18828389628846,21.712356130588148,18.55790831578112,18.637329669697017,14.269167085249268,3.992428693435268,21.985624871341365,20.36339816012878,12.812895825806695,19.4249717200455,25.64153142869306,10.745107131380797,24.627508882567835,7.93278614476918,23.531056663516367,38.12410083198085,33.026556018911265,12.859358747129786,19.040370405067364,22.702841738265462,25.53169135747995,31.757561521128544,19.88060204245139,28.95860224442076,20.347053947908236,2.1464923496592547,34.27499088896504,20.24407234102143,0.2732036048951456,15.703164963618065,35.62302886639756,0.8094228394317906,4.478451796606157,23.462660515496687,13.782800183883912,11.638428705927804,12.964088246711237,2.990565052352616,14.35127758166641,16.515712866442136,33.18609209893423,30.34158399833307,16.596130199179747,0.0,22.86056581657153,18.638667580579234,32.14422290175719,16.03295142068802,27.658432351312648,16.637358736901653,20.099775450448057,17.312152058877878,19.81963772710825,28.31725807616528,7.004935457980713,6.890656735103985,16.35506340121002,17.991180877979335,15.381808086396862,13.385147157690556,27.104914690485455,22.432938862791897,7.826051915942456,8.49522222473502,25.538017371538626,10.060933374806394,18.968841391595344,22.17251267185002,2.617291441115693,24.321982480238457,25.63908250786903,16.208404216639394,6.975032812611329,18.67568692436432,25.052643841572262,22.7760801854984,18.837024558521165,6.313059903614807,22.00470476562685,21.376785287009564,12.207183554718164,24.66401160913682,23.8079875812558,20.835241688107708,23.693700964710445,28.89844534027283,15.435180116429338,10.246957444576266,41.42602614895851,,,,,,,1.2
,,,,,,,,,,,,,,,,,,,,,,,,,,,,,,,,,,,32.62588416543583,32.109170843527565,21.83420975918924,17.872596301794665,21.275443442394256,39.85387011929389,33.79352395605458,29.761639706170683,31.40961079856313,9.063576674621904,30.408244044600792,17.954250211434307,28.919805922009274,24.72202096839093,28.263761865119346,21.18417994201365,8.33589753255644,29.867103249012622,27.94752589992933,20.59783981594801,25.451327201550395,30.83100924235998,18.203112147609257,29.81502026121817,13.206422556335315,30.35481447043572,51.5359233298007,43.457970433300254,19.052011316991084,31.235863984198303,32.21336744521858,31.618248686660337,40.388320327881445,27.51360429722549,37.80641471113502,28.534938981958568,5.969831168831302,43.00554520208284,27.7415863704511,2.3743819919004343,20.77889934344932,44.67177074315013,2.22896134717066,7.321511018809149,33.17297639023026,17.334789852084594,17.06509009331465,25.2955800224337,7.231437666605061,17.537002967745448,21.479469272532285,42.87933294128814,39.58352798783893,22.44852990746462,0.9918895377083986,27.868833597642144,27.0128438162814,45.54955598121936,27.913674185251164,37.37200256797698,21.31410117937476,26.71759386409352,24.81234438168553,29.2229735218216,36.77907983262816,14.01144845854759,13.01038645515931,22.90395577359261,24.353002805623948,19.947372344149684,22.73237611451441,36.14550411996608,34.328972767242014,16.436792421044817,11.972140570184155,36.6802567100567,21.1637067841414,20.448012277811245,31.13903728098918,7.706344773539716,31.203508774506144,32.450828444385834,24.812443122693637,14.026681327425171,21.975078720065483,33.59894183402887,28.178944659019123,27.61554964685921,12.829867244025776,29.72829849325439,26.4254700556519,18.046197178194355,33.1539845531921,32.010238819308924,28.38374682795574,28.88498873573917,37.52690727838498,25.367276990006538,12.622155314714432,52.6785362737556,,,,,,,1.12
,,,,,,,,,,,,,,,,,,,,,,,,,,,,,,,,,,,32.905026580756925,32.31001424215888,26.48161085365065,20.02084881492633,24.21695562458577,40.02280516940365,36.26693609277858,33.12406155197236,30.522004498346902,13.682988664523636,36.49974264088579,22.69065634834362,30.561398224044822,27.6160920871956,29.944435567443197,25.167993840524197,10.508187299701094,30.03856656611015,31.289315638834022,25.244046077268187,32.788313831179686,30.36800090302677,20.4113977318676,31.99621408039576,16.639276544830686,37.81822804297962,55.42646056863114,41.80243199879646,20.579420929049068,28.207839862533127,33.95317202001338,33.03690336702318,38.04751608976385,27.1640730476736,36.32086832074052,31.239900045304275,6.644001043863067,45.90230043102617,29.47127722330071,0.8749743707609918,24.32918920940698,39.271396579757166,6.2572949153338575,9.336913824519836,36.8675594998264,18.825557065493168,21.353526906556677,25.868595020303065,9.087337491791576,21.93982969908705,22.59837095047813,42.08555379177628,39.32992761693625,27.075726450237493,6.985286167364321,29.677657626785237,30.66334383819417,44.04110383202048,30.26164883149762,34.75224978084925,21.80571155915419,27.437379628573037,33.42595948121772,35.89190165840126,40.88885886846468,18.89131094237318,15.716943214007967,26.119506706782676,27.439946403537157,21.41863293768,21.289166563143475,42.25030650050845,33.22859511129874,20.41528190829016,16.747116551522822,38.71012052659662,19.835406549936675,22.3770952384257,29.36551027408513,12.461101313580182,34.635177952568654,39.374029650000494,27.888513830641543,18.609258051647984,29.94102269422182,32.402724856262665,26.573757952127853,30.145308161387184,22.719632407020192,37.038041287612,31.670887403890468,18.71088650126137,34.91735937711931,33.89926370853642,29.325621617134345,32.289272721714475,36.6034832554085,30.228052908974853,14.485249421406133,53.40303654871659,,,,,,,0.8
,,,,,,,,,,,,,,,,,,,,,,,,,,,,,,,,,,,31.124382906771665,31.169391399852007,27.9510683931294,25.471333307081505,33.273834878728074,40.75789899629122,39.16095331639142,36.13995001265482,34.340475549108184,17.302085629314202,37.05454231633368,28.836308177191185,29.936229180855392,30.68182442451717,31.418456285949688,25.51331636283175,13.511374929003662,37.157951544771535,34.684093129445685,25.21346853830444,39.03648444707931,32.09752738140773,27.82524515422836,38.929042190490165,20.13944479019485,42.0279596693966,54.98783506998963,41.26743677817334,23.41357715329819,32.49535596076762,42.59967365401677,34.28522339113982,33.94937120585139,30.663309195748894,42.72993436828848,32.3415404879945,12.273549542170374,51.55795290405531,28.318442105122344,3.995989217049361,25.17023494095471,37.86837721116243,15.394236442906504,19.062919345029428,37.545818537842734,21.272148089497406,24.78775359226169,23.52879935216048,12.08154967250151,23.333601705859504,24.06675461778491,44.89861542844947,39.524198059458136,28.50681070159172,15.87885032024423,37.49784917431735,29.07586971947954,47.94632498125847,39.1823438225288,42.31203437571292,25.80830106747794,29.26444593498784,39.85441096127224,38.422528773165936,43.68739794670914,20.963441409016767,20.045124753869157,33.86871668542567,31.01889293206572,29.75934364314316,30.426816498273013,49.05171928626202,28.86920698483744,21.845821661121928,19.6087892254029,41.34791950695566,21.43131914925193,26.970806121504687,31.555502344075663,18.355065508141763,37.567810502020095,37.62214393990842,28.926975226778755,19.9776173342774,34.843113185488654,29.50985546347332,27.05048644883281,31.338241407762613,28.299953742100904,40.21164720055713,32.560834497426455,22.577405222586457,38.6846264993346,32.63332241480601,32.36090940220471,32.423708062315384,38.74266776137053,35.24156904204105,13.657085821573595,57.36845065544192,,,,,,,0.74
,,,,,,,,,,,,,,,,,,,,,,,,,,,,,,,,,,,27.99847312143734,25.92961030890154,35.376024142645456,25.416509210072423,34.84901333413072,38.28815110322184,36.64172745369606,36.00485929450622,35.56687747360676,14.653136510272184,34.82350516034224,33.13416579764275,28.16590494642085,34.789050609215195,29.44163760684808,27.896973723437497,11.516429514402892,32.358572336980586,35.66318906608453,23.580012724627974,41.55064101398076,29.59472673380835,32.699739100665056,39.63695811148138,17.116537406842706,39.95822924891522,55.76106999879555,37.447802108320005,20.85616338829397,33.0947020455269,44.14771444284307,31.891989207585688,34.18830132470427,31.44708340777242,39.29674164049738,29.736608218178137,16.52877904664197,50.926887736296,22.279483730939532,12.02803239738468,29.50860811663511,35.39072030579338,20.73451995849368,26.772088644546216,34.423493080373795,23.757831251461845,29.25102098992392,23.40783300524752,14.68547361949376,27.05088390989036,22.70417071256089,44.99047844502434,42.05570552189958,29.33840203550489,17.713181718794363,34.63726332791866,28.10250683937922,44.55563950489517,38.56644265904857,37.76937007711666,23.28158897106584,25.14431523561371,39.39213583759964,40.80063947133868,41.730605546100335,20.47101463612121,19.803025917660587,33.039838046036415,32.89646885572445,29.10569296309213,34.004779210876094,46.38142399756264,22.854830333028204,25.433241557673163,20.66774688613811,39.5192746754713,30.30573954407385,29.19865250282577,31.5444532885538,12.430059771448342,35.942307193857616,35.42987947474532,30.84792516871795,14.22670154263379,32.45136551399104,23.56558145644766,27.3077168308133,25.104188879789863,25.33667772316501,36.58666397404337,29.743096000686627,25.6374682965311,35.030735582102295,32.311413807618216,30.68621328256652,33.99508604936666,44.00528525788405,32.7137252218885,9.355416077540454,54.37397287641727,,,,,,,0.76
,,,,,,,,,,,,,,,,,,,,,,,,,,,,,,,,,,,24.11542787814136,23.163378182595523,28.854058552668157,23.54436931808039,28.50222108835804,29.218400247520588,31.63201245102859,25.73395761470844,28.561851558838278,15.534284018511688,23.84812979648107,30.135942378753573,24.457088061414645,25.62278168246393,25.52797545226952,28.454072284614472,12.028638789806845,25.893772489205784,27.98782089405837,16.201175040554876,32.474813615968344,26.1240052374312,25.85435799395079,32.075904317398766,15.91909642199946,34.41470500331359,43.70329088990387,30.18511308551406,17.916215535964064,26.080745822834373,41.74160586133307,25.651467709558773,26.92361688443308,23.350449919377866,29.98127107863106,23.370527174271068,14.250508525739624,37.574057850263095,19.953227122686016,11.422337008531825,24.405533812593653,28.99896238947889,15.693223319497177,24.736883587763067,28.66320302854812,20.803846523496084,22.02176401600508,17.545055221033113,8.851648649113248,24.17041548815535,16.17014054814576,30.700594574955737,35.145459406818034,28.386335190745157,13.89689213462251,25.512603776249925,24.959845914136466,40.41657300415933,31.3868270638676,33.59009482379033,23.427949127656134,20.59041298520131,28.71550358368661,34.55487853669529,32.56934037413801,18.3684616550046,18.51025031583977,29.08479560947468,34.73439983054158,26.03091072655868,26.63635993560804,34.0868210171403,20.52249849273016,21.636965718092014,17.478300771138635,29.200416676893425,28.13047779202179,25.380657532838,22.09884943317851,14.675797953099629,31.726820733163404,29.88402004798844,27.65620636060581,8.348563451925726,26.772986597077995,18.056301679640956,22.60713661823253,24.38769246159608,20.65762818085448,30.14642378930481,26.742686998862386,23.067323113624887,33.839221222551274,27.007236058065757,28.91161553365254,27.510909808199003,37.34780384268874,27.74377137055473,10.054612381488647,39.81395821546445,,,,,,,0.9
,,,,,,,,,,,,,,,,,,,,,,,,,,,,,,,,,,,14.122897982660536,15.095641020940308,16.216955202534997,14.043025638348086,15.56294194269871,17.542387945054724,18.378814151541853,13.994931385790771,16.404094632832702,9.293123341258182,14.047541091281492,16.115937721364087,13.836628783146402,15.365108290323622,16.090134052053624,16.44893316613114,7.998358187881919,13.356345424333869,17.202507736213313,8.871309075865506,17.39784314831758,19.40850596322711,15.373502558043286,17.03281637262054,9.87742945924253,20.46756419010183,21.838647972057043,18.15954809762124,13.089231950116018,16.287563836698975,24.0088175299708,16.36112187226237,18.722716722381183,15.167818477985309,17.228643355553057,13.493521529562198,8.89885808216318,19.155690954220333,11.433245761064423,9.632138663016182,12.956282952839464,16.321629187593164,10.172508722209653,14.35842136624988,18.76021146158165,11.660392777209324,12.357365040338497,10.988951449794746,3.3544380532876774,14.324675469322322,11.936317532583024,16.14210311429908,21.91802594429479,19.31136011299748,9.53640077527917,15.319529562497266,14.930540060588,23.51426852253745,16.447107248275657,20.64258817729249,15.04128437626313,13.250670893204283,16.171474078338612,19.76489372628464,21.865858549911948,10.187100344542404,12.207792415931104,16.80685720779907,20.845431025012083,17.010162456853177,15.970738027629212,23.853710326485025,12.482134031827208,13.6110511534759,7.452392785088007,15.76846511299285,19.62716930816146,16.226149768739948,12.594140265883215,8.386217926751051,19.10452262398265,17.33147249701764,18.549470033049,5.333878695722449,14.30697347209119,15.477574717985044,13.775318529147524,14.597336460987542,12.407673562264243,22.326187327206316,14.480860870416183,14.544150704767134,19.519068496017294,19.25251595017925,18.59923953679304,16.54781227299111,21.007023567789304,19.128437076137853,8.613563352301831,23.581707557219744,,,,,,,1.02
,,,,,,,,,,,,,,,,,,,,,,,,,,,,,,,,,,,5.265431609388119,5.083966453671314,4.787682459011383,4.32833931988188,4.533170064637637,5.826315289544063,5.7720469086978765,4.103377435291411,4.964400409838368,3.9045718071130224,4.011149054587947,5.4305592357508825,4.714110718569819,4.743988899508608,5.466357486855557,4.864399591227539,2.073401840268112,4.06997157353446,6.569177941296682,3.1752497751243816,5.432149814402944,7.076877055682644,4.594963620600946,4.762759277689399,3.9465319490073543,5.48581459875626,6.814742582109447,6.857271621003923,3.5844935353246865,5.1131700951921175,6.882602973197955,4.944433436283394,6.38084795451615,5.667416160999263,5.5021400138626655,5.171439557300398,3.793270804888112,6.263416483030103,4.376624142036871,3.229011308775351,3.9999946038873984,5.622845730153733,3.358743702288509,4.695297535409293,6.496653348789381,3.942420204163366,4.781499795704047,4.768762018119281,0.7690258879700534,4.148439480161304,4.191943942469263,5.619537968989525,7.211516521752726,5.83501691560813,3.686799172269204,5.264672119827095,4.126205197877732,8.435630632521125,4.855559241952252,6.507240112984291,5.824373527121789,4.48987841085476,5.505604589515764,6.5622947054679015,6.663546339577017,4.21995801864915,4.349254371980931,4.882040039347489,6.433540435909839,5.6961488001827485,5.0681953906295485,7.204716057801522,3.5976709767660235,5.1094367784698544,2.7554870196582506,4.66748232642402,6.580030970300833,5.518540972211799,4.693270798689333,3.405314167404555,5.304791539782949,5.52651472416183,6.211577386481986,2.298405685767025,4.414062275068534,5.468530840969063,4.918382036763235,3.843840459041382,3.961135248643664,6.539679159148228,4.520311860016502,4.116326407809912,6.0554198967709,5.85733552125613,5.360377336981687,6.828508170689204,6.282724635441854,6.831787974399097,3.617413273720564,7.743926010783126,,,,,,,1.08
,,,,,,,,,,,,,,,,,,,,,,,,,,,,,,,,,,,1.9236720715202813,1.8036134809363555,2.03404621306278,1.6910413177162145,1.7998602954603444,2.539675611095048,2.490223212259465,1.5875141594695037,1.7793505170553634,1.7316578688009217,1.8115508151241797,2.020456068670894,1.7989591037892627,1.9081475568635389,2.152017610843687,1.616145385473345,0.9061444125893676,1.3618412530108703,2.7907830808744896,1.5506695880175947,1.975121188718828,2.811600088258574,1.7150557536111164,1.7578206421901486,1.4053191105880702,2.0185355499868964,2.745490189928978,2.852594449305251,1.8018610556948047,2.191873130520153,2.566778650661928,1.978161342849267,2.2367071940348864,2.175745110091796,2.026143119620245,2.109922604067208,1.4593008618603385,2.0685993605891597,1.839185914516965,1.293909374049092,1.098606172544893,2.422098366035569,1.4026853050407355,1.5970870146828122,2.272190878915442,1.5339532706245067,1.8134487812484057,2.2438916053757367,0.5299373854014957,1.7360040449502665,1.8634313985438409,2.197418430349268,2.5958348049110187,2.1508472765782,1.7116246287381571,2.225369194989734,1.6623349426576148,3.3403171724345344,2.1194619824778296,2.483678630278201,2.161874860117363,1.7893910281146923,2.1496301483674034,2.548103400359774,2.557563412916517,1.360633642598574,1.9151437033884653,1.5470369107569983,2.54904638185076,2.3347685983843487,2.0303539323973934,2.690863988320596,1.451046128203214,1.8188045081403563,1.0582303385049738,1.8015754309539669,2.738601349271319,2.32651829563472,1.982052131065117,1.4333139202978251,2.032171499284324,1.991400677184956,2.286539672819414,1.3244871586866012,1.7763462048298713,2.1144795886263656,1.9751728973207936,1.5811216275390805,1.879763685523096,2.512658933826454,1.6853756102792308,1.8598439208410755,2.4785435670915383,2.260988711822887,1.735857614516517,2.9486573293310783,2.085407710904853,2.548984872983676,1.6503481837149097,2.9083861471754204,,,,,,,1.18
,,,,,,,,,,,,,,,,,,,,,,,,,,,,,,,,,,,0.0,0.0,0.0,0.0,0.0,0.0,0.0,0.0,0.0,0.0,0.0,0.0,0.0,0.0,0.0,0.0,0.0,0.0,0.0,0.0,0.0,0.0,0.0,0.0,0.0,0.0,0.0,0.0,0.0,0.0,0.0,0.0,0.0,0.0,0.0,0.0,0.0,0.0,0.0,0.0,0.0,0.0,0.0,0.0,0.0,0.0,0.0,0.0,0.0,0.0,0.0,0.0,0.0,0.0,0.0,0.0,0.0,0.0,0.0,0.0,0.0,0.0,0.0,0.0,0.0,0.0,0.0,0.0,0.0,0.0,0.0,0.0,0.0,0.0,0.0,0.0,0.0,0.0,0.0,0.0,0.0,0.0,0.0,0.0,0.0,0.0,0.0,0.0,0.0,0.0,0.0,0.0,0.0,0.0,0.0,0.0,0.0,0.0,0.0,0.0,,,,,,,1.28
,,,,,,,,,,,,,,,,,,,,,,,,,,,,,,,,,,,0.0,0.0,0.0,0.0,0.0,0.0,0.0,0.0,0.0,0.0,0.0,0.0,0.0,0.0,0.0,0.0,0.0,0.0,0.0,0.0,0.0,0.0,0.0,0.0,0.0,0.0,0.0,0.0,0.0,0.0,0.0,0.0,0.0,0.0,0.0,0.0,0.0,0.0,0.0,0.0,0.0,0.0,0.0,0.0,0.0,0.0,0.0,0.0,0.0,0.0,0.0,0.0,0.0,0.0,0.0,0.0,0.0,0.0,0.0,0.0,0.0,0.0,0.0,0.0,0.0,0.0,0.0,0.0,0.0,0.0,0.0,0.0,0.0,0.0,0.0,0.0,0.0,0.0,0.0,0.0,0.0,0.0,0.0,0.0,0.0,0.0,0.0,0.0,0.0,0.0,0.0,0.0,0.0,0.0,0.0,0.0,0.0,0.0,0.0,0.0,,,,,,,1.26
,,,,,,,,,,,,,,,,,,,,,,,,,,,,,,,,,,,0.0,0.0,0.0,0.0,0.0,0.0,0.0,0.0,0.0,0.0,0.0,0.0,0.0,0.0,0.0,0.0,0.0,0.0,0.0,0.0,0.0,0.0,0.0,0.0,0.0,0.0,0.0,0.0,0.0,0.0,0.0,0.0,0.0,0.0,0.0,0.0,0.0,0.0,0.0,0.0,0.0,0.0,0.0,0.0,0.0,0.0,0.0,0.0,0.0,0.0,0.0,0.0,0.0,0.0,0.0,0.0,0.0,0.0,0.0,0.0,0.0,0.0,0.0,0.0,0.0,0.0,0.0,0.0,0.0,0.0,0.0,0.0,0.0,0.0,0.0,0.0,0.0,0.0,0.0,0.0,0.0,0.0,0.0,0.0,0.0,0.0,0.0,0.0,0.0,0.0,0.0,0.0,0.0,0.0,0.0,0.0,0.0,0.0,0.0,0.0,,,,,,,1.1
,,,,,,,,,,,,,,,,,,,,,,,,,,,,,,,,,,,0.0,0.0,0.0,0.0,0.0,0.0,0.0,0.0,0.0,0.0,0.0,0.0,0.0,0.0,0.0,0.0,0.0,0.0,0.0,0.0,0.0,0.0,0.0,0.0,0.0,0.0,0.0,0.0,0.0,0.0,0.0,0.0,0.0,0.0,0.0,0.0,0.0,0.0,0.0,0.0,0.0,0.0,0.0,0.0,0.0,0.0,0.0,0.0,0.0,0.0,0.0,0.0,0.0,0.0,0.0,0.0,0.0,0.0,0.0,0.0,0.0,0.0,0.0,0.0,0.0,0.0,0.0,0.0,0.0,0.0,0.0,0.0,0.0,0.0,0.0,0.0,0.0,0.0,0.0,0.0,0.0,0.0,0.0,0.0,0.0,0.0,0.0,0.0,0.0,0.0,0.0,0.0,0.0,0.0,0.0,0.0,0.0,0.0,0.0,0.0,,,,,,,0.9
,,,,,,,,,,,,,,,,,,,,,,,,,,,,,,,,,,,1.005311325854783,1.0115139521159129,0.0,0.0,1.4308911820282328,0.7697427950980207,1.3937736707558357,1.0504688345189903,1.3248017564587382,1.3545126265809253,1.489450586877223,0.8575022429879646,1.3300113854835631,1.1153420170687276,1.6519075765026554,0.0,2.142869860192216,0.6259579466773235,1.1330860097394797,0.8510221454527335,0.2080368790028379,0.9757437419170254,0.9534384608476256,0.9571885503215448,1.2803485418331912,1.6303356773753248,0.0,0.7196679773376619,0.4535770730024706,0.5956655436981023,0.0,0.9207222259968204,0.7962421893650423,1.5134752341556932,0.8142058309098079,1.21735806786137,1.433560867034494,0.5539897606772677,1.4973749121166753,1.6781425441285889,0.8604027085028912,0.7308789565782108,1.1394062817102708,0.0811321865228946,0.0669723901917479,1.2543231985062593,0.5611777986628284,0.5223499286259914,1.159572745832495,0.4095867564962424,0.5172261380988479,1.8550907488626496,0.0,0.7231017875301652,0.5060208196538892,1.4912190558144922,0.3693392972566327,0.1311734599535947,0.0,0.2727967178056901,2.1787389521327185,0.0,1.25231510326335,0.9341339810192008,0.0,0.0,0.6881521193393326,0.5306824056651929,0.9031903435804616,0.4157433178994175,1.5137802772855098,0.1884625577710287,0.1488417251859448,0.4439477576814181,2.9115680017138854,1.978923186253994,0.8355499607634818,1.02659412443361,1.0912802510278248,0.0,0.3182127402557873,1.521706683135358,0.9585068707858992,1.089903897796532,0.3271020605109214,2.725641823714181,1.6092673191048998,0.692924620210001,2.0305286579938,0.3428740660992038,1.321709183334658,0.4928677292456078,1.715716290579759,0.6761395281806573,0.3852028657514761,0.4057312359717777,0.4842120840103018,2.936119110896052,1.0267378332989805,1.078402169702326,,,,,,,0.96
,,,,,,,,,,,,,,,,,,,,,,,,,,,,,,,,,,,4.198552807043563,4.151175106251529,0.0,0.0,6.149379203401286,3.844313485175502,5.124328783060962,4.161888058573321,4.742402945040077,5.662684374621239,5.8571567109377005,2.941269479274667,5.006294521027063,5.000881620128254,5.877383949832319,0.0,7.532243271614266,2.786702993149425,3.853516694791192,3.4938821221077205,1.5160354087776904,3.1587850795479,2.977780551025724,3.5269730872594782,5.534734669993384,6.450065358537023,0.0,2.9320476654216785,2.233150244122627,3.205681179893575,0.3859625890965907,4.8380647603402345,3.538825391627335,6.0910836545266775,3.88703529367498,4.214840935519435,5.049507674119714,3.2905128537982224,5.716288840441846,6.269033457016029,3.2745051151259594,2.9190526692417005,5.157726803857609,0.5651966199117266,1.5698025107948266,5.04157458668864,2.668553502220452,2.49881365044696,4.671425140274971,2.477473202560181,2.2951512823420748,7.1955870043411245,0.4008231473632859,2.430592141741611,2.03942555044868,4.983746307322674,1.952201207048196,0.9190745040768422,0.0,1.3555755882995228,7.918214882317162,0.0,4.445565382076537,4.250357910133225,1.0396395928658926,0.7723587728333299,2.8840885424112983,2.4879494300603846,3.301504509247736,2.1793629575869056,5.323038481008174,1.5268434750777575,1.7003546430688448,2.2757670920952178,9.89152088748617,7.049428648034706,3.1551093202938985,4.009665932183666,4.522130009915414,0.0,2.3825334559096825,5.682165750347594,3.808573471118499,4.152978086144342,2.401354170777508,9.70384725652576,6.416775704142231,3.020571844038779,7.358445898093064,2.0459924224694497,6.044748300153996,2.524336535544121,5.955778120058772,1.5522754027159409,1.9138141232045456,1.4300613579492645,2.5887980243745314,10.17844180467474,4.568517181718454,3.492441152906121,,,,,,,1.22
,,,,,,,,,,,,,,,,,,,,,,,,,,,,,,,,,,,11.48023237748599,9.399129302630577,0.6378612424772356,0.692208471023672,16.253240057137926,9.794041190999996,11.070584166615689,11.024142865620528,10.59002485256897,14.733067657886483,14.835441512383454,8.57304638075204,11.017458417720666,12.037435750859482,13.101902512221372,2.0049675121652024,16.241634163697903,7.762585922347145,8.872289163354628,9.689988769217862,4.6915449547870045,7.216528048198585,8.30497420659784,9.149347356453934,12.434179627766412,14.888531105667868,1.0379091756895131,7.707234885349297,7.652414983690779,7.659904587060273,2.818408960669335,12.558144601333602,8.364892461284043,13.76801724372799,8.837091268617076,9.648373005511491,11.817037292638927,9.06095897154096,10.255549331303923,14.337786152592384,6.498631328148429,5.798091866556259,13.598717445705397,1.249884118044523,4.986976581766376,9.682107195750929,6.537006860428712,6.868120018912709,10.073919387935096,6.292062457349898,7.1527425134852045,16.6976397761777,3.699014099193368,6.905737343503046,4.472622643636457,12.574479559544663,6.937670047628016,2.712272225765149,0.119438090281343,3.192454341042672,16.830210051258764,2.493158429410973,9.42751177304536,10.443933174758811,2.921941173592744,3.218511235770012,8.355911467683955,7.8220361419710835,7.969526814698918,8.333942522096049,12.138609805503124,4.960624713825258,5.5844399120355215,7.30564915736198,21.655319947263987,15.333628043152885,7.413958701376929,10.268864031867215,10.716798104572778,2.2161321693406766,7.035612758149541,13.588990680305397,10.44279201983736,10.58937864845123,7.267059401964957,22.047441559829384,14.078676220735076,7.225817972083747,16.486665791169784,5.688653774598875,13.624874419515823,7.158538310567257,13.295448694981182,4.896531453678175,4.985153306458132,6.568846940373612,7.9912313084162045,20.385652617139392,11.907262596649996,9.145049363096598,,,,,,,1.26
,,,,,,,,,,,,,,,,,,,,,,,,,,,,,,,,,,,20.55797621851117,16.61170446874653,2.7259712968695884,5.64130527286964,26.0176712869703,20.79535451834544,17.89889943798998,18.08137846145133,17.586652124945374,30.04676151060245,25.92408707055541,15.646235375726128,20.506192434866904,21.334763889411757,25.11274619603541,3.853077892631079,25.952711656241465,13.313715278149925,16.173192918139197,17.673396416093958,8.173533579918178,17.39886298656221,16.444230068870493,16.6290134676266,21.57292417202101,21.47170260935952,5.7189688173731295,14.052770040455185,15.502284065115932,13.68117981479497,7.544136845686892,20.774353255392885,14.807814059706924,20.284573694719608,14.175208487668366,18.45495670316069,20.013392008769166,16.45204351558666,17.21105424722425,22.958874432631426,14.575139765411723,13.888353737468943,23.12510521497835,3.125304735909092,8.884036729067768,17.9629957252257,12.965679132660632,14.384708455405756,15.498267936461822,14.881774048187552,16.540911208238075,28.49486671156035,9.088781239656448,13.870502466757047,7.352186207934807,21.681187776814053,15.738016314827624,8.182474798727927,3.625157247185268,6.421894438294033,29.041253027156262,7.357475918363986,12.322980891501382,17.33043716605568,6.523408785741836,7.894821088288007,13.188464216155072,15.065865080952968,14.43597447883961,11.925331365112807,19.265558227524064,11.087793418336734,9.947766255513097,16.517206926095653,34.75871358878091,25.56384373006691,16.48486954641239,20.333069270828812,18.961087040884696,5.840107918256587,12.449411573630982,21.75017328038724,18.21791204643837,18.03165458038673,14.131499943153711,38.29265101854968,25.835893374424813,13.873486468544902,30.631027384322337,13.701500379166236,25.49888684555617,14.489188126674964,23.616392771607597,9.873239565923662,8.912052146836333,12.854978808805276,16.760579201957675,31.40811918708041,20.09495746457677,14.595975856753538,,,,,,,1.2
,,,,,,,,,,,,,,,,,,,,,,,,,,,,,,,,,,,24.59449929953476,25.21825121524849,4.581747963697319,12.87045345909352,33.66342138151247,32.90537854088736,26.016051662622925,22.4318565823603,24.15739051461706,41.7046996227114,33.638490136124254,19.02900076404244,25.22210365512964,28.43189887801981,32.16751305646075,8.962584706340222,31.41248813958021,20.60477418709939,24.94107500001596,28.022521843668784,11.689816124294175,27.7501659055488,22.139923571020216,21.904528006501703,25.412971096577536,22.09120294596673,9.725317884189606,18.05984650463188,23.263472308785406,21.58521766485272,14.726503554990872,28.11122604793304,23.12766697123664,30.18300181083881,18.196302303164057,25.051841539136586,25.131200428745032,24.60598878840418,23.764697248332425,28.986095224872997,22.122360993533967,17.877118894300388,32.05165808174634,8.541724518875252,18.01572087970652,24.993557272800523,18.1035037804321,25.83353751004329,21.309302940932135,21.728246031622746,20.61250964625139,37.99487512467344,15.67272126112378,16.896779303674634,11.856704565544735,25.1398430413262,20.89572383730032,12.307780533320065,5.605147769008692,13.38060341038007,37.36682309386147,14.697277576517676,24.90354946225944,26.932577600554303,10.846799333634568,14.772215828209683,16.021936927228932,20.26675576678656,21.844419913211333,16.12139739191407,22.046667394172324,19.242948974591908,14.18198468296701,20.60616058657204,43.41553594077768,36.19713477654541,26.85691333575897,24.97711025204385,22.15441671222871,9.812402556286743,17.25223376950436,31.576694829444417,27.472703260388094,23.66968389978748,19.556483387213905,47.45601641449246,35.64665404784149,20.36549229790592,41.10174751853551,18.98266304987917,35.97229812346035,21.62295015385285,34.47982039478548,14.705931304775072,18.226250942779533,17.496975449101214,23.32173966065172,42.8816727826115,31.984716298632957,24.53754821049171,,,,,,,1.12
,,,,,,,,,,,,,,,,,,,,,,,,,,,,,,,,,,,26.33153626645438,23.13660267424371,10.456256389728692,16.513722499859277,33.85401376623453,32.55543931140567,30.370344528079965,20.19867671784437,25.34939813970037,41.59087213352808,34.60509900922367,17.323966836483,23.354018968191617,26.243197909795317,31.6297773455142,14.619424895429724,34.90505051309177,21.70705509799786,26.792367602159857,30.60753458027734,12.703755819387998,30.703075583634043,22.00517713727019,19.511410433008678,24.63527662404662,24.01666293850585,15.536641115882096,18.288634298606635,25.545106142043277,25.375241882510743,16.982667918754114,26.269289085269644,26.73259124584769,33.08817893273198,20.389434756873698,20.26547906104529,25.141601904638016,29.2036973152885,30.449929648724638,27.47937990417403,25.417034963354432,17.09043307018146,37.15947780339242,14.263414342910648,27.659317187727098,23.470544150659013,19.841227157296817,28.07690999313196,25.142578582928454,20.359773586595868,19.68570851783997,42.49153058261662,22.57388983631555,19.959022787392808,14.098467980380253,25.624461116367637,20.09296715418695,12.147130828166434,14.422687225227868,22.512075854939223,40.47729269633037,13.77086593218225,26.29694182779296,28.91626090110488,10.439709579258478,20.573231176062286,18.931595758300357,17.349239952267087,28.21090343124486,20.38590097695541,24.669533791049947,22.469867858073137,15.356818231452566,27.65347627664477,47.11163218280321,35.60723971787162,26.310277887420515,23.43763483155956,25.104108478814886,9.900474053132193,23.26069612349842,34.74842801980233,30.50581931248521,22.39147353449123,17.795982104262897,44.7722350023266,34.81930732319907,27.07118668405,41.71752659058018,21.0610748016386,35.99621991871333,27.35689231892749,34.55033730269355,17.85835270930892,21.287500763393272,11.18189317447439,26.56022454820883,45.87037436659308,32.47193478001708,22.848580781809503,,,,,,,0.8
,,,,,,,,,,,,,,,,,,,,,,,,,,,,,,,,,,,28.0151064562725,24.85173679898285,18.951167326375653,19.510742295588805,41.18324580605376,36.64653305842931,37.13700982237864,23.634735316876338,30.152337296131297,38.563398600265344,33.14290673380306,22.638159992789536,26.56706175579725,31.563046500941184,36.074919710284526,22.801593873693587,44.46606440184353,22.61365560576096,33.56329944898726,35.07267759066382,16.96522403703036,30.036931647511,26.673277946919395,20.657913063742896,30.91072632835695,27.604031308950592,18.67194387413927,20.52883979421708,29.36122591744708,26.55942747478669,20.22927812523186,26.31717604008352,30.78573392115447,39.78784386104521,27.146439452564813,22.087707560252195,23.794518410679217,39.463565597089406,32.83242989664261,29.05739861554888,36.46204949770863,20.076802825609427,38.07069142225651,14.431771291383091,28.435713632749,26.21266366285779,27.56825979991882,33.68884819970043,27.76961406297011,25.344186902304383,27.54342474619473,46.96006532082944,32.61242903959372,26.233075067310345,21.756345363355784,27.606683681043023,22.60779136756293,17.442156535710563,19.16530170276383,25.33563955319941,39.86393697585135,15.94516377998049,28.42746692669686,33.22541827616703,16.399446008979123,25.099307401841426,20.586582652340613,18.666453368923165,30.314024741013544,21.95952452789278,26.99124065494174,24.49688029372554,19.17674157646025,29.18354865624293,45.088986358729855,40.85766052233887,27.042329055072923,23.971598221446303,32.45135757554993,12.25944062365567,28.73859606004858,37.76872712327135,27.107020261917228,20.03016872118769,24.412844955504465,50.14283924930275,33.610632598756695,26.970528274070265,42.56400784752835,23.921506110763683,32.2947594609635,34.77744790646096,38.01792069084564,19.740296516593656,24.03208645600557,20.408699842792057,35.49489232710336,47.09066022058692,36.92698645176015,22.864256203880394,,,,,,,0.74
,,,,,,,,,,,,,,,,,,,,,,,,,,,,,,,,,,,32.75596741573232,25.625728124680496,24.23800036837574,19.75130911942484,43.67998051887568,30.96741023937012,36.51711171468437,27.71197110232653,32.58135496593196,34.55826070075695,29.60442913984213,23.142911206888023,29.518533117266703,32.23404929820486,38.7513876065982,26.90716285902037,42.68690095240223,21.345622626787428,34.035426153163044,26.410429679466624,24.557459669544127,30.89294536153774,28.84762927509243,20.552716990683148,29.56874976955789,22.55049904916256,22.29139942919515,24.578486275512347,27.22118265086121,26.9327944259165,20.049267500310503,30.6559571035418,27.462018334092143,38.67099927259205,27.45828683156609,20.2524388071106,28.59352327503213,38.69694332735616,26.407834496661305,32.96467645361808,38.64315952737235,14.618838836372705,34.67706367018548,15.677899463593535,26.81793709572417,27.50000643669942,29.340847056517465,35.829125518497364,26.97422415833959,27.58408806549369,23.93582478189264,46.40116672337512,30.043096099257998,28.5044387891882,21.162256953105363,33.235296940530496,22.3807198346561,20.329377785410173,23.29413188114631,29.66145695756016,31.336598696162312,22.43760120848872,23.540837892735627,38.3004054237691,25.03265018156248,26.52423575785357,20.73814583498159,16.714756719653757,33.52672381222373,24.294587421634134,28.94026576943407,20.811495718708187,23.04484030435432,29.477666257739852,37.272597099793,40.05860513908276,24.752454277360552,21.94881311871337,29.74950134641049,15.760549959973224,34.36424449038781,35.2404759326606,25.340634732901396,19.387243100044586,27.863122815475144,43.51401251714931,34.00184580668749,28.49932147054793,40.07177828436005,23.952320653343904,29.811909313321944,35.01432102950687,33.562431319956694,26.731738243004703,24.46637386063992,22.243099216804943,41.865996277605845,44.64132331386055,34.1181214858686,25.44786937712525,,,,,,,0.76
,,,,,,,,,,,,,,,,,,,,,,,,,,,,,,,,,,,26.37146169511821,23.786225432839046,20.66003876086691,16.472066982832345,32.61242577242027,28.2500222286874,30.288455384980303,23.534759646142163,24.759529831322464,26.627706726815564,28.95388242144564,19.13744188336432,27.590109161422085,24.27382557647258,35.353796178281065,26.30728683173186,37.47216184673834,20.86759427096573,31.19470185892646,16.84531294252341,19.181996070560576,26.16616286440125,25.80225586899909,15.708676580554526,25.40373450375141,13.900827107940575,19.757142781832545,27.09354392546981,26.008928985431258,22.14694028491068,18.2834902811761,32.416806177097804,29.505246801262828,27.735349113038403,24.631669344485697,18.75366050139956,28.728098685806795,34.08123237311741,24.950891053196244,27.39642717654729,34.41262663774499,16.22857420752969,26.89576022913781,20.488034714346583,21.74608463144118,17.93278469971149,24.5249061746957,29.79320309477004,26.26988189538197,22.89309888467198,18.290607097209826,39.79258838673464,25.12738328505592,23.175345133814343,20.045081649088548,29.15394231694818,17.990376450906474,16.712359295130717,23.284211219701188,24.740759747560404,24.79162668431069,17.398842291592793,20.91792946754374,33.220941026974224,22.771127896090228,20.988686177839107,15.24916425239089,13.077587823811118,28.015502940230803,25.311226799921315,23.358958729447064,17.274257764603302,23.144226312013902,25.160868418428905,32.0565911948279,31.975798330378773,21.81098370367597,13.97830149257441,26.189765231190016,16.415113786006163,25.845032108396737,28.217706728367396,17.40716240353114,15.821497040656189,20.32602730311579,31.72643487291844,29.84541150254528,22.06106136065748,35.73386111114926,17.539339899635287,28.60549159475773,31.338393359080392,24.06327435673721,23.99602280541942,21.82585783779862,17.39524666904289,35.6792550110418,36.75067801355369,24.674536844173826,19.48474327943065,,,,,,,0.9
,,,,,,,,,,,,,,,,,,,,,,,,,,,,,,,,,,,12.0986925208318,17.07203335118895,13.654088348108123,11.293398724548169,18.226541701965704,16.42220719214129,17.864057841594956,15.114159883825751,15.167585510276384,15.97745784260142,17.883435435436734,11.98959079787729,17.183309678906937,16.337695585412433,17.909292051534617,16.18526371301782,21.592161270100405,14.219461021652789,22.107854077310314,13.096366727532557,10.029817822653373,17.27859829820222,16.540742423573672,8.39308749365491,17.250179275068362,8.925193787338582,11.465278292179228,16.6698717918423,19.355923478412,13.766354748193534,11.886431015054674,18.342535524404184,17.81252064853053,15.372787564846764,14.687082236726376,12.377979556821987,17.856575662679262,22.9636595693902,14.102144810838144,17.11299023047367,20.99528742847081,12.15321432739322,17.990846564044876,11.1742547801721,15.765930033506049,11.614366900353682,16.452353098587363,17.58762422822791,15.241654335862329,12.166052046414164,10.28114276883742,23.067445614832444,15.030595969152795,15.625545029563852,13.947568569037545,17.521449464928274,12.744289815977163,10.33108036638388,18.71238630018769,16.75783714765755,10.871479621100152,9.905739026453029,13.642199789158967,18.945538643266747,15.868419214271396,9.786950245258325,11.292085175736265,10.37307917116642,17.25483377700475,15.76883371715294,15.650341419845883,10.826115149550898,13.854161395997094,15.4063742943338,17.23340997337856,17.696418520096827,12.04550268893213,12.671004114666918,15.260052901304444,14.47332069525284,15.321691710900172,15.039227357504975,11.961373767154234,10.214475655631228,9.635708260404662,17.801235913053812,18.281696006816457,14.236641521274066,18.39711931029704,10.865251748194884,19.44550781035159,14.521289465241766,18.25341479220777,12.156981745718996,14.133501662323232,9.31292999804641,21.906259042852625,21.01103543164212,14.13296378393817,13.056814927740824,,,,,,,1.02
,,,,,,,,,,,,,,,,,,,,,,,,,,,,,,,,,,,4.31046843522073,5.003198118499332,4.58650239861498,3.161497329118554,5.463171317799076,5.506081193198464,5.037913511568704,5.008861264049063,4.919523814070401,5.6885154941599705,5.359608793407819,4.118269925031262,5.881293205345117,5.329599153741449,6.050559293518614,5.492325386474262,6.786712704901547,5.836547004136673,7.420341966645719,4.198224582680127,3.998572491295135,6.814082776362596,6.299348237405997,3.5529623117098987,6.134174040222603,2.891560607644352,4.479498705929114,4.752590847810584,6.482882631063633,5.3566676703385205,4.762113407072124,5.728322959368205,5.999443196834232,5.926434841943142,5.360848331590856,4.166883027961367,5.524998536312778,6.599021682908456,4.9143559868885935,5.688291195831816,6.533473369042198,4.693129820353099,5.401578947795333,4.066721551067611,4.996280213205723,3.4307372380985246,5.799522577796726,5.856258945171269,4.488182617899453,4.406362561694045,3.3641411340179337,7.354214169423495,5.640360263626587,4.115758682637771,4.318553279777399,5.980812804446442,4.264661188792948,4.5687203315190885,6.672128153234613,6.052132567708347,3.484272710855929,3.616685374538911,5.38631972490832,4.618481998584267,5.290649195005691,2.7265107100412838,3.3278647910147985,3.876435384686465,5.911862715572205,4.84390245630989,4.839303867964545,4.272865768208243,5.18060318241771,4.205270341279305,6.207960404368011,5.379032145893276,3.8603960662712815,5.132375137122683,5.292256009747755,5.658464225470149,4.751896614328313,5.43079488415051,4.8416016460458735,4.292212724032181,2.4411362243878654,5.954992391130492,5.447809579488151,4.33992671939191,5.994980122181696,3.870680854245591,6.296925621882332,5.846419446980844,5.977481907209976,3.844670183895676,4.722667307681133,4.151517141250763,6.776213575040829,6.942608389231225,4.0840770047337385,4.699613167721926,,,,,,,1.08
,,,,,,,,,,,,,,,,,,,,,,,,,,,,,,,,,,,1.6944865158399072,1.86598811500119,1.9267075472502344,1.581302626351737,1.909537321361559,2.188827216988465,1.7374181555735395,1.8780881015337316,1.9727017312531387,2.086906932483654,2.015012068685904,1.6342160655153866,2.4255907433563326,2.01807365072073,2.219507161939395,2.1808307729949785,2.373410921235269,2.8214069619022397,2.776730165460359,1.78345675508028,1.795401991202735,2.841935899524702,2.465086545199407,0.9962078574264028,2.40271391234339,1.6846658056203432,1.908622792092371,1.765989975601686,2.26798686638246,2.5044318712740177,2.141610486272307,2.212536472677072,2.1413047489341595,2.215053880696025,2.2729990804652536,1.9055634125732857,1.962221797025688,2.554557122890844,1.837441786709184,2.3519623352163683,2.473702060631355,1.929570348563631,2.3305773423637546,1.7593974122364269,2.0776382913634555,1.3695841704335745,2.5158811732112167,2.276091375663462,1.9442998506506928,1.8795890770248649,1.5072670700044222,3.1707574361083246,2.383087990540117,1.5604590952858377,1.8202375584455448,2.3766263979057376,1.867760369256416,1.5740764495013408,2.742821059749712,2.474902934877124,1.514579691520043,1.710155457436186,2.6268273902917216,1.422758252320547,1.7490125182348435,1.660611345777611,1.4036377107340376,1.5354922990669984,2.399252695698143,2.058314342565688,2.118461730770752,1.8383068297336296,2.0897497028437213,1.88720233780144,2.3194262399326337,2.2699724171646203,1.3763246549253554,1.8715137967607007,1.969338618319112,2.174410808412663,2.108670600715002,2.0039377101845406,1.95032413345668,1.5632376766949123,1.148121866373236,2.472665210956684,2.027309315555154,1.7844403854868411,2.443432697757557,1.6539209352722395,2.254003999938563,2.3585626009287064,2.4279257075947958,1.664801619910252,2.0923415879899494,1.689793944911917,2.427687119747922,2.6816867520180017,1.6807921154470489,2.1048653796090715,,,,,,,1.18
,,,,,,,,,,,,,,,,,,,,,,,,,,,,,,,,,,,0.0,0.0,0.0,0.0,0.0,0.0,0.0,0.0,0.0,0.0,0.0,0.0,0.0,0.0,0.0,0.0,0.0,0.0,0.0,0.0,0.0,0.0,0.0,0.0,0.0,0.0,0.0,0.0,0.0,0.0,0.0,0.0,0.0,0.0,0.0,0.0,0.0,0.0,0.0,0.0,0.0,0.0,0.0,0.0,0.0,0.0,0.0,0.0,0.0,0.0,0.0,0.0,0.0,0.0,0.0,0.0,0.0,0.0,0.0,0.0,0.0,0.0,0.0,0.0,0.0,0.0,0.0,0.0,0.0,0.0,0.0,0.0,0.0,0.0,0.0,0.0,0.0,0.0,0.0,0.0,0.0,0.0,0.0,0.0,0.0,0.0,0.0,0.0,0.0,0.0,0.0,0.0,0.0,0.0,0.0,0.0,0.0,0.0,0.0,0.0,,,,,,,1.28
,,,,,,,,,,,,,,,,,,,,,,,,,,,,,,,,,,,0.0,0.0,0.0,0.0,0.0,0.0,0.0,0.0,0.0,0.0,0.0,0.0,0.0,0.0,0.0,0.0,0.0,0.0,0.0,0.0,0.0,0.0,0.0,0.0,0.0,0.0,0.0,0.0,0.0,0.0,0.0,0.0,0.0,0.0,0.0,0.0,0.0,0.0,0.0,0.0,0.0,0.0,0.0,0.0,0.0,0.0,0.0,0.0,0.0,0.0,0.0,0.0,0.0,0.0,0.0,0.0,0.0,0.0,0.0,0.0,0.0,0.0,0.0,0.0,0.0,0.0,0.0,0.0,0.0,0.0,0.0,0.0,0.0,0.0,0.0,0.0,0.0,0.0,0.0,0.0,0.0,0.0,0.0,0.0,0.0,0.0,0.0,0.0,0.0,0.0,0.0,0.0,0.0,0.0,0.0,0.0,0.0,0.0,0.0,0.0,,,,,,,1.26
,,,,,,,,,,,,,,,,,,,,,,,,,,,,,,,,,,,0.0,0.0,0.0,0.0,0.0,0.0,0.0,0.0,0.0,0.0,0.0,0.0,0.0,0.0,0.0,0.0,0.0,0.0,0.0,0.0,0.0,0.0,0.0,0.0,0.0,0.0,0.0,0.0,0.0,0.0,0.0,0.0,0.0,0.0,0.0,0.0,0.0,0.0,0.0,0.0,0.0,0.0,0.0,0.0,0.0,0.0,0.0,0.0,0.0,0.0,0.0,0.0,0.0,0.0,0.0,0.0,0.0,0.0,0.0,0.0,0.0,0.0,0.0,0.0,0.0,0.0,0.0,0.0,0.0,0.0,0.0,0.0,0.0,0.0,0.0,0.0,0.0,0.0,0.0,0.0,0.0,0.0,0.0,0.0,0.0,0.0,0.0,0.0,0.0,0.0,0.0,0.0,0.0,0.0,0.0,0.0,0.0,0.0,0.0,0.0,,,,,,,1.1
,,,,,,,,,,,,,,,,,,,,,,,,,,,,,,,,,,,0.0,0.0,0.0,0.0,0.0,0.0,0.0,0.0,0.0,0.0,0.0,0.0,0.0,0.0,0.0,0.0,0.0,0.0,0.0,0.0,0.0,0.0,0.0,0.0,0.0,0.0,0.0,0.0,0.0,0.0,0.0,0.0,0.0,0.0,0.0,0.0,0.0,0.0,0.0,0.0,0.0,0.0,0.0,0.0,0.0,0.0,0.0,0.0,0.0,0.0,0.0,0.0,0.0,0.0,0.0,0.0,0.0,0.0,0.0,0.0,0.0,0.0,0.0,0.0,0.0,0.0,0.0,0.0,0.0,0.0,0.0,0.0,0.0,0.0,0.0,0.0,0.0,0.0,0.0,0.0,0.0,0.0,0.0,0.0,0.0,0.0,0.0,0.0,0.0,0.0,0.0,0.0,0.0,0.0,0.0,0.0,0.0,0.0,0.0,0.0,,,,,,,0.9
,,,,,,,,,,,,,,,,,,,,,,,,,,,,,,,,,,,0.846498199375283,0.7544887511553435,2.107338231162021,1.1650348149390397,0.0,2.3075530509343265,0.6865028204222942,0.2616981009545635,0.4503765886060771,0.0187023990645376,2.519269717226094,0.6539128322698945,0.7613115424395667,3.533652138414265,2.063287617405474,0.0,1.0169381657656469,1.061501612890504,1.0018300221183147,0.7693075923865598,1.667613553046288,0.7378438742879394,1.7520078705777546,0.0,1.6782606401991151,1.3189761585548334,1.8264942326197589,0.3415485380145349,0.8131221436486826,1.2387065719385455,0.0,0.0,0.4094943494092735,1.1891176474695762,1.6846613955645329,1.045062695163814,0.2695274385829267,0.0955325346304989,0.576758535481043,0.0,1.3183587159838706,0.0,0.0,0.6562359602874183,2.424802821966932,1.5919906969604072,1.7665117239152044,0.4138354009540863,0.0,0.3566540610364453,2.0662937070539336,1.8389421886038877,1.061473787220995,1.86839006415035,0.0777902713238842,0.7401028492412525,0.086752638736422,0.8025673705520822,1.592217750201208,2.057709255403333,1.39854684460729,1.1915122508718476,0.4354537412830896,1.9877727242378505,1.7390736803226785,0.0,0.0,0.8230119539139069,2.008698625981756,1.2035373733033423,1.179598419183616,0.6109667718404349,0.8628549884869806,0.6636012555269486,0.8338125916115111,0.0927057065888043,1.300189193401096,1.1703076961687362,0.5755841460758935,1.0330183871680318,0.1732237032581862,0.4953250895155736,0.5788947525855258,0.6145937388625763,1.8533259774239368,0.9345861746564352,1.131907898839111,1.0543460152498816,0.4092336566256611,1.2751907364657995,0.7784116235114574,1.7192416529777486,0.1902109513235637,1.988323594659056,1.2850954330811342,0.5329543811086701,0.8787452212154916,1.2244962497964211,0.2328682882852984,1.4099412300182512,,,,,,,0.96
,,,,,,,,,,,,,,,,,,,,,,,,,,,,,,,,,,,4.2080993414352985,2.8168624389961345,6.962607766103451,4.760004099130762,0.0340589047092088,8.632217513200564,2.932205684694497,2.2596649838708123,2.8338746812757685,1.1338750931236086,8.158237839567063,3.5738472788715425,3.095890901367333,12.568812842175264,7.590004924909063,0.6056192249017847,3.957709209192732,4.105528875826274,3.205018976323168,3.7796067531868673,6.17647715758897,2.8918646326738937,5.821391277303244,0.0,6.343510632600193,5.385891414012174,6.733678537611546,2.05454333203972,3.1684831545536563,4.985314688983995,0.0,0.0,1.6859847224167177,4.470494749247335,6.815156947498527,4.719100510108691,1.790825196368976,1.4661360595348811,1.879685262536752,0.5264342931071102,5.215063291065443,0.370214285682056,0.3376119670463859,2.994393585249369,7.838577046580062,6.0649930264532825,6.664940639977807,2.699021202954351,0.0,1.1168507918353576,7.087511140761779,6.789583254986839,4.233473760914268,7.105187999793323,1.0010298757114744,3.240624052295656,1.3546967234174354,3.4313946024665496,6.128269870998813,7.16710623760473,5.799498092906605,5.254433334861233,2.0872549032060848,7.510235352883937,6.075530739086773,0.0411948061976223,0.0825437478050581,4.229955814032989,7.489126436130752,4.524006068583294,4.3047612295226525,2.7587041373843992,4.222983007488464,3.1661165988321773,3.506054025050179,1.5219552142613582,4.704178005631174,5.1232007645813455,2.663537774881525,3.7968684543561695,1.3356618193244638,2.3637810702117488,2.46497266710323,2.594029563939597,7.136768461052355,3.721315854575813,4.646464736271353,4.229953292798368,1.7559163498153207,5.049660283181615,3.4722223167793977,6.083269558946073,0.9623895573069836,7.150331108287443,5.116633362625152,3.197519830241874,3.3265578912360665,4.367645650088177,0.779986040440996,5.44662326176597,,,,,,,1.22
,,,,,,,,,,,,,,,,,,,,,,,,,,,,,,,,,,,8.955696270628998,7.308918921297521,17.523152465262374,11.709692448511056,1.9350795605023183,18.9862514337405,8.339050784544854,7.313975243692635,7.799614486266418,4.002552258081811,15.838798930701753,9.539250315349204,8.344689709011522,26.799087660532383,17.212935639783808,2.422640174776495,9.905031399057794,11.122842418685671,8.431318892997886,9.812400656789832,14.0637234476963,7.845191278144636,12.691691084905475,1.3901093430631994,14.579537165210471,12.064004021337285,15.675713916414937,4.78496204835132,7.2046584304434536,12.442491904437352,2.6287260167422866,1.243163830571692,4.377245966658627,10.107620871731076,15.579603380569583,10.55047373683003,5.692793103423973,6.165262635457511,5.078074339262525,1.605663354994432,11.348401765444486,1.9195497631591352,2.564971675537382,6.87803340210284,17.126662187661083,14.832069939049626,16.473228115240016,7.563828768763894,0.363993010675151,3.0753062821039667,15.11693336182872,15.966078321101111,10.121799121685491,15.99058636554716,3.278309246319048,7.8335981609010545,5.601716334908369,7.749918702794862,14.666073846096022,15.825868275349958,13.249584395236363,13.169318976710894,3.583727500204663,17.29661556011207,14.143632470348408,2.6776696920471377,2.7607046192548523,11.03033604713071,15.761540937260117,10.335970161513774,11.475680096894408,6.165394768676206,12.194244572012302,8.666447050054524,9.125697962947308,7.377441442654218,12.095699516357897,11.977103014010076,7.5145915630615345,7.542326200263735,6.0071749497176565,6.9801644989028695,5.808015377962777,6.950319803565877,17.069963598816873,10.516555425238586,12.618608051331798,9.631782744857588,4.227891118748113,12.166453114272295,8.828677525116973,15.570638567059753,3.457453094910873,16.160254778753405,12.146827099867018,7.229753378236725,7.860507260713194,8.668844668108074,4.053687957420081,12.669661876625792,,,,,,,1.26
,,,,,,,,,,,,,,,,,,,,,,,,,,,,,,,,,,,16.912966946422625,15.778077447489872,31.24723528031851,16.903872396821413,8.22858635706745,31.12494771483019,16.22801586111702,14.721687637968213,14.81228044639334,7.880439490879698,21.477284451927957,14.884462327278143,14.587091000398503,43.77176151864376,27.512410953410978,8.20594725018377,16.671400730497403,21.31773736490038,16.120597693410808,18.811145832198974,25.03717305903428,15.704816433876376,23.92453800514903,8.61244249768694,26.57507838384015,21.16982743279037,22.3193631147044,9.08491938133604,13.178258059624058,23.760651400922555,12.715867292078489,2.1716030625261284,12.011066951024308,16.273023351113693,28.20532602913017,16.496530852504115,9.440203086031657,11.48822409945256,9.73615035804046,4.251756616581391,19.555168372839773,5.435951342305607,6.9905811563485925,15.044300360268943,25.82845283417685,28.92318155973664,26.07064184861537,13.59552452996569,7.28523037565262,8.243352045231303,21.431456869086524,27.24627405768081,19.603840397241758,24.65443334549053,11.729969811031312,15.704302086440515,10.648838096295218,15.53080251966687,26.549159430995367,24.92573924086706,27.829617561628982,21.38074626519186,5.790838350128616,26.186445338567896,24.893016963803568,5.205353911718825,6.965924499292353,18.616398196305607,23.482304957152785,16.822048533981263,22.16037134179143,10.42048897180424,26.18509056124113,18.45594741624552,19.077404212022547,13.926526878417867,20.891127166823324,16.45480364061864,11.218480815650048,11.529482143198251,11.284636760165316,13.232722307290532,12.956999339903836,15.129060957654792,28.56993282771647,17.07000263198998,24.528142982992826,14.708896170030972,9.263492311046376,20.822698348525133,16.244893711492978,26.620326335632388,12.555380344812324,26.824728782495686,19.918299091204357,12.187317551322923,16.338517473095735,13.461559326474292,10.116407778548195,16.568792858621787,,,,,,,1.2
,,,,,,,,,,,,,,,,,,,,,,,,,,,,,,,,,,,29.297193265940532,20.368060234872,39.59694740462461,20.734067946557005,18.13695034155299,43.43274798289932,24.70788560615775,20.528334139118165,23.936474097876605,16.1006722800143,28.18748908157442,18.29455023020983,19.68333469463554,51.71988288905476,35.98525038260032,15.613228334999146,22.452973002566097,27.46750219075551,21.61037606240953,26.56248987924743,37.48016816024795,20.20553332076902,30.23771215429781,17.18130258966343,32.085887313344294,28.056512749788048,26.10836207270702,18.04043326400825,21.962368824497,34.0069951843635,20.457484997050383,5.263290032846629,13.804613726992535,24.074294621543213,38.69576506423121,22.97623299105768,16.28823984615697,17.91133368050063,14.767113610885776,6.64068588669533,28.38221653732301,10.005502932269176,12.07704496160745,22.18243503487223,30.289010982155546,37.44238789274634,32.29314366790902,15.64819323247132,15.21094120535712,17.535874388437833,27.99366714258409,30.983223922708845,21.89386482967972,36.625209320534125,20.92372352628105,22.817794242009533,14.449464932843856,22.32323471865781,36.63569072180166,31.0419663852089,40.34698352559953,29.104543853677345,9.369386685118316,34.08259805455775,32.68846697621876,9.261881812121292,13.76524692214542,26.51535942938697,31.474535682732583,21.691948448804716,31.13906859511779,13.985081290923434,31.90229436802755,30.065705275353604,28.2763999589731,23.29641176161634,33.91006970616299,19.67410883745306,15.538456032385136,21.17813138890749,13.742912530422393,20.871447494982604,17.13061722383424,21.690850494005943,36.48006535963108,26.074678716322182,35.49039888299805,17.397591690059862,16.27250894372603,25.49078647853904,24.85523489313845,34.519827054477034,23.348989600591317,30.040095518028917,32.85235480187635,14.971382127419009,24.72939057481356,18.33018495626234,12.692629155420162,20.73889403913959,,,,,,,1.12
,,,,,,,,,,,,,,,,,,,,,,,,,,,,,,,,,,,32.82256343351393,25.45734832646894,41.03485028653207,21.6210821154748,23.677747795393586,44.97072612193016,28.78421092845253,18.90333952031852,23.997997841107104,20.552328817962938,28.59973814817836,16.86174541031976,22.51906048203372,48.285443213956256,38.7397391039455,21.88745078828392,26.40406082171221,27.642656724929346,20.28511353489767,29.24560163639004,40.92556393283692,23.672590364656703,36.538501742688965,22.43742932847252,30.192391469042697,29.96236544478853,27.330533091579944,23.05953137318224,25.69512578280643,34.52393365476115,16.940815679794905,7.931697490841796,19.187929244865146,24.4504000700532,36.51801156410753,23.66398729549414,18.80392564971781,23.11597176767972,16.52141551805225,16.853440654555463,29.64674582115198,15.57488877933785,17.317235712088902,21.445491163336808,31.612667462640555,34.40710203528742,36.086910986048,23.51503981768205,16.007297890543775,20.29769587130621,32.90049723527302,29.03131574260268,20.627857061107537,38.88217383538534,23.60934097026784,24.482736470314613,17.41294748583632,27.842390898314928,39.28401786677448,31.743930460780216,41.06737323170643,34.44369305549378,12.017398249995397,33.22027554265952,32.65361840077051,14.450452770040442,19.228631601938943,27.71076181102929,36.52675643382954,22.895005393368454,33.63136355306901,14.969277377196704,33.0113560091888,29.956144406278057,33.64961878529085,24.82221445058393,32.439555272640085,18.220127120034856,16.639185067380968,22.86987936118392,20.0462766182424,23.589530368108782,13.918961614305102,30.720516889471167,36.43939632535351,25.28151947119168,37.57911807195064,21.65870397404476,17.80994503617869,28.093384769719343,21.673650753573348,35.98253449615666,28.619943323711954,27.684720598142405,38.04576252396281,21.32485083346481,26.449084860758937,18.837637594626653,22.41770446717926,26.41437900443984,,,,,,,0.8
,,,,,,,,,,,,,,,,,,,,,,,,,,,,,,,,,,,30.984294408966257,30.133214378878503,42.60085742888635,25.394717796437604,30.99971755799185,50.94218357914767,30.14521227587639,19.59314891012785,26.736110460378065,27.64985837163413,33.89084261740315,16.817131616862394,28.249232209428197,49.82749566150125,40.605621747616674,27.425042623144112,25.2141621359978,29.52832911047341,24.706618179233928,33.395410718210464,45.02712042737038,24.955493346490385,43.46279222862076,27.809343775885992,29.82645367647498,30.12877924479029,31.55166813029673,28.942297497222548,30.705994872025823,31.485376964583523,21.52711583580195,9.865023208153868,22.50951314042449,28.73510070288196,41.27794782630824,29.38550498198046,25.04775181138929,28.86797166678729,24.41895646404344,23.137202290961465,38.10700287157282,19.065860150889478,23.040210406936108,28.602636057676712,34.05170805768722,35.19633362666697,39.611680493124425,30.70379012382877,24.576620523420768,26.913130999445624,34.38780983330196,34.85808774812957,20.73733871792756,38.83986742028328,28.283192146825208,27.61936459155692,23.763328528645268,33.70261328163631,39.752927380658015,36.37658039030601,46.98868885985214,34.481471136431416,13.620420274919525,39.82990124582103,39.04353361037112,21.07143452859244,21.90162526601273,32.33547330533828,37.42972818417087,25.927652554859108,34.980374132505915,17.436552217660815,36.24728262966581,25.424602768959865,29.06502894173197,29.6925406696256,27.129107476027368,16.80904825933205,21.5667057641018,26.799983830611232,23.432348310644816,32.80827795224571,13.917677315229218,31.84295660970451,41.83160050163322,30.65381544565712,37.90629998214239,20.76558185013242,22.12278957564775,34.063783632963386,23.716149533541696,41.574215997771645,30.906752443595824,24.597054804913306,43.23616271260859,28.17058794475198,23.87503679053108,22.98710744559762,29.348675062386945,34.20760557880178,,,,,,,0.74
,,,,,,,,,,,,,,,,,,,,,,,,,,,,,,,,,,,27.56574693745705,35.04743577139911,41.645029229996645,32.006535387865966,32.32544462331822,41.80144802900072,24.33498943266776,21.82900135501293,29.95973115338221,27.206296000899677,32.4452311658,19.209406563475135,25.55861625668265,42.25433681495511,31.873160145141263,32.884832696183295,26.90248697353215,29.80586300617207,26.09274972295804,32.90847882170808,38.57920400794648,24.099893099622065,41.428150792740745,31.424348486010267,29.95466792826197,29.44940722764635,33.71573823714327,26.012230247596456,33.740094406399564,24.9908617147408,22.081582608073468,15.077383437636936,24.120833798600813,30.344832551509576,42.12848110369843,34.14118457909147,26.447384177423466,24.71142635620244,21.24991946684756,26.22674166508286,39.05987385891035,21.221225984000245,24.061639837525792,30.1052648030716,30.725190845568267,36.561950186240544,36.76500005814755,28.735558793497404,31.858424826106837,33.01116672529383,29.069847154197827,40.19583607547258,20.585275868319417,35.08759859411162,29.36948293589507,22.951062660716516,24.86976412760225,34.329684242876525,40.51882089098167,34.88108700728427,41.51464654690731,35.696083191568874,13.758464258128438,42.66816771158413,38.03488865060201,17.827088412147575,22.842873726296677,35.65547828635452,31.02554283227726,27.9635403422341,36.50465801343479,13.434415437825766,30.889335788432696,25.493447211888327,31.57790866019232,30.674779458419888,24.521963312490996,22.58939254557948,23.118601722325025,23.31303842856414,28.850689507295463,34.17655055677141,17.33921612962256,28.90682112139713,39.35077308917853,33.4105051392098,35.509980515341155,17.581411117846056,21.800734735042045,37.02482511725232,22.59956275473962,40.83122256868519,34.715763183020776,22.209980482265344,43.92614742288905,28.365477458330584,23.01539322134697,22.56304839177132,28.170344047950284,33.786789429994286,,,,,,,0.76
,,,,,,,,,,,,,,,,,,,,,,,,,,,,,,,,,,,19.69603990903738,29.56810368918184,32.06003657666442,27.2831804974149,29.45750052123938,29.350080941041902,16.982682231145617,19.73415308994153,31.226895176630272,24.482192947345094,28.678615459937657,17.244096304650835,23.955122695110735,32.745446427478655,22.94329409383769,25.736626419012808,20.75688261085979,27.5581838731154,23.34018321685373,27.86860244036052,27.386248305017286,23.63734665484736,31.313359509729143,25.33547458814579,26.004316050186983,26.42992393622222,27.920692257412018,21.39119560117905,30.67719152380098,17.579074850507162,21.301066158201788,11.181685258434923,20.569877934802665,23.975639049789244,32.358405983467875,31.638043005912685,19.989105560593234,20.67370470871404,16.658006192413914,20.57537144863124,32.02246249852603,20.45106900250848,16.505919789558686,25.48424043420366,22.65417029549191,29.629264841785357,31.05839835136692,28.046229342065114,30.56570064988306,30.280298474762464,19.23548541281169,30.450510028667917,15.80868088424726,28.50916206941089,28.47356359502754,20.57495024919329,22.22450815207313,29.08506735533591,32.99199131527909,28.72953758735992,30.696655906378812,28.338117651657203,12.66571215777309,37.15783244476532,31.85409332851488,18.06875545632291,22.05781162759133,27.897292677525463,25.07911323203793,24.949177844006616,24.848113709855568,16.111059986581125,22.644794583185057,19.12131155748977,30.792729523827937,25.548645513756647,21.27050213619312,24.210332128895278,19.817187149520848,17.066947005758287,25.959806618730536,24.640074923224027,15.82869445855773,21.535226709141668,29.74073334348702,25.355178562996976,28.01972564587527,18.248798002439656,17.724146633134673,27.05005432666236,19.50505923216644,28.68766469175882,32.77030338338112,18.29728898745997,33.834133853234945,24.99575662091096,14.49618035582298,24.204877691479957,26.319586158084103,27.200443962191844,,,,,,,0.9
,,,,,,,,,,,,,,,,,,,,,,,,,,,,,,,,,,,14.308884338492335,19.43517793515215,17.24307687131847,13.95888900683042,18.029166514743324,15.708017220373687,6.383367600214291,17.37271237155437,18.90870057713069,14.548204409707685,15.444541025191477,9.73838570449003,16.408008555263322,19.426743914530995,18.19440687674103,16.840652368071275,10.293953055557424,17.065186534953398,11.601869040228411,16.604155212854003,14.6285347216586,14.378787311731624,18.934671493508503,18.67883237832547,15.03797128856874,14.426821775563717,15.941152834369772,14.196592281680886,18.658154836990526,11.328215543204202,12.961495660806714,7.779491015271692,11.922586510821462,13.552547704524374,17.00560243789492,20.49320409774224,16.281496004531025,12.09677566088484,7.642917813530616,12.260014945529386,17.90145727984818,15.294644107729187,12.134141422590668,15.0340616962898,11.766985992560215,15.033840116077162,18.204946141979324,15.00895424184899,15.106140654759956,17.08697788696873,11.120642752693485,18.641553180115853,11.959855533547424,17.50394736639563,19.835790274788497,14.926299515941796,11.81981258168996,16.878952977417704,19.62303346226716,16.930270799789454,19.800678477778963,19.36170695817091,8.04901206125747,22.04180552669568,17.693922125209927,13.970645611954202,12.167214758868584,16.659338087625734,13.979391120818956,14.9951645680192,16.55098720757784,10.771362612244854,10.9895574642358,11.021843633445528,18.16742485491732,12.384741151313897,13.832676231643134,14.98981996894596,12.255884999114144,12.009009045376748,16.67099436831584,13.958737391153978,11.125910545129686,15.398566843962824,18.753590322553,16.162372269360123,16.725033814133216,14.008228501569608,9.648903413212576,15.330004492492796,9.388771735628357,16.522590499976445,21.44892394369793,11.626771335064005,17.91766398374274,14.505109659720048,12.24014398692478,13.850268570970943,15.123365471912887,13.116960494902118,,,,,,,1.02
,,,,,,,,,,,,,,,,,,,,,,,,,,,,,,,,,,,5.523623644168789,7.044603843375876,5.133915268675091,5.194176752461825,5.373643070392854,4.608971797658028,1.7943002082679926,5.260543906959217,5.980466022150315,3.8462393897799663,4.903828734550326,3.125151084669953,5.620179054830894,6.764900021231619,6.075235747639636,5.578046827641634,3.288008287513402,5.3391529886058695,3.813283048526439,5.238492471894886,4.72279612506738,4.679181161970573,5.700122706386073,5.987838365225895,4.163154287615343,4.262915671900255,4.901447955388222,5.400523526861923,5.753957052651577,3.74120693112198,4.31077289051543,1.3579475972070154,3.90717714209286,4.17960548456533,5.892358087695722,6.474690882762878,5.522468502305888,4.639887760673847,3.2966297476711217,4.521647639559065,6.021168994907744,5.258561373973737,4.547670274244734,4.887289424805884,3.1162555243695813,4.403524240419994,5.62472609200112,4.586928562751867,4.341514211151022,5.360641733672384,4.316440458093019,5.682908267810375,4.492172019355496,5.628646286176054,7.328036690100179,4.301070020063079,4.892244172873255,6.04567420109413,6.355127311661359,5.347532393291462,6.101582976853016,5.745345121472485,3.37080017889738,7.122533271328983,6.603678021067863,4.670531444598279,3.1736555507311466,5.45576792943425,5.707721867596334,4.834665895719875,5.062695133972347,3.5394275952815173,4.393013473914506,3.644368040280908,6.536591567492726,4.444202008387731,5.064781839612207,4.812609445791911,4.635565091703181,3.924949944947429,4.233715376926125,3.874127484001507,3.424886546850629,5.096512129835466,6.226252134965033,5.011386816208412,5.378429567776427,4.849051648848967,3.658314245355865,5.005470210897317,3.790916228700629,4.9083584022017535,7.257598661630094,3.775656205242444,5.610416094800367,4.932534157159153,4.175581938893321,5.216714181178984,4.750689822062844,4.8811479142692695,,,,,,,1.08
,,,,,,,,,,,,,,,,,,,,,,,,,,,,,,,,,,,2.234478740461686,2.644743868772678,1.7572392152961471,1.8843523812450091,1.8336471251885087,2.3246076094408985,1.005828659943222,2.109436816679688,2.312824305074,1.5953562117643476,1.6596906708435566,1.5001385823543336,2.402639309248597,2.9629220217593266,2.556986301236764,2.204229802414676,1.5759726480355876,2.116619960471104,1.8246094329560367,2.187524921719562,1.5866246905844184,2.2062678194029264,2.2954911133722704,2.2594540032097274,1.5233587875697088,1.691658862230866,2.01417461555898,1.9563253204750584,2.304180258510105,1.8178402422331372,1.681210945560902,0.8674374971469274,1.8377790363788864,1.8469767831362875,2.1235093775041305,2.2301212283466336,1.782600312471045,1.7049930519775651,1.719390714565573,1.877594284809776,2.165156084827624,2.132860367578562,1.8985752675709548,1.870622703952989,1.3838419966861646,1.981590170622871,2.142129993171724,2.1128209399662268,1.47459909008308,1.9003480908032075,2.0032143024188,2.353010481374913,1.937579476709416,2.3442614683456893,2.8011669588967107,1.291896011756934,1.8318282355082551,2.5333680211289167,2.141365314499968,1.914053778591508,2.393976160776345,2.0974956792131336,1.2619283304596756,2.3977542924942403,2.293858806779276,1.8654414946414504,1.1904393637259842,2.1656932874821635,2.5292459746733726,2.1014621873999646,1.944792784006344,1.907942675873703,1.8309969910331083,1.5394775026341738,1.8408148245567235,2.118457367779365,1.9440425539422728,1.7680351010463171,2.052589606830532,1.3741027967376878,1.724880876069358,1.6183135118425422,1.6470961302413258,2.1138246874300486,3.0090976707002746,2.014048589233257,2.2232466708906378,1.8238744227634276,1.550001272540498,1.879074742341237,1.4328700367376532,1.8408603604857627,2.901001435894621,1.2268105726032434,2.2062619764400746,2.053927967873411,2.014797805976338,2.63375886874195,1.871923899836124,2.3768507151923512,,,,,,,1.18
,,,,,,,,,,,,,,,,,,,,,,,,,,,,,,,,,,,0.0,0.0,0.0,0.0,0.0,0.0,0.0,0.0,0.0,0.0,0.0,0.0,0.0,0.0,0.0,0.0,0.0,0.0,0.0,0.0,0.0,0.0,0.0,0.0,0.0,0.0,0.0,0.0,0.0,0.0,0.0,0.0,0.0,0.0,0.0,0.0,0.0,0.0,0.0,0.0,0.0,0.0,0.0,0.0,0.0,0.0,0.0,0.0,0.0,0.0,0.0,0.0,0.0,0.0,0.0,0.0,0.0,0.0,0.0,0.0,0.0,0.0,0.0,0.0,0.0,0.0,0.0,0.0,0.0,0.0,0.0,0.0,0.0,0.0,0.0,0.0,0.0,0.0,0.0,0.0,0.0,0.0,0.0,0.0,0.0,0.0,0.0,0.0,0.0,0.0,0.0,0.0,0.0,0.0,0.0,0.0,0.0,0.0,0.0,0.0,,,,,,,1.28
,,,,,,,,,,,,,,,,,,,,,,,,,,,,,,,,,,,0.0,0.0,0.0,0.0,0.0,0.0,0.0,0.0,0.0,0.0,0.0,0.0,0.0,0.0,0.0,0.0,0.0,0.0,0.0,0.0,0.0,0.0,0.0,0.0,0.0,0.0,0.0,0.0,0.0,0.0,0.0,0.0,0.0,0.0,0.0,0.0,0.0,0.0,0.0,0.0,0.0,0.0,0.0,0.0,0.0,0.0,0.0,0.0,0.0,0.0,0.0,0.0,0.0,0.0,0.0,0.0,0.0,0.0,0.0,0.0,0.0,0.0,0.0,0.0,0.0,0.0,0.0,0.0,0.0,0.0,0.0,0.0,0.0,0.0,0.0,0.0,0.0,0.0,0.0,0.0,0.0,0.0,0.0,0.0,0.0,0.0,0.0,0.0,0.0,0.0,0.0,0.0,0.0,0.0,0.0,0.0,0.0,0.0,0.0,0.0,,,,,,,1.26
,,,,,,,,,,,,,,,,,,,,,,,,,,,,,,,,,,,0.0,0.0,0.0,0.0,0.0,0.0,0.0,0.0,0.0,0.0,0.0,0.0,0.0,0.0,0.0,0.0,0.0,0.0,0.0,0.0,0.0,0.0,0.0,0.0,0.0,0.0,0.0,0.0,0.0,0.0,0.0,0.0,0.0,0.0,0.0,0.0,0.0,0.0,0.0,0.0,0.0,0.0,0.0,0.0,0.0,0.0,0.0,0.0,0.0,0.0,0.0,0.0,0.0,0.0,0.0,0.0,0.0,0.0,0.0,0.0,0.0,0.0,0.0,0.0,0.0,0.0,0.0,0.0,0.0,0.0,0.0,0.0,0.0,0.0,0.0,0.0,0.0,0.0,0.0,0.0,0.0,0.0,0.0,0.0,0.0,0.0,0.0,0.0,0.0,0.0,0.0,0.0,0.0,0.0,0.0,0.0,0.0,0.0,0.0,0.0,,,,,,,1.1
,,,,,,,,,,,,,,,,,,,,,,,,,,,,,,,,,,,0.0,0.0,0.0,0.0,0.0,0.0,0.0,0.0,0.0,0.0,0.0,0.0,0.0,0.0,0.0,0.0,0.0,0.0,0.0,0.0,0.0,0.0,0.0,0.0,0.0,0.0,0.0,0.0,0.0,0.0,0.0,0.0,0.0,0.0,0.0,0.0,0.0,0.0,0.0,0.0,0.0,0.0,0.0,0.0,0.0,0.0,0.0,0.0,0.0,0.0,0.0,0.0,0.0,0.0,0.0,0.0,0.0,0.0,0.0,0.0,0.0,0.0,0.0,0.0,0.0,0.0,0.0,0.0,0.0,0.0,0.0,0.0,0.0,0.0,0.0,0.0,0.0,0.0,0.0,0.0,0.0,0.0,0.0,0.0,0.0,0.0,0.0,0.0,0.0,0.0,0.0,0.0,0.0,0.0,0.0,0.0,0.0,0.0,0.0,0.0,,,,,,,0.9
,,,,,,,,,,,,,,,,,,,,,,,,,,,,,,,,,,,,,,,,,,,,,,,,,,,,,,,,,,,,,,,,,,,,,,,,,,,,,,,,,,,,,,,,,,,,,,,,,,,,,,,,,,,,,,,,,,,,,,,,,,,,,,,,,,,,,,,,,,,,,
,,,,,,,,,,,,,,,,,,,,,,,,,,,,,,,,,,,,,,,,,,,,,,,,,,,,,,,,,,,,,,,,,,,,,,,,,,,,,,,,,,,,,,,,,,,,,,,,,,,,,,,,,,,,,,,,,,,,,,,,,,,,,,,,,,,,,,,,,,,,,
,,,,,,,,,,,,,,,,,,,,,,,,,,,,,,,,,,,,,,,,,,,,,,,,,,,,,,,,,,,,,,,,,,,,,,,,,,,,,,,,,,,,,,,,,,,,,,,,,,,,,,,,,,,,,,,,,,,,,,,,,,,,,,,,,,,,,,,,,,,,,
,,,,,,,,,,,,,,,,,,,,,,,,,,,,,,,,,,,,,,,,,,,,,,,,,,,,,,,,,,,,,,,,,,,,,,,,,,,,,,,,,,,,,,,,,,,,,,,,,,,,,,,,,,,,,,,,,,,,,,,,,,,,,,,,,,,,,,,,,,,,,
,,,,,,,,,,,,,,,,,,,,,,,,,,,,,,,,,,,,,,,,,,,,,,,,,,,,,,,,,,,,,,,,,,,,,,,,,,,,,,,,,,,,,,,,,,,,,,,,,,,,,,,,,,,,,,,,,,,,,,,,,,,,,,,,,,,,,,,,,,,,,
,,,,,,,,,,,,,,,,,,,,,,,,,,,,,,,,,,,,,,,,,,,,,,,,,,,,,,,,,,,,,,,,,,,,,,,,,,,,,,,,,,,,,,,,,,,,,,,,,,,,,,,,,,,,,,,,,,,,,,,,,,,,,,,,,,,,,,,,,,,,,
,,,,,,,,,,,,,,,,,,,,,,,,,,,,,,,,,,,,,,,,,,,,,,,,,,,,,,,,,,,,,,,,,,,,,,,,,,,,,,,,,,,,,,,,,,,,,,,,,,,,,,,,,,,,,,,,,,,,,,,,,,,,,,,,,,,,,,,,,,,,,
,,,,,,,,,,,,,,,,,,,,,,,,,,,,,,,,,,,,,,,,,,,,,,,,,,,,,,,,,,,,,,,,,,,,,,,,,,,,,,,,,,,,,,,,,,,,,,,,,,,,,,,,,,,,,,,,,,,,,,,,,,,,,,,,,,,,,,,,,,,,,
,,,,,,,,,,,,,,,,,,,,,,,,,,,,,,,,,,,,,,,,,,,,,,,,,,,,,,,,,,,,,,,,,,,,,,,,,,,,,,,,,,,,,,,,,,,,,,,,,,,,,,,,,,,,,,,,,,,,,,,,,,,,,,,,,,,,,,,,,,,,,
,,,,,,,,,,,,,,,,,,,,,,,,,,,,,,,,,,,,,,,,,,,,,,,,,,,,,,,,,,,,,,,,,,,,,,,,,,,,,,,,,,,,,,,,,,,,,,,,,,,,,,,,,,,,,,,,,,,,,,,,,,,,,,,,,,,,,,,,,,,,,
,,,,,,,,,,,,,,,,,,,,,,,,,,,,,,,,,,,,,,,,,,,,,,,,,,,,,,,,,,,,,,,,,,,,,,,,,,,,,,,,,,,,,,,,,,,,,,,,,,,,,,,,,,,,,,,,,,,,,,,,,,,,,,,,,,,,,,,,,,,,,
,,,,,,,,,,,,,,,,,,,,,,,,,,,,,,,,,,,,,,,,,,,,,,,,,,,,,,,,,,,,,,,,,,,,,,,,,,,,,,,,,,,,,,,,,,,,,,,,,,,,,,,,,,,,,,,,,,,,,,,,,,,,,,,,,,,,,,,,,,,,,
,,,,,,,,,,,,,,,,,,,,,,,,,,,,,,,,,,,,,,,,,,,,,,,,,,,,,,,,,,,,,,,,,,,,,,,,,,,,,,,,,,,,,,,,,,,,,,,,,,,,,,,,,,,,,,,,,,,,,,,,,,,,,,,,,,,,,,,,,,,,,
,,,,,,,,,,,,,,,,,,,,,,,,,,,,,,,,,,,,,,,,,,,,,,,,,,,,,,,,,,,,,,,,,,,,,,,,,,,,,,,,,,,,,,,,,,,,,,,,,,,,,,,,,,,,,,,,,,,,,,,,,,,,,,,,,,,,,,,,,,,,,
,,,,,,,,,,,,,,,,,,,,,,,,,,,,,,,,,,,,,,,,,,,,,,,,,,,,,,,,,,,,,,,,,,,,,,,,,,,,,,,,,,,,,,,,,,,,,,,,,,,,,,,,,,,,,,,,,,,,,,,,,,,,,,,,,,,,,,,,,,,,,
,,,,,,,,,,,,,,,,,,,,,,,,,,,,,,,,,,,,,,,,,,,,,,,,,,,,,,,,,,,,,,,,,,,,,,,,,,,,,,,,,,,,,,,,,,,,,,,,,,,,,,,,,,,,,,,,,,,,,,,,,,,,,,,,,,,,,,,,,,,,,
,,,,,,,,,,,,,,,,,,,,,,,,,,,,,,,,,,,,,,,,,,,,,,,,,,,,,,,,,,,,,,,,,,,,,,,,,,,,,,,,,,,,,,,,,,,,,,,,,,,,,,,,,,,,,,,,,,,,,,,,,,,,,,,,,,,,,,,,,,,,,
,,,,,,,,,,,,,,,,,,,,,,,,,,,,,,,,,,,,,,,,,,,,,,,,,,,,,,,,,,,,,,,,,,,,,,,,,,,,,,,,,,,,,,,,,,,,,,,,,,,,,,,,,,,,,,,,,,,,,,,,,,,,,,,,,,,,,,,,,,,,,
,,,,,,,,,,,,,,,,,,,,,,,,,,,,,,,,,,,,,,,,,,,,,,,,,,,,,,,,,,,,,,,,,,,,,,,,,,,,,,,,,,,,,,,,,,,,,,,,,,,,,,,,,,,,,,,,,,,,,,,,,,,,,,,,,,,,,,,,,,,,,
,,,,,,,,,,,,,,,,,,,,,,,,,,,,,,,,,,,,,,,,,,,,,,,,,,,,,,,,,,,,,,,,,,,,,,,,,,,,,,,,,,,,,,,,,,,,,,,,,,,,,,,,,,,,,,,,,,,,,,,,,,,,,,,,,,,,,,,,,,,,,
,,,,,,,,,,,,,,,,,,,,,,,,,,,,,,,,,,,,,,,,,,,,,,,,,,,,,,,,,,,,,,,,,,,,,,,,,,,,,,,,,,,,,,,,,,,,,,,,,,,,,,,,,,,,,,,,,,,,,,,,,,,,,,,,,,,,,,,,,,,,,
,,,,,,,,,,,,,,,,,,,,,,,,,,,,,,,,,,,,,,,,,,,,,,,,,,,,,,,,,,,,,,,,,,,,,,,,,,,,,,,,,,,,,,,,,,,,,,,,,,,,,,,,,,,,,,,,,,,,,,,,,,,,,,,,,,,,,,,,,,,,,
,,,,,,,,,,,,,,,,,,,,,,,,,,,,,,,,,,,,,,,,,,,,,,,,,,,,,,,,,,,,,,,,,,,,,,,,,,,,,,,,,,,,,,,,,,,,,,,,,,,,,,,,,,,,,,,,,,,,,,,,,,,,,,,,,,,,,,,,,,,,,
,,,,,,,,,,,,,,,,,,,,,,,,,,,,,,,,,,,,,,,,,,,,,,,,,,,,,,,,,,,,,,,,,,,,,,,,,,,,,,,,,,,,,,,,,,,,,,,,,,,,,,,,,,,,,,,,,,,,,,,,,,,,,,,,,,,,,,,,,,,,,
,,,,,,,,,,,,,,,,,,,,,,,,,,,,,,,,,,,,,,,,,,,,,,,,,,,,,,,,,,,,,,,,,,,,,,,,,,,,,,,,,,,,,,,,,,,,,,,,,,,,,,,,,,,,,,,,,,,,,,,,,,,,,,,,,,,,,,,,,,,,,
,,,,,,,,,,,,,,,,,,,,,,,,,,,,,,,,,,,,,,,,,,,,,,,,,,,,,,,,,,,,,,,,,,,,,,,,,,,,,,,,,,,,,,,,,,,,,,,,,,,,,,,,,,,,,,,,,,,,,,,,,,,,,,,,,,,,,,,,,,,,,
,,,,,,,,,,,,,,,,,,,,,,,,,,,,,,,,,,,,,,,,,,,,,,,,,,,,,,,,,,,,,,,,,,,,,,,,,,,,,,,,,,,,,,,,,,,,,,,,,,,,,,,,,,,,,,,,,,,,,,,,,,,,,,,,,,,,,,,,,,,,,
,,,,,,,,,,,,,,,,,,,,,,,,,,,,,,,,,,,,,,,,,,,,,,,,,,,,,,,,,,,,,,,,,,,,,,,,,,,,,,,,,,,,,,,,,,,,,,,,,,,,,,,,,,,,,,,,,,,,,,,,,,,,,,,,,,,,,,,,,,,,,
,,,,,,,,,,,,,,,,,,,,,,,,,,,,,,,,,,,,,,,,,,,,,,,,,,,,,,,,,,,,,,,,,,,,,,,,,,,,,,,,,,,,,,,,,,,,,,,,,,,,,,,,,,,,,,,,,,,,,,,,,,,,,,,,,,,,,,,,,,,,,
,,,,,,,,,,,,,,,,,,,,,,,,,,,,,,,,,,,,,,,,,,,,,,,,,,,,,,,,,,,,,,,,,,,,,,,,,,,,,,,,,,,,,,,,,,,,,,,,,,,,,,,,,,,,,,,,,,,,,,,,,,,,,,,,,,,,,,,,,,,,,
,,,,,,,,,,,,,,,,,,,,,,,,,,,,,,,,,,,,,,,,,,,,,,,,,,,,,,,,,,,,,,,,,,,,,,,,,,,,,,,,,,,,,,,,,,,,,,,,,,,,,,,,,,,,,,,,,,,,,,,,,,,,,,,,,,,,,,,,,,,,,
,,,,,,,,,,,,,,,,,,,,,,,,,,,,,,,,,,,,,,,,,,,,,,,,,,,,,,,,,,,,,,,,,,,,,,,,,,,,,,,,,,,,,,,,,,,,,,,,,,,,,,,,,,,,,,,,,,,,,,,,,,,,,,,,,,,,,,,,,,,,,
,,,,,,,,,,,,,,,,,,,,,,,,,,,,,,,,,,,,,,,,,,,,,,,,,,,,,,,,,,,,,,,,,,,,,,,,,,,,,,,,,,,,,,,,,,,,,,,,,,,,,,,,,,,,,,,,,,,,,,,,,,,,,,,,,,,,,,,,,,,,,
,,,,,,,,,,,,,,,,,,,,,,,,,,,,,,,,,,,,,,,,,,,,,,,,,,,,,,,,,,,,,,,,,,,,,,,,,,,,,,,,,,,,,,,,,,,,,,,,,,,,,,,,,,,,,,,,,,,,,,,,,,,,,,,,,,,,,,,,,,,,,
,,,,,,,,,,,,,,,,,,,,,,,,,,,,,,,,,,,,,,,,,,,,,,,,,,,,,,,,,,,,,,,,,,,,,,,,,,,,,,,,,,,,,,,,,,,,,,,,,,,,,,,,,,,,,,,,,,,,,,,,,,,,,,,,,,,,,,,,,,,,,
,,,,,,,,,,,,,,,,,,,,,,,,,,,,,,,,,,,,,,,,,,,,,,,,,,,,,,,,,,,,,,,,,,,,,,,,,,,,,,,,,,,,,,,,,,,,,,,,,,,,,,,,,,,,,,,,,,,,,,,,,,,,,,,,,,,,,,,,,,,,,
,,,,,,,,,,,,,,,,,,,,,,,,,,,,,,,,,,,,,,,,,,,,,,,,,,,,,,,,,,,,,,,,,,,,,,,,,,,,,,,,,,,,,,,,,,,,,,,,,,,,,,,,,,,,,,,,,,,,,,,,,,,,,,,,,,,,,,,,,,,,,
,,,,,,,,,,,,,,,,,,,,,,,,,,,,,,,,,,,,,,,,,,,,,,,,,,,,,,,,,,,,,,,,,,,,,,,,,,,,,,,,,,,,,,,,,,,,,,,,,,,,,,,,,,,,,,,,,,,,,,,,,,,,,,,,,,,,,,,,,,,,,
,,,,,,,,,,,,,,,,,,,,,,,,,,,,,,,,,,,,,,,,,,,,,,,,,,,,,,,,,,,,,,,,,,,,,,,,,,,,,,,,,,,,,,,,,,,,,,,,,,,,,,,,,,,,,,,,,,,,,,,,,,,,,,,,,,,,,,,,,,,,,
,,,,,,,,,,,,,,,,,,,,,,,,,,,,,,,,,,,,,,,,,,,,,,,,,,,,,,,,,,,,,,,,,,,,,,,,,,,,,,,,,,,,,,,,,,,,,,,,,,,,,,,,,,,,,,,,,,,,,,,,,,,,,,,,,,,,,,,,,,,,,
,,,,,,,,,,,,,,,,,,,,,,,,,,,,,,,,,,,,,,,,,,,,,,,,,,,,,,,,,,,,,,,,,,,,,,,,,,,,,,,,,,,,,,,,,,,,,,,,,,,,,,,,,,,,,,,,,,,,,,,,,,,,,,,,,,,,,,,,,,,,,
,,,,,,,,,,,,,,,,,,,,,,,,,,,,,,,,,,,,,,,,,,,,,,,,,,,,,,,,,,,,,,,,,,,,,,,,,,,,,,,,,,,,,,,,,,,,,,,,,,,,,,,,,,,,,,,,,,,,,,,,,,,,,,,,,,,,,,,,,,,,,
,,,,,,,,,,,,,,,,,,,,,,,,,,,,,,,,,,,,,,,,,,,,,,,,,,,,,,,,,,,,,,,,,,,,,,,,,,,,,,,,,,,,,,,,,,,,,,,,,,,,,,,,,,,,,,,,,,,,,,,,,,,,,,,,,,,,,,,,,,,,,
,,,,,,,,,,,,,,,,,,,,,,,,,,,,,,,,,,,,,,,,,,,,,,,,,,,,,,,,,,,,,,,,,,,,,,,,,,,,,,,,,,,,,,,,,,,,,,,,,,,,,,,,,,,,,,,,,,,,,,,,,,,,,,,,,,,,,,,,,,,,,
,,,,,,,,,,,,,,,,,,,,,,,,,,,,,,,,,,,,,,,,,,,,,,,,,,,,,,,,,,,,,,,,,,,,,,,,,,,,,,,,,,,,,,,,,,,,,,,,,,,,,,,,,,,,,,,,,,,,,,,,,,,,,,,,,,,,,,,,,,,,,
,,,,,,,,,,,,,,,,,,,,,,,,,,,,,,,,,,,,,,,,,,,,,,,,,,,,,,,,,,,,,,,,,,,,,,,,,,,,,,,,,,,,,,,,,,,,,,,,,,,,,,,,,,,,,,,,,,,,,,,,,,,,,,,,,,,,,,,,,,,,,
,,,,,,,,,,,,,,,,,,,,,,,,,,,,,,,,,,,,,,,,,,,,,,,,,,,,,,,,,,,,,,,,,,,,,,,,,,,,,,,,,,,,,,,,,,,,,,,,,,,,,,,,,,,,,,,,,,,,,,,,,,,,,,,,,,,,,,,,,,,,,
,,,,,,,,,,,,,,,,,,,,,,,,,,,,,,,,,,,,,,,,,,,,,,,,,,,,,,,,,,,,,,,,,,,,,,,,,,,,,,,,,,,,,,,,,,,,,,,,,,,,,,,,,,,,,,,,,,,,,,,,,,,,,,,,,,,,,,,,,,,,,
,,,,,,,,,,,,,,,,,,,,,,,,,,,,,,,,,,,,,,,,,,,,,,,,,,,,,,,,,,,,,,,,,,,,,,,,,,,,,,,,,,,,,,,,,,,,,,,,,,,,,,,,,,,,,,,,,,,,,,,,,,,,,,,,,,,,,,,,,,,,,
,,,,,,,,,,,,,,,,,,,,,,,,,,,,,,,,,,,,,,,,,,,,,,,,,,,,,,,,,,,,,,,,,,,,,,,,,,,,,,,,,,,,,,,,,,,,,,,,,,,,,,,,,,,,,,,,,,,,,,,,,,,,,,,,,,,,,,,,,,,,,
,,,,,,,,,,,,,,,,,,,,,,,,,,,,,,,,,,,,,,,,,,,,,,,,,,,,,,,,,,,,,,,,,,,,,,,,,,,,,,,,,,,,,,,,,,,,,,,,,,,,,,,,,,,,,,,,,,,,,,,,,,,,,,,,,,,,,,,,,,,,,
,,,,,,,,,,,,,,,,,,,,,,,,,,,,,,,,,,,,,,,,,,,,,,,,,,,,,,,,,,,,,,,,,,,,,,,,,,,,,,,,,,,,,,,,,,,,,,,,,,,,,,,,,,,,,,,,,,,,,,,,,,,,,,,,,,,,,,,,,,,,,
,,,,,,,,,,,,,,,,,,,,,,,,,,,,,,,,,,,,,,,,,,,,,,,,,,,,,,,,,,,,,,,,,,,,,,,,,,,,,,,,,,,,,,,,,,,,,,,,,,,,,,,,,,,,,,,,,,,,,,,,,,,,,,,,,,,,,,,,,,,,,
,,,,,,,,,,,,,,,,,,,,,,,,,,,,,,,,,,,,,,,,,,,,,,,,,,,,,,,,,,,,,,,,,,,,,,,,,,,,,,,,,,,,,,,,,,,,,,,,,,,,,,,,,,,,,,,,,,,,,,,,,,,,,,,,,,,,,,,,,,,,,
,,,,,,,,,,,,,,,,,,,,,,,,,,,,,,,,,,,,,,,,,,,,,,,,,,,,,,,,,,,,,,,,,,,,,,,,,,,,,,,,,,,,,,,,,,,,,,,,,,,,,,,,,,,,,,,,,,,,,,,,,,,,,,,,,,,,,,,,,,,,,
,,,,,,,,,,,,,,,,,,,,,,,,,,,,,,,,,,,,,,,,,,,,,,,,,,,,,,,,,,,,,,,,,,,,,,,,,,,,,,,,,,,,,,,,,,,,,,,,,,,,,,,,,,,,,,,,,,,,,,,,,,,,,,,,,,,,,,,,,,,,,
,,,,,,,,,,,,,,,,,,,,,,,,,,,,,,,,,,,,,,,,,,,,,,,,,,,,,,,,,,,,,,,,,,,,,,,,,,,,,,,,,,,,,,,,,,,,,,,,,,,,,,,,,,,,,,,,,,,,,,,,,,,,,,,,,,,,,,,,,,,,,
,,,,,,,,,,,,,,,,,,,,,,,,,,,,,,,,,,,,,,,,,,,,,,,,,,,,,,,,,,,,,,,,,,,,,,,,,,,,,,,,,,,,,,,,,,,,,,,,,,,,,,,,,,,,,,,,,,,,,,,,,,,,,,,,,,,,,,,,,,,,,
,,,,,,,,,,,,,,,,,,,,,,,,,,,,,,,,,,,,,,,,,,,,,,,,,,,,,,,,,,,,,,,,,,,,,,,,,,,,,,,,,,,,,,,,,,,,,,,,,,,,,,,,,,,,,,,,,,,,,,,,,,,,,,,,,,,,,,,,,,,,,
,,,,,,,,,,,,,,,,,,,,,,,,,,,,,,,,,,,,,,,,,,,,,,,,,,,,,,,,,,,,,,,,,,,,,,,,,,,,,,,,,,,,,,,,,,,,,,,,,,,,,,,,,,,,,,,,,,,,,,,,,,,,,,,,,,,,,,,,,,,,,
,,,,,,,,,,,,,,,,,,,,,,,,,,,,,,,,,,,,,,,,,,,,,,,,,,,,,,,,,,,,,,,,,,,,,,,,,,,,,,,,,,,,,,,,,,,,,,,,,,,,,,,,,,,,,,,,,,,,,,,,,,,,,,,,,,,,,,,,,,,,,
,,,,,,,,,,,,,,,,,,,,,,,,,,,,,,,,,,,,,,,,,,,,,,,,,,,,,,,,,,,,,,,,,,,,,,,,,,,,,,,,,,,,,,,,,,,,,,,,,,,,,,,,,,,,,,,,,,,,,,,,,,,,,,,,,,,,,,,,,,,,,
,,,,,,,,,,,,,,,,,,,,,,,,,,,,,,,,,,,,,,,,,,,,,,,,,,,,,,,,,,,,,,,,,,,,,,,,,,,,,,,,,,,,,,,,,,,,,,,,,,,,,,,,,,,,,,,,,,,,,,,,,,,,,,,,,,,,,,,,,,,,,
,,,,,,,,,,,,,,,,,,,,,,,,,,,,,,,,,,,,,,,,,,,,,,,,,,,,,,,,,,,,,,,,,,,,,,,,,,,,,,,,,,,,,,,,,,,,,,,,,,,,,,,,,,,,,,,,,,,,,,,,,,,,,,,,,,,,,,,,,,,,,
,,,,,,,,,,,,,,,,,,,,,,,,,,,,,,,,,,,,,,,,,,,,,,,,,,,,,,,,,,,,,,,,,,,,,,,,,,,,,,,,,,,,,,,,,,,,,,,,,,,,,,,,,,,,,,,,,,,,,,,,,,,,,,,,,,,,,,,,,,,,,
,,,,,,,,,,,,,,,,,,,,,,,,,,,,,,,,,,,,,,,,,,,,,,,,,,,,,,,,,,,,,,,,,,,,,,,,,,,,,,,,,,,,,,,,,,,,,,,,,,,,,,,,,,,,,,,,,,,,,,,,,,,,,,,,,,,,,,,,,,,,,
,,,,,,,,,,,,,,,,,,,,,,,,,,,,,,,,,,,,,,,,,,,,,,,,,,,,,,,,,,,,,,,,,,,,,,,,,,,,,,,,,,,,,,,,,,,,,,,,,,,,,,,,,,,,,,,,,,,,,,,,,,,,,,,,,,,,,,,,,,,,,
,,,,,,,,,,,,,,,,,,,,,,,,,,,,,,,,,,,,,,,,,,,,,,,,,,,,,,,,,,,,,,,,,,,,,,,,,,,,,,,,,,,,,,,,,,,,,,,,,,,,,,,,,,,,,,,,,,,,,,,,,,,,,,,,,,,,,,,,,,,,,
,,,,,,,,,,,,,,,,,,,,,,,,,,,,,,,,,,,,,,,,,,,,,,,,,,,,,,,,,,,,,,,,,,,,,,,,,,,,,,,,,,,,,,,,,,,,,,,,,,,,,,,,,,,,,,,,,,,,,,,,,,,,,,,,,,,,,,,,,,,,,
,,,,,,,,,,,,,,,,,,,,,,,,,,,,,,,,,,,,,,,,,,,,,,,,,,,,,,,,,,,,,,,,,,,,,,,,,,,,,,,,,,,,,,,,,,,,,,,,,,,,,,,,,,,,,,,,,,,,,,,,,,,,,,,,,,,,,,,,,,,,,
,,,,,,,,,,,,,,,,,,,,,,,,,,,,,,,,,,,,,,,,,,,,,,,,,,,,,,,,,,,,,,,,,,,,,,,,,,,,,,,,,,,,,,,,,,,,,,,,,,,,,,,,,,,,,,,,,,,,,,,,,,,,,,,,,,,,,,,,,,,,,
,,,,,,,,,,,,,,,,,,,,,,,,,,,,,,,,,,,,,,,,,,,,,,,,,,,,,,,,,,,,,,,,,,,,,,,,,,,,,,,,,,,,,,,,,,,,,,,,,,,,,,,,,,,,,,,,,,,,,,,,,,,,,,,,,,,,,,,,,,,,,
,,,,,,,,,,,,,,,,,,,,,,,,,,,,,,,,,,,,,,,,,,,,,,,,,,,,,,,,,,,,,,,,,,,,,,,,,,,,,,,,,,,,,,,,,,,,,,,,,,,,,,,,,,,,,,,,,,,,,,,,,,,,,,,,,,,,,,,,,,,,,
,,,,,,,,,,,,,,,,,,,,,,,,,,,,,,,,,,,,,,,,,,,,,,,,,,,,,,,,,,,,,,,,,,,,,,,,,,,,,,,,,,,,,,,,,,,,,,,,,,,,,,,,,,,,,,,,,,,,,,,,,,,,,,,,,,,,,,,,,,,,,
,,,,,,,,,,,,,,,,,,,,,,,,,,,,,,,,,,,,,,,,,,,,,,,,,,,,,,,,,,,,,,,,,,,,,,,,,,,,,,,,,,,,,,,,,,,,,,,,,,,,,,,,,,,,,,,,,,,,,,,,,,,,,,,,,,,,,,,,,,,,,
,,,,,,,,,,,,,,,,,,,,,,,,,,,,,,,,,,,,,,,,,,,,,,,,,,,,,,,,,,,,,,,,,,,,,,,,,,,,,,,,,,,,,,,,,,,,,,,,,,,,,,,,,,,,,,,,,,,,,,,,,,,,,,,,,,,,,,,,,,,,,
,,,,,,,,,,,,,,,,,,,,,,,,,,,,,,,,,,,,,,,,,,,,,,,,,,,,,,,,,,,,,,,,,,,,,,,,,,,,,,,,,,,,,,,,,,,,,,,,,,,,,,,,,,,,,,,,,,,,,,,,,,,,,,,,,,,,,,,,,,,,,
,,,,,,,,,,,,,,,,,,,,,,,,,,,,,,,,,,,,,,,,,,,,,,,,,,,,,,,,,,,,,,,,,,,,,,,,,,,,,,,,,,,,,,,,,,,,,,,,,,,,,,,,,,,,,,,,,,,,,,,,,,,,,,,,,,,,,,,,,,,,,
,,,,,,,,,,,,,,,,,,,,,,,,,,,,,,,,,,,,,,,,,,,,,,,,,,,,,,,,,,,,,,,,,,,,,,,,,,,,,,,,,,,,,,,,,,,,,,,,,,,,,,,,,,,,,,,,,,,,,,,,,,,,,,,,,,,,,,,,,,,,,
,,,,,,,,,,,,,,,,,,,,,,,,,,,,,,,,,,,,,,,,,,,,,,,,,,,,,,,,,,,,,,,,,,,,,,,,,,,,,,,,,,,,,,,,,,,,,,,,,,,,,,,,,,,,,,,,,,,,,,,,,,,,,,,,,,,,,,,,,,,,,
,,,,,,,,,,,,,,,,,,,,,,,,,,,,,,,,,,,,,,,,,,,,,,,,,,,,,,,,,,,,,,,,,,,,,,,,,,,,,,,,,,,,,,,,,,,,,,,,,,,,,,,,,,,,,,,,,,,,,,,,,,,,,,,,,,,,,,,,,,,,,
,,,,,,,,,,,,,,,,,,,,,,,,,,,,,,,,,,,,,,,,,,,,,,,,,,,,,,,,,,,,,,,,,,,,,,,,,,,,,,,,,,,,,,,,,,,,,,,,,,,,,,,,,,,,,,,,,,,,,,,,,,,,,,,,,,,,,,,,,,,,,
,,,,,,,,,,,,,,,,,,,,,,,,,,,,,,,,,,,,,,,,,,,,,,,,,,,,,,,,,,,,,,,,,,,,,,,,,,,,,,,,,,,,,,,,,,,,,,,,,,,,,,,,,,,,,,,,,,,,,,,,,,,,,,,,,,,,,,,,,,,,,
,,,,,,,,,,,,,,,,,,,,,,,,,,,,,,,,,,,,,,,,,,,,,,,,,,,,,,,,,,,,,,,,,,,,,,,,,,,,,,,,,,,,,,,,,,,,,,,,,,,,,,,,,,,,,,,,,,,,,,,,,,,,,,,,,,,,,,,,,,,,,
,,,,,,,,,,,,,,,,,,,,,,,,,,,,,,,,,,,,,,,,,,,,,,,,,,,,,,,,,,,,,,,,,,,,,,,,,,,,,,,,,,,,,,,,,,,,,,,,,,,,,,,,,,,,,,,,,,,,,,,,,,,,,,,,,,,,,,,,,,,,,
,,,,,,,,,,,,,,,,,,,,,,,,,,,,,,,,,,,,,,,,,,,,,,,,,,,,,,,,,,,,,,,,,,,,,,,,,,,,,,,,,,,,,,,,,,,,,,,,,,,,,,,,,,,,,,,,,,,,,,,,,,,,,,,,,,,,,,,,,,,,,
,,,,,,,,,,,,,,,,,,,,,,,,,,,,,,,,,,,,,,,,,,,,,,,,,,,,,,,,,,,,,,,,,,,,,,,,,,,,,,,,,,,,,,,,,,,,,,,,,,,,,,,,,,,,,,,,,,,,,,,,,,,,,,,,,,,,,,,,,,,,,
,,,,,,,,,,,,,,,,,,,,,,,,,,,,,,,,,,,,,,,,,,,,,,,,,,,,,,,,,,,,,,,,,,,,,,,,,,,,,,,,,,,,,,,,,,,,,,,,,,,,,,,,,,,,,,,,,,,,,,,,,,,,,,,,,,,,,,,,,,,,,
,,,,,,,,,,,,,,,,,,,,,,,,,,,,,,,,,,,,,,,,,,,,,,,,,,,,,,,,,,,,,,,,,,,,,,,,,,,,,,,,,,,,,,,,,,,,,,,,,,,,,,,,,,,,,,,,,,,,,,,,,,,,,,,,,,,,,,,,,,,,,
,,,,,,,,,,,,,,,,,,,,,,,,,,,,,,,,,,,,,,,,,,,,,,,,,,,,,,,,,,,,,,,,,,,,,,,,,,,,,,,,,,,,,,,,,,,,,,,,,,,,,,,,,,,,,,,,,,,,,,,,,,,,,,,,,,,,,,,,,,,,,
,,,,,,,,,,,,,,,,,,,,,,,,,,,,,,,,,,,,,,,,,,,,,,,,,,,,,,,,,,,,,,,,,,,,,,,,,,,,,,,,,,,,,,,,,,,,,,,,,,,,,,,,,,,,,,,,,,,,,,,,,,,,,,,,,,,,,,,,,,,,,
,,,,,,,,,,,,,,,,,,,,,,,,,,,,,,,,,,,,,,,,,,,,,,,,,,,,,,,,,,,,,,,,,,,,,,,,,,,,,,,,,,,,,,,,,,,,,,,,,,,,,,,,,,,,,,,,,,,,,,,,,,,,,,,,,,,,,,,,,,,,,
,,,,,,,,,,,,,,,,,,,,,,,,,,,,,,,,,,,,,,,,,,,,,,,,,,,,,,,,,,,,,,,,,,,,,,,,,,,,,,,,,,,,,,,,,,,,,,,,,,,,,,,,,,,,,,,,,,,,,,,,,,,,,,,,,,,,,,,,,,,,,
,,,,,,,,,,,,,,,,,,,,,,,,,,,,,,,,,,,,,,,,,,,,,,,,,,,,,,,,,,,,,,,,,,,,,,,,,,,,,,,,,,,,,,,,,,,,,,,,,,,,,,,,,,,,,,,,,,,,,,,,,,,,,,,,,,,,,,,,,,,,,
,,,,,,,,,,,,,,,,,,,,,,,,,,,,,,,,,,,,,,,,,,,,,,,,,,,,,,,,,,,,,,,,,,,,,,,,,,,,,,,,,,,,,,,,,,,,,,,,,,,,,,,,,,,,,,,,,,,,,,,,,,,,,,,,,,,,,,,,,,,,,
,,,,,,,,,,,,,,,,,,,,,,,,,,,,,,,,,,,,,,,,,,,,,,,,,,,,,,,,,,,,,,,,,,,,,,,,,,,,,,,,,,,,,,,,,,,,,,,,,,,,,,,,,,,,,,,,,,,,,,,,,,,,,,,,,,,,,,,,,,,,,
,,,,,,,,,,,,,,,,,,,,,,,,,,,,,,,,,,,,,,,,,,,,,,,,,,,,,,,,,,,,,,,,,,,,,,,,,,,,,,,,,,,,,,,,,,,,,,,,,,,,,,,,,,,,,,,,,,,,,,,,,,,,,,,,,,,,,,,,,,,,,
,,,,,,,,,,,,,,,,,,,,,,,,,,,,,,,,,,,,,,,,,,,,,,,,,,,,,,,,,,,,,,,,,,,,,,,,,,,,,,,,,,,,,,,,,,,,,,,,,,,,,,,,,,,,,,,,,,,,,,,,,,,,,,,,,,,,,,,,,,,,,
,,,,,,,,,,,,,,,,,,,,,,,,,,,,,,,,,,,,,,,,,,,,,,,,,,,,,,,,,,,,,,,,,,,,,,,,,,,,,,,,,,,,,,,,,,,,,,,,,,,,,,,,,,,,,,,,,,,,,,,,,,,,,,,,,,,,,,,,,,,,,
,,,,,,,,,,,,,,,,,,,,,,,,,,,,,,,,,,,,,,,,,,,,,,,,,,,,,,,,,,,,,,,,,,,,,,,,,,,,,,,,,,,,,,,,,,,,,,,,,,,,,,,,,,,,,,,,,,,,,,,,,,,,,,,,,,,,,,,,,,,,,
,,,,,,,,,,,,,,,,,,,,,,,,,,,,,,,,,,,,,,,,,,,,,,,,,,,,,,,,,,,,,,,,,,,,,,,,,,,,,,,,,,,,,,,,,,,,,,,,,,,,,,,,,,,,,,,,,,,,,,,,,,,,,,,,,,,,,,,,,,,,,
,,,,,,,,,,,,,,,,,,,,,,,,,,,,,,,,,,,,,,,,,,,,,,,,,,,,,,,,,,,,,,,,,,,,,,,,,,,,,,,,,,,,,,,,,,,,,,,,,,,,,,,,,,,,,,,,,,,,,,,,,,,,,,,,,,,,,,,,,,,,,
,,,,,,,,,,,,,,,,,,,,,,,,,,,,,,,,,,,,,,,,,,,,,,,,,,,,,,,,,,,,,,,,,,,,,,,,,,,,,,,,,,,,,,,,,,,,,,,,,,,,,,,,,,,,,,,,,,,,,,,,,,,,,,,,,,,,,,,,,,,,,
,,,,,,,,,,,,,,,,,,,,,,,,,,,,,,,,,,,,,,,,,,,,,,,,,,,,,,,,,,,,,,,,,,,,,,,,,,,,,,,,,,,,,,,,,,,,,,,,,,,,,,,,,,,,,,,,,,,,,,,,,,,,,,,,,,,,,,,,,,,,,
,,,,,,,,,,,,,,,,,,,,,,,,,,,,,,,,,,,,,,,,,,,,,,,,,,,,,,,,,,,,,,,,,,,,,,,,,,,,,,,,,,,,,,,,,,,,,,,,,,,,,,,,,,,,,,,,,,,,,,,,,,,,,,,,,,,,,,,,,,,,,
,,,,,,,,,,,,,,,,,,,,,,,,,,,,,,,,,,,,,,,,,,,,,,,,,,,,,,,,,,,,,,,,,,,,,,,,,,,,,,,,,,,,,,,,,,,,,,,,,,,,,,,,,,,,,,,,,,,,,,,,,,,,,,,,,,,,,,,,,,,,,
,,,,,,,,,,,,,,,,,,,,,,,,,,,,,,,,,,,,,,,,,,,,,,,,,,,,,,,,,,,,,,,,,,,,,,,,,,,,,,,,,,,,,,,,,,,,,,,,,,,,,,,,,,,,,,,,,,,,,,,,,,,,,,,,,,,,,,,,,,,,,
,,,,,,,,,,,,,,,,,,,,,,,,,,,,,,,,,,,,,,,,,,,,,,,,,,,,,,,,,,,,,,,,,,,,,,,,,,,,,,,,,,,,,,,,,,,,,,,,,,,,,,,,,,,,,,,,,,,,,,,,,,,,,,,,,,,,,,,,,,,,,
,,,,,,,,,,,,,,,,,,,,,,,,,,,,,,,,,,,,,,,,,,,,,,,,,,,,,,,,,,,,,,,,,,,,,,,,,,,,,,,,,,,,,,,,,,,,,,,,,,,,,,,,,,,,,,,,,,,,,,,,,,,,,,,,,,,,,,,,,,,,,
,,,,,,,,,,,,,,,,,,,,,,,,,,,,,,,,,,,,,,,,,,,,,,,,,,,,,,,,,,,,,,,,,,,,,,,,,,,,,,,,,,,,,,,,,,,,,,,,,,,,,,,,,,,,,,,,,,,,,,,,,,,,,,,,,,,,,,,,,,,,,
,,,,,,,,,,,,,,,,,,,,,,,,,,,,,,,,,,,,,,,,,,,,,,,,,,,,,,,,,,,,,,,,,,,,,,,,,,,,,,,,,,,,,,,,,,,,,,,,,,,,,,,,,,,,,,,,,,,,,,,,,,,,,,,,,,,,,,,,,,,,,
,,,,,,,,,,,,,,,,,,,,,,,,,,,,,,,,,,,,,,,,,,,,,,,,,,,,,,,,,,,,,,,,,,,,,,,,,,,,,,,,,,,,,,,,,,,,,,,,,,,,,,,,,,,,,,,,,,,,,,,,,,,,,,,,,,,,,,,,,,,,,
,,,,,,,,,,,,,,,,,,,,,,,,,,,,,,,,,,,,,,,,,,,,,,,,,,,,,,,,,,,,,,,,,,,,,,,,,,,,,,,,,,,,,,,,,,,,,,,,,,,,,,,,,,,,,,,,,,,,,,,,,,,,,,,,,,,,,,,,,,,,,
,,,,,,,,,,,,,,,,,,,,,,,,,,,,,,,,,,,,,,,,,,,,,,,,,,,,,,,,,,,,,,,,,,,,,,,,,,,,,,,,,,,,,,,,,,,,,,,,,,,,,,,,,,,,,,,,,,,,,,,,,,,,,,,,,,,,,,,,,,,,,
,,,,,,,,,,,,,,,,,,,,,,,,,,,,,,,,,,,,,,,,,,,,,,,,,,,,,,,,,,,,,,,,,,,,,,,,,,,,,,,,,,,,,,,,,,,,,,,,,,,,,,,,,,,,,,,,,,,,,,,,,,,,,,,,,,,,,,,,,,,,,
,,,,,,,,,,,,,,,,,,,,,,,,,,,,,,,,,,,,,,,,,,,,,,,,,,,,,,,,,,,,,,,,,,,,,,,,,,,,,,,,,,,,,,,,,,,,,,,,,,,,,,,,,,,,,,,,,,,,,,,,,,,,,,,,,,,,,,,,,,,,,
,,,,,,,,,,,,,,,,,,,,,,,,,,,,,,,,,,,,,,,,,,,,,,,,,,,,,,,,,,,,,,,,,,,,,,,,,,,,,,,,,,,,,,,,,,,,,,,,,,,,,,,,,,,,,,,,,,,,,,,,,,,,,,,,,,,,,,,,,,,,,
,,,,,,,,,,,,,,,,,,,,,,,,,,,,,,,,,,,,,,,,,,,,,,,,,,,,,,,,,,,,,,,,,,,,,,,,,,,,,,,,,,,,,,,,,,,,,,,,,,,,,,,,,,,,,,,,,,,,,,,,,,,,,,,,,,,,,,,,,,,,,
,,,,,,,,,,,,,,,,,,,,,,,,,,,,,,,,,,,,,,,,,,,,,,,,,,,,,,,,,,,,,,,,,,,,,,,,,,,,,,,,,,,,,,,,,,,,,,,,,,,,,,,,,,,,,,,,,,,,,,,,,,,,,,,,,,,,,,,,,,,,,
,,,,,,,,,,,,,,,,,,,,,,,,,,,,,,,,,,,,,,,,,,,,,,,,,,,,,,,,,,,,,,,,,,,,,,,,,,,,,,,,,,,,,,,,,,,,,,,,,,,,,,,,,,,,,,,,,,,,,,,,,,,,,,,,,,,,,,,,,,,,,
,,,,,,,,,,,,,,,,,,,,,,,,,,,,,,,,,,,,,,,,,,,,,,,,,,,,,,,,,,,,,,,,,,,,,,,,,,,,,,,,,,,,,,,,,,,,,,,,,,,,,,,,,,,,,,,,,,,,,,,,,,,,,,,,,,,,,,,,,,,,,
,,,,,,,,,,,,,,,,,,,,,,,,,,,,,,,,,,,,,,,,,,,,,,,,,,,,,,,,,,,,,,,,,,,,,,,,,,,,,,,,,,,,,,,,,,,,,,,,,,,,,,,,,,,,,,,,,,,,,,,,,,,,,,,,,,,,,,,,,,,,,
,,,,,,,,,,,,,,,,,,,,,,,,,,,,,,,,,,,,,,,,,,,,,,,,,,,,,,,,,,,,,,,,,,,,,,,,,,,,,,,,,,,,,,,,,,,,,,,,,,,,,,,,,,,,,,,,,,,,,,,,,,,,,,,,,,,,,,,,,,,,,
,,,,,,,,,,,,,,,,,,,,,,,,,,,,,,,,,,,,,,,,,,,,,,,,,,,,,,,,,,,,,,,,,,,,,,,,,,,,,,,,,,,,,,,,,,,,,,,,,,,,,,,,,,,,,,,,,,,,,,,,,,,,,,,,,,,,,,,,,,,,,
,,,,,,,,,,,,,,,,,,,,,,,,,,,,,,,,,,,,,,,,,,,,,,,,,,,,,,,,,,,,,,,,,,,,,,,,,,,,,,,,,,,,,,,,,,,,,,,,,,,,,,,,,,,,,,,,,,,,,,,,,,,,,,,,,,,,,,,,,,,,,
,,,,,,,,,,,,,,,,,,,,,,,,,,,,,,,,,,,,,,,,,,,,,,,,,,,,,,,,,,,,,,,,,,,,,,,,,,,,,,,,,,,,,,,,,,,,,,,,,,,,,,,,,,,,,,,,,,,,,,,,,,,,,,,,,,,,,,,,,,,,,
,,,,,,,,,,,,,,,,,,,,,,,,,,,,,,,,,,,,,,,,,,,,,,,,,,,,,,,,,,,,,,,,,,,,,,,,,,,,,,,,,,,,,,,,,,,,,,,,,,,,,,,,,,,,,,,,,,,,,,,,,,,,,,,,,,,,,,,,,,,,,
,,,,,,,,,,,,,,,,,,,,,,,,,,,,,,,,,,,,,,,,,,,,,,,,,,,,,,,,,,,,,,,,,,,,,,,,,,,,,,,,,,,,,,,,,,,,,,,,,,,,,,,,,,,,,,,,,,,,,,,,,,,,,,,,,,,,,,,,,,,,,
,,,,,,,,,,,,,,,,,,,,,,,,,,,,,,,,,,,,,,,,,,,,,,,,,,,,,,,,,,,,,,,,,,,,,,,,,,,,,,,,,,,,,,,,,,,,,,,,,,,,,,,,,,,,,,,,,,,,,,,,,,,,,,,,,,,,,,,,,,,,,
,,,,,,,,,,,,,,,,,,,,,,,,,,,,,,,,,,,,,,,,,,,,,,,,,,,,,,,,,,,,,,,,,,,,,,,,,,,,,,,,,,,,,,,,,,,,,,,,,,,,,,,,,,,,,,,,,,,,,,,,,,,,,,,,,,,,,,,,,,,,,
,,,,,,,,,,,,,,,,,,,,,,,,,,,,,,,,,,,,,,,,,,,,,,,,,,,,,,,,,,,,,,,,,,,,,,,,,,,,,,,,,,,,,,,,,,,,,,,,,,,,,,,,,,,,,,,,,,,,,,,,,,,,,,,,,,,,,,,,,,,,,
,,,,,,,,,,,,,,,,,,,,,,,,,,,,,,,,,,,,,,,,,,,,,,,,,,,,,,,,,,,,,,,,,,,,,,,,,,,,,,,,,,,,,,,,,,,,,,,,,,,,,,,,,,,,,,,,,,,,,,,,,,,,,,,,,,,,,,,,,,,,,
,,,,,,,,,,,,,,,,,,,,,,,,,,,,,,,,,,,,,,,,,,,,,,,,,,,,,,,,,,,,,,,,,,,,,,,,,,,,,,,,,,,,,,,,,,,,,,,,,,,,,,,,,,,,,,,,,,,,,,,,,,,,,,,,,,,,,,,,,,,,,
,,,,,,,,,,,,,,,,,,,,,,,,,,,,,,,,,,,,,,,,,,,,,,,,,,,,,,,,,,,,,,,,,,,,,,,,,,,,,,,,,,,,,,,,,,,,,,,,,,,,,,,,,,,,,,,,,,,,,,,,,,,,,,,,,,,,,,,,,,,,,
,,,,,,,,,,,,,,,,,,,,,,,,,,,,,,,,,,,,,,,,,,,,,,,,,,,,,,,,,,,,,,,,,,,,,,,,,,,,,,,,,,,,,,,,,,,,,,,,,,,,,,,,,,,,,,,,,,,,,,,,,,,,,,,,,,,,,,,,,,,,,
,,,,,,,,,,,,,,,,,,,,,,,,,,,,,,,,,,,,,,,,,,,,,,,,,,,,,,,,,,,,,,,,,,,,,,,,,,,,,,,,,,,,,,,,,,,,,,,,,,,,,,,,,,,,,,,,,,,,,,,,,,,,,,,,,,,,,,,,,,,,,
,,,,,,,,,,,,,,,,,,,,,,,,,,,,,,,,,,,,,,,,,,,,,,,,,,,,,,,,,,,,,,,,,,,,,,,,,,,,,,,,,,,,,,,,,,,,,,,,,,,,,,,,,,,,,,,,,,,,,,,,,,,,,,,,,,,,,,,,,,,,,
,,,,,,,,,,,,,,,,,,,,,,,,,,,,,,,,,,,,,,,,,,,,,,,,,,,,,,,,,,,,,,,,,,,,,,,,,,,,,,,,,,,,,,,,,,,,,,,,,,,,,,,,,,,,,,,,,,,,,,,,,,,,,,,,,,,,,,,,,,,,,
,,,,,,,,,,,,,,,,,,,,,,,,,,,,,,,,,,,,,,,,,,,,,,,,,,,,,,,,,,,,,,,,,,,,,,,,,,,,,,,,,,,,,,,,,,,,,,,,,,,,,,,,,,,,,,,,,,,,,,,,,,,,,,,,,,,,,,,,,,,,,
,,,,,,,,,,,,,,,,,,,,,,,,,,,,,,,,,,,,,,,,,,,,,,,,,,,,,,,,,,,,,,,,,,,,,,,,,,,,,,,,,,,,,,,,,,,,,,,,,,,,,,,,,,,,,,,,,,,,,,,,,,,,,,,,,,,,,,,,,,,,,
,,,,,,,,,,,,,,,,,,,,,,,,,,,,,,,,,,,,,,,,,,,,,,,,,,,,,,,,,,,,,,,,,,,,,,,,,,,,,,,,,,,,,,,,,,,,,,,,,,,,,,,,,,,,,,,,,,,,,,,,,,,,,,,,,,,,,,,,,,,,,
,,,,,,,,,,,,,,,,,,,,,,,,,,,,,,,,,,,,,,,,,,,,,,,,,,,,,,,,,,,,,,,,,,,,,,,,,,,,,,,,,,,,,,,,,,,,,,,,,,,,,,,,,,,,,,,,,,,,,,,,,,,,,,,,,,,,,,,,,,,,,
,,,,,,,,,,,,,,,,,,,,,,,,,,,,,,,,,,,,,,,,,,,,,,,,,,,,,,,,,,,,,,,,,,,,,,,,,,,,,,,,,,,,,,,,,,,,,,,,,,,,,,,,,,,,,,,,,,,,,,,,,,,,,,,,,,,,,,,,,,,,,
,,,,,,,,,,,,,,,,,,,,,,,,,,,,,,,,,,,,,,,,,,,,,,,,,,,,,,,,,,,,,,,,,,,,,,,,,,,,,,,,,,,,,,,,,,,,,,,,,,,,,,,,,,,,,,,,,,,,,,,,,,,,,,,,,,,,,,,,,,,,,
,,,,,,,,,,,,,,,,,,,,,,,,,,,,,,,,,,,,,,,,,,,,,,,,,,,,,,,,,,,,,,,,,,,,,,,,,,,,,,,,,,,,,,,,,,,,,,,,,,,,,,,,,,,,,,,,,,,,,,,,,,,,,,,,,,,,,,,,,,,,,
,,,,,,,,,,,,,,,,,,,,,,,,,,,,,,,,,,,,,,,,,,,,,,,,,,,,,,,,,,,,,,,,,,,,,,,,,,,,,,,,,,,,,,,,,,,,,,,,,,,,,,,,,,,,,,,,,,,,,,,,,,,,,,,,,,,,,,,,,,,,,
,,,,,,,,,,,,,,,,,,,,,,,,,,,,,,,,,,,,,,,,,,,,,,,,,,,,,,,,,,,,,,,,,,,,,,,,,,,,,,,,,,,,,,,,,,,,,,,,,,,,,,,,,,,,,,,,,,,,,,,,,,,,,,,,,,,,,,,,,,,,,
,,,,,,,,,,,,,,,,,,,,,,,,,,,,,,,,,,,,,,,,,,,,,,,,,,,,,,,,,,,,,,,,,,,,,,,,,,,,,,,,,,,,,,,,,,,,,,,,,,,,,,,,,,,,,,,,,,,,,,,,,,,,,,,,,,,,,,,,,,,,,
,,,,,,,,,,,,,,,,,,,,,,,,,,,,,,,,,,,,,,,,,,,,,,,,,,,,,,,,,,,,,,,,,,,,,,,,,,,,,,,,,,,,,,,,,,,,,,,,,,,,,,,,,,,,,,,,,,,,,,,,,,,,,,,,,,,,,,,,,,,,,
,,,,,,,,,,,,,,,,,,,,,,,,,,,,,,,,,,,,,,,,,,,,,,,,,,,,,,,,,,,,,,,,,,,,,,,,,,,,,,,,,,,,,,,,,,,,,,,,,,,,,,,,,,,,,,,,,,,,,,,,,,,,,,,,,,,,,,,,,,,,,
,,,,,,,,,,,,,,,,,,,,,,,,,,,,,,,,,,,,,,,,,,,,,,,,,,,,,,,,,,,,,,,,,,,,,,,,,,,,,,,,,,,,,,,,,,,,,,,,,,,,,,,,,,,,,,,,,,,,,,,,,,,,,,,,,,,,,,,,,,,,,
,,,,,,,,,,,,,,,,,,,,,,,,,,,,,,,,,,,,,,,,,,,,,,,,,,,,,,,,,,,,,,,,,,,,,,,,,,,,,,,,,,,,,,,,,,,,,,,,,,,,,,,,,,,,,,,,,,,,,,,,,,,,,,,,,,,,,,,,,,,,,
,,,,,,,,,,,,,,,,,,,,,,,,,,,,,,,,,,,,,,,,,,,,,,,,,,,,,,,,,,,,,,,,,,,,,,,,,,,,,,,,,,,,,,,,,,,,,,,,,,,,,,,,,,,,,,,,,,,,,,,,,,,,,,,,,,,,,,,,,,,,,
,,,,,,,,,,,,,,,,,,,,,,,,,,,,,,,,,,,,,,,,,,,,,,,,,,,,,,,,,,,,,,,,,,,,,,,,,,,,,,,,,,,,,,,,,,,,,,,,,,,,,,,,,,,,,,,,,,,,,,,,,,,,,,,,,,,,,,,,,,,,,
,,,,,,,,,,,,,,,,,,,,,,,,,,,,,,,,,,,,,,,,,,,,,,,,,,,,,,,,,,,,,,,,,,,,,,,,,,,,,,,,,,,,,,,,,,,,,,,,,,,,,,,,,,,,,,,,,,,,,,,,,,,,,,,,,,,,,,,,,,,,,
,,,,,,,,,,,,,,,,,,,,,,,,,,,,,,,,,,,,,,,,,,,,,,,,,,,,,,,,,,,,,,,,,,,,,,,,,,,,,,,,,,,,,,,,,,,,,,,,,,,,,,,,,,,,,,,,,,,,,,,,,,,,,,,,,,,,,,,,,,,,,
,,,,,,,,,,,,,,,,,,,,,,,,,,,,,,,,,,,,,,,,,,,,,,,,,,,,,,,,,,,,,,,,,,,,,,,,,,,,,,,,,,,,,,,,,,,,,,,,,,,,,,,,,,,,,,,,,,,,,,,,,,,,,,,,,,,,,,,,,,,,,
,,,,,,,,,,,,,,,,,,,,,,,,,,,,,,,,,,,,,,,,,,,,,,,,,,,,,,,,,,,,,,,,,,,,,,,,,,,,,,,,,,,,,,,,,,,,,,,,,,,,,,,,,,,,,,,,,,,,,,,,,,,,,,,,,,,,,,,,,,,,,
,,,,,,,,,,,,,,,,,,,,,,,,,,,,,,,,,,,,,,,,,,,,,,,,,,,,,,,,,,,,,,,,,,,,,,,,,,,,,,,,,,,,,,,,,,,,,,,,,,,,,,,,,,,,,,,,,,,,,,,,,,,,,,,,,,,,,,,,,,,,,
,,,,,,,,,,,,,,,,,,,,,,,,,,,,,,,,,,,,,,,,,,,,,,,,,,,,,,,,,,,,,,,,,,,,,,,,,,,,,,,,,,,,,,,,,,,,,,,,,,,,,,,,,,,,,,,,,,,,,,,,,,,,,,,,,,,,,,,,,,,,,
,,,,,,,,,,,,,,,,,,,,,,,,,,,,,,,,,,,,,,,,,,,,,,,,,,,,,,,,,,,,,,,,,,,,,,,,,,,,,,,,,,,,,,,,,,,,,,,,,,,,,,,,,,,,,,,,,,,,,,,,,,,,,,,,,,,,,,,,,,,,,
,,,,,,,,,,,,,,,,,,,,,,,,,,,,,,,,,,,,,,,,,,,,,,,,,,,,,,,,,,,,,,,,,,,,,,,,,,,,,,,,,,,,,,,,,,,,,,,,,,,,,,,,,,,,,,,,,,,,,,,,,,,,,,,,,,,,,,,,,,,,,
,,,,,,,,,,,,,,,,,,,,,,,,,,,,,,,,,,,,,,,,,,,,,,,,,,,,,,,,,,,,,,,,,,,,,,,,,,,,,,,,,,,,,,,,,,,,,,,,,,,,,,,,,,,,,,,,,,,,,,,,,,,,,,,,,,,,,,,,,,,,,
,,,,,,,,,,,,,,,,,,,,,,,,,,,,,,,,,,,,,,,,,,,,,,,,,,,,,,,,,,,,,,,,,,,,,,,,,,,,,,,,,,,,,,,,,,,,,,,,,,,,,,,,,,,,,,,,,,,,,,,,,,,,,,,,,,,,,,,,,,,,,
,,,,,,,,,,,,,,,,,,,,,,,,,,,,,,,,,,,,,,,,,,,,,,,,,,,,,,,,,,,,,,,,,,,,,,,,,,,,,,,,,,,,,,,,,,,,,,,,,,,,,,,,,,,,,,,,,,,,,,,,,,,,,,,,,,,,,,,,,,,,,
,,,,,,,,,,,,,,,,,,,,,,,,,,,,,,,,,,,,,,,,,,,,,,,,,,,,,,,,,,,,,,,,,,,,,,,,,,,,,,,,,,,,,,,,,,,,,,,,,,,,,,,,,,,,,,,,,,,,,,,,,,,,,,,,,,,,,,,,,,,,,
,,,,,,,,,,,,,,,,,,,,,,,,,,,,,,,,,,,,,,,,,,,,,,,,,,,,,,,,,,,,,,,,,,,,,,,,,,,,,,,,,,,,,,,,,,,,,,,,,,,,,,,,,,,,,,,,,,,,,,,,,,,,,,,,,,,,,,,,,,,,,
,,,,,,,,,,,,,,,,,,,,,,,,,,,,,,,,,,,,,,,,,,,,,,,,,,,,,,,,,,,,,,,,,,,,,,,,,,,,,,,,,,,,,,,,,,,,,,,,,,,,,,,,,,,,,,,,,,,,,,,,,,,,,,,,,,,,,,,,,,,,,
,,,,,,,,,,,,,,,,,,,,,,,,,,,,,,,,,,,,,,,,,,,,,,,,,,,,,,,,,,,,,,,,,,,,,,,,,,,,,,,,,,,,,,,,,,,,,,,,,,,,,,,,,,,,,,,,,,,,,,,,,,,,,,,,,,,,,,,,,,,,,
,,,,,,,,,,,,,,,,,,,,,,,,,,,,,,,,,,,,,,,,,,,,,,,,,,,,,,,,,,,,,,,,,,,,,,,,,,,,,,,,,,,,,,,,,,,,,,,,,,,,,,,,,,,,,,,,,,,,,,,,,,,,,,,,,,,,,,,,,,,,,
,,,,,,,,,,,,,,,,,,,,,,,,,,,,,,,,,,,,,,,,,,,,,,,,,,,,,,,,,,,,,,,,,,,,,,,,,,,,,,,,,,,,,,,,,,,,,,,,,,,,,,,,,,,,,,,,,,,,,,,,,,,,,,,,,,,,,,,,,,,,,
,,,,,,,,,,,,,,,,,,,,,,,,,,,,,,,,,,,,,,,,,,,,,,,,,,,,,,,,,,,,,,,,,,,,,,,,,,,,,,,,,,,,,,,,,,,,,,,,,,,,,,,,,,,,,,,,,,,,,,,,,,,,,,,,,,,,,,,,,,,,,
,,,,,,,,,,,,,,,,,,,,,,,,,,,,,,,,,,,,,,,,,,,,,,,,,,,,,,,,,,,,,,,,,,,,,,,,,,,,,,,,,,,,,,,,,,,,,,,,,,,,,,,,,,,,,,,,,,,,,,,,,,,,,,,,,,,,,,,,,,,,,
,,,,,,,,,,,,,,,,,,,,,,,,,,,,,,,,,,,,,,,,,,,,,,,,,,,,,,,,,,,,,,,,,,,,,,,,,,,,,,,,,,,,,,,,,,,,,,,,,,,,,,,,,,,,,,,,,,,,,,,,,,,,,,,,,,,,,,,,,,,,,
,,,,,,,,,,,,,,,,,,,,,,,,,,,,,,,,,,,,,,,,,,,,,,,,,,,,,,,,,,,,,,,,,,,,,,,,,,,,,,,,,,,,,,,,,,,,,,,,,,,,,,,,,,,,,,,,,,,,,,,,,,,,,,,,,,,,,,,,,,,,,
,,,,,,,,,,,,,,,,,,,,,,,,,,,,,,,,,,,,,,,,,,,,,,,,,,,,,,,,,,,,,,,,,,,,,,,,,,,,,,,,,,,,,,,,,,,,,,,,,,,,,,,,,,,,,,,,,,,,,,,,,,,,,,,,,,,,,,,,,,,,,
,,,,,,,,,,,,,,,,,,,,,,,,,,,,,,,,,,,,,,,,,,,,,,,,,,,,,,,,,,,,,,,,,,,,,,,,,,,,,,,,,,,,,,,,,,,,,,,,,,,,,,,,,,,,,,,,,,,,,,,,,,,,,,,,,,,,,,,,,,,,,
,,,,,,,,,,,,,,,,,,,,,,,,,,,,,,,,,,,,,,,,,,,,,,,,,,,,,,,,,,,,,,,,,,,,,,,,,,,,,,,,,,,,,,,,,,,,,,,,,,,,,,,,,,,,,,,,,,,,,,,,,,,,,,,,,,,,,,,,,,,,,
,,,,,,,,,,,,,,,,,,,,,,,,,,,,,,,,,,,,,,,,,,,,,,,,,,,,,,,,,,,,,,,,,,,,,,,,,,,,,,,,,,,,,,,,,,,,,,,,,,,,,,,,,,,,,,,,,,,,,,,,,,,,,,,,,,,,,,,,,,,,,
,,,,,,,,,,,,,,,,,,,,,,,,,,,,,,,,,,,,,,,,,,,,,,,,,,,,,,,,,,,,,,,,,,,,,,,,,,,,,,,,,,,,,,,,,,,,,,,,,,,,,,,,,,,,,,,,,,,,,,,,,,,,,,,,,,,,,,,,,,,,,
,,,,,,,,,,,,,,,,,,,,,,,,,,,,,,,,,,,,,,,,,,,,,,,,,,,,,,,,,,,,,,,,,,,,,,,,,,,,,,,,,,,,,,,,,,,,,,,,,,,,,,,,,,,,,,,,,,,,,,,,,,,,,,,,,,,,,,,,,,,,,
,,,,,,,,,,,,,,,,,,,,,,,,,,,,,,,,,,,,,,,,,,,,,,,,,,,,,,,,,,,,,,,,,,,,,,,,,,,,,,,,,,,,,,,,,,,,,,,,,,,,,,,,,,,,,,,,,,,,,,,,,,,,,,,,,,,,,,,,,,,,,
,,,,,,,,,,,,,,,,,,,,,,,,,,,,,,,,,,,,,,,,,,,,,,,,,,,,,,,,,,,,,,,,,,,,,,,,,,,,,,,,,,,,,,,,,,,,,,,,,,,,,,,,,,,,,,,,,,,,,,,,,,,,,,,,,,,,,,,,,,,,,
,,,,,,,,,,,,,,,,,,,,,,,,,,,,,,,,,,,,,,,,,,,,,,,,,,,,,,,,,,,,,,,,,,,,,,,,,,,,,,,,,,,,,,,,,,,,,,,,,,,,,,,,,,,,,,,,,,,,,,,,,,,,,,,,,,,,,,,,,,,,,
,,,,,,,,,,,,,,,,,,,,,,,,,,,,,,,,,,,,,,,,,,,,,,,,,,,,,,,,,,,,,,,,,,,,,,,,,,,,,,,,,,,,,,,,,,,,,,,,,,,,,,,,,,,,,,,,,,,,,,,,,,,,,,,,,,,,,,,,,,,,,
,,,,,,,,,,,,,,,,,,,,,,,,,,,,,,,,,,,,,,,,,,,,,,,,,,,,,,,,,,,,,,,,,,,,,,,,,,,,,,,,,,,,,,,,,,,,,,,,,,,,,,,,,,,,,,,,,,,,,,,,,,,,,,,,,,,,,,,,,,,,,
,,,,,,,,,,,,,,,,,,,,,,,,,,,,,,,,,,,,,,,,,,,,,,,,,,,,,,,,,,,,,,,,,,,,,,,,,,,,,,,,,,,,,,,,,,,,,,,,,,,,,,,,,,,,,,,,,,,,,,,,,,,,,,,,,,,,,,,,,,,,,
,,,,,,,,,,,,,,,,,,,,,,,,,,,,,,,,,,,,,,,,,,,,,,,,,,,,,,,,,,,,,,,,,,,,,,,,,,,,,,,,,,,,,,,,,,,,,,,,,,,,,,,,,,,,,,,,,,,,,,,,,,,,,,,,,,,,,,,,,,,,,
,,,,,,,,,,,,,,,,,,,,,,,,,,,,,,,,,,,,,,,,,,,,,,,,,,,,,,,,,,,,,,,,,,,,,,,,,,,,,,,,,,,,,,,,,,,,,,,,,,,,,,,,,,,,,,,,,,,,,,,,,,,,,,,,,,,,,,,,,,,,,
,,,,,,,,,,,,,,,,,,,,,,,,,,,,,,,,,,,,,,,,,,,,,,,,,,,,,,,,,,,,,,,,,,,,,,,,,,,,,,,,,,,,,,,,,,,,,,,,,,,,,,,,,,,,,,,,,,,,,,,,,,,,,,,,,,,,,,,,,,,,,
,,,,,,,,,,,,,,,,,,,,,,,,,,,,,,,,,,,,,,,,,,,,,,,,,,,,,,,,,,,,,,,,,,,,,,,,,,,,,,,,,,,,,,,,,,,,,,,,,,,,,,,,,,,,,,,,,,,,,,,,,,,,,,,,,,,,,,,,,,,,,
,,,,,,,,,,,,,,,,,,,,,,,,,,,,,,,,,,,,,,,,,,,,,,,,,,,,,,,,,,,,,,,,,,,,,,,,,,,,,,,,,,,,,,,,,,,,,,,,,,,,,,,,,,,,,,,,,,,,,,,,,,,,,,,,,,,,,,,,,,,,,
