days,len_day,Period_T,R,length_macroperiod,length_microperiod_energy,J,n_scenario,startup_cost,startup_time,initial_stock,capacity_unit,holding_cost,energy_startup,energy_product,D_0,D_1,D_2,D_3,D_4,scenario0,scenario1,scenario2,scenario3,scenario4,scenario5,scenario6,scenario7,scenario8,scenario9,scenario10,scenario11,scenario12,scenario13,scenario14,scenario15,scenario16,scenario17,scenario18,scenario19,scenario20,scenario21,scenario22,scenario23,scenario24,scenario25,scenario26,scenario27,scenario28,scenario29,scenario30,scenario31,scenario32,scenario33,scenario34,scenario35,scenario36,scenario37,scenario38,scenario39,scenario40,scenario41,scenario42,scenario43,scenario44,scenario45,scenario46,scenario47,scenario48,scenario49,scenario50,scenario51,scenario52,scenario53,scenario54,scenario55,scenario56,scenario57,scenario58,scenario59,scenario60,scenario61,scenario62,scenario63,scenario64,scenario65,scenario66,scenario67,scenario68,scenario69,scenario70,scenario71,scenario72,scenario73,scenario74,scenario75,scenario76,scenario77,scenario78,scenario79,scenario80,scenario81,scenario82,scenario83,scenario84,scenario85,scenario86,scenario87,scenario88,scenario89,scenario90,scenario91,scenario92,scenario93,scenario94,scenario95,scenario96,scenario97,scenario98,scenario99,scenario100,scenario101,scenario102,scenario103,scenario104,scenario105,scenario106,scenario107,scenario108,scenario109,scenario110,scenario111,scenario112,scenario113,scenario114,scenario115,scenario116,scenario117,scenario118,scenario119,scenario120,scenario121,scenario122,scenario123,scenario124,scenario125,scenario126,scenario127,scenario128,scenario129,scenario130,scenario131,scenario132,scenario133,scenario134,scenario135,scenario136,scenario137,scenario138,scenario139,scenario140,scenario141,scenario142,scenario143,scenario144,scenario145,scenario146,scenario147,scenario148,scenario149,scenario150,scenario151,scenario152,scenario153,scenario154,scenario155,scenario156,scenario157,scenario158,scenario159,scenario160,scenario161,scenario162,scenario163,scenario164,scenario165,scenario166,scenario167,scenario168,scenario169,scenario170,scenario171,scenario172,scenario173,scenario174,scenario175,scenario176,scenario177,scenario178,scenario179,scenario180,scenario181,scenario182,scenario183,scenario184,scenario185,scenario186,scenario187,scenario188,scenario189,scenario190,scenario191,scenario192,scenario193,scenario194,scenario195,scenario196,scenario197,scenario198,scenario199,scenario200,scenario201,scenario202,scenario203,scenario204,scenario205,scenario206,scenario207,scenario208,scenario209,scenario210,scenario211,scenario212,scenario213,scenario214,scenario215,scenario216,scenario217,scenario218,scenario219,scenario220,scenario221,scenario222,scenario223,scenario224,scenario225,scenario226,scenario227,scenario228,scenario229,scenario230,scenario231,scenario232,scenario233,scenario234,scenario235,scenario236,scenario237,scenario238,scenario239,scenario240,scenario241,scenario242,scenario243,scenario244,scenario245,scenario246,scenario247,scenario248,scenario249,scenario250,scenario251,scenario252,scenario253,scenario254,scenario255,scenario256,scenario257,scenario258,scenario259,scenario260,scenario261,scenario262,scenario263,scenario264,scenario265,scenario266,scenario267,scenario268,scenario269,scenario270,scenario271,scenario272,scenario273,scenario274,scenario275,scenario276,scenario277,scenario278,scenario279,scenario280,scenario281,scenario282,scenario283,scenario284,scenario285,scenario286,scenario287,scenario288,scenario289,scenario290,scenario291,scenario292,scenario293,scenario294,scenario295,scenario296,scenario297,scenario298,scenario299,scenario300,scenario301,scenario302,scenario303,scenario304,scenario305,scenario306,scenario307,scenario308,scenario309,scenario310,scenario311,scenario312,scenario313,scenario314,scenario315,scenario316,scenario317,scenario318,scenario319,scenario320,scenario321,scenario322,scenario323,scenario324,scenario325,scenario326,scenario327,scenario328,scenario329,scenario330,scenario331,scenario332,scenario333,scenario334,scenario335,scenario336,scenario337,scenario338,scenario339,scenario340,scenario341,scenario342,scenario343,scenario344,scenario345,scenario346,scenario347,scenario348,scenario349,scenario350,scenario351,scenario352,scenario353,scenario354,scenario355,scenario356,scenario357,scenario358,scenario359,scenario360,scenario361,scenario362,scenario363,scenario364,scenario365,scenario366,scenario367,scenario368,scenario369,scenario370,scenario371,scenario372,scenario373,scenario374,scenario375,scenario376,scenario377,scenario378,scenario379,scenario380,scenario381,scenario382,scenario383,scenario384,scenario385,scenario386,scenario387,scenario388,scenario389,scenario390,scenario391,scenario392,scenario393,scenario394,scenario395,scenario396,scenario397,scenario398,scenario399,scenario400,scenario401,scenario402,scenario403,scenario404,scenario405,scenario406,scenario407,scenario408,scenario409,scenario410,scenario411,scenario412,scenario413,scenario414,scenario415,scenario416,scenario417,scenario418,scenario419,scenario420,scenario421,scenario422,scenario423,scenario424,scenario425,scenario426,scenario427,scenario428,scenario429,scenario430,scenario431,scenario432,scenario433,scenario434,scenario435,scenario436,scenario437,scenario438,scenario439,scenario440,scenario441,scenario442,scenario443,scenario444,scenario445,scenario446,scenario447,scenario448,scenario449,scenario450,scenario451,scenario452,scenario453,scenario454,scenario455,scenario456,scenario457,scenario458,scenario459,scenario460,scenario461,scenario462,scenario463,scenario464,scenario465,scenario466,scenario467,scenario468,scenario469,scenario470,scenario471,scenario472,scenario473,scenario474,scenario475,scenario476,scenario477,scenario478,scenario479,scenario480,scenario481,scenario482,scenario483,scenario484,scenario485,scenario486,scenario487,scenario488,scenario489,scenario490,scenario491,scenario492,scenario493,scenario494,scenario495,scenario496,scenario497,scenario498,scenario499,battery_cap,charge_lim,discharge_lim,charge_efficiency,discharge_efficiency,trans_efficiency,energy_purchase_price
3.0,16.0,6.0,48.0,480.0,60.0,5.0,500.0,200.0,60.0,380.0,0.05,0.05,10.0,0.13,1513.0,1515.0,1514.0,1522.0,1527.0,2.78,0.0,2.34,3.78,4.74,5.6,4.74,2.63,5.95,1.14,0.0,3.44,2.4,1.61,6.27,2.81,3.75,3.26,8.68,4.02,1.9,5.23,0.0,1.98,5.12,6.44,2.29,5.12,0.0,1.87,0.16,1.09,0.0,3.15,4.47,4.65,0.25,0.0,0.0,5.34,0.0,6.28,2.3,1.97,3.39,4.89,0.58,1.61,3.33,0.0,3.59,6.17,3.66,3.67,0.0,2.66,0.16,5.08,5.72,0.0,1.99,6.3,4.46,1.41,0.87,0.84,0.0,1.46,6.8,6.49,0.77,2.29,0.37,4.16,6.03,1.75,4.6,2.78,3.57,7.76,6.12,3.91,5.83,1.99,0.96,0.0,1.55,1.84,2.2,6.31,5.88,9.32,1.22,0.0,4.87,2.96,4.94,3.39,3.69,4.27,4.11,0.7,3.74,7.74,4.13,0.71,6.95,0.0,0.28,3.57,5.75,9.83,1.89,4.64,5.69,0.0,3.56,7.72,2.53,0.0,5.0,4.29,3.71,5.19,1.92,6.6,3.29,2.73,5.86,0.1,0.36,0.94,0.0,2.12,0.42,0.0,2.89,0.03,2.69,0.0,3.66,5.66,8.01,1.7,0.22,2.27,6.67,0.0,0.0,4.83,8.28,6.22,3.16,0.0,1.8,6.36,8.74,2.63,8.83,0.26,2.27,1.2,1.5,4.95,0.0,1.51,2.44,2.96,0.65,1.88,0.61,2.77,0.58,0.0,0.0,6.02,4.59,7.76,4.32,1.72,5.79,0.92,4.69,7.08,7.4,4.79,4.48,3.19,2.01,5.74,1.03,3.58,3.95,3.0,5.57,3.53,3.58,5.93,4.02,5.3,3.67,1.76,3.08,6.18,4.57,4.37,7.49,2.86,0.0,7.39,0.0,0.44,3.44,5.56,3.23,5.56,1.91,1.82,3.19,6.08,3.25,1.33,3.65,3.74,2.24,1.07,3.49,0.0,3.72,2.45,2.82,0.05,4.28,2.14,3.51,5.23,2.82,1.1,4.58,2.29,4.66,4.76,6.53,4.8,1.32,3.39,5.57,0.86,0.0,1.58,3.84,0.0,3.81,2.98,2.47,0.0,4.46,0.0,3.11,3.49,4.57,0.0,0.2,4.45,6.26,3.51,1.26,4.47,2.93,1.37,1.66,7.37,1.99,2.78,7.01,3.49,6.31,4.49,0.78,2.23,4.9,3.29,5.34,2.83,0.0,5.04,2.17,3.47,2.06,6.43,0.0,3.22,0.0,3.4,0.7,2.55,0.0,0.48,1.85,5.24,1.13,1.12,1.8,5.65,0.28,1.31,4.79,4.88,4.15,5.77,7.29,1.61,1.3,1.99,0.43,3.32,0.54,0.52,1.6,6.49,2.18,6.28,4.77,0.86,2.87,4.74,4.34,4.34,4.14,2.92,0.55,6.15,5.45,4.22,4.87,0.92,5.09,1.86,6.84,4.05,3.15,4.58,4.88,2.82,0.0,2.92,3.26,3.62,2.7,3.64,1.71,0.59,3.85,3.93,0.0,4.37,2.87,4.27,7.87,5.44,2.92,2.99,1.27,0.0,5.05,3.01,3.93,5.47,0.0,1.89,7.79,4.55,0.07,0.0,2.32,6.57,2.09,0.69,0.0,2.59,2.65,6.24,4.74,4.22,1.41,5.32,4.4,0.66,1.86,5.41,2.19,0.8,6.34,1.45,4.32,0.0,4.31,3.53,0.0,1.72,2.6,3.11,3.85,4.02,6.89,3.63,0.65,3.72,3.3,1.77,1.77,1.49,5.4,0.53,2.74,0.0,5.28,2.58,1.2,3.8,1.6,6.62,8.43,2.2,7.16,7.48,5.57,3.43,0.0,4.99,3.68,2.13,0.0,3.19,4.8,0.0,4.4,5.23,5.23,0.0,0.0,1.79,1.38,3.54,4.37,0.82,0.42,1.28,0.0,0.62,5.85,4.48,3.14,0.55,6.82,1.21,2.88,5.07,2.01,1.72,2.0,1.55,0.0,3.77,2.53,3.09,5.9,4.78,0.06,0.0,7.1,7.96,6.9,7.31,1.13,3.78,7.23,4.41,2.48,1.38,1.41,1.28,2.96,1.55,2.49,2.87,5.64,2.47,3.23,3.89,7.29,3.07,4.25,3.16,0.31,1.99,6.36,4.6,4.39,2.83,100.0,100.0,100.0,0.95,0.95,0.95,0.96
,,,,,,,,200.0,60.0,1744.0,0.05,0.05,10.0,0.13,1548.0,1561.0,1544.0,1530.0,1546.0,8.82,0.0,13.64,15.64,18.64,21.65,17.43,10.8,20.79,9.21,0.0,13.72,8.73,7.39,22.36,9.8,15.39,12.5,31.36,14.76,8.94,19.71,0.0,9.17,19.42,20.17,9.09,19.59,0.0,8.45,5.63,6.11,0.0,13.0,15.45,17.75,5.65,1.9,0.0,18.78,0.64,23.82,8.96,6.43,14.88,16.76,6.09,7.71,11.64,1.93,15.13,21.12,14.14,13.82,0.47,11.75,2.55,17.76,21.0,0.0,9.07,23.11,15.93,4.73,6.96,7.39,0.0,7.21,24.02,21.69,4.94,9.36,3.55,15.62,21.18,4.56,18.26,10.83,15.05,28.34,22.11,15.59,20.19,6.13,4.29,1.67,6.73,7.01,8.25,23.47,22.2,31.75,6.35,0.0,16.29,12.74,21.86,13.48,14.51,14.49,13.74,5.01,12.11,27.69,14.51,5.01,25.01,0.0,6.14,12.26,19.34,33.84,6.73,17.07,20.16,0.83,15.33,26.38,9.17,0.0,19.97,17.38,13.52,19.51,8.17,24.09,15.45,12.5,20.86,2.08,2.39,5.42,1.37,9.79,4.49,0.52,12.53,3.48,11.14,0.6,12.83,19.82,26.34,7.46,4.61,8.49,23.92,1.36,0.0,18.81,31.58,24.84,10.92,0.0,9.52,20.79,31.0,6.99,30.52,2.57,11.34,6.82,5.4,16.05,0.0,7.22,9.48,10.76,2.5,10.08,7.12,11.68,5.13,0.0,3.53,20.28,16.41,26.89,17.29,7.22,20.67,4.48,18.19,24.31,25.42,17.61,17.28,12.8,7.17,22.25,3.44,12.6,14.21,11.67,21.09,14.4,13.83,21.36,13.56,20.22,13.61,7.12,13.35,22.96,16.82,18.69,24.86,11.6,0.0,26.16,0.0,3.4,11.74,21.04,13.97,18.81,9.04,7.45,13.22,22.98,13.66,6.26,14.71,14.69,9.23,5.29,13.6,1.21,16.34,10.3,9.72,1.94,16.87,11.12,13.82,19.31,12.15,7.66,16.4,11.17,17.9,16.84,25.24,17.41,6.99,11.99,22.12,6.66,0.0,10.91,14.54,1.28,16.1,10.91,12.12,0.0,15.55,0.0,12.47,12.92,16.82,3.32,2.32,19.67,21.39,12.04,6.64,18.7,12.25,7.09,8.78,25.81,8.99,11.66,27.0,14.39,22.63,16.67,6.25,7.47,17.27,13.87,18.73,9.86,0.0,18.09,9.01,13.48,8.17,23.17,2.19,14.08,0.0,13.13,4.91,9.81,1.64,3.01,5.05,17.22,5.96,6.95,8.83,21.68,2.43,6.8,16.95,17.86,17.13,19.83,27.07,6.14,6.5,9.27,3.13,15.22,3.27,2.36,9.32,23.93,9.43,21.62,19.25,5.89,14.67,17.89,15.18,15.46,15.6,12.44,7.29,22.43,17.96,14.32,17.76,6.02,19.72,10.61,28.75,14.26,13.33,19.03,18.66,12.1,0.12,11.92,14.21,14.54,10.8,12.47,7.09,4.72,16.56,14.32,0.0,15.78,9.19,14.51,28.71,19.9,14.09,10.91,6.83,0.0,20.31,11.41,13.78,22.41,1.62,7.83,26.34,15.86,3.51,0.0,8.87,22.65,9.39,3.26,0.1,9.74,10.66,24.07,15.83,15.62,7.89,20.52,16.26,4.98,8.11,18.79,9.07,3.96,21.12,4.67,14.78,0.21,14.63,14.51,0.61,5.45,9.42,10.9,14.79,14.52,23.93,16.49,4.09,13.31,12.79,6.29,10.47,7.91,20.25,6.29,12.76,0.0,19.87,10.33,4.77,13.47,8.14,23.42,28.38,11.24,26.46,25.86,19.46,15.33,0.0,19.0,11.33,9.25,0.0,12.13,19.27,0.0,15.74,19.87,20.61,0.0,0.0,7.34,7.16,13.46,16.42,7.06,2.6,5.41,0.0,4.07,20.6,18.06,10.71,3.77,25.6,7.23,11.62,18.25,8.48,6.68,7.15,7.56,1.78,13.46,9.73,11.68,21.64,18.33,2.63,0.0,24.71,28.62,24.74,26.58,7.45,13.45,24.92,15.77,8.34,7.68,6.54,6.15,9.07,6.0,10.57,11.92,21.8,10.04,14.39,13.26,23.33,12.34,16.76,13.65,2.9,6.93,22.55,16.39,16.31,10.42,,,,,,,1.22
,,,,,,,,200.0,60.0,250.0,0.05,0.05,10.0,0.13,1567.0,1516.0,1555.0,1505.0,1556.0,22.73,0.0,37.04,33.68,44.32,47.22,39.36,25.42,48.62,25.58,2.18,29.64,24.96,20.2,52.01,26.11,39.51,40.3,71.78,37.87,17.45,48.06,1.86,21.86,50.15,44.04,26.18,44.31,8.94,18.15,19.55,25.66,0.0,32.57,34.41,41.15,19.63,8.19,0.0,44.64,6.31,55.86,26.0,15.38,40.49,41.52,20.9,16.85,31.45,9.43,39.0,48.08,29.11,33.41,5.81,32.04,15.54,40.52,44.58,3.4,24.24,52.49,43.24,14.49,17.69,17.51,0.0,17.9,54.0,48.08,19.05,23.95,4.05,37.71,48.93,12.81,40.24,23.51,34.33,60.66,52.62,43.21,48.65,15.5,16.36,11.02,23.12,21.18,20.15,49.29,52.11,71.56,17.52,0.76,36.83,32.26,59.53,33.49,35.04,36.69,37.77,20.02,25.52,57.99,28.1,14.88,52.42,0.0,19.34,26.6,47.04,72.57,20.81,34.12,44.03,2.89,38.59,58.75,21.96,0.0,41.76,38.85,33.42,44.33,16.32,52.7,38.59,31.54,46.89,7.65,12.84,18.0,11.46,27.65,13.61,2.54,29.49,7.65,30.41,5.21,33.25,47.34,61.48,19.16,16.69,22.72,47.64,11.05,0.0,43.26,66.24,56.9,28.64,0.46,21.7,43.8,65.14,21.53,65.99,12.57,31.88,20.1,7.84,36.11,0.0,21.25,26.3,28.6,4.78,24.23,22.4,29.14,12.83,0.0,13.88,50.37,39.13,60.37,42.11,22.88,47.23,19.38,35.99,53.41,53.73,34.86,41.43,33.67,21.6,47.52,10.41,35.6,32.12,27.29,49.61,34.91,33.92,49.47,33.81,42.63,33.86,19.16,34.65,51.33,35.49,43.74,53.84,25.19,1.36,57.45,3.75,10.48,30.62,52.96,28.8,46.13,27.35,22.35,39.63,56.36,33.95,21.14,31.03,34.49,23.47,11.17,28.76,12.78,30.48,23.04,25.82,12.77,43.86,28.74,30.96,51.54,28.82,26.11,36.85,24.18,39.49,39.89,57.09,40.86,19.21,30.98,49.43,21.55,0.0,31.34,38.88,12.93,39.29,19.17,32.83,3.36,36.09,0.0,32.7,29.24,41.25,14.86,5.42,49.4,48.93,30.53,14.24,44.66,29.37,19.47,26.81,60.42,22.69,30.04,63.26,31.37,50.29,37.78,15.16,24.16,44.25,32.79,39.64,24.55,7.99,40.15,29.24,34.01,25.21,50.46,14.12,35.48,0.24,30.27,18.85,24.69,13.52,13.54,14.94,41.52,18.37,20.96,23.09,53.46,14.51,21.31,34.73,39.44,41.07,47.1,65.85,15.34,15.05,25.08,8.09,37.99,14.43,12.98,14.93,56.12,24.52,45.51,44.51,24.22,34.08,43.08,33.66,37.84,40.57,31.18,20.8,51.18,45.69,38.21,43.72,16.95,49.28,23.14,62.96,36.03,32.45,43.31,41.85,35.44,5.55,30.46,31.01,31.84,29.15,33.07,21.59,17.1,38.27,32.99,0.0,36.26,19.57,35.81,61.18,46.43,35.07,26.68,19.89,0.0,49.77,26.16,33.14,52.21,14.49,24.05,55.22,37.56,12.11,0.0,24.92,39.53,29.4,10.05,7.44,19.06,29.52,53.53,38.57,35.89,24.6,45.16,41.89,17.09,22.47,44.77,21.89,17.21,50.71,14.61,38.56,4.54,34.19,32.36,11.14,13.97,24.16,23.18,34.58,27.14,58.54,44.14,11.3,36.53,29.32,15.42,27.9,21.91,46.85,21.81,29.19,0.0,41.86,25.98,14.44,30.15,28.28,50.98,60.18,26.15,56.58,54.67,41.61,38.64,1.27,48.34,26.39,26.09,0.0,27.27,46.08,0.0,34.08,45.44,49.79,0.0,0.0,22.32,20.34,28.82,33.26,21.44,10.76,12.62,3.08,9.24,47.07,43.32,31.89,16.97,58.87,19.56,28.37,35.72,20.71,23.79,18.64,19.38,17.8,33.28,19.94,27.41,45.28,47.24,9.6,0.0,50.03,65.18,56.93,58.87,22.55,28.54,58.98,40.04,23.6,21.02,10.1,17.17,20.89,17.54,25.82,29.25,47.91,25.29,33.41,31.95,51.7,28.49,42.08,32.6,9.58,23.11,47.93,34.67,44.32,26.75,,,,,,,1.26
,,,,,,,,200.0,60.0,1191.0,0.05,0.05,10.0,0.13,1522.0,1530.0,1585.0,1559.0,1581.0,43.42,0.0,62.18,64.35,75.85,84.45,68.61,39.25,77.47,46.78,12.76,61.74,53.05,44.32,88.55,40.4,75.57,66.45,115.86,71.54,30.28,82.75,15.57,32.88,83.7,84.28,51.97,75.05,27.62,34.1,45.6,42.26,9.06,44.15,59.31,66.19,37.54,17.29,0.0,71.45,33.05,86.53,46.27,22.47,69.9,66.58,47.28,31.41,62.95,28.78,78.14,88.22,55.87,51.8,27.34,50.3,33.73,67.13,78.84,12.29,42.84,91.03,75.62,37.59,36.08,26.41,11.02,46.25,93.01,81.32,41.69,43.97,10.84,65.63,77.23,29.14,68.95,45.39,61.04,101.53,84.89,68.23,71.39,27.18,41.8,33.5,47.74,41.06,33.78,82.11,85.41,116.62,34.15,14.86,63.38,55.49,99.52,69.05,57.55,75.18,65.28,37.7,40.31,99.11,43.16,30.54,87.44,10.72,54.72,51.76,79.07,122.9,45.49,58.66,68.76,10.61,69.5,103.5,36.3,3.19,81.65,61.13,62.86,69.88,42.32,87.0,54.51,67.77,75.62,19.35,36.33,45.03,28.14,54.5,38.44,10.48,46.67,19.11,52.12,20.82,60.25,86.73,93.81,35.02,44.66,35.73,72.92,24.97,0.0,69.58,98.71,92.09,44.61,13.29,34.51,69.36,112.76,45.77,99.9,26.82,57.42,37.03,22.76,64.16,13.97,37.03,50.5,56.47,14.17,40.99,30.21,43.47,30.04,7.26,34.4,81.26,70.69,100.05,70.38,46.77,84.76,32.98,53.92,91.5,83.48,64.84,70.38,61.02,37.51,81.57,28.36,67.16,56.74,44.8,80.49,54.8,60.19,77.47,55.11,68.08,59.69,41.8,66.18,90.15,63.61,67.92,94.03,46.52,4.21,92.31,9.46,22.74,55.21,89.96,53.5,78.53,53.27,49.25,72.32,93.98,58.03,43.41,53.56,67.07,42.18,15.26,58.26,37.49,52.35,35.27,53.82,32.93,76.18,37.48,58.25,79.17,50.55,49.95,65.66,43.5,60.63,61.15,97.43,60.88,29.02,53.21,71.05,35.49,3.85,62.08,72.33,34.54,59.61,35.67,54.07,17.73,67.58,3.18,65.84,52.78,63.25,29.44,12.67,83.44,77.31,45.08,31.09,66.82,55.97,40.25,54.38,97.73,35.48,44.33,110.86,53.69,73.01,55.01,24.14,42.7,80.76,59.79,64.83,46.02,15.83,66.43,65.49,62.3,48.77,87.52,30.42,56.22,14.06,43.82,37.19,46.73,20.02,22.03,30.18,77.02,32.34,45.88,34.99,92.01,30.27,49.57,61.89,66.52,68.52,82.95,96.85,38.39,42.37,46.66,18.63,63.24,30.51,30.28,27.14,85.93,49.45,71.82,79.63,54.74,53.45,74.21,52.79,66.81,72.14,68.3,34.46,90.38,83.91,66.67,76.08,38.25,76.79,39.22,107.4,48.7,59.92,72.75,71.07,64.98,16.39,55.37,68.34,58.8,52.98,64.05,45.1,30.45,64.05,57.87,0.0,67.81,39.34,59.42,94.98,83.87,62.15,49.54,41.23,0.0,90.08,56.4,54.28,80.14,37.45,48.69,96.77,61.12,27.12,9.44,48.68,73.1,53.0,32.74,24.2,32.77,61.29,83.25,65.16,60.36,51.17,76.77,65.44,33.32,50.88,72.5,36.29,42.25,89.42,33.57,69.16,6.91,71.06,38.32,22.83,28.41,37.27,47.5,51.43,41.6,102.38,76.76,29.66,70.89,52.91,18.36,57.06,40.97,70.63,47.22,57.76,2.6,72.47,46.25,36.09,51.42,48.8,79.08,106.39,53.56,89.7,89.66,70.09,64.96,9.82,82.56,47.19,57.37,4.91,47.19,81.83,5.04,55.53,74.88,89.99,19.39,1.13,49.28,42.79,52.08,46.83,40.33,25.89,35.85,16.17,22.94,80.89,83.09,55.45,28.76,89.47,41.72,52.31,62.89,47.39,42.79,38.21,34.64,37.42,60.24,31.82,48.97,73.77,84.85,22.19,8.05,87.08,100.52,93.4,92.17,38.94,50.73,107.71,74.42,54.57,38.06,11.75,37.15,47.0,32.03,45.79,50.09,81.86,33.81,64.3,57.89,91.2,53.3,68.16,62.42,20.81,45.81,78.92,55.61,73.88,52.58,,,,,,,1.2
,,,,,,,,200.0,60.0,2999.0,0.05,0.05,10.0,0.13,1505.0,1552.0,1528.0,1523.0,1561.0,72.98,10.61,87.38,87.47,110.36,111.63,96.34,43.94,101.05,57.08,30.02,83.81,77.23,61.44,120.36,64.38,99.6,86.37,157.4,99.82,56.67,94.73,39.21,52.27,115.54,98.52,80.22,100.92,56.91,55.86,55.61,56.08,35.41,55.76,93.58,92.66,66.31,27.91,1.4,102.01,51.54,110.61,60.27,48.41,106.83,82.16,62.28,53.7,90.41,39.75,98.29,120.26,80.52,67.21,47.66,64.13,50.35,99.26,109.33,29.66,66.21,120.63,99.74,56.17,69.68,36.71,28.94,63.06,113.51,109.52,56.42,76.15,31.02,96.42,97.05,38.9,102.83,67.02,86.99,132.83,102.01,98.39,89.71,31.28,72.3,51.58,66.46,66.55,44.84,123.86,111.71,137.58,50.12,17.62,87.54,52.54,125.62,73.61,94.27,97.76,75.39,54.17,59.49,131.44,74.19,44.36,114.68,34.21,77.84,84.86,119.95,146.66,50.61,83.76,95.81,25.53,98.11,124.42,54.06,23.45,116.7,81.17,91.51,79.04,76.11,113.73,66.24,100.98,92.3,35.06,63.45,63.06,47.17,89.5,54.65,19.55,68.96,39.32,77.36,45.61,86.27,106.29,136.62,58.33,59.17,57.32,101.9,33.52,6.32,97.39,130.72,112.11,60.95,32.44,55.93,99.84,139.68,78.26,126.19,39.89,89.3,47.36,29.7,89.78,26.6,55.48,76.6,77.86,27.58,77.06,41.07,49.34,45.55,47.09,57.91,106.71,101.1,131.46,95.18,71.62,115.24,48.67,81.83,123.32,106.86,91.52,102.33,86.93,48.88,118.33,32.31,82.99,77.87,48.82,108.06,70.63,93.75,84.64,82.35,87.65,83.58,54.94,83.11,126.94,84.58,89.23,116.24,63.76,11.17,114.68,19.97,45.79,76.0,106.36,85.16,107.01,79.55,77.19,99.08,119.51,80.71,65.62,59.25,87.41,55.39,28.81,92.76,55.65,64.06,55.69,73.82,54.98,100.73,49.67,87.9,91.45,50.83,81.33,95.46,83.85,91.33,75.11,109.44,72.16,51.04,75.38,90.68,46.83,16.59,90.96,99.16,55.11,90.98,53.45,74.22,35.7,94.11,20.84,82.23,66.73,96.83,53.43,34.21,111.12,90.95,71.07,42.08,73.79,86.83,37.82,73.8,129.55,48.16,60.67,132.01,81.52,101.16,84.12,39.91,62.74,104.65,70.05,89.08,60.2,38.3,74.21,82.5,72.35,67.47,120.21,50.13,74.46,39.71,58.87,52.47,75.16,29.38,51.24,50.83,95.44,54.73,63.39,50.45,120.31,46.93,75.38,84.08,78.03,95.14,113.9,124.23,64.24,56.94,62.96,37.37,88.39,41.68,59.33,36.6,101.77,67.23,86.73,103.02,82.31,60.91,78.12,65.64,80.42,104.84,86.88,42.01,123.0,106.67,80.39,90.53,51.27,92.03,58.02,133.67,65.23,80.63,80.85,101.85,82.74,30.16,85.11,82.98,95.29,98.27,96.17,55.34,40.68,84.38,83.25,5.04,79.44,56.66,79.1,125.16,120.41,86.4,70.25,45.98,0.0,110.87,75.71,74.57,103.11,51.54,72.36,130.09,78.47,45.48,40.38,67.73,110.46,73.22,53.61,31.71,43.48,70.46,101.69,87.92,77.11,81.02,102.5,73.22,53.44,72.84,98.67,44.32,67.36,111.49,47.71,99.72,7.21,101.88,44.77,21.9,47.69,46.24,54.36,71.39,65.38,136.57,99.41,44.44,98.23,66.28,32.48,68.72,60.23,110.33,68.02,74.02,15.04,81.87,65.03,49.97,65.09,62.62,103.94,142.36,70.78,112.96,114.9,103.33,102.26,18.57,107.89,73.46,86.45,25.86,73.9,94.79,26.55,70.88,104.86,124.85,27.8,6.56,53.77,66.46,72.38,56.93,45.95,24.89,55.25,36.13,38.66,101.74,101.84,72.95,47.61,108.22,59.86,72.86,86.33,52.05,50.34,71.87,46.28,48.63,77.81,37.14,71.17,87.91,116.45,43.52,26.75,113.93,111.73,111.41,110.24,52.15,60.58,139.03,94.47,64.04,37.12,29.62,54.18,74.92,43.99,55.73,69.2,112.76,66.79,88.46,71.42,129.52,66.99,88.91,97.29,27.31,55.72,89.88,67.39,91.27,72.76,,,,,,,1.12
,,,,,,,,,,,,,,,1554.0,1541.0,1536.0,1527.0,1590.0,77.02,22.51,83.19,86.75,122.13,109.84,105.31,47.6,103.97,53.36,43.15,97.71,76.3,72.07,138.29,77.83,103.72,89.78,169.03,111.16,79.34,78.9,46.31,69.85,110.21,88.44,98.59,94.6,63.9,58.57,59.37,70.66,61.04,66.78,93.47,92.0,76.55,46.75,18.33,113.83,59.18,109.05,63.59,56.79,121.08,82.73,59.5,62.41,98.67,48.05,99.11,123.38,86.34,76.35,62.11,66.2,52.18,103.8,107.07,48.7,80.21,114.74,106.69,70.36,81.0,59.24,52.04,84.64,124.08,110.35,50.85,92.13,37.25,112.62,98.29,53.6,97.71,75.42,75.86,137.82,108.31,103.14,83.78,27.45,79.89,63.95,63.06,54.75,63.67,104.27,120.52,133.55,68.18,26.18,83.62,53.03,106.99,64.44,117.63,96.87,86.41,62.27,66.05,124.0,82.43,65.21,110.36,59.8,60.77,96.04,113.33,133.35,66.55,86.86,97.39,53.44,105.97,113.83,57.46,30.79,117.12,94.07,100.7,85.4,89.02,122.76,68.21,93.63,84.91,39.9,63.6,76.84,56.35,102.04,63.41,32.61,80.54,58.08,83.82,54.54,95.25,114.68,154.45,62.01,50.13,81.57,99.65,45.73,24.75,103.47,118.36,117.97,71.6,46.75,51.73,108.67,118.28,89.85,134.67,58.77,88.16,51.22,42.94,96.91,43.63,63.34,87.39,76.55,41.49,85.33,47.31,69.45,56.67,57.99,63.54,111.17,99.2,129.34,110.93,76.62,123.65,55.53,95.51,131.36,95.92,103.22,102.58,102.1,57.34,106.83,42.14,89.54,92.88,65.34,113.46,76.2,89.53,82.83,90.59,88.98,97.15,68.24,73.31,114.41,97.77,96.77,113.83,67.04,21.46,118.56,21.7,49.96,74.51,99.73,93.61,103.59,93.86,88.41,93.93,120.82,77.22,71.1,59.52,90.59,75.61,24.56,80.73,65.64,55.83,59.37,79.28,64.52,90.31,43.82,84.44,103.07,53.85,83.2,98.73,93.4,97.08,81.21,111.61,72.92,56.79,69.41,95.6,57.5,29.98,101.37,106.73,56.18,96.33,43.5,75.92,43.04,77.66,29.76,92.02,72.37,109.46,69.23,44.71,109.8,97.2,88.67,74.79,73.53,91.53,30.54,85.28,136.41,43.0,78.68,127.55,82.14,103.18,94.48,61.48,81.23,107.2,69.7,88.38,76.72,41.14,76.93,88.65,72.21,89.67,124.97,75.7,84.57,49.19,68.58,61.72,78.54,42.41,65.28,57.22,97.54,77.84,69.52,71.25,111.19,58.05,88.12,104.2,69.92,105.13,104.08,109.71,83.63,56.8,68.68,54.45,81.44,61.97,74.25,40.73,104.09,78.01,91.09,91.79,95.2,72.12,69.1,57.78,91.02,97.8,95.48,55.52,125.72,101.95,89.16,90.6,56.45,81.96,75.95,127.45,66.13,97.78,75.97,121.95,84.29,40.85,85.32,72.2,95.12,92.88,88.96,70.49,51.05,82.49,71.67,13.76,70.98,54.66,89.02,125.04,119.63,90.84,70.63,67.97,0.01,99.43,85.23,77.29,106.07,57.68,83.16,127.46,81.3,56.18,60.41,78.75,108.46,74.92,73.51,36.99,72.92,64.49,114.23,95.06,76.75,100.99,99.56,82.28,61.99,79.67,106.76,54.1,77.4,103.49,56.39,84.1,26.27,90.21,60.52,34.9,47.85,51.62,65.75,78.78,72.63,127.96,80.83,49.1,100.6,75.9,46.99,78.28,70.27,135.96,74.22,79.54,10.71,73.76,79.46,74.66,71.35,70.97,117.44,149.8,80.7,108.03,116.07,117.9,104.49,16.74,107.31,79.88,88.48,34.01,79.22,108.74,45.98,66.11,105.52,121.96,31.14,16.79,61.47,63.9,70.03,67.38,50.61,32.29,56.07,32.02,35.32,95.52,98.25,83.32,72.68,127.7,76.17,81.96,95.98,49.2,52.28,84.61,59.37,50.98,82.48,54.44,73.51,93.53,104.09,52.03,38.59,111.06,98.63,100.57,100.73,50.2,72.52,128.77,95.35,72.25,49.97,35.96,60.53,88.83,71.73,45.06,81.12,115.57,75.75,86.12,80.44,129.2,67.7,90.78,96.28,44.65,65.3,83.99,61.36,79.82,90.4,,,,,,,0.8
,,,,,,,,,,,,,,,,,,,,79.73,29.54,96.45,98.95,130.46,123.54,94.42,58.29,98.05,61.09,71.77,106.89,70.41,81.07,153.97,95.73,122.61,96.16,173.59,101.61,97.67,85.05,66.65,90.95,94.8,87.9,112.8,101.37,66.63,70.27,72.18,85.55,79.6,88.6,85.9,79.7,87.57,55.17,30.09,119.46,81.88,122.99,74.26,56.72,133.47,78.21,76.32,90.01,104.14,58.85,110.38,138.07,104.76,67.36,78.73,89.06,58.56,110.36,113.62,76.49,99.83,120.54,106.23,71.09,75.19,61.19,74.33,95.7,148.66,102.47,48.36,111.0,40.36,118.83,107.49,66.24,105.31,84.25,95.56,152.15,103.96,111.14,87.0,31.35,107.51,57.89,82.76,78.89,82.73,111.19,127.57,137.77,69.22,41.29,86.65,69.25,104.08,66.6,115.91,103.75,78.99,59.66,80.73,129.67,76.24,104.72,111.99,62.94,65.7,103.59,115.21,128.19,73.97,94.27,111.16,59.78,99.91,118.17,75.38,45.56,112.67,101.72,110.22,93.44,94.69,126.0,87.1,96.37,83.61,50.42,60.24,84.12,64.18,116.42,66.53,47.09,93.03,83.65,93.73,57.31,117.34,121.84,157.53,83.96,46.73,90.45,107.89,51.72,46.78,98.38,122.23,114.1,92.9,62.26,62.48,115.06,110.19,93.0,143.23,92.57,100.87,69.72,48.08,108.47,53.06,68.76,90.89,99.74,48.83,95.96,47.32,85.98,51.31,56.63,72.87,109.25,93.58,121.41,96.34,79.1,133.26,72.97,99.48,133.72,84.61,107.89,101.42,101.06,60.29,117.61,38.29,93.07,93.88,64.52,125.24,83.89,107.06,90.54,102.95,105.93,94.83,64.17,64.59,122.83,113.68,101.08,126.28,77.94,18.55,124.21,43.61,65.56,91.19,116.65,95.87,107.45,114.15,100.32,95.93,129.34,81.98,74.28,76.02,99.64,107.15,38.94,84.26,69.97,60.39,62.14,85.8,69.11,91.45,52.42,89.09,110.25,76.81,97.2,101.33,107.66,97.26,90.45,117.67,81.89,70.43,67.39,102.57,75.48,41.61,106.27,100.97,85.89,105.89,72.9,83.77,58.21,86.97,47.75,106.93,79.93,104.37,107.33,61.6,112.67,88.98,112.42,83.26,76.0,85.4,38.64,99.41,124.47,50.48,91.76,137.66,95.52,119.94,84.46,92.83,95.93,116.19,78.84,95.39,87.47,61.78,91.1,87.21,71.44,95.95,130.45,82.18,95.15,46.08,66.47,90.51,99.94,58.58,74.25,70.51,94.04,90.65,61.2,90.09,104.86,60.67,104.15,91.78,78.47,114.51,90.86,104.99,86.24,73.61,86.31,74.88,67.92,69.3,91.65,38.43,128.94,83.92,97.25,103.41,106.68,82.52,80.63,68.39,107.12,104.43,99.84,53.79,130.99,95.69,95.72,98.02,70.46,98.35,97.43,115.58,65.7,104.4,89.61,144.21,86.05,43.29,83.94,67.68,105.82,102.25,96.3,86.6,72.28,95.34,70.6,22.69,76.84,53.37,83.44,129.16,122.49,95.54,94.38,85.19,14.81,116.58,73.23,92.24,108.83,61.99,89.16,138.6,73.59,72.89,71.42,78.33,117.76,78.94,78.8,40.39,87.62,76.13,132.32,83.59,74.27,109.17,97.03,101.56,83.45,91.23,102.65,68.69,89.72,105.87,74.13,98.41,55.14,100.09,80.37,29.83,58.31,47.58,75.78,78.7,68.64,132.13,97.61,47.04,104.03,60.58,65.36,79.16,92.73,136.6,82.31,96.68,27.12,74.73,104.09,85.81,69.4,96.2,127.82,146.79,86.03,106.14,119.34,133.37,116.29,27.88,108.23,102.42,92.71,49.76,88.32,111.81,68.28,79.61,100.05,96.11,42.63,31.54,77.09,79.36,78.12,78.1,64.81,45.61,75.6,42.11,43.42,96.22,106.77,92.34,94.8,132.78,79.19,71.45,104.03,66.13,79.24,80.3,78.93,47.84,97.51,57.5,88.42,96.78,102.39,81.02,52.27,117.94,118.92,113.96,97.91,59.28,94.55,144.69,88.75,93.09,75.19,47.07,63.8,86.67,71.55,46.83,89.25,123.91,97.08,93.75,83.11,131.52,77.9,98.64,108.12,54.14,78.11,71.58,67.89,87.15,89.32,,,,,,,0.74
,,,,,,,,,,,,,,,,,,,,74.88,34.16,83.06,101.94,117.81,121.21,98.34,52.97,82.69,88.85,74.81,104.38,67.21,83.41,146.14,96.67,115.62,90.3,138.16,85.97,94.0,93.16,77.52,88.11,93.5,104.63,107.26,89.97,74.24,67.48,77.5,82.89,78.4,97.48,87.59,81.63,81.75,53.1,56.03,107.23,83.45,109.53,94.09,63.03,117.95,77.83,79.19,95.18,99.39,74.5,114.2,125.07,109.89,54.27,87.14,91.04,88.85,102.6,110.39,71.66,97.42,105.79,87.96,73.4,66.61,86.98,67.35,108.71,137.93,75.61,41.82,119.75,43.76,111.85,95.51,67.89,89.12,76.09,107.27,140.05,87.68,115.94,90.23,44.18,111.58,60.22,92.05,88.6,82.92,112.25,121.73,122.42,65.57,38.73,100.07,80.94,90.6,80.72,102.91,84.36,81.0,50.77,81.44,118.0,80.62,108.22,108.62,54.47,83.11,97.71,112.33,126.58,69.41,78.97,106.42,71.58,92.39,108.49,75.94,42.48,107.01,80.13,117.93,98.8,95.41,119.74,99.31,104.26,86.07,47.65,76.08,86.87,81.12,129.17,68.36,65.39,94.31,84.1,102.85,48.55,108.36,115.76,141.03,93.56,59.91,71.65,119.38,59.92,45.12,92.28,115.45,117.22,97.23,73.12,75.59,113.02,109.08,92.8,133.59,102.78,107.25,90.67,64.9,89.51,60.16,63.27,85.12,92.26,38.28,94.11,58.83,86.72,45.13,49.19,72.48,100.9,99.86,115.13,83.33,82.92,119.42,79.37,82.81,128.26,88.16,127.44,102.87,94.81,64.55,118.82,33.36,103.63,89.88,50.98,116.73,79.27,95.84,108.71,91.99,121.66,87.23,60.14,53.36,103.52,102.4,94.93,105.13,77.82,28.62,125.98,57.98,65.45,102.53,118.63,96.5,100.91,127.03,119.79,103.11,121.56,80.85,68.79,90.4,102.82,120.94,54.22,73.45,53.62,54.14,73.69,94.49,88.21,101.77,61.29,96.41,97.17,72.08,89.36,92.34,117.66,91.54,97.94,101.86,85.47,65.27,63.05,108.46,72.39,43.97,96.45,100.86,89.19,84.46,87.41,81.17,69.8,88.45,52.61,108.81,76.13,103.06,108.35,80.93,87.22,109.76,129.04,77.49,95.52,76.35,54.91,95.95,114.66,72.17,97.71,140.27,87.95,122.32,94.33,96.12,104.0,118.66,73.32,82.84,104.89,68.89,94.33,94.26,80.42,89.65,123.69,80.21,115.49,64.55,74.59,87.31,93.3,77.45,59.04,77.25,91.85,90.6,69.6,92.17,95.13,67.62,80.4,85.39,68.15,98.02,72.05,96.68,90.35,72.98,81.31,76.32,75.05,84.12,92.8,41.06,117.18,88.36,84.2,91.04,94.36,82.89,83.42,70.49,101.98,111.72,110.42,44.52,125.16,86.09,75.5,98.16,73.38,86.87,88.09,105.46,89.09,108.12,105.45,135.38,89.65,70.18,90.16,66.67,100.1,101.56,98.24,96.02,89.71,87.91,64.5,46.2,78.59,53.49,70.7,119.25,123.34,103.39,81.74,89.39,39.74,108.35,72.09,91.09,116.24,63.83,107.52,131.49,66.92,65.4,68.51,77.66,121.81,79.71,80.41,49.2,97.82,69.23,128.42,85.45,79.3,91.66,103.84,122.74,86.02,90.99,82.92,74.0,88.96,109.19,92.34,88.27,60.17,90.3,88.39,50.65,60.29,46.16,77.68,72.72,88.92,116.25,88.12,52.54,96.65,58.71,76.29,79.05,91.29,130.27,75.1,93.06,28.74,86.51,103.42,67.91,80.69,88.75,118.24,133.58,85.23,98.93,102.84,133.9,117.23,27.82,99.68,100.37,89.1,53.74,103.21,115.42,47.25,68.1,106.82,80.16,54.4,55.45,82.58,92.66,77.51,96.43,83.01,38.58,66.79,30.63,36.61,100.18,98.03,92.86,102.73,135.87,86.79,96.81,98.44,77.57,72.14,78.2,88.64,50.99,93.45,62.11,81.77,105.97,104.49,77.43,52.56,115.65,118.37,115.95,88.86,47.19,104.87,154.31,86.96,96.96,86.94,54.48,57.62,79.43,66.35,63.33,77.4,128.17,107.87,97.6,74.58,130.65,77.51,97.57,111.38,74.2,70.57,78.3,64.58,94.3,85.35,,,,,,,0.76
,,,,,,,,,,,,,,,,,,,,58.83,43.25,54.15,79.54,100.52,96.79,83.8,46.98,69.25,84.57,80.58,100.58,72.01,69.03,126.42,82.7,88.58,82.77,101.22,91.39,60.84,78.22,52.63,71.78,86.93,88.7,104.37,80.9,55.12,62.0,63.76,70.5,74.8,65.78,71.58,73.57,60.87,47.05,52.12,70.98,66.28,77.69,62.36,50.52,92.28,83.74,69.34,92.75,83.27,64.45,97.01,86.32,91.02,51.99,71.7,72.4,70.14,74.41,92.48,60.91,75.11,74.47,72.47,59.65,66.31,75.03,63.53,92.3,108.01,71.53,50.36,95.99,38.99,75.5,69.4,57.12,62.25,54.48,83.48,103.25,64.06,90.88,76.69,49.28,85.34,54.67,58.23,71.16,68.31,93.22,82.85,109.57,56.17,46.61,86.68,81.3,79.88,61.51,78.42,79.23,78.34,50.38,77.99,88.38,63.09,77.62,86.37,40.22,72.84,83.09,86.9,94.8,67.37,69.42,96.38,66.52,88.07,89.67,70.84,38.1,86.03,56.23,93.86,92.5,72.7,92.46,84.79,72.08,74.7,48.2,60.89,69.78,53.31,92.29,65.4,60.98,81.31,57.16,95.46,64.5,79.6,104.02,101.46,87.1,46.65,62.35,101.53,44.73,52.98,73.61,92.95,86.59,84.41,65.75,70.67,89.17,76.99,94.24,99.88,84.25,86.76,81.62,62.54,64.28,51.39,45.5,70.54,81.33,32.65,65.52,58.83,79.11,31.97,43.7,60.67,81.72,85.53,92.5,66.28,69.36,99.33,57.98,59.24,79.78,75.6,114.92,96.09,83.73,56.79,91.71,28.86,104.1,60.24,50.95,88.8,58.3,71.45,87.19,68.74,100.73,67.5,58.99,53.37,75.76,75.07,70.98,93.25,75.34,36.95,105.65,49.31,59.64,83.9,82.59,81.25,84.66,108.41,109.1,80.21,95.19,61.23,68.04,88.7,86.93,101.09,63.01,78.47,54.45,46.2,57.15,82.71,81.91,71.96,59.31,82.87,75.24,66.14,74.64,81.29,85.39,65.73,88.61,71.3,64.5,53.79,68.12,90.56,75.52,43.23,76.83,95.66,73.24,65.75,64.74,70.97,61.56,75.01,41.11,79.51,65.6,75.65,92.89,68.71,81.55,93.8,109.5,74.03,63.9,61.51,50.11,74.97,80.34,47.49,96.08,111.93,69.76,90.92,82.97,79.71,89.94,87.06,61.71,59.71,79.62,65.4,81.33,73.12,77.24,62.83,89.65,65.84,97.15,68.03,74.13,80.29,70.14,67.37,36.93,63.22,78.91,75.83,51.22,69.37,75.29,54.25,64.94,64.86,62.37,91.19,58.88,69.92,69.35,58.5,69.22,58.2,66.05,56.59,75.34,46.93,86.23,73.03,76.88,67.05,82.91,58.97,67.89,60.52,75.42,90.75,91.09,33.71,97.74,59.73,69.34,73.92,58.34,78.51,80.83,83.02,82.32,96.04,90.57,106.74,73.9,61.9,78.57,57.33,91.18,83.67,86.08,85.1,83.18,58.14,66.7,51.91,60.11,47.26,60.4,104.77,83.43,80.35,71.39,79.91,38.08,93.9,62.25,65.79,87.53,64.77,92.57,110.64,65.91,60.74,61.73,56.81,97.62,75.83,57.84,41.16,87.23,58.31,96.06,88.57,71.12,71.58,83.37,106.59,70.58,76.61,55.58,64.03,90.76,87.5,71.22,62.79,61.68,79.87,73.67,45.32,46.33,45.19,70.09,69.87,75.36,82.21,71.83,53.01,72.9,47.84,48.61,74.49,77.64,97.98,63.61,75.7,26.14,80.64,91.48,57.24,69.96,67.52,80.72,103.12,64.16,67.69,80.61,111.38,89.97,34.49,74.1,75.04,71.8,44.87,75.4,77.23,45.73,57.29,97.93,80.01,46.79,43.5,66.46,77.21,75.3,93.91,75.99,47.65,53.62,41.37,41.3,78.24,90.4,92.31,92.36,108.81,70.78,77.54,79.22,70.2,58.23,76.57,80.65,51.2,73.39,48.89,76.49,86.39,80.8,57.46,47.02,90.82,89.92,85.29,63.79,54.78,99.89,109.49,81.94,76.24,60.05,59.95,45.04,64.72,59.39,68.02,68.96,115.28,94.0,92.17,63.9,102.96,55.69,88.71,87.35,68.71,55.02,78.22,58.78,89.73,71.99,,,,,,,0.9
,,,,,,,,,,,,,,,,,,,,36.21,37.26,37.84,51.44,61.5,58.73,43.57,25.86,38.67,50.15,38.87,61.79,44.2,34.98,66.24,46.27,54.71,49.64,60.08,60.48,37.35,38.91,25.33,45.7,51.7,52.99,62.23,42.66,24.66,35.1,41.41,55.67,49.98,41.08,49.92,41.72,43.71,29.19,31.25,44.93,34.16,40.92,41.5,31.89,57.96,49.78,42.97,52.06,49.34,42.83,59.73,52.56,50.8,34.89,44.27,40.41,35.23,47.35,56.63,32.48,44.62,36.47,46.17,35.72,42.21,39.53,44.57,57.31,64.36,40.46,36.82,49.79,25.99,46.86,33.2,38.6,36.78,31.86,44.66,57.57,41.76,40.16,44.21,25.49,54.27,30.07,38.97,45.85,40.37,51.59,57.71,62.55,37.32,33.05,57.1,53.25,50.37,36.3,48.23,46.7,52.58,34.35,51.19,48.66,40.95,38.98,54.19,23.79,36.53,51.09,46.72,45.37,46.62,42.84,47.55,43.08,59.47,47.49,47.51,28.61,39.59,40.02,49.79,61.95,42.83,52.71,55.62,38.94,39.7,28.77,31.3,46.55,32.14,55.14,40.17,37.0,43.43,32.04,51.95,41.7,44.91,60.34,57.76,53.48,28.59,39.36,59.07,34.07,38.18,43.88,52.37,56.09,49.28,35.79,48.81,45.7,51.47,48.73,53.32,49.02,45.37,52.76,40.19,38.32,32.64,26.42,42.53,47.53,25.26,43.05,24.33,42.23,26.2,33.01,36.96,47.74,42.98,49.2,34.34,45.16,60.76,29.75,42.29,36.45,49.89,66.39,60.67,46.74,31.72,53.21,19.04,60.19,37.15,32.39,44.27,37.67,44.04,48.57,41.53,56.16,35.14,44.32,37.01,44.59,42.4,42.47,60.65,46.92,26.82,63.87,30.45,42.14,46.93,41.53,53.26,49.21,66.53,62.78,48.72,39.9,36.62,38.58,45.66,59.6,45.77,37.89,52.82,25.99,44.36,31.75,54.28,49.47,43.61,27.97,48.57,36.59,42.01,42.76,47.72,51.86,39.73,51.0,33.81,35.9,32.29,39.52,56.02,45.67,34.45,47.72,59.82,43.0,38.69,38.99,42.38,43.81,44.39,22.66,48.84,38.07,53.13,50.01,43.42,53.48,62.68,64.76,49.6,44.61,38.09,30.16,42.91,44.87,33.25,59.59,61.07,36.8,53.22,49.63,50.07,51.88,45.6,37.09,39.61,43.53,40.76,41.63,37.62,47.41,33.19,63.03,48.59,60.16,48.16,44.52,46.31,42.7,38.81,23.84,38.16,51.08,41.01,35.51,45.06,43.77,28.09,43.38,40.02,37.0,57.03,33.11,38.95,40.6,34.0,46.19,36.1,46.1,42.58,45.86,29.43,54.19,46.21,38.1,41.06,48.18,27.08,40.99,42.18,44.57,47.84,57.28,17.32,59.6,37.77,49.81,39.0,38.92,47.92,45.13,46.97,42.09,59.18,50.01,61.31,44.78,37.65,47.18,34.59,50.45,47.68,52.61,49.3,52.21,35.5,39.86,39.32,41.78,30.08,37.43,53.04,51.16,48.85,36.3,49.75,29.06,57.13,25.19,37.78,51.13,46.05,50.28,63.11,42.48,42.48,31.04,32.4,66.11,46.35,38.49,31.95,38.63,34.5,51.64,55.93,48.51,44.01,42.72,61.61,47.66,50.99,34.66,41.94,61.86,43.47,45.71,37.44,43.41,52.81,46.23,36.19,36.0,35.53,43.72,38.95,47.7,46.09,47.35,25.53,43.0,19.16,34.93,44.37,45.82,57.98,40.3,52.79,26.08,49.01,44.42,42.99,45.18,44.99,51.7,67.13,40.69,37.31,40.83,62.91,58.94,23.33,43.38,45.67,42.52,27.38,44.5,49.54,32.3,31.49,50.17,53.98,37.45,24.84,37.1,46.99,48.76,53.97,47.91,27.42,35.47,33.12,26.6,47.24,62.87,60.68,55.63,56.16,43.35,44.08,42.09,44.66,33.48,41.41,53.82,29.22,43.23,27.81,52.82,49.37,45.78,42.08,34.23,49.07,56.73,48.64,41.85,35.31,62.72,61.22,45.04,49.77,27.74,38.78,30.57,44.68,39.58,41.62,41.63,65.48,51.67,58.93,37.84,58.6,31.58,54.12,60.65,32.86,30.49,50.89,37.4,49.71,44.52,,,,,,,1.02
,,,,,,,,,,,,,,,,,,,,10.87,12.87,12.45,17.2,19.86,21.04,14.09,7.42,11.97,16.88,11.93,20.08,14.0,11.41,20.64,12.83,16.25,17.54,19.2,17.81,11.37,10.48,7.33,13.42,16.0,16.35,20.07,13.2,7.27,13.3,13.28,18.0,14.43,15.46,15.75,15.82,15.18,8.82,10.07,14.21,11.24,12.05,14.81,11.64,20.59,18.09,13.14,15.01,16.59,15.69,22.08,16.51,16.02,11.15,14.33,14.75,13.77,15.73,19.39,10.53,13.85,13.36,15.28,13.45,14.21,12.37,15.34,19.41,17.34,14.02,11.51,16.83,11.05,13.19,9.14,12.55,11.12,14.81,15.03,15.35,13.89,13.43,15.05,8.97,18.28,10.41,13.01,15.42,14.08,19.0,18.59,20.93,15.74,10.51,17.84,15.23,15.66,13.07,14.61,15.35,19.63,10.97,14.47,15.92,13.31,12.04,17.16,7.01,13.28,16.37,17.24,15.03,15.79,14.23,14.07,15.15,18.99,14.44,16.37,10.07,10.49,13.02,14.6,19.18,13.88,20.24,19.12,14.93,14.16,12.37,11.13,15.56,10.02,18.94,14.9,14.66,15.04,10.96,13.91,14.16,13.43,17.32,19.18,18.07,9.46,14.34,19.5,11.38,13.08,14.78,18.21,18.43,13.64,11.95,13.41,12.37,17.5,14.7,16.42,15.03,14.97,17.24,16.0,11.83,10.86,10.4,14.83,15.58,11.04,15.89,8.66,12.33,12.04,9.26,13.74,17.74,12.89,15.88,11.04,17.53,20.48,8.06,12.97,11.69,17.03,20.36,17.1,17.26,7.06,20.61,9.82,18.21,10.86,12.45,13.57,14.55,12.84,14.8,13.51,17.96,11.78,14.17,13.29,15.17,14.22,13.0,20.23,16.62,8.72,21.68,12.56,13.27,13.64,13.4,19.78,14.58,18.49,19.42,15.91,12.84,12.67,11.87,13.12,19.08,16.34,12.54,16.54,9.12,13.61,8.7,17.78,16.38,13.76,8.17,15.97,8.04,13.95,15.61,16.26,18.3,14.01,15.54,10.59,11.66,11.7,13.48,19.26,15.07,11.18,18.54,20.65,11.59,15.46,12.12,14.94,14.39,13.61,5.75,14.97,11.81,17.61,18.06,12.4,19.61,18.67,20.53,17.0,15.79,13.68,8.22,12.92,19.15,12.42,19.08,21.25,12.21,16.88,15.34,15.88,15.73,13.36,8.43,15.88,13.98,12.67,13.3,13.42,17.93,11.64,19.26,16.77,19.88,16.39,11.18,15.86,14.31,11.23,9.28,12.91,17.38,13.72,10.6,14.36,15.19,8.23,14.21,14.41,12.17,17.77,10.15,15.58,15.0,12.2,15.34,16.49,17.43,15.58,14.26,11.79,18.63,15.61,12.81,12.91,16.12,8.4,15.59,13.61,14.33,15.34,18.53,5.36,19.92,12.92,14.2,13.21,14.27,14.07,13.2,17.19,16.36,19.06,17.31,20.27,13.22,14.89,15.83,14.01,18.76,17.95,16.26,18.95,14.41,15.0,13.3,10.86,15.7,10.02,13.2,16.77,17.04,15.11,11.5,14.55,8.85,17.78,9.11,13.14,16.72,14.02,17.42,21.13,14.92,12.28,8.88,11.68,22.05,15.73,12.85,11.55,14.3,12.21,19.42,17.17,14.71,13.35,15.66,20.3,14.74,14.37,8.95,15.77,20.82,12.35,15.5,14.17,13.8,18.44,14.71,12.54,13.76,13.51,13.73,12.42,17.5,17.3,15.2,9.02,13.85,9.18,12.31,16.64,15.5,20.29,12.69,14.73,10.02,17.67,14.08,14.22,14.01,15.84,18.69,19.57,14.33,13.31,13.38,21.86,18.28,7.8,16.27,14.37,13.22,9.43,14.68,16.36,12.23,9.35,18.71,18.45,15.31,9.7,9.58,16.64,17.37,18.42,15.73,8.83,12.53,9.72,11.32,15.06,18.56,22.35,18.21,17.96,13.75,13.39,13.3,17.28,10.23,13.85,14.21,12.0,15.21,9.61,17.23,14.98,15.49,15.87,12.39,15.35,18.05,13.85,15.15,9.64,20.98,18.42,17.0,14.69,10.41,12.79,11.14,13.79,16.65,15.51,16.19,21.17,14.51,19.45,14.47,18.67,10.37,17.68,18.29,13.49,12.85,16.64,13.62,16.79,17.34,,,,,,,1.08
,,,,,,,,,,,,,,,,,,,,4.49,5.22,4.84,7.71,7.55,8.15,4.47,3.81,5.83,6.53,3.34,8.39,6.07,4.45,8.25,5.63,6.16,6.3,6.9,7.2,4.19,4.86,3.05,6.32,6.48,5.78,8.53,6.17,3.45,3.64,5.78,7.04,6.1,7.3,7.07,6.59,6.48,4.43,4.08,5.47,3.94,4.89,5.97,5.75,7.61,7.45,5.33,5.08,5.78,6.83,8.92,5.4,5.79,4.49,6.7,5.7,5.54,5.6,8.16,4.21,5.34,5.13,5.74,7.11,5.0,4.94,6.55,7.58,6.54,5.72,4.95,7.01,3.66,4.51,4.46,6.16,5.71,6.74,5.57,5.98,5.22,5.22,5.49,4.0,6.58,4.87,5.09,5.1,5.83,7.11,5.9,7.79,6.62,4.9,7.07,4.63,5.41,5.44,5.68,5.91,7.1,5.11,5.13,6.07,5.38,4.64,5.03,3.77,5.51,6.24,7.95,5.74,5.72,5.79,4.54,6.64,8.21,4.73,6.26,5.3,3.87,5.48,5.61,6.83,4.76,8.0,7.59,6.19,4.79,4.9,4.87,5.41,5.4,6.25,6.61,6.33,6.51,6.05,5.0,6.1,5.73,6.54,7.49,6.4,4.56,5.12,7.79,4.7,4.78,6.66,7.93,6.63,5.89,4.55,6.87,4.53,5.8,6.59,6.62,5.64,6.14,7.8,7.06,4.72,4.87,3.9,6.23,6.4,4.77,6.09,3.97,5.81,4.79,3.63,5.06,7.06,6.92,5.81,5.17,6.96,7.59,3.35,4.93,5.6,6.84,7.59,7.47,6.08,3.17,7.99,4.11,6.63,5.92,3.53,4.3,7.35,5.79,6.88,4.81,7.33,4.96,5.3,6.83,5.73,6.15,5.42,6.44,6.71,3.88,8.24,5.48,5.09,5.61,5.1,7.62,5.52,6.85,6.61,7.06,4.05,5.36,5.3,5.58,7.56,6.55,5.04,6.93,4.0,5.75,3.98,7.49,6.04,6.44,3.85,5.61,3.47,5.98,6.0,7.21,7.68,6.16,5.63,3.85,4.13,5.81,4.63,6.53,6.83,4.79,8.16,7.22,4.38,5.77,4.94,5.87,5.88,5.57,2.24,5.99,4.23,6.66,6.41,5.56,8.34,8.03,6.92,6.57,5.9,5.55,2.57,5.39,7.93,4.56,7.58,8.25,5.09,7.32,6.45,7.12,7.2,5.06,3.05,6.6,4.15,4.47,5.48,5.55,6.45,5.2,6.86,6.86,6.84,6.57,4.24,7.39,5.5,4.72,4.61,5.4,7.48,5.21,3.76,5.58,6.56,4.04,5.32,5.21,6.08,7.24,3.73,6.76,7.38,3.98,6.15,6.84,7.2,6.26,5.16,5.06,7.15,6.24,6.58,4.05,5.77,4.48,6.16,5.93,6.33,5.69,6.38,3.27,7.07,5.2,4.7,5.12,5.42,5.33,4.91,7.69,6.08,7.25,5.63,7.75,5.65,6.76,7.35,5.7,7.19,7.49,7.2,7.26,6.79,6.85,5.94,4.5,6.93,4.72,5.03,6.64,6.15,6.54,4.89,6.05,4.11,6.64,5.42,6.16,4.76,5.62,6.84,8.23,5.91,5.71,3.3,4.35,8.86,6.44,5.98,5.09,6.23,3.57,7.35,6.53,6.13,5.54,6.44,8.45,4.88,5.48,3.73,5.72,7.3,5.66,6.02,5.31,5.79,6.71,5.25,4.08,5.26,6.7,5.34,4.74,6.35,6.17,6.43,3.67,5.18,3.44,4.49,7.58,5.56,6.82,5.7,5.42,5.32,5.87,5.86,5.4,5.57,6.36,7.26,7.07,6.35,4.84,6.69,6.86,6.37,3.38,6.4,5.55,5.1,3.7,5.31,6.39,4.55,5.5,7.19,7.37,6.64,4.65,4.83,6.59,6.56,6.35,6.09,4.54,5.97,2.9,5.97,6.01,6.81,8.4,7.88,6.46,4.78,4.67,4.65,7.21,5.34,6.09,4.85,4.59,6.8,3.75,6.81,6.96,5.82,6.23,4.66,7.1,6.38,5.19,6.55,3.43,6.49,6.95,6.22,6.03,4.33,4.36,5.14,5.18,7.17,6.81,5.77,7.54,5.03,7.15,6.88,6.85,3.94,7.42,6.58,4.83,5.04,7.14,4.82,5.89,6.77,,,,,,,1.18
,,,,,,,,,,,,,,,,,,,,0.0,0.0,0.0,0.0,0.0,0.0,0.0,0.0,0.0,0.0,0.0,0.0,0.0,0.0,0.0,0.0,0.0,0.0,0.0,0.0,0.0,0.0,0.0,0.0,0.0,0.0,0.0,0.0,0.0,0.0,0.0,0.0,0.0,0.0,0.0,0.0,0.0,0.0,0.0,0.0,0.0,0.0,0.0,0.0,0.0,0.0,0.0,0.0,0.0,0.0,0.0,0.0,0.0,0.0,0.0,0.0,0.0,0.0,0.0,0.0,0.0,0.0,0.0,0.0,0.0,0.0,0.0,0.0,0.0,0.0,0.0,0.0,0.0,0.0,0.0,0.0,0.0,0.0,0.0,0.0,0.0,0.0,0.0,0.0,0.0,0.0,0.0,0.0,0.0,0.0,0.0,0.0,0.0,0.0,0.0,0.0,0.0,0.0,0.0,0.0,0.0,0.0,0.0,0.0,0.0,0.0,0.0,0.0,0.0,0.0,0.0,0.0,0.0,0.0,0.0,0.0,0.0,0.0,0.0,0.0,0.0,0.0,0.0,0.0,0.0,0.0,0.0,0.0,0.0,0.0,0.0,0.0,0.0,0.0,0.0,0.0,0.0,0.0,0.0,0.0,0.0,0.0,0.0,0.0,0.0,0.0,0.0,0.0,0.0,0.0,0.0,0.0,0.0,0.0,0.0,0.0,0.0,0.0,0.0,0.0,0.0,0.0,0.0,0.0,0.0,0.0,0.0,0.0,0.0,0.0,0.0,0.0,0.0,0.0,0.0,0.0,0.0,0.0,0.0,0.0,0.0,0.0,0.0,0.0,0.0,0.0,0.0,0.0,0.0,0.0,0.0,0.0,0.0,0.0,0.0,0.0,0.0,0.0,0.0,0.0,0.0,0.0,0.0,0.0,0.0,0.0,0.0,0.0,0.0,0.0,0.0,0.0,0.0,0.0,0.0,0.0,0.0,0.0,0.0,0.0,0.0,0.0,0.0,0.0,0.0,0.0,0.0,0.0,0.0,0.0,0.0,0.0,0.0,0.0,0.0,0.0,0.0,0.0,0.0,0.0,0.0,0.0,0.0,0.0,0.0,0.0,0.0,0.0,0.0,0.0,0.0,0.0,0.0,0.0,0.0,0.0,0.0,0.0,0.0,0.0,0.0,0.0,0.0,0.0,0.0,0.0,0.0,0.0,0.0,0.0,0.0,0.0,0.0,0.0,0.0,0.0,0.0,0.0,0.0,0.0,0.0,0.0,0.0,0.0,0.0,0.0,0.0,0.0,0.0,0.0,0.0,0.0,0.0,0.0,0.0,0.0,0.0,0.0,0.0,0.0,0.0,0.0,0.0,0.0,0.0,0.0,0.0,0.0,0.0,0.0,0.0,0.0,0.0,0.0,0.0,0.0,0.0,0.0,0.0,0.0,0.0,0.0,0.0,0.0,0.0,0.0,0.0,0.0,0.0,0.0,0.0,0.0,0.0,0.0,0.0,0.0,0.0,0.0,0.0,0.0,0.0,0.0,0.0,0.0,0.0,0.0,0.0,0.0,0.0,0.0,0.0,0.0,0.0,0.0,0.0,0.0,0.0,0.0,0.0,0.0,0.0,0.0,0.0,0.0,0.0,0.0,0.0,0.0,0.0,0.0,0.0,0.0,0.0,0.0,0.0,0.0,0.0,0.0,0.0,0.0,0.0,0.0,0.0,0.0,0.0,0.0,0.0,0.0,0.0,0.0,0.0,0.0,0.0,0.0,0.0,0.0,0.0,0.0,0.0,0.0,0.0,0.0,0.0,0.0,0.0,0.0,0.0,0.0,0.0,0.0,0.0,0.0,0.0,0.0,0.0,0.0,0.0,0.0,0.0,0.0,0.0,0.0,0.0,0.0,0.0,0.0,0.0,0.0,0.0,0.0,0.0,0.0,0.0,0.0,0.0,0.0,0.0,0.0,0.0,0.0,0.0,0.0,0.0,0.0,0.0,0.0,0.0,0.0,0.0,0.0,0.0,0.0,0.0,0.0,0.0,0.0,0.0,0.0,0.0,0.0,0.0,0.0,0.0,0.0,0.0,0.0,0.0,0.0,0.0,0.0,0.0,0.0,0.0,0.0,0.0,0.0,0.0,0.0,0.0,0.0,0.0,0.0,0.0,0.0,0.0,0.0,0.0,0.0,0.0,0.0,0.0,0.0,0.0,0.0,0.0,0.0,0.0,0.0,0.0,0.0,,,,,,,1.28
,,,,,,,,,,,,,,,,,,,,0.0,0.0,0.0,0.0,0.0,0.0,0.0,0.0,0.0,0.0,0.0,0.0,0.0,0.0,0.0,0.0,0.0,0.0,0.0,0.0,0.0,0.0,0.0,0.0,0.0,0.0,0.0,0.0,0.0,0.0,0.0,0.0,0.0,0.0,0.0,0.0,0.0,0.0,0.0,0.0,0.0,0.0,0.0,0.0,0.0,0.0,0.0,0.0,0.0,0.0,0.0,0.0,0.0,0.0,0.0,0.0,0.0,0.0,0.0,0.0,0.0,0.0,0.0,0.0,0.0,0.0,0.0,0.0,0.0,0.0,0.0,0.0,0.0,0.0,0.0,0.0,0.0,0.0,0.0,0.0,0.0,0.0,0.0,0.0,0.0,0.0,0.0,0.0,0.0,0.0,0.0,0.0,0.0,0.0,0.0,0.0,0.0,0.0,0.0,0.0,0.0,0.0,0.0,0.0,0.0,0.0,0.0,0.0,0.0,0.0,0.0,0.0,0.0,0.0,0.0,0.0,0.0,0.0,0.0,0.0,0.0,0.0,0.0,0.0,0.0,0.0,0.0,0.0,0.0,0.0,0.0,0.0,0.0,0.0,0.0,0.0,0.0,0.0,0.0,0.0,0.0,0.0,0.0,0.0,0.0,0.0,0.0,0.0,0.0,0.0,0.0,0.0,0.0,0.0,0.0,0.0,0.0,0.0,0.0,0.0,0.0,0.0,0.0,0.0,0.0,0.0,0.0,0.0,0.0,0.0,0.0,0.0,0.0,0.0,0.0,0.0,0.0,0.0,0.0,0.0,0.0,0.0,0.0,0.0,0.0,0.0,0.0,0.0,0.0,0.0,0.0,0.0,0.0,0.0,0.0,0.0,0.0,0.0,0.0,0.0,0.0,0.0,0.0,0.0,0.0,0.0,0.0,0.0,0.0,0.0,0.0,0.0,0.0,0.0,0.0,0.0,0.0,0.0,0.0,0.0,0.0,0.0,0.0,0.0,0.0,0.0,0.0,0.0,0.0,0.0,0.0,0.0,0.0,0.0,0.0,0.0,0.0,0.0,0.0,0.0,0.0,0.0,0.0,0.0,0.0,0.0,0.0,0.0,0.0,0.0,0.0,0.0,0.0,0.0,0.0,0.0,0.0,0.0,0.0,0.0,0.0,0.0,0.0,0.0,0.0,0.0,0.0,0.0,0.0,0.0,0.0,0.0,0.0,0.0,0.0,0.0,0.0,0.0,0.0,0.0,0.0,0.0,0.0,0.0,0.0,0.0,0.0,0.0,0.0,0.0,0.0,0.0,0.0,0.0,0.0,0.0,0.0,0.0,0.0,0.0,0.0,0.0,0.0,0.0,0.0,0.0,0.0,0.0,0.0,0.0,0.0,0.0,0.0,0.0,0.0,0.0,0.0,0.0,0.0,0.0,0.0,0.0,0.0,0.0,0.0,0.0,0.0,0.0,0.0,0.0,0.0,0.0,0.0,0.0,0.0,0.0,0.0,0.0,0.0,0.0,0.0,0.0,0.0,0.0,0.0,0.0,0.0,0.0,0.0,0.0,0.0,0.0,0.0,0.0,0.0,0.0,0.0,0.0,0.0,0.0,0.0,0.0,0.0,0.0,0.0,0.0,0.0,0.0,0.0,0.0,0.0,0.0,0.0,0.0,0.0,0.0,0.0,0.0,0.0,0.0,0.0,0.0,0.0,0.0,0.0,0.0,0.0,0.0,0.0,0.0,0.0,0.0,0.0,0.0,0.0,0.0,0.0,0.0,0.0,0.0,0.0,0.0,0.0,0.0,0.0,0.0,0.0,0.0,0.0,0.0,0.0,0.0,0.0,0.0,0.0,0.0,0.0,0.0,0.0,0.0,0.0,0.0,0.0,0.0,0.0,0.0,0.0,0.0,0.0,0.0,0.0,0.0,0.0,0.0,0.0,0.0,0.0,0.0,0.0,0.0,0.0,0.0,0.0,0.0,0.0,0.0,0.0,0.0,0.0,0.0,0.0,0.0,0.0,0.0,0.0,0.0,0.0,0.0,0.0,0.0,0.0,0.0,0.0,0.0,0.0,0.0,0.0,0.0,0.0,0.0,0.0,0.0,0.0,0.0,0.0,0.0,0.0,0.0,0.0,0.0,0.0,0.0,0.0,0.0,0.0,0.0,0.0,0.0,0.0,0.0,0.0,0.0,0.0,0.0,0.0,0.0,0.0,0.0,0.0,0.0,,,,,,,1.26
,,,,,,,,,,,,,,,,,,,,0.0,0.0,0.0,0.0,0.0,0.0,0.0,0.0,0.0,0.0,0.0,0.0,0.0,0.0,0.0,0.0,0.0,0.0,0.0,0.0,0.0,0.0,0.0,0.0,0.0,0.0,0.0,0.0,0.0,0.0,0.0,0.0,0.0,0.0,0.0,0.0,0.0,0.0,0.0,0.0,0.0,0.0,0.0,0.0,0.0,0.0,0.0,0.0,0.0,0.0,0.0,0.0,0.0,0.0,0.0,0.0,0.0,0.0,0.0,0.0,0.0,0.0,0.0,0.0,0.0,0.0,0.0,0.0,0.0,0.0,0.0,0.0,0.0,0.0,0.0,0.0,0.0,0.0,0.0,0.0,0.0,0.0,0.0,0.0,0.0,0.0,0.0,0.0,0.0,0.0,0.0,0.0,0.0,0.0,0.0,0.0,0.0,0.0,0.0,0.0,0.0,0.0,0.0,0.0,0.0,0.0,0.0,0.0,0.0,0.0,0.0,0.0,0.0,0.0,0.0,0.0,0.0,0.0,0.0,0.0,0.0,0.0,0.0,0.0,0.0,0.0,0.0,0.0,0.0,0.0,0.0,0.0,0.0,0.0,0.0,0.0,0.0,0.0,0.0,0.0,0.0,0.0,0.0,0.0,0.0,0.0,0.0,0.0,0.0,0.0,0.0,0.0,0.0,0.0,0.0,0.0,0.0,0.0,0.0,0.0,0.0,0.0,0.0,0.0,0.0,0.0,0.0,0.0,0.0,0.0,0.0,0.0,0.0,0.0,0.0,0.0,0.0,0.0,0.0,0.0,0.0,0.0,0.0,0.0,0.0,0.0,0.0,0.0,0.0,0.0,0.0,0.0,0.0,0.0,0.0,0.0,0.0,0.0,0.0,0.0,0.0,0.0,0.0,0.0,0.0,0.0,0.0,0.0,0.0,0.0,0.0,0.0,0.0,0.0,0.0,0.0,0.0,0.0,0.0,0.0,0.0,0.0,0.0,0.0,0.0,0.0,0.0,0.0,0.0,0.0,0.0,0.0,0.0,0.0,0.0,0.0,0.0,0.0,0.0,0.0,0.0,0.0,0.0,0.0,0.0,0.0,0.0,0.0,0.0,0.0,0.0,0.0,0.0,0.0,0.0,0.0,0.0,0.0,0.0,0.0,0.0,0.0,0.0,0.0,0.0,0.0,0.0,0.0,0.0,0.0,0.0,0.0,0.0,0.0,0.0,0.0,0.0,0.0,0.0,0.0,0.0,0.0,0.0,0.0,0.0,0.0,0.0,0.0,0.0,0.0,0.0,0.0,0.0,0.0,0.0,0.0,0.0,0.0,0.0,0.0,0.0,0.0,0.0,0.0,0.0,0.0,0.0,0.0,0.0,0.0,0.0,0.0,0.0,0.0,0.0,0.0,0.0,0.0,0.0,0.0,0.0,0.0,0.0,0.0,0.0,0.0,0.0,0.0,0.0,0.0,0.0,0.0,0.0,0.0,0.0,0.0,0.0,0.0,0.0,0.0,0.0,0.0,0.0,0.0,0.0,0.0,0.0,0.0,0.0,0.0,0.0,0.0,0.0,0.0,0.0,0.0,0.0,0.0,0.0,0.0,0.0,0.0,0.0,0.0,0.0,0.0,0.0,0.0,0.0,0.0,0.0,0.0,0.0,0.0,0.0,0.0,0.0,0.0,0.0,0.0,0.0,0.0,0.0,0.0,0.0,0.0,0.0,0.0,0.0,0.0,0.0,0.0,0.0,0.0,0.0,0.0,0.0,0.0,0.0,0.0,0.0,0.0,0.0,0.0,0.0,0.0,0.0,0.0,0.0,0.0,0.0,0.0,0.0,0.0,0.0,0.0,0.0,0.0,0.0,0.0,0.0,0.0,0.0,0.0,0.0,0.0,0.0,0.0,0.0,0.0,0.0,0.0,0.0,0.0,0.0,0.0,0.0,0.0,0.0,0.0,0.0,0.0,0.0,0.0,0.0,0.0,0.0,0.0,0.0,0.0,0.0,0.0,0.0,0.0,0.0,0.0,0.0,0.0,0.0,0.0,0.0,0.0,0.0,0.0,0.0,0.0,0.0,0.0,0.0,0.0,0.0,0.0,0.0,0.0,0.0,0.0,0.0,0.0,0.0,0.0,0.0,0.0,0.0,0.0,0.0,0.0,0.0,0.0,0.0,0.0,0.0,0.0,0.0,0.0,0.0,0.0,0.0,0.0,0.0,0.0,,,,,,,1.1
,,,,,,,,,,,,,,,,,,,,0.0,0.0,0.0,0.0,0.0,0.0,0.0,0.0,0.0,0.0,0.0,0.0,0.0,0.0,0.0,0.0,0.0,0.0,0.0,0.0,0.0,0.0,0.0,0.0,0.0,0.0,0.0,0.0,0.0,0.0,0.0,0.0,0.0,0.0,0.0,0.0,0.0,0.0,0.0,0.0,0.0,0.0,0.0,0.0,0.0,0.0,0.0,0.0,0.0,0.0,0.0,0.0,0.0,0.0,0.0,0.0,0.0,0.0,0.0,0.0,0.0,0.0,0.0,0.0,0.0,0.0,0.0,0.0,0.0,0.0,0.0,0.0,0.0,0.0,0.0,0.0,0.0,0.0,0.0,0.0,0.0,0.0,0.0,0.0,0.0,0.0,0.0,0.0,0.0,0.0,0.0,0.0,0.0,0.0,0.0,0.0,0.0,0.0,0.0,0.0,0.0,0.0,0.0,0.0,0.0,0.0,0.0,0.0,0.0,0.0,0.0,0.0,0.0,0.0,0.0,0.0,0.0,0.0,0.0,0.0,0.0,0.0,0.0,0.0,0.0,0.0,0.0,0.0,0.0,0.0,0.0,0.0,0.0,0.0,0.0,0.0,0.0,0.0,0.0,0.0,0.0,0.0,0.0,0.0,0.0,0.0,0.0,0.0,0.0,0.0,0.0,0.0,0.0,0.0,0.0,0.0,0.0,0.0,0.0,0.0,0.0,0.0,0.0,0.0,0.0,0.0,0.0,0.0,0.0,0.0,0.0,0.0,0.0,0.0,0.0,0.0,0.0,0.0,0.0,0.0,0.0,0.0,0.0,0.0,0.0,0.0,0.0,0.0,0.0,0.0,0.0,0.0,0.0,0.0,0.0,0.0,0.0,0.0,0.0,0.0,0.0,0.0,0.0,0.0,0.0,0.0,0.0,0.0,0.0,0.0,0.0,0.0,0.0,0.0,0.0,0.0,0.0,0.0,0.0,0.0,0.0,0.0,0.0,0.0,0.0,0.0,0.0,0.0,0.0,0.0,0.0,0.0,0.0,0.0,0.0,0.0,0.0,0.0,0.0,0.0,0.0,0.0,0.0,0.0,0.0,0.0,0.0,0.0,0.0,0.0,0.0,0.0,0.0,0.0,0.0,0.0,0.0,0.0,0.0,0.0,0.0,0.0,0.0,0.0,0.0,0.0,0.0,0.0,0.0,0.0,0.0,0.0,0.0,0.0,0.0,0.0,0.0,0.0,0.0,0.0,0.0,0.0,0.0,0.0,0.0,0.0,0.0,0.0,0.0,0.0,0.0,0.0,0.0,0.0,0.0,0.0,0.0,0.0,0.0,0.0,0.0,0.0,0.0,0.0,0.0,0.0,0.0,0.0,0.0,0.0,0.0,0.0,0.0,0.0,0.0,0.0,0.0,0.0,0.0,0.0,0.0,0.0,0.0,0.0,0.0,0.0,0.0,0.0,0.0,0.0,0.0,0.0,0.0,0.0,0.0,0.0,0.0,0.0,0.0,0.0,0.0,0.0,0.0,0.0,0.0,0.0,0.0,0.0,0.0,0.0,0.0,0.0,0.0,0.0,0.0,0.0,0.0,0.0,0.0,0.0,0.0,0.0,0.0,0.0,0.0,0.0,0.0,0.0,0.0,0.0,0.0,0.0,0.0,0.0,0.0,0.0,0.0,0.0,0.0,0.0,0.0,0.0,0.0,0.0,0.0,0.0,0.0,0.0,0.0,0.0,0.0,0.0,0.0,0.0,0.0,0.0,0.0,0.0,0.0,0.0,0.0,0.0,0.0,0.0,0.0,0.0,0.0,0.0,0.0,0.0,0.0,0.0,0.0,0.0,0.0,0.0,0.0,0.0,0.0,0.0,0.0,0.0,0.0,0.0,0.0,0.0,0.0,0.0,0.0,0.0,0.0,0.0,0.0,0.0,0.0,0.0,0.0,0.0,0.0,0.0,0.0,0.0,0.0,0.0,0.0,0.0,0.0,0.0,0.0,0.0,0.0,0.0,0.0,0.0,0.0,0.0,0.0,0.0,0.0,0.0,0.0,0.0,0.0,0.0,0.0,0.0,0.0,0.0,0.0,0.0,0.0,0.0,0.0,0.0,0.0,0.0,0.0,0.0,0.0,0.0,0.0,0.0,0.0,0.0,0.0,0.0,0.0,0.0,0.0,0.0,0.0,0.0,0.0,0.0,0.0,0.0,0.0,0.0,0.0,0.0,,,,,,,0.9
,,,,,,,,,,,,,,,,,,,,8.5,4.45,4.52,0.0,2.45,4.63,0.22,1.31,0.0,0.0,4.06,2.95,3.3,1.91,3.71,4.46,3.76,7.72,4.2,3.97,2.75,3.94,3.78,2.13,6.86,1.14,4.42,1.9,2.3,0.98,0.0,3.39,4.32,4.57,2.32,2.77,0.0,4.07,3.8,2.42,1.27,4.69,0.97,0.73,1.87,2.32,5.07,0.56,2.7,0.0,1.85,6.04,6.81,1.96,1.65,7.59,4.63,0.44,3.32,1.49,0.9,6.09,0.0,4.03,5.15,7.92,0.47,0.0,2.83,0.0,2.14,0.48,1.01,0.0,6.9,1.44,0.0,4.32,0.53,0.32,2.09,0.73,7.34,1.41,0.0,2.27,4.12,0.95,4.21,1.57,0.0,3.35,4.87,4.65,1.23,1.88,3.04,2.83,7.4,4.8,2.49,1.54,3.62,3.45,2.99,1.17,0.0,2.76,3.97,4.58,4.9,5.13,8.09,0.34,3.38,1.94,0.0,0.36,1.9,4.86,0.84,1.37,1.96,0.0,6.64,0.14,0.0,2.27,7.57,5.78,2.67,4.11,3.58,4.47,2.4,3.62,5.17,1.18,6.28,6.38,1.7,1.5,3.7,2.06,0.43,0.0,5.38,4.82,1.69,1.36,0.87,1.88,5.88,1.01,2.56,2.33,0.0,0.55,1.28,5.36,1.38,4.51,5.15,2.88,2.81,6.94,2.03,2.4,1.9,2.83,3.09,2.47,2.37,0.41,0.0,5.23,1.52,0.3,3.59,3.78,2.8,0.0,0.15,3.4,1.09,4.13,1.37,4.05,3.18,2.86,3.79,6.05,2.07,4.98,0.37,3.13,0.63,4.0,0.0,6.25,3.09,1.38,5.28,2.12,1.96,2.87,2.41,2.84,0.0,0.0,4.67,3.62,2.07,5.68,4.42,3.09,5.81,1.8,3.05,3.95,0.42,4.7,0.0,1.58,1.01,4.7,2.58,5.59,1.98,2.06,4.88,2.9,5.29,6.1,0.0,0.39,3.92,4.55,2.39,2.99,2.04,6.55,2.49,7.3,5.01,5.73,0.0,3.85,0.14,2.15,1.58,9.29,0.0,2.74,2.43,3.33,0.14,0.0,2.29,0.55,0.0,0.0,4.92,0.25,5.42,3.16,6.99,3.27,5.88,0.26,0.0,4.93,6.55,1.98,5.6,0.41,4.08,1.1,1.99,5.65,1.06,3.81,3.51,1.83,0.0,3.63,3.15,0.0,5.87,1.37,5.26,2.5,3.96,2.53,2.27,5.26,5.54,1.33,2.36,5.07,0.0,1.25,1.76,6.27,5.72,4.61,2.91,4.08,5.54,4.12,1.99,0.37,3.77,5.11,4.04,4.84,0.0,7.68,1.05,2.94,2.81,3.53,2.43,7.5,4.15,0.0,0.64,2.04,2.33,2.38,2.85,1.6,0.59,4.59,4.88,2.79,5.79,4.1,5.29,5.12,0.75,4.87,5.99,3.92,0.0,0.88,4.24,9.9,3.77,1.86,4.84,0.03,5.4,3.62,0.4,4.97,0.56,4.26,3.78,1.86,3.31,0.0,3.76,4.17,5.3,4.74,2.74,2.52,6.36,6.11,4.57,7.05,4.32,2.1,0.96,1.52,3.78,0.49,6.84,0.0,5.28,2.36,1.66,2.7,7.45,2.54,4.77,0.47,8.81,3.47,2.21,4.61,4.38,0.0,3.32,3.91,1.49,2.01,5.45,0.79,4.35,4.62,0.0,4.85,0.97,1.68,1.87,2.19,2.79,4.71,2.11,2.6,3.0,3.81,4.61,0.0,4.86,4.08,2.5,4.0,2.8,3.13,0.0,4.09,6.51,3.44,6.44,2.28,0.54,1.6,5.26,3.09,4.09,3.49,4.12,5.68,1.19,0.04,4.49,3.73,3.42,4.78,2.71,0.87,2.08,1.4,4.3,0.6,4.69,2.03,1.35,0.0,0.0,4.9,6.18,1.23,2.83,2.04,6.44,3.07,3.28,1.64,2.8,1.86,0.65,3.83,5.1,4.96,3.32,0.0,5.13,6.48,4.38,2.95,2.94,1.57,3.75,0.3,6.82,3.96,4.93,2.08,2.56,2.03,1.13,3.61,2.69,5.74,2.59,1.08,3.39,4.16,0.0,0.0,4.51,2.53,5.89,4.32,2.45,0.05,,,,,,,0.96
,,,,,,,,,,,,,,,,,,,,28.19,16.75,18.39,0.43,11.57,17.83,2.16,6.99,2.27,0.0,17.32,12.08,12.33,9.5,14.66,14.78,15.21,26.66,14.64,14.29,10.97,15.74,14.62,8.23,26.81,5.22,13.79,8.2,10.54,4.98,0.0,12.6,17.33,18.1,11.82,11.52,0.37,16.42,15.63,8.98,6.95,15.73,6.4,3.02,7.96,9.18,17.81,5.65,9.05,0.0,9.44,22.3,27.53,9.06,8.74,28.35,18.42,2.4,15.46,7.11,5.89,22.65,0.0,17.15,17.35,26.0,4.41,0.0,12.6,0.0,9.56,2.04,7.19,0.0,24.64,7.41,0.59,15.27,4.65,6.43,9.16,3.98,25.14,6.63,0.0,9.38,14.48,6.43,15.57,5.16,2.24,14.24,15.9,16.93,6.23,7.76,11.7,11.51,26.59,18.33,10.59,7.68,13.0,13.48,10.63,6.05,0.0,10.11,15.1,16.65,18.24,19.74,28.99,3.45,12.54,10.05,0.73,4.57,8.45,18.62,5.96,6.19,8.56,0.45,23.99,2.07,0.0,9.5,27.5,20.83,9.96,15.24,14.18,16.04,10.71,13.27,18.33,7.55,23.75,24.49,6.36,6.76,13.53,9.27,5.71,2.08,19.31,14.93,9.06,9.36,5.09,8.0,19.71,5.81,7.94,10.41,0.0,5.46,7.41,21.54,6.06,16.1,19.22,11.45,11.7,21.75,6.34,10.19,6.92,9.88,11.88,10.56,8.85,3.63,0.0,18.63,8.17,2.4,15.28,14.44,11.3,2.02,2.36,14.61,5.38,15.65,6.2,14.03,11.33,10.4,14.13,21.95,10.22,16.49,4.69,10.9,3.28,14.83,0.0,24.63,10.55,7.29,20.69,8.67,10.02,12.48,12.05,10.04,0.0,2.95,17.28,14.73,8.1,19.69,15.53,10.67,22.87,8.53,13.67,15.17,5.77,17.31,1.87,8.84,3.87,17.53,10.83,19.91,10.96,6.43,18.64,12.68,18.12,22.63,1.29,2.0,12.15,17.26,10.82,12.46,8.61,22.43,9.16,24.6,19.84,20.42,0.66,13.34,3.19,10.86,6.4,32.71,1.59,10.85,10.59,14.32,2.78,0.01,9.46,4.55,2.52,0.0,18.43,3.0,18.88,13.31,27.14,12.3,23.49,3.59,0.0,20.46,24.35,11.7,18.53,4.66,14.13,6.89,8.4,20.43,4.46,15.12,16.95,7.38,0.0,13.54,11.14,3.24,22.37,9.38,20.0,11.07,13.92,10.83,12.4,18.4,18.56,6.45,8.19,19.07,0.0,4.39,7.94,21.89,21.25,16.24,12.25,14.27,19.21,13.72,7.33,4.36,14.85,18.06,13.68,18.79,0.0,29.4,4.31,13.78,12.21,11.89,10.06,27.07,16.14,0.0,3.32,9.58,9.85,10.36,13.18,7.7,3.97,16.01,19.29,10.12,21.71,14.2,18.34,18.37,5.72,15.13,22.16,14.96,0.0,5.89,16.27,34.4,16.73,6.59,17.37,1.55,17.28,14.98,2.97,17.57,3.75,17.25,14.27,8.59,15.45,2.92,13.37,15.15,19.81,16.01,9.13,11.55,25.72,20.16,16.72,25.66,15.74,10.32,7.16,6.87,15.84,4.72,26.6,2.53,17.2,9.14,8.59,11.09,26.18,9.03,16.54,4.51,30.87,11.42,6.74,17.09,15.38,0.92,12.21,13.6,6.44,6.85,20.03,5.73,18.73,15.75,4.19,19.31,6.87,9.14,10.8,10.25,11.31,16.0,9.2,8.27,13.79,12.61,17.56,0.0,18.17,16.94,9.75,16.63,10.59,12.45,0.0,13.55,23.23,11.85,23.2,9.79,3.35,7.09,20.37,11.49,15.39,11.36,15.9,21.68,5.36,3.3,17.79,13.23,14.68,19.38,11.9,3.72,9.36,5.84,15.44,4.97,18.08,6.97,6.48,0.0,0.0,19.02,23.92,6.26,10.86,7.37,22.23,11.24,12.81,8.99,10.52,7.27,5.04,12.59,19.55,19.84,13.04,0.0,19.8,23.09,16.09,11.12,9.94,7.26,13.03,2.25,23.64,15.25,18.26,7.8,9.57,9.6,6.44,12.75,9.36,21.9,10.86,6.68,15.83,13.95,1.16,0.0,15.81,12.68,21.3,17.28,11.19,1.28,,,,,,,1.22
,,,,,,,,,,,,,,,,,,,,63.15,38.66,46.41,6.63,33.09,40.94,8.57,24.24,13.73,5.61,44.81,30.27,27.86,24.21,37.13,36.0,34.16,59.56,35.09,36.27,27.75,38.02,34.45,22.57,57.63,16.69,31.06,19.86,24.82,21.58,1.93,27.09,40.06,43.72,29.09,29.46,5.08,41.61,38.58,27.69,20.69,38.54,23.02,6.22,23.21,21.56,38.9,14.05,30.6,3.45,23.47,48.23,59.06,22.14,25.24,63.82,43.84,9.38,34.72,20.04,13.16,49.17,0.0,41.56,42.83,52.38,15.33,0.0,31.39,5.95,25.36,8.76,23.35,1.74,58.78,26.1,11.37,36.88,17.56,17.1,26.27,12.42,58.03,25.08,0.0,25.18,34.66,18.09,39.13,13.2,11.83,33.11,35.7,46.9,14.29,19.98,31.39,28.08,64.01,46.21,20.66,20.27,30.13,32.62,26.15,13.92,0.0,26.61,35.94,30.56,44.45,44.2,61.55,8.46,33.61,28.06,5.79,14.21,23.49,47.72,21.1,16.38,11.86,6.45,55.8,10.67,0.13,24.68,64.31,44.42,22.53,37.72,36.92,37.25,22.43,35.03,43.97,20.38,55.04,52.97,21.74,18.16,35.23,23.73,20.77,11.3,42.61,38.03,20.89,26.86,18.29,23.04,48.64,20.99,23.59,28.58,6.52,18.01,25.29,48.93,14.72,41.03,43.92,27.18,28.19,43.87,17.61,24.25,19.1,26.8,33.78,27.95,22.3,13.9,3.32,42.5,24.21,12.16,39.32,35.2,25.39,15.72,11.8,37.15,14.96,38.22,20.57,31.9,27.97,29.16,35.38,50.01,26.12,40.26,13.23,23.16,14.63,35.95,1.41,62.01,27.69,23.29,50.44,21.43,29.1,27.97,32.11,22.5,0.0,14.25,41.65,39.53,26.1,45.76,41.31,23.68,56.59,24.8,34.44,36.06,16.15,39.01,9.52,29.27,6.35,38.42,28.75,43.39,32.42,13.57,45.58,36.28,38.89,50.04,12.06,3.59,30.64,42.97,30.86,35.94,22.1,49.94,26.04,56.78,49.53,45.82,9.08,29.99,11.33,27.41,15.47,72.31,4.02,30.92,32.65,38.43,11.9,5.43,22.29,16.88,11.35,4.15,40.86,10.72,45.61,31.89,57.57,32.41,55.78,17.73,0.0,44.84,60.44,34.8,39.17,12.4,34.15,18.36,21.16,48.77,14.94,35.07,41.48,20.56,6.0,35.4,29.56,13.85,47.13,27.25,49.97,28.19,30.51,23.86,34.68,43.58,44.61,15.83,21.44,39.78,0.0,14.4,20.42,46.91,49.65,37.69,27.18,36.63,42.89,28.18,19.88,14.1,36.16,39.36,29.17,41.25,0.0,66.11,13.81,31.75,24.33,27.54,31.0,61.17,37.62,6.59,15.8,27.89,24.41,26.13,34.93,20.74,14.44,40.7,49.64,25.96,48.66,33.16,46.76,40.61,21.61,33.75,46.29,31.43,2.94,12.85,39.36,77.03,48.57,20.82,43.0,11.64,36.8,33.92,10.51,42.8,12.85,42.37,29.36,21.65,37.15,15.25,29.45,38.34,43.58,34.03,25.88,32.08,59.44,47.65,39.12,53.55,36.25,28.98,17.46,21.59,39.95,15.51,64.13,6.13,42.41,31.36,22.27,30.64,61.27,26.99,43.68,15.02,68.73,29.64,18.16,37.69,31.7,11.9,29.43,30.88,16.51,15.38,50.14,15.73,36.53,35.32,17.78,43.84,19.09,18.67,28.36,29.23,26.51,39.84,29.58,24.81,35.3,35.53,48.31,5.35,43.87,42.31,24.74,43.45,28.49,34.13,3.15,28.31,55.38,26.8,53.16,25.46,10.21,24.38,46.04,35.28,37.03,24.69,44.98,41.63,22.02,12.5,41.01,37.25,41.91,50.84,28.79,15.33,29.25,13.22,38.6,20.92,43.37,20.36,14.16,2.88,2.36,44.1,56.18,15.32,29.99,21.54,46.25,24.36,28.34,24.56,28.57,24.96,10.98,26.48,42.61,45.14,32.54,4.96,50.04,51.36,40.71,23.75,26.72,19.96,27.47,18.51,54.45,40.19,48.01,20.78,24.17,27.92,24.7,31.91,21.67,47.35,27.01,18.55,38.44,36.58,9.27,0.0,34.22,29.38,49.36,42.51,29.9,7.47,,,,,,,1.26
,,,,,,,,,,,,,,,,,,,,95.92,66.9,88.72,20.57,72.53,72.85,28.1,44.34,28.76,21.43,75.33,49.71,54.03,44.97,54.13,48.42,71.81,87.52,54.41,62.55,57.83,59.8,59.64,43.22,94.48,34.19,60.93,36.87,49.83,40.9,6.81,38.39,64.3,65.44,52.95,51.89,22.81,69.71,58.21,48.96,34.69,62.14,51.14,17.79,40.42,44.4,68.4,31.89,48.02,13.35,39.48,86.96,96.84,42.04,43.42,106.59,71.4,21.11,61.6,43.23,29.78,77.02,6.14,70.55,75.13,85.11,39.93,1.11,53.98,19.53,50.44,18.87,40.63,15.45,100.54,49.27,26.42,69.83,38.39,26.59,45.45,21.52,95.75,52.55,17.33,48.33,66.21,27.76,65.0,32.74,27.31,56.2,60.21,78.82,26.17,27.24,61.95,51.98,105.47,79.89,40.02,37.89,60.93,58.41,50.0,33.94,0.0,49.22,60.38,56.1,78.76,73.89,101.94,27.14,64.35,44.01,8.76,36.02,47.43,95.97,42.92,33.01,28.64,20.94,88.84,21.02,14.46,49.12,107.08,65.95,40.53,52.76,50.63,58.16,31.4,64.86,68.07,43.84,90.41,89.54,47.48,45.43,62.73,35.11,31.1,21.56,79.47,67.92,44.08,51.33,34.5,38.57,73.3,51.78,43.43,59.12,24.95,36.91,50.57,73.39,41.9,71.32,79.47,57.61,50.18,78.79,36.21,42.38,29.86,54.98,51.05,48.87,37.96,24.63,24.58,83.64,48.99,30.92,69.38,54.77,53.01,34.41,27.0,69.13,28.99,68.82,32.62,51.81,49.32,45.34,57.93,89.37,47.82,82.86,22.9,43.71,36.35,67.68,13.91,107.46,56.91,44.71,83.19,34.74,54.06,55.2,55.07,44.37,9.3,31.74,69.94,69.4,52.93,81.05,61.95,45.84,98.82,42.98,48.5,71.49,22.2,76.89,20.75,51.08,6.07,65.64,55.0,64.93,63.47,19.22,70.81,68.15,61.94,81.17,31.76,19.21,59.42,68.41,60.32,62.43,43.44,80.25,42.24,97.12,85.63,77.95,29.03,54.85,27.79,57.26,37.54,120.53,22.82,53.07,55.84,53.76,29.76,18.8,42.54,35.7,26.26,13.32,67.39,29.99,74.81,58.21,89.28,51.94,88.13,23.63,13.65,82.24,105.32,59.54,68.41,28.31,59.34,37.96,42.73,96.76,27.89,55.32,77.0,38.67,20.51,69.78,58.76,35.25,83.98,44.02,92.25,42.51,53.64,34.9,70.08,80.76,83.58,43.74,38.7,64.42,0.0,33.4,32.11,79.44,96.18,61.84,44.3,59.53,75.98,54.14,46.92,30.33,66.76,64.83,45.9,59.76,7.72,102.39,35.67,51.83,44.71,49.39,54.51,107.73,64.67,25.61,18.54,54.46,47.38,46.04,61.41,51.56,37.47,70.9,89.19,44.64,83.61,56.54,80.93,72.46,45.17,59.72,69.08,63.45,16.42,32.75,64.19,129.61,81.49,36.29,70.74,28.28,73.54,55.64,18.8,66.58,33.4,62.6,47.18,44.23,57.8,40.37,57.35,67.98,69.43,62.09,50.43,57.82,108.47,69.11,60.68,96.67,63.28,55.16,40.97,37.97,71.57,29.38,115.99,12.38,72.99,55.26,41.62,51.6,101.1,42.31,81.87,35.51,118.5,57.09,32.39,62.94,52.94,26.27,50.9,48.81,31.96,35.67,76.96,37.84,57.99,62.12,34.95,78.98,47.99,44.87,52.06,58.98,53.66,57.39,45.51,42.97,57.15,65.4,83.61,14.36,79.2,77.29,45.33,70.06,47.02,56.51,12.95,57.4,88.77,46.14,80.42,40.04,22.83,51.87,76.06,52.96,59.17,48.54,66.01,69.84,52.46,34.34,71.76,73.04,76.85,92.71,43.31,43.48,54.1,20.36,68.35,39.76,71.48,36.12,31.26,13.51,18.49,80.22,92.62,32.82,59.1,39.18,72.56,50.15,50.36,47.48,42.23,48.74,19.98,45.39,79.83,72.58,47.92,13.8,92.27,83.31,74.22,59.69,47.46,36.76,48.04,54.07,86.68,67.67,87.58,30.33,28.28,51.19,42.81,63.69,33.8,77.09,39.61,41.34,67.27,67.1,30.41,6.87,55.98,51.33,83.19,64.24,52.76,27.41,,,,,,,1.2
,,,,,,,,,,,,,,,,,,,,100.43,102.14,122.27,34.53,97.26,99.54,43.63,76.04,50.16,36.03,91.23,63.7,74.83,66.11,61.59,64.55,103.46,106.31,70.34,91.92,80.28,82.93,80.75,53.17,121.72,54.99,77.55,54.92,63.63,61.68,24.57,45.28,81.23,106.63,64.71,72.89,49.66,72.68,77.47,74.48,54.75,77.27,61.37,37.67,72.42,69.42,85.36,53.35,59.72,36.77,75.59,122.06,119.34,55.36,55.57,129.59,91.33,54.62,83.13,65.0,39.11,100.36,18.14,95.73,99.19,106.44,52.03,11.58,75.21,47.58,66.27,32.77,83.47,39.81,132.08,79.21,41.44,103.94,58.91,41.7,73.78,28.9,125.47,76.19,42.32,65.31,85.67,49.48,84.21,37.81,39.06,76.68,83.5,101.5,53.23,45.34,91.79,73.19,133.79,108.36,40.86,62.52,87.68,80.59,71.07,73.83,0.0,73.3,79.18,95.78,102.13,98.93,127.41,30.83,92.37,61.83,37.96,60.52,56.71,128.03,72.93,52.68,32.88,29.38,112.11,33.84,41.51,75.63,130.28,81.57,57.01,64.41,53.87,74.93,55.42,80.91,90.73,61.31,124.05,133.81,67.87,68.44,74.07,56.86,45.27,36.69,110.92,80.22,69.58,73.0,45.53,55.22,75.32,66.4,66.69,86.47,49.58,48.54,78.19,102.8,68.0,102.92,96.22,81.38,62.08,111.91,59.09,56.9,58.23,78.42,65.26,60.39,63.83,30.97,42.96,110.43,71.15,42.66,92.5,65.01,84.26,51.91,44.9,92.99,43.92,93.37,41.88,71.02,74.01,59.07,73.54,109.73,68.09,115.79,42.89,67.1,63.18,89.89,35.51,142.16,73.76,76.27,120.66,40.14,67.36,77.67,67.66,66.27,22.13,47.35,94.5,91.0,79.53,114.82,88.38,66.27,119.24,75.45,79.6,85.17,48.52,103.34,36.2,54.81,12.41,94.11,64.14,91.27,83.66,36.47,106.18,102.18,75.52,104.97,51.07,42.81,93.2,89.7,93.52,84.0,55.52,96.98,67.63,125.27,107.09,100.33,55.77,75.13,41.68,85.13,51.22,146.78,50.71,78.65,90.0,65.88,50.48,34.31,57.96,56.49,39.43,42.87,89.77,46.68,100.65,80.92,104.35,73.19,116.34,38.87,24.54,118.32,126.6,71.24,109.89,44.02,80.21,48.37,56.98,124.02,45.37,74.15,109.25,68.27,36.41,93.12,87.22,65.74,103.88,48.86,119.54,57.96,70.85,60.91,94.33,116.53,116.93,63.04,59.65,103.75,0.0,55.71,43.3,119.7,106.37,74.68,61.76,88.56,91.37,79.5,80.86,42.59,88.95,85.72,75.44,73.9,26.06,144.47,59.07,74.02,58.47,78.15,79.26,131.79,89.55,58.37,24.28,71.3,77.09,72.12,82.45,78.2,67.64,101.55,105.65,47.68,115.03,72.99,109.44,81.96,58.31,90.84,89.01,72.06,34.85,50.52,77.21,167.08,93.19,52.45,97.99,46.81,93.36,83.48,33.67,82.43,51.6,84.74,63.7,70.44,85.18,64.09,91.86,87.25,89.77,86.97,64.59,73.73,134.5,77.81,78.62,132.53,90.47,64.89,63.31,54.67,91.17,50.64,142.44,32.32,98.82,72.11,68.21,83.78,146.63,58.02,113.96,56.87,146.61,86.29,32.72,79.73,79.5,40.56,72.84,63.66,50.66,60.12,87.88,49.45,76.38,88.5,55.59,94.22,85.12,75.7,83.91,75.69,77.85,77.22,63.83,61.01,77.7,95.44,110.86,20.5,95.29,104.09,66.24,96.8,65.96,75.58,24.76,84.71,109.81,71.5,103.6,55.09,38.56,69.18,108.44,74.98,84.11,60.47,90.0,91.22,87.06,41.89,82.64,97.62,103.29,121.92,58.21,71.74,72.61,41.45,87.6,63.17,91.27,47.6,67.33,15.74,43.98,115.09,118.35,50.76,75.59,52.29,105.79,61.69,72.08,57.33,57.9,72.66,42.7,60.69,105.32,98.09,72.81,31.6,133.76,105.75,94.19,89.49,57.32,60.03,73.99,87.12,118.6,97.42,108.98,55.03,33.86,69.01,65.86,91.63,64.22,93.74,47.63,67.41,85.72,89.62,51.56,17.67,71.23,61.81,110.54,86.24,66.29,42.31,,,,,,,1.12
,,,,,,,,,,,,,,,,,,,,98.02,114.37,117.34,49.39,89.64,107.9,44.15,88.44,55.56,59.5,95.89,78.29,85.73,58.99,63.14,58.22,108.07,109.99,88.7,96.8,84.68,83.56,80.16,71.38,127.27,53.1,102.82,59.9,64.61,70.73,42.08,57.39,78.28,115.08,77.06,66.39,57.38,63.29,72.98,88.81,73.41,81.17,73.34,48.98,72.88,66.59,85.05,53.2,73.24,49.53,75.94,129.56,125.82,57.44,62.97,136.26,113.24,76.31,90.78,72.12,48.39,104.8,48.11,84.75,100.7,132.59,56.55,29.44,61.84,63.25,71.85,63.41,88.02,46.24,116.88,94.27,35.56,107.61,65.21,50.48,76.98,29.2,129.01,87.38,62.23,70.96,97.05,77.94,83.47,40.17,41.5,85.95,88.03,93.72,74.36,58.5,79.96,75.44,139.53,107.69,39.37,72.81,91.87,84.01,84.53,81.13,6.13,78.5,95.42,104.66,118.64,111.91,121.55,32.24,97.78,71.79,57.16,62.01,63.87,133.13,94.15,66.66,32.54,44.53,110.69,48.72,43.46,90.71,133.04,81.97,69.44,60.15,49.87,89.22,61.17,80.6,88.23,77.29,137.43,130.49,73.81,80.62,73.47,62.97,50.02,34.42,110.74,90.37,71.13,82.84,38.3,48.75,74.81,65.7,82.92,103.29,61.74,65.18,68.1,87.98,84.14,107.38,103.82,105.14,84.44,101.46,79.21,61.18,57.22,95.11,63.85,60.39,66.61,48.8,53.96,104.32,71.72,55.02,89.23,69.22,100.95,46.69,62.31,98.55,51.13,117.36,37.79,71.86,81.84,53.83,91.58,92.83,72.78,129.65,46.9,84.39,64.17,100.89,51.61,149.2,76.45,86.65,114.83,47.0,69.07,94.0,79.62,84.03,32.46,53.34,82.39,89.01,83.97,105.6,92.08,72.77,105.88,83.27,81.77,85.8,60.56,82.03,41.42,56.46,23.68,95.83,65.72,92.64,83.99,53.1,106.15,103.28,97.3,102.15,64.27,56.97,100.36,100.04,88.22,100.36,53.24,99.63,84.55,125.35,107.61,94.71,54.79,63.99,48.37,79.23,47.97,153.95,62.06,79.34,114.53,77.46,62.83,51.11,77.84,61.05,48.99,47.74,101.54,51.06,112.79,87.4,114.27,80.77,118.92,40.23,46.22,107.15,111.68,58.39,102.54,54.64,72.37,57.5,72.09,115.85,58.93,94.26,100.99,71.77,32.57,96.16,102.62,84.45,106.2,67.72,110.6,61.73,80.47,79.12,97.59,115.91,118.19,74.32,61.52,118.37,0.0,65.11,53.94,122.26,107.03,69.3,63.24,94.54,95.77,70.31,82.64,43.61,102.05,96.92,70.11,91.48,42.68,144.14,60.35,84.83,63.52,83.58,77.19,126.3,97.5,58.75,23.47,59.71,84.93,74.38,85.58,89.88,85.05,101.7,94.79,52.82,109.74,81.19,119.24,70.3,69.36,112.93,95.97,71.57,44.33,77.83,85.76,148.19,104.81,61.75,86.62,65.32,105.65,87.81,45.89,84.6,49.91,109.06,81.77,68.0,84.81,65.59,98.7,98.59,87.54,80.16,80.86,76.49,120.0,71.7,81.62,138.22,86.42,53.12,70.36,66.85,79.89,70.91,130.99,51.95,104.8,72.97,75.68,92.71,154.5,59.96,124.27,64.3,137.35,86.13,50.16,89.76,83.39,37.41,77.75,82.58,73.45,80.6,84.0,43.2,70.06,79.49,55.75,95.86,113.37,71.7,88.95,71.71,90.01,76.96,76.91,75.05,79.94,96.14,111.2,24.75,91.84,110.52,76.81,98.36,64.07,79.39,30.13,82.24,113.41,84.0,95.79,61.65,52.12,80.6,100.62,88.86,96.22,76.79,101.07,97.71,90.57,57.25,82.53,101.82,102.59,123.12,73.61,65.34,72.99,63.3,91.6,65.43,93.92,52.06,74.21,31.56,53.93,121.02,123.39,58.17,84.71,54.76,113.5,76.18,75.96,61.47,64.89,83.75,56.62,63.99,110.2,86.72,81.38,44.85,134.79,100.55,86.04,102.73,70.01,79.5,63.86,78.0,115.01,110.78,114.32,62.33,53.16,71.06,75.67,101.67,78.03,92.57,55.15,98.49,99.92,95.22,70.54,48.65,80.37,65.6,119.13,89.5,78.57,65.08,,,,,,,0.8
,,,,,,,,,,,,,,,,,,,,111.49,123.28,115.09,56.96,104.82,123.83,40.68,98.45,74.52,65.16,104.36,84.47,100.45,63.54,74.05,55.77,93.91,117.27,102.04,101.62,90.93,92.17,77.49,74.41,146.34,66.34,120.47,58.53,75.6,94.21,50.35,65.23,87.09,130.38,77.19,74.39,74.98,82.64,93.82,85.89,78.54,89.93,91.96,36.5,75.1,65.56,86.98,55.05,96.22,59.28,75.3,127.01,119.1,67.54,79.79,131.09,122.52,89.73,95.41,87.02,67.36,112.94,66.63,88.25,93.45,156.12,59.49,50.32,64.67,91.06,90.33,71.12,94.96,68.91,119.37,97.55,52.45,106.29,63.6,74.78,85.22,38.7,132.77,93.61,81.0,74.31,93.6,60.31,96.59,42.77,63.75,85.82,92.93,101.82,90.92,58.43,70.49,81.72,132.48,105.46,47.52,89.36,94.73,91.95,87.97,94.92,33.52,80.42,103.67,109.01,129.49,102.65,126.36,44.12,110.87,73.56,75.33,61.05,83.33,132.04,105.21,79.48,52.52,66.74,117.36,64.38,55.55,91.96,135.3,79.85,91.7,61.88,52.05,102.94,82.84,95.31,76.95,93.39,147.96,130.56,78.33,107.63,69.76,65.01,58.84,46.11,117.37,101.64,61.41,97.5,48.65,59.18,91.25,73.1,90.65,112.27,81.1,60.57,87.94,105.09,75.22,105.59,101.42,121.67,87.5,91.05,101.51,85.96,74.75,99.57,60.74,73.76,82.94,70.99,52.98,111.09,77.58,63.86,108.84,74.81,111.2,57.63,73.44,97.33,44.11,116.79,52.91,80.66,97.5,42.88,119.03,103.49,81.39,127.82,63.3,96.28,77.19,103.07,68.11,159.8,86.63,103.15,112.29,58.9,73.51,109.67,81.52,87.26,49.86,62.26,85.57,116.68,90.28,93.77,86.54,76.79,115.3,99.96,82.42,101.25,84.02,73.43,58.04,53.98,44.2,105.38,70.45,85.85,88.06,64.36,98.68,109.86,122.42,95.28,58.0,68.36,111.75,93.64,97.85,93.73,63.53,93.32,94.93,133.32,114.14,98.83,57.3,68.64,70.25,83.21,68.38,157.66,71.54,97.84,124.06,87.74,81.31,54.59,83.77,87.01,62.41,69.47,112.91,70.19,117.53,81.1,122.86,87.87,130.19,41.66,62.85,99.73,110.87,79.01,100.14,67.18,86.68,62.75,81.31,119.16,78.55,106.02,94.13,79.41,54.29,100.5,106.35,94.89,101.81,73.34,118.54,72.84,96.34,86.76,101.0,130.26,113.56,72.68,59.55,125.98,7.88,72.19,77.69,121.54,121.04,62.55,80.7,98.02,90.99,72.71,82.73,44.79,99.17,104.54,78.77,110.58,47.67,145.6,60.8,105.39,64.12,91.36,82.54,121.87,111.44,58.08,48.15,65.32,85.9,94.98,90.58,96.34,104.09,98.14,95.98,65.56,122.27,94.65,109.57,75.79,85.4,129.13,108.34,87.75,48.9,98.38,95.05,150.89,132.04,72.0,92.74,77.26,118.65,88.47,44.15,73.94,53.78,119.29,89.75,65.04,102.86,80.91,95.11,126.05,100.81,88.86,90.04,92.68,110.52,88.83,87.92,146.53,81.48,74.69,86.37,80.36,102.03,68.83,131.24,71.09,114.33,87.66,77.99,96.7,166.92,61.95,124.31,82.15,133.31,59.53,60.52,106.77,94.97,58.78,88.44,88.14,91.04,89.22,87.15,45.82,72.62,78.54,53.89,96.02,132.44,86.25,108.43,76.03,119.78,88.33,86.39,93.53,98.16,105.72,102.96,25.24,98.86,128.72,85.52,98.87,75.96,85.35,43.14,82.57,128.88,74.83,93.54,70.9,72.42,93.9,99.5,94.96,97.03,92.15,129.55,106.68,104.57,80.22,85.7,125.07,105.48,125.66,72.18,90.13,81.33,72.01,115.04,77.81,95.55,65.21,93.22,55.11,79.82,108.77,132.56,75.64,103.1,57.46,128.34,101.92,85.55,60.49,84.51,81.25,78.66,65.03,118.6,90.64,74.94,42.29,146.14,111.79,93.73,119.78,82.8,90.46,63.72,91.91,120.91,117.67,141.35,72.67,67.52,95.16,97.06,104.09,96.02,87.7,70.11,106.48,123.26,120.14,69.32,64.46,81.83,90.7,124.77,110.41,85.73,79.43,,,,,,,0.74
,,,,,,,,,,,,,,,,,,,,102.65,111.68,112.07,70.16,99.56,130.18,39.72,108.46,81.57,77.47,110.69,91.22,106.68,74.84,76.71,60.55,66.59,108.67,98.91,99.1,93.65,97.36,74.25,55.22,129.51,69.79,113.71,62.51,69.52,94.19,59.0,65.29,93.98,123.65,97.32,76.92,76.92,81.52,92.88,99.4,74.27,88.55,99.01,47.26,83.54,67.85,87.76,76.86,98.41,58.8,75.99,109.23,95.78,77.98,71.59,122.81,128.41,93.3,85.9,92.43,69.43,109.82,76.54,84.06,90.3,148.49,48.73,51.68,61.01,91.12,90.61,81.43,86.57,67.39,118.37,96.54,68.45,105.28,52.69,74.83,96.99,48.83,117.66,94.57,97.67,72.84,94.42,54.73,111.12,61.14,59.53,87.98,99.01,94.87,79.56,66.43,76.59,82.53,121.51,92.73,46.82,76.85,85.84,89.89,86.0,80.29,45.0,94.78,96.43,111.88,101.56,96.54,110.87,60.33,122.08,69.24,88.38,70.18,75.61,114.6,98.91,61.96,53.15,86.4,120.41,68.06,69.69,83.06,121.92,78.21,99.45,61.05,60.95,76.98,90.18,86.27,78.71,83.23,136.49,116.23,81.52,99.93,89.2,80.46,44.35,62.1,109.05,96.37,46.21,105.73,49.59,60.48,81.43,79.38,93.8,107.54,93.63,58.95,100.96,110.75,79.29,87.77,101.09,122.28,79.99,82.73,100.45,85.13,91.88,102.27,67.38,84.83,89.89,82.99,63.74,93.27,88.3,73.7,96.16,63.79,120.81,46.06,78.75,99.22,33.3,109.24,63.48,88.07,81.88,48.46,111.41,112.83,69.01,118.46,62.83,103.89,71.57,104.22,54.73,158.67,88.48,97.34,116.59,58.85,83.88,113.54,73.71,90.99,51.42,74.81,91.99,106.98,105.04,79.76,89.01,86.84,130.19,97.98,77.59,91.02,86.61,83.82,65.48,59.38,49.88,96.66,82.48,82.81,78.1,65.11,104.64,104.37,115.35,86.75,68.01,62.7,107.11,93.81,85.9,87.91,65.1,72.67,90.25,130.14,127.0,80.84,61.51,88.16,57.7,86.49,84.74,157.26,64.17,98.07,102.98,93.7,76.16,45.99,77.28,76.16,68.64,91.16,112.93,76.22,107.29,73.15,125.27,80.72,116.83,45.16,81.99,93.22,108.71,73.55,86.48,74.82,72.63,78.68,79.42,111.14,86.76,111.58,104.47,86.92,83.94,92.55,104.37,87.68,97.69,92.28,115.14,68.28,74.87,78.76,103.44,117.06,108.32,88.08,83.71,103.37,51.5,79.47,71.51,123.75,98.63,81.39,102.08,89.3,100.34,64.33,78.77,58.83,85.86,112.25,90.99,109.95,48.6,124.53,61.89,123.1,62.39,93.17,92.78,117.52,114.21,57.06,57.47,64.0,83.79,91.23,99.32,103.92,93.3,111.04,102.59,61.91,129.03,91.05,106.36,71.49,93.97,116.4,114.73,80.19,32.22,98.36,106.91,136.63,115.29,78.34,87.16,86.35,108.36,86.51,53.93,68.77,61.57,95.31,91.34,56.47,104.05,82.58,95.85,122.12,88.59,89.15,84.06,82.54,96.45,89.54,82.93,120.63,91.34,105.95,68.97,79.16,106.26,65.36,136.71,79.69,114.47,91.96,75.5,102.15,149.45,62.72,115.17,85.15,117.08,44.19,61.82,125.84,82.99,54.12,77.91,68.67,99.38,88.13,87.17,48.45,76.26,76.16,49.74,98.02,128.23,98.46,120.77,79.34,114.54,93.55,105.28,94.57,82.9,102.54,82.59,32.09,104.42,124.77,79.78,101.58,73.7,86.76,43.81,88.51,139.42,79.59,87.99,80.02,80.46,96.29,102.72,99.53,85.82,101.05,129.45,114.9,106.51,75.14,90.14,105.93,122.82,129.55,74.55,96.84,71.58,76.65,116.92,94.81,84.37,85.17,97.91,89.27,98.59,113.33,128.93,81.59,90.17,58.44,124.11,106.18,89.54,63.58,77.11,79.07,75.04,71.42,97.59,98.49,85.82,50.57,135.81,114.02,79.62,114.74,89.0,85.75,64.09,98.47,123.04,104.65,130.29,77.8,70.26,104.46,103.31,86.78,91.95,91.41,76.17,96.79,118.93,110.59,71.71,64.38,70.01,88.07,102.89,113.06,104.93,87.13,,,,,,,0.76
,,,,,,,,,,,,,,,,,,,,88.79,97.5,92.21,75.3,82.38,91.94,46.92,97.78,79.46,75.02,82.26,78.17,81.41,59.59,65.1,47.33,60.98,82.06,85.77,88.79,81.42,70.81,63.7,49.59,101.52,49.71,84.62,49.88,65.7,71.65,56.43,52.2,92.72,91.3,91.16,73.66,79.05,71.01,88.49,90.24,69.37,73.14,82.96,45.32,78.34,61.99,71.71,66.25,81.21,73.51,69.5,85.28,66.68,60.69,73.81,85.11,100.49,86.69,70.85,78.76,71.12,76.75,69.81,52.93,65.71,115.56,48.27,50.54,38.56,64.23,83.26,61.09,63.66,75.8,99.65,76.29,54.18,92.5,38.24,53.31,76.82,39.62,95.25,85.36,70.5,73.95,83.51,61.79,86.38,58.53,54.55,72.22,80.44,73.39,74.18,65.06,66.7,75.02,99.7,66.91,48.47,69.89,80.65,71.72,88.82,52.68,42.89,72.79,82.05,84.31,78.33,81.45,86.19,60.99,105.68,70.22,81.54,59.92,60.6,100.93,79.89,52.66,50.35,81.23,107.21,45.96,67.78,65.63,94.2,67.53,75.24,47.38,60.05,53.8,72.25,80.77,54.56,77.28,98.57,96.21,74.3,79.03,74.7,71.12,41.02,46.64,69.83,94.13,43.33,83.35,54.68,58.7,69.82,66.08,64.8,87.6,78.18,41.56,76.73,96.55,59.3,67.44,80.96,87.89,63.39,80.24,92.0,68.24,74.69,83.74,61.18,59.19,74.22,80.47,59.71,76.44,57.24,66.74,68.15,50.12,88.61,57.55,65.18,81.62,35.4,83.29,67.12,68.9,64.64,56.14,83.7,98.88,41.13,94.83,60.19,85.59,56.31,91.91,51.76,129.12,65.19,83.51,90.98,60.07,73.2,85.31,62.49,84.13,45.35,66.08,72.15,85.02,85.41,61.3,71.29,75.68,114.58,93.52,68.77,79.73,69.34,62.77,53.97,53.52,37.07,89.23,77.73,85.19,69.61,52.12,86.13,86.01,92.96,54.32,54.5,55.12,83.48,83.34,76.13,74.27,57.51,59.46,73.54,98.08,108.1,63.96,53.22,72.28,51.61,84.49,80.47,125.36,47.0,74.18,78.06,88.36,74.64,46.26,77.28,48.78,51.38,67.92,90.28,68.18,78.08,71.19,107.04,71.88,81.64,43.87,77.72,71.19,83.9,64.07,89.59,64.4,59.13,84.65,63.83,97.65,80.45,82.32,87.17,81.42,69.88,78.61,84.64,70.39,76.93,82.05,90.15,66.91,63.53,61.01,71.41,89.89,79.8,73.09,79.68,71.88,54.95,60.2,74.1,100.22,82.51,80.24,83.41,76.59,73.05,56.8,64.2,56.37,74.22,78.29,72.28,79.86,38.4,93.67,65.5,95.48,58.55,81.42,70.61,89.14,85.03,42.99,48.13,58.99,71.21,61.77,91.07,91.19,72.8,86.1,81.41,78.36,113.28,77.42,91.68,59.39,83.78,89.04,85.18,71.57,32.99,81.59,91.19,105.23,96.03,65.56,64.42,77.19,91.26,74.33,52.4,54.19,46.87,77.85,75.53,43.12,86.13,71.07,76.54,102.04,68.02,64.39,65.63,73.36,82.15,73.51,69.88,111.05,67.87,91.67,56.04,73.78,85.71,62.24,94.18,72.14,96.34,86.89,69.4,89.2,120.09,64.6,91.48,82.69,89.99,49.08,53.17,101.01,80.29,55.84,76.77,49.74,75.96,69.62,74.55,44.87,47.26,65.31,42.16,81.52,99.35,81.66,95.34,54.42,84.61,67.33,78.33,79.34,76.73,84.89,62.52,31.39,87.41,107.98,63.31,78.04,73.52,79.66,47.81,80.09,106.79,60.5,78.71,71.36,65.04,77.34,89.06,91.89,68.42,88.64,104.4,98.56,73.8,60.03,79.13,75.41,92.24,101.87,67.01,73.57,67.52,54.83,105.32,92.32,58.87,64.64,77.79,77.88,87.26,85.41,114.35,80.8,76.51,43.71,86.5,82.47,64.53,55.93,59.12,65.86,46.37,48.9,87.15,79.21,81.04,52.18,104.96,90.8,59.77,93.56,71.65,69.41,63.62,82.35,92.54,72.53,88.64,63.54,60.46,79.02,93.51,76.77,63.3,67.76,61.97,78.59,111.98,97.89,68.78,48.46,66.34,61.72,98.37,97.87,84.6,68.56,,,,,,,0.9
,,,,,,,,,,,,,,,,,,,,47.32,52.38,53.2,42.47,38.64,53.91,35.02,63.39,44.38,49.12,44.8,46.96,42.01,31.81,33.33,28.58,39.06,45.72,46.66,51.38,44.84,44.01,39.08,30.9,63.64,31.28,54.49,31.97,42.09,39.31,44.14,34.88,59.34,58.27,56.06,39.5,50.71,42.51,48.49,64.36,39.02,45.06,52.14,25.73,47.67,41.63,43.83,40.34,52.02,40.49,48.9,45.65,39.55,36.74,48.03,43.68,57.7,47.95,36.18,44.94,46.45,46.07,42.21,37.05,43.24,66.93,23.98,25.74,33.18,35.09,52.23,34.84,38.5,53.62,52.05,43.74,34.37,51.66,28.31,27.13,39.91,29.7,49.26,45.66,45.56,49.66,47.78,41.24,46.47,36.74,38.9,42.64,51.0,46.24,50.57,41.38,43.56,47.21,54.89,40.45,28.04,45.29,53.02,46.34,60.48,36.91,28.07,46.23,34.55,50.85,46.01,48.89,48.39,46.26,59.71,40.62,51.36,29.82,43.7,62.98,50.84,33.05,41.53,50.69,59.66,34.23,41.79,38.81,62.41,45.62,45.81,27.89,38.48,38.89,49.38,54.35,22.11,49.16,63.22,54.61,46.95,40.62,42.48,41.97,28.24,37.57,40.75,53.38,31.1,38.89,29.99,30.08,43.1,38.73,37.54,49.67,48.9,27.76,49.16,60.24,35.55,34.4,48.32,47.83,43.68,48.96,53.99,43.64,49.62,52.07,34.11,36.52,45.11,42.25,39.73,53.96,30.51,41.5,41.82,31.0,48.8,37.95,33.79,46.75,26.81,54.23,43.19,42.57,27.26,29.88,43.95,52.13,30.71,49.74,32.4,54.19,39.39,54.62,25.0,70.21,31.4,48.23,47.5,39.07,49.83,54.74,35.25,49.33,28.94,34.32,45.08,50.48,51.84,38.6,34.02,53.2,66.45,59.11,37.31,39.99,38.36,36.97,25.27,30.89,27.67,55.28,42.85,52.95,39.62,32.09,44.5,55.66,55.94,30.87,37.47,35.54,46.83,51.63,45.58,47.28,41.12,41.75,47.08,57.69,65.31,39.79,37.36,40.02,28.28,56.61,42.67,63.95,30.93,38.69,49.12,50.15,49.77,33.77,47.27,22.82,36.06,37.16,56.0,37.52,40.19,38.74,60.85,35.7,48.87,29.68,56.11,47.58,54.67,48.4,59.16,30.22,35.78,48.45,31.97,55.22,51.73,44.19,58.45,50.16,45.78,38.4,48.03,43.4,43.31,29.66,53.66,38.86,37.89,36.95,43.24,54.01,42.85,49.91,56.39,41.62,41.67,33.01,46.26,57.37,46.75,41.96,42.08,41.28,37.78,41.13,33.51,38.52,53.39,39.71,42.36,50.85,24.12,61.86,36.8,51.98,35.44,48.74,47.21,49.15,40.74,29.93,43.27,39.12,43.03,37.74,55.14,53.96,41.36,56.82,40.14,50.2,59.92,50.1,48.73,33.27,43.03,57.55,52.77,36.22,28.93,57.56,55.23,55.28,56.14,45.11,46.85,49.17,52.18,45.06,33.32,42.67,29.55,51.88,48.28,24.68,51.04,43.16,43.2,62.27,38.26,40.68,42.06,46.57,44.33,49.21,38.6,69.25,50.79,57.37,35.73,46.08,39.58,32.06,49.83,50.89,58.49,54.13,37.52,53.92,65.07,40.61,56.66,49.44,51.63,35.98,42.93,58.76,54.32,38.13,46.14,39.31,44.47,43.54,50.52,28.13,32.79,45.76,27.26,46.49,52.93,51.38,51.01,33.01,48.06,44.16,52.12,45.25,41.33,45.36,41.37,29.05,55.11,63.17,34.09,47.64,42.9,48.89,22.19,46.2,54.43,35.86,42.78,41.63,34.24,45.21,59.91,48.87,43.42,56.09,62.03,53.39,48.04,30.55,53.88,46.14,55.33,57.81,39.34,38.98,50.08,38.2,64.01,58.67,32.83,40.21,49.56,37.11,58.77,50.31,70.33,49.65,50.05,28.92,54.74,52.2,34.03,39.4,36.52,41.21,22.26,22.88,49.15,46.72,51.15,28.36,58.74,58.08,30.11,55.43,38.49,39.43,47.09,46.97,58.83,39.35,57.74,34.39,39.28,42.92,58.54,47.77,41.6,33.86,44.33,55.43,63.84,62.66,38.72,28.8,38.95,42.82,59.03,59.95,55.44,46.4,,,,,,,1.02
,,,,,,,,,,,,,,,,,,,,12.55,14.29,20.28,13.18,13.11,18.04,14.87,19.68,14.07,16.75,14.91,17.66,14.5,9.77,9.68,8.99,13.09,17.14,13.53,20.33,13.79,14.05,14.5,11.54,21.14,12.62,17.95,10.99,13.96,12.0,14.92,14.22,18.92,20.11,17.04,14.5,18.04,15.88,15.45,19.69,10.88,14.87,18.81,7.58,18.67,15.05,14.7,12.63,19.68,13.41,15.96,12.84,11.74,12.31,17.13,15.12,19.72,14.86,9.94,16.17,14.11,15.86,15.17,13.09,15.72,20.28,10.19,13.18,14.34,10.86,14.85,10.0,10.9,17.33,19.6,13.0,9.44,16.95,11.16,9.18,15.18,9.15,14.63,14.75,14.68,17.36,17.49,12.91,14.46,13.09,15.51,13.47,17.04,14.49,17.89,13.87,14.15,15.59,17.29,13.24,9.69,15.3,18.69,16.56,17.42,12.87,10.6,12.33,9.08,17.13,13.3,17.75,12.81,15.3,21.22,13.69,17.32,9.2,13.64,20.68,16.85,9.02,14.8,15.1,18.25,12.2,14.58,11.26,19.56,17.14,13.65,11.72,13.03,12.74,14.71,18.11,6.48,15.28,17.88,18.46,15.83,11.55,16.2,14.59,11.39,14.35,13.28,16.14,10.65,13.9,12.24,7.86,14.79,15.33,12.24,16.07,15.52,12.46,16.29,20.98,11.22,7.8,17.97,17.24,14.94,16.36,16.55,14.07,13.75,15.84,12.43,13.73,13.84,14.56,12.81,15.75,9.75,14.06,12.27,11.19,18.12,14.72,12.95,16.56,10.38,18.49,13.0,16.46,12.84,10.53,14.5,17.25,12.06,15.1,11.96,18.78,14.73,15.72,6.31,19.7,10.83,17.59,15.74,10.87,17.97,18.1,13.53,15.11,10.94,13.01,15.93,15.73,14.4,11.15,9.4,19.4,20.92,16.27,12.58,12.39,13.08,14.11,6.94,10.57,10.0,16.37,12.66,16.77,13.71,11.16,15.43,18.36,17.65,10.82,12.75,13.94,16.77,15.37,15.31,13.86,14.16,11.8,18.17,17.79,23.37,11.32,14.36,14.63,8.69,16.45,14.86,20.42,10.46,11.18,14.5,15.13,14.38,9.78,17.54,10.22,11.73,14.19,19.06,13.26,12.6,14.28,21.29,12.83,17.76,10.97,18.46,16.11,20.68,13.09,19.21,11.71,14.13,16.93,15.3,17.67,18.46,15.02,17.99,15.92,14.91,14.51,18.25,12.84,14.61,10.5,17.32,12.54,13.87,13.7,17.93,19.43,14.14,15.61,17.89,15.28,13.27,12.1,17.28,14.94,13.39,16.76,15.14,15.29,10.66,17.5,14.24,14.93,18.08,13.86,17.05,16.91,9.05,19.54,12.13,15.06,12.14,14.28,15.14,15.37,13.33,11.09,16.96,14.54,15.43,15.93,15.77,17.21,15.66,17.0,14.12,13.47,19.07,16.87,15.45,11.96,14.07,19.04,18.65,12.04,12.13,18.94,17.17,16.9,19.49,14.71,17.35,14.47,17.23,11.82,12.21,16.17,9.78,16.85,16.53,10.11,18.5,15.09,15.08,20.83,13.79,12.85,16.75,13.89,13.02,15.82,13.31,20.3,16.31,18.42,12.25,14.77,13.71,11.9,16.87,19.67,18.32,17.78,13.01,17.79,19.04,12.53,20.34,16.47,19.21,13.48,16.39,16.31,16.15,12.78,15.14,13.5,13.1,11.45,16.64,10.42,9.46,14.83,9.71,14.31,17.72,17.34,16.92,10.16,16.45,15.18,19.05,15.78,13.75,15.45,14.1,12.86,19.64,20.65,11.81,16.18,17.02,20.71,7.07,14.02,16.64,11.74,13.91,11.78,12.29,13.56,19.79,16.1,18.48,16.69,19.33,15.62,17.22,11.23,20.33,15.42,19.63,22.5,13.02,13.39,15.46,11.46,23.38,18.52,14.38,10.38,14.32,16.21,18.31,18.38,22.84,16.78,16.1,11.46,16.25,15.95,12.75,12.75,14.44,15.89,6.83,9.28,16.51,16.63,15.29,11.87,19.79,20.06,10.5,20.77,14.36,10.5,16.9,15.25,20.09,14.53,17.71,11.39,15.82,13.75,20.69,16.28,13.91,10.85,15.65,19.6,23.19,20.92,12.32,11.42,16.31,12.21,16.08,19.62,18.88,17.21,,,,,,,1.08
,,,,,,,,,,,,,,,,,,,,4.8,6.27,8.48,4.46,4.19,6.38,6.25,8.64,6.21,6.76,6.5,6.85,6.35,3.41,3.97,3.59,4.14,6.46,5.05,7.65,5.56,6.31,6.13,5.64,7.32,3.86,7.29,4.49,4.51,5.64,6.18,6.62,6.88,7.68,6.89,7.08,5.5,5.99,6.39,8.76,3.92,6.5,7.41,2.93,7.62,7.15,6.02,4.98,7.94,6.26,6.83,4.68,4.73,5.4,7.5,6.79,6.95,4.35,3.7,6.37,6.42,6.44,5.85,4.41,7.08,8.0,4.42,6.19,4.87,3.89,5.64,4.35,3.89,6.66,8.26,4.54,4.06,6.15,4.0,4.55,5.88,2.83,3.99,5.77,5.99,6.18,6.93,5.79,5.96,5.07,5.5,5.03,7.44,4.87,6.57,4.82,4.19,6.63,6.98,6.16,3.7,6.23,8.22,6.25,6.89,5.16,4.8,4.3,4.97,6.56,6.01,6.82,5.06,5.27,8.57,5.07,6.19,2.8,4.85,9.16,5.74,3.19,7.0,6.16,6.11,4.69,6.11,3.66,7.23,8.86,3.86,3.93,5.24,6.17,6.11,6.38,2.86,5.96,7.6,7.52,6.62,4.99,6.61,6.36,3.33,5.2,5.54,6.09,5.06,6.08,4.58,3.1,5.19,5.36,5.18,6.5,5.32,4.48,5.37,8.67,4.82,4.04,6.55,7.04,7.14,6.48,5.52,4.82,6.24,6.34,5.47,5.62,5.22,5.24,5.58,5.75,5.22,5.65,4.76,5.89,7.62,6.46,5.49,5.35,4.24,8.13,4.6,6.65,5.3,3.65,5.89,6.93,6.66,5.24,5.61,8.22,4.66,4.91,2.16,7.97,4.48,7.42,7.45,4.49,7.0,7.19,6.6,6.36,4.28,4.7,6.12,5.72,5.8,4.9,4.34,7.31,7.5,6.03,5.57,3.65,5.98,5.3,3.2,4.62,3.91,7.32,5.45,6.92,6.2,3.66,6.18,6.78,6.52,4.85,4.67,6.97,7.0,5.53,5.75,5.36,5.73,4.74,6.79,6.85,8.46,4.45,5.5,6.29,4.6,6.41,5.49,8.18,5.33,4.94,4.56,5.79,5.67,3.33,6.61,3.99,4.32,6.5,8.28,6.06,5.51,5.78,7.55,5.69,7.82,4.95,7.19,7.19,8.74,4.78,6.34,5.99,5.88,6.5,7.28,7.49,6.94,5.75,6.49,7.2,6.02,5.7,7.16,4.9,5.62,4.41,7.12,5.16,5.21,5.51,6.97,8.41,5.63,6.78,7.02,5.93,5.64,5.12,5.51,6.09,4.94,6.65,6.7,5.71,4.72,7.23,5.92,5.82,6.67,6.23,7.19,5.94,3.4,7.98,5.45,6.32,5.6,4.34,6.41,5.65,6.01,4.5,6.77,6.41,6.86,5.81,5.62,6.1,6.33,6.63,6.2,4.17,6.76,6.34,5.89,5.11,5.74,7.15,7.64,4.81,4.85,6.67,7.42,6.3,6.58,7.28,7.46,4.9,5.91,5.32,6.48,6.34,4.58,6.35,5.6,4.85,7.57,5.6,5.59,7.85,5.54,5.29,7.7,5.78,5.42,6.19,6.6,7.8,6.58,7.12,5.28,5.79,6.44,5.19,5.99,7.43,7.6,5.87,5.31,5.76,8.11,5.22,8.22,6.95,7.88,5.35,6.19,5.45,5.58,4.99,5.11,6.15,5.62,5.37,6.85,3.89,4.71,5.49,3.97,6.48,7.7,5.75,6.63,3.57,6.02,6.1,7.05,5.26,5.23,6.28,5.72,5.75,8.21,7.27,4.61,7.64,6.06,7.83,3.7,5.39,7.51,4.35,5.18,4.75,5.35,6.17,7.97,5.41,6.17,7.35,6.51,6.34,7.22,5.61,8.12,5.12,8.31,7.73,5.85,6.39,5.41,5.07,9.15,7.55,5.92,4.16,5.08,7.84,6.63,7.01,8.93,6.54,5.91,5.17,6.33,6.38,4.67,5.42,6.26,6.37,2.9,3.47,6.5,6.8,6.04,5.43,7.47,8.16,4.94,7.37,5.54,4.16,6.01,5.95,8.35,6.6,6.57,5.39,5.98,5.67,8.29,6.09,5.13,5.73,6.07,6.79,9.21,7.54,5.05,5.13,6.8,4.64,5.18,7.71,6.96,8.41,,,,,,,1.18
,,,,,,,,,,,,,,,,,,,,0.0,0.0,0.0,0.0,0.0,0.0,0.0,0.0,0.0,0.0,0.0,0.0,0.0,0.0,0.0,0.0,0.0,0.0,0.0,0.0,0.0,0.0,0.0,0.0,0.0,0.0,0.0,0.0,0.0,0.0,0.0,0.0,0.0,0.0,0.0,0.0,0.0,0.0,0.0,0.0,0.0,0.0,0.0,0.0,0.0,0.0,0.0,0.0,0.0,0.0,0.0,0.0,0.0,0.0,0.0,0.0,0.0,0.0,0.0,0.0,0.0,0.0,0.0,0.0,0.0,0.0,0.0,0.0,0.0,0.0,0.0,0.0,0.0,0.0,0.0,0.0,0.0,0.0,0.0,0.0,0.0,0.0,0.0,0.0,0.0,0.0,0.0,0.0,0.0,0.0,0.0,0.0,0.0,0.0,0.0,0.0,0.0,0.0,0.0,0.0,0.0,0.0,0.0,0.0,0.0,0.0,0.0,0.0,0.0,0.0,0.0,0.0,0.0,0.0,0.0,0.0,0.0,0.0,0.0,0.0,0.0,0.0,0.0,0.0,0.0,0.0,0.0,0.0,0.0,0.0,0.0,0.0,0.0,0.0,0.0,0.0,0.0,0.0,0.0,0.0,0.0,0.0,0.0,0.0,0.0,0.0,0.0,0.0,0.0,0.0,0.0,0.0,0.0,0.0,0.0,0.0,0.0,0.0,0.0,0.0,0.0,0.0,0.0,0.0,0.0,0.0,0.0,0.0,0.0,0.0,0.0,0.0,0.0,0.0,0.0,0.0,0.0,0.0,0.0,0.0,0.0,0.0,0.0,0.0,0.0,0.0,0.0,0.0,0.0,0.0,0.0,0.0,0.0,0.0,0.0,0.0,0.0,0.0,0.0,0.0,0.0,0.0,0.0,0.0,0.0,0.0,0.0,0.0,0.0,0.0,0.0,0.0,0.0,0.0,0.0,0.0,0.0,0.0,0.0,0.0,0.0,0.0,0.0,0.0,0.0,0.0,0.0,0.0,0.0,0.0,0.0,0.0,0.0,0.0,0.0,0.0,0.0,0.0,0.0,0.0,0.0,0.0,0.0,0.0,0.0,0.0,0.0,0.0,0.0,0.0,0.0,0.0,0.0,0.0,0.0,0.0,0.0,0.0,0.0,0.0,0.0,0.0,0.0,0.0,0.0,0.0,0.0,0.0,0.0,0.0,0.0,0.0,0.0,0.0,0.0,0.0,0.0,0.0,0.0,0.0,0.0,0.0,0.0,0.0,0.0,0.0,0.0,0.0,0.0,0.0,0.0,0.0,0.0,0.0,0.0,0.0,0.0,0.0,0.0,0.0,0.0,0.0,0.0,0.0,0.0,0.0,0.0,0.0,0.0,0.0,0.0,0.0,0.0,0.0,0.0,0.0,0.0,0.0,0.0,0.0,0.0,0.0,0.0,0.0,0.0,0.0,0.0,0.0,0.0,0.0,0.0,0.0,0.0,0.0,0.0,0.0,0.0,0.0,0.0,0.0,0.0,0.0,0.0,0.0,0.0,0.0,0.0,0.0,0.0,0.0,0.0,0.0,0.0,0.0,0.0,0.0,0.0,0.0,0.0,0.0,0.0,0.0,0.0,0.0,0.0,0.0,0.0,0.0,0.0,0.0,0.0,0.0,0.0,0.0,0.0,0.0,0.0,0.0,0.0,0.0,0.0,0.0,0.0,0.0,0.0,0.0,0.0,0.0,0.0,0.0,0.0,0.0,0.0,0.0,0.0,0.0,0.0,0.0,0.0,0.0,0.0,0.0,0.0,0.0,0.0,0.0,0.0,0.0,0.0,0.0,0.0,0.0,0.0,0.0,0.0,0.0,0.0,0.0,0.0,0.0,0.0,0.0,0.0,0.0,0.0,0.0,0.0,0.0,0.0,0.0,0.0,0.0,0.0,0.0,0.0,0.0,0.0,0.0,0.0,0.0,0.0,0.0,0.0,0.0,0.0,0.0,0.0,0.0,0.0,0.0,0.0,0.0,0.0,0.0,0.0,0.0,0.0,0.0,0.0,0.0,0.0,0.0,0.0,0.0,0.0,0.0,0.0,0.0,0.0,0.0,0.0,0.0,0.0,0.0,0.0,0.0,0.0,0.0,0.0,0.0,0.0,0.0,0.0,0.0,0.0,0.0,0.0,0.0,0.0,0.0,0.0,0.0,0.0,0.0,0.0,0.0,0.0,0.0,0.0,0.0,,,,,,,1.28
,,,,,,,,,,,,,,,,,,,,0.0,0.0,0.0,0.0,0.0,0.0,0.0,0.0,0.0,0.0,0.0,0.0,0.0,0.0,0.0,0.0,0.0,0.0,0.0,0.0,0.0,0.0,0.0,0.0,0.0,0.0,0.0,0.0,0.0,0.0,0.0,0.0,0.0,0.0,0.0,0.0,0.0,0.0,0.0,0.0,0.0,0.0,0.0,0.0,0.0,0.0,0.0,0.0,0.0,0.0,0.0,0.0,0.0,0.0,0.0,0.0,0.0,0.0,0.0,0.0,0.0,0.0,0.0,0.0,0.0,0.0,0.0,0.0,0.0,0.0,0.0,0.0,0.0,0.0,0.0,0.0,0.0,0.0,0.0,0.0,0.0,0.0,0.0,0.0,0.0,0.0,0.0,0.0,0.0,0.0,0.0,0.0,0.0,0.0,0.0,0.0,0.0,0.0,0.0,0.0,0.0,0.0,0.0,0.0,0.0,0.0,0.0,0.0,0.0,0.0,0.0,0.0,0.0,0.0,0.0,0.0,0.0,0.0,0.0,0.0,0.0,0.0,0.0,0.0,0.0,0.0,0.0,0.0,0.0,0.0,0.0,0.0,0.0,0.0,0.0,0.0,0.0,0.0,0.0,0.0,0.0,0.0,0.0,0.0,0.0,0.0,0.0,0.0,0.0,0.0,0.0,0.0,0.0,0.0,0.0,0.0,0.0,0.0,0.0,0.0,0.0,0.0,0.0,0.0,0.0,0.0,0.0,0.0,0.0,0.0,0.0,0.0,0.0,0.0,0.0,0.0,0.0,0.0,0.0,0.0,0.0,0.0,0.0,0.0,0.0,0.0,0.0,0.0,0.0,0.0,0.0,0.0,0.0,0.0,0.0,0.0,0.0,0.0,0.0,0.0,0.0,0.0,0.0,0.0,0.0,0.0,0.0,0.0,0.0,0.0,0.0,0.0,0.0,0.0,0.0,0.0,0.0,0.0,0.0,0.0,0.0,0.0,0.0,0.0,0.0,0.0,0.0,0.0,0.0,0.0,0.0,0.0,0.0,0.0,0.0,0.0,0.0,0.0,0.0,0.0,0.0,0.0,0.0,0.0,0.0,0.0,0.0,0.0,0.0,0.0,0.0,0.0,0.0,0.0,0.0,0.0,0.0,0.0,0.0,0.0,0.0,0.0,0.0,0.0,0.0,0.0,0.0,0.0,0.0,0.0,0.0,0.0,0.0,0.0,0.0,0.0,0.0,0.0,0.0,0.0,0.0,0.0,0.0,0.0,0.0,0.0,0.0,0.0,0.0,0.0,0.0,0.0,0.0,0.0,0.0,0.0,0.0,0.0,0.0,0.0,0.0,0.0,0.0,0.0,0.0,0.0,0.0,0.0,0.0,0.0,0.0,0.0,0.0,0.0,0.0,0.0,0.0,0.0,0.0,0.0,0.0,0.0,0.0,0.0,0.0,0.0,0.0,0.0,0.0,0.0,0.0,0.0,0.0,0.0,0.0,0.0,0.0,0.0,0.0,0.0,0.0,0.0,0.0,0.0,0.0,0.0,0.0,0.0,0.0,0.0,0.0,0.0,0.0,0.0,0.0,0.0,0.0,0.0,0.0,0.0,0.0,0.0,0.0,0.0,0.0,0.0,0.0,0.0,0.0,0.0,0.0,0.0,0.0,0.0,0.0,0.0,0.0,0.0,0.0,0.0,0.0,0.0,0.0,0.0,0.0,0.0,0.0,0.0,0.0,0.0,0.0,0.0,0.0,0.0,0.0,0.0,0.0,0.0,0.0,0.0,0.0,0.0,0.0,0.0,0.0,0.0,0.0,0.0,0.0,0.0,0.0,0.0,0.0,0.0,0.0,0.0,0.0,0.0,0.0,0.0,0.0,0.0,0.0,0.0,0.0,0.0,0.0,0.0,0.0,0.0,0.0,0.0,0.0,0.0,0.0,0.0,0.0,0.0,0.0,0.0,0.0,0.0,0.0,0.0,0.0,0.0,0.0,0.0,0.0,0.0,0.0,0.0,0.0,0.0,0.0,0.0,0.0,0.0,0.0,0.0,0.0,0.0,0.0,0.0,0.0,0.0,0.0,0.0,0.0,0.0,0.0,0.0,0.0,0.0,0.0,0.0,0.0,0.0,0.0,0.0,0.0,0.0,0.0,0.0,0.0,0.0,0.0,0.0,0.0,0.0,0.0,0.0,0.0,0.0,0.0,0.0,0.0,0.0,0.0,0.0,,,,,,,1.26
,,,,,,,,,,,,,,,,,,,,0.0,0.0,0.0,0.0,0.0,0.0,0.0,0.0,0.0,0.0,0.0,0.0,0.0,0.0,0.0,0.0,0.0,0.0,0.0,0.0,0.0,0.0,0.0,0.0,0.0,0.0,0.0,0.0,0.0,0.0,0.0,0.0,0.0,0.0,0.0,0.0,0.0,0.0,0.0,0.0,0.0,0.0,0.0,0.0,0.0,0.0,0.0,0.0,0.0,0.0,0.0,0.0,0.0,0.0,0.0,0.0,0.0,0.0,0.0,0.0,0.0,0.0,0.0,0.0,0.0,0.0,0.0,0.0,0.0,0.0,0.0,0.0,0.0,0.0,0.0,0.0,0.0,0.0,0.0,0.0,0.0,0.0,0.0,0.0,0.0,0.0,0.0,0.0,0.0,0.0,0.0,0.0,0.0,0.0,0.0,0.0,0.0,0.0,0.0,0.0,0.0,0.0,0.0,0.0,0.0,0.0,0.0,0.0,0.0,0.0,0.0,0.0,0.0,0.0,0.0,0.0,0.0,0.0,0.0,0.0,0.0,0.0,0.0,0.0,0.0,0.0,0.0,0.0,0.0,0.0,0.0,0.0,0.0,0.0,0.0,0.0,0.0,0.0,0.0,0.0,0.0,0.0,0.0,0.0,0.0,0.0,0.0,0.0,0.0,0.0,0.0,0.0,0.0,0.0,0.0,0.0,0.0,0.0,0.0,0.0,0.0,0.0,0.0,0.0,0.0,0.0,0.0,0.0,0.0,0.0,0.0,0.0,0.0,0.0,0.0,0.0,0.0,0.0,0.0,0.0,0.0,0.0,0.0,0.0,0.0,0.0,0.0,0.0,0.0,0.0,0.0,0.0,0.0,0.0,0.0,0.0,0.0,0.0,0.0,0.0,0.0,0.0,0.0,0.0,0.0,0.0,0.0,0.0,0.0,0.0,0.0,0.0,0.0,0.0,0.0,0.0,0.0,0.0,0.0,0.0,0.0,0.0,0.0,0.0,0.0,0.0,0.0,0.0,0.0,0.0,0.0,0.0,0.0,0.0,0.0,0.0,0.0,0.0,0.0,0.0,0.0,0.0,0.0,0.0,0.0,0.0,0.0,0.0,0.0,0.0,0.0,0.0,0.0,0.0,0.0,0.0,0.0,0.0,0.0,0.0,0.0,0.0,0.0,0.0,0.0,0.0,0.0,0.0,0.0,0.0,0.0,0.0,0.0,0.0,0.0,0.0,0.0,0.0,0.0,0.0,0.0,0.0,0.0,0.0,0.0,0.0,0.0,0.0,0.0,0.0,0.0,0.0,0.0,0.0,0.0,0.0,0.0,0.0,0.0,0.0,0.0,0.0,0.0,0.0,0.0,0.0,0.0,0.0,0.0,0.0,0.0,0.0,0.0,0.0,0.0,0.0,0.0,0.0,0.0,0.0,0.0,0.0,0.0,0.0,0.0,0.0,0.0,0.0,0.0,0.0,0.0,0.0,0.0,0.0,0.0,0.0,0.0,0.0,0.0,0.0,0.0,0.0,0.0,0.0,0.0,0.0,0.0,0.0,0.0,0.0,0.0,0.0,0.0,0.0,0.0,0.0,0.0,0.0,0.0,0.0,0.0,0.0,0.0,0.0,0.0,0.0,0.0,0.0,0.0,0.0,0.0,0.0,0.0,0.0,0.0,0.0,0.0,0.0,0.0,0.0,0.0,0.0,0.0,0.0,0.0,0.0,0.0,0.0,0.0,0.0,0.0,0.0,0.0,0.0,0.0,0.0,0.0,0.0,0.0,0.0,0.0,0.0,0.0,0.0,0.0,0.0,0.0,0.0,0.0,0.0,0.0,0.0,0.0,0.0,0.0,0.0,0.0,0.0,0.0,0.0,0.0,0.0,0.0,0.0,0.0,0.0,0.0,0.0,0.0,0.0,0.0,0.0,0.0,0.0,0.0,0.0,0.0,0.0,0.0,0.0,0.0,0.0,0.0,0.0,0.0,0.0,0.0,0.0,0.0,0.0,0.0,0.0,0.0,0.0,0.0,0.0,0.0,0.0,0.0,0.0,0.0,0.0,0.0,0.0,0.0,0.0,0.0,0.0,0.0,0.0,0.0,0.0,0.0,0.0,0.0,0.0,0.0,0.0,0.0,0.0,0.0,0.0,0.0,0.0,0.0,0.0,0.0,0.0,0.0,0.0,0.0,0.0,0.0,0.0,0.0,0.0,0.0,0.0,0.0,0.0,,,,,,,1.1
,,,,,,,,,,,,,,,,,,,,0.0,0.0,0.0,0.0,0.0,0.0,0.0,0.0,0.0,0.0,0.0,0.0,0.0,0.0,0.0,0.0,0.0,0.0,0.0,0.0,0.0,0.0,0.0,0.0,0.0,0.0,0.0,0.0,0.0,0.0,0.0,0.0,0.0,0.0,0.0,0.0,0.0,0.0,0.0,0.0,0.0,0.0,0.0,0.0,0.0,0.0,0.0,0.0,0.0,0.0,0.0,0.0,0.0,0.0,0.0,0.0,0.0,0.0,0.0,0.0,0.0,0.0,0.0,0.0,0.0,0.0,0.0,0.0,0.0,0.0,0.0,0.0,0.0,0.0,0.0,0.0,0.0,0.0,0.0,0.0,0.0,0.0,0.0,0.0,0.0,0.0,0.0,0.0,0.0,0.0,0.0,0.0,0.0,0.0,0.0,0.0,0.0,0.0,0.0,0.0,0.0,0.0,0.0,0.0,0.0,0.0,0.0,0.0,0.0,0.0,0.0,0.0,0.0,0.0,0.0,0.0,0.0,0.0,0.0,0.0,0.0,0.0,0.0,0.0,0.0,0.0,0.0,0.0,0.0,0.0,0.0,0.0,0.0,0.0,0.0,0.0,0.0,0.0,0.0,0.0,0.0,0.0,0.0,0.0,0.0,0.0,0.0,0.0,0.0,0.0,0.0,0.0,0.0,0.0,0.0,0.0,0.0,0.0,0.0,0.0,0.0,0.0,0.0,0.0,0.0,0.0,0.0,0.0,0.0,0.0,0.0,0.0,0.0,0.0,0.0,0.0,0.0,0.0,0.0,0.0,0.0,0.0,0.0,0.0,0.0,0.0,0.0,0.0,0.0,0.0,0.0,0.0,0.0,0.0,0.0,0.0,0.0,0.0,0.0,0.0,0.0,0.0,0.0,0.0,0.0,0.0,0.0,0.0,0.0,0.0,0.0,0.0,0.0,0.0,0.0,0.0,0.0,0.0,0.0,0.0,0.0,0.0,0.0,0.0,0.0,0.0,0.0,0.0,0.0,0.0,0.0,0.0,0.0,0.0,0.0,0.0,0.0,0.0,0.0,0.0,0.0,0.0,0.0,0.0,0.0,0.0,0.0,0.0,0.0,0.0,0.0,0.0,0.0,0.0,0.0,0.0,0.0,0.0,0.0,0.0,0.0,0.0,0.0,0.0,0.0,0.0,0.0,0.0,0.0,0.0,0.0,0.0,0.0,0.0,0.0,0.0,0.0,0.0,0.0,0.0,0.0,0.0,0.0,0.0,0.0,0.0,0.0,0.0,0.0,0.0,0.0,0.0,0.0,0.0,0.0,0.0,0.0,0.0,0.0,0.0,0.0,0.0,0.0,0.0,0.0,0.0,0.0,0.0,0.0,0.0,0.0,0.0,0.0,0.0,0.0,0.0,0.0,0.0,0.0,0.0,0.0,0.0,0.0,0.0,0.0,0.0,0.0,0.0,0.0,0.0,0.0,0.0,0.0,0.0,0.0,0.0,0.0,0.0,0.0,0.0,0.0,0.0,0.0,0.0,0.0,0.0,0.0,0.0,0.0,0.0,0.0,0.0,0.0,0.0,0.0,0.0,0.0,0.0,0.0,0.0,0.0,0.0,0.0,0.0,0.0,0.0,0.0,0.0,0.0,0.0,0.0,0.0,0.0,0.0,0.0,0.0,0.0,0.0,0.0,0.0,0.0,0.0,0.0,0.0,0.0,0.0,0.0,0.0,0.0,0.0,0.0,0.0,0.0,0.0,0.0,0.0,0.0,0.0,0.0,0.0,0.0,0.0,0.0,0.0,0.0,0.0,0.0,0.0,0.0,0.0,0.0,0.0,0.0,0.0,0.0,0.0,0.0,0.0,0.0,0.0,0.0,0.0,0.0,0.0,0.0,0.0,0.0,0.0,0.0,0.0,0.0,0.0,0.0,0.0,0.0,0.0,0.0,0.0,0.0,0.0,0.0,0.0,0.0,0.0,0.0,0.0,0.0,0.0,0.0,0.0,0.0,0.0,0.0,0.0,0.0,0.0,0.0,0.0,0.0,0.0,0.0,0.0,0.0,0.0,0.0,0.0,0.0,0.0,0.0,0.0,0.0,0.0,0.0,0.0,0.0,0.0,0.0,0.0,0.0,0.0,0.0,0.0,0.0,0.0,0.0,0.0,0.0,0.0,0.0,0.0,0.0,0.0,0.0,0.0,0.0,0.0,0.0,0.0,0.0,0.0,,,,,,,0.9
,,,,,,,,,,,,,,,,,,,,3.06,0.0,0.6,0.0,2.34,4.29,0.18,3.92,0.56,3.46,5.14,0.0,0.0,3.38,5.81,2.38,3.19,6.07,3.35,2.53,6.79,3.76,3.08,3.71,1.36,0.4,2.26,0.0,3.83,2.96,0.0,4.64,1.98,5.22,3.24,8.99,0.2,4.72,4.62,5.92,1.3,5.22,2.42,2.65,6.09,0.0,0.83,3.52,3.92,0.0,2.77,3.33,2.99,3.0,4.26,4.15,0.04,0.0,0.6,5.98,3.79,2.62,4.34,1.48,5.83,4.36,0.0,0.88,1.89,2.19,1.42,0.98,4.32,3.06,2.01,6.86,7.99,2.69,4.89,0.0,1.99,5.85,3.01,0.0,0.0,7.14,4.61,1.65,2.56,6.43,5.85,0.27,2.91,4.85,4.52,0.0,2.81,2.72,0.75,4.29,0.0,0.0,0.42,8.48,5.06,3.24,3.21,5.08,1.38,3.22,2.72,4.92,0.0,0.0,0.74,4.76,2.64,2.01,0.84,5.66,3.56,4.96,1.48,1.52,0.0,1.67,3.4,5.82,0.02,7.58,2.78,3.94,6.2,0.0,1.91,6.71,1.1,5.82,6.79,2.51,2.7,0.05,1.12,3.22,1.12,4.03,0.36,0.0,0.28,3.87,4.75,0.0,7.96,6.01,3.16,3.03,6.86,4.31,4.54,8.86,2.27,1.4,2.61,4.36,0.52,2.7,0.65,1.2,3.52,5.03,1.32,2.18,4.49,6.77,1.48,1.54,4.74,3.21,0.98,1.12,0.0,0.67,2.24,0.0,0.0,5.91,3.41,5.2,2.24,7.03,0.34,0.6,0.0,4.82,4.92,3.8,9.84,4.12,3.61,5.76,0.05,3.57,3.06,0.0,4.65,3.62,2.51,0.0,3.03,7.69,7.65,0.0,2.33,0.0,2.39,2.87,2.19,0.0,4.87,3.97,2.7,4.43,6.4,6.01,2.51,0.47,4.26,7.24,3.95,3.52,0.0,0.0,4.98,1.32,3.1,0.77,0.0,4.88,4.13,3.65,5.27,2.26,0.22,2.57,2.3,0.0,3.31,7.57,0.0,5.17,4.81,2.89,2.88,2.49,0.45,2.99,1.39,2.47,3.82,4.06,4.06,1.17,0.0,5.78,4.93,0.04,4.53,0.0,3.92,3.46,0.0,1.97,9.56,0.6,2.57,4.51,1.59,5.55,0.68,2.47,4.29,4.8,4.33,4.23,4.19,6.43,2.96,8.37,2.61,1.17,0.77,0.0,0.83,1.66,2.71,4.15,6.74,3.99,2.47,2.12,0.6,2.96,2.59,3.16,1.53,2.46,2.03,5.04,2.08,2.56,0.77,4.97,2.64,8.32,0.49,0.58,0.21,8.27,0.0,4.98,8.07,1.41,1.39,7.17,3.79,0.23,6.46,3.47,4.96,3.64,6.06,5.31,5.12,4.01,3.38,2.81,5.07,2.12,3.64,5.28,4.18,0.82,6.33,1.83,5.53,4.5,2.31,0.0,8.29,2.14,5.06,1.44,6.91,8.66,2.91,3.2,6.28,6.04,2.86,4.14,6.23,6.08,2.2,5.47,2.91,0.0,3.19,0.63,4.4,3.37,0.75,5.07,0.52,3.42,2.7,5.33,3.62,1.12,3.47,2.37,6.49,3.82,2.12,0.0,3.54,1.15,2.38,3.19,0.0,2.46,5.83,2.12,3.35,6.29,0.3,1.07,2.6,6.37,5.83,7.2,2.96,2.24,5.73,5.49,3.84,4.21,0.21,2.46,1.09,0.0,3.98,4.04,7.49,4.75,0.0,2.59,0.0,7.67,4.82,0.61,0.0,4.09,0.39,5.24,0.0,5.0,3.44,5.09,0.16,6.28,0.0,1.12,2.62,2.23,4.24,2.12,7.71,5.8,1.7,2.66,3.46,0.0,1.58,4.07,1.31,0.0,0.0,6.84,3.75,3.7,8.71,6.56,0.0,3.59,0.95,5.07,4.83,2.73,1.81,0.0,4.3,0.0,3.41,6.2,2.81,5.93,0.0,1.15,2.04,1.27,1.84,6.97,2.34,2.32,0.0,1.43,4.52,0.18,3.32,0.06,2.79,2.81,3.14,2.58,3.01,4.76,2.89,2.53,1.36,1.1,0.32,1.87,4.86,3.39,4.01,3.9,2.28,5.24,2.9,0.0,,,,,,,0.96
,,,,,,,,,,,,,,,,,,,,13.53,0.0,5.14,0.0,9.72,16.26,3.06,15.34,3.99,14.26,19.38,2.17,0.4,13.75,21.64,8.52,10.54,21.23,15.33,12.91,23.36,14.45,13.0,13.44,6.59,2.96,10.79,0.0,14.68,13.04,3.12,17.16,8.26,18.33,13.66,31.24,3.52,17.06,15.32,21.77,6.01,20.43,10.46,7.52,20.56,0.04,5.11,12.24,15.3,0.0,13.7,14.09,12.23,12.31,14.85,15.48,1.55,0.0,5.21,22.1,13.65,12.69,17.44,8.71,21.17,17.43,3.79,3.67,9.83,10.67,7.85,5.5,16.64,10.66,10.09,25.12,27.6,12.35,17.06,2.33,8.36,18.71,10.97,1.86,0.0,26.71,17.25,5.18,10.2,24.53,21.7,4.32,13.09,16.43,16.29,1.88,10.58,11.13,2.51,15.6,0.53,0.0,3.69,29.54,14.35,10.81,13.83,17.68,5.06,12.32,11.18,15.09,0.0,0.0,3.19,16.11,9.06,8.26,4.12,22.26,12.75,18.29,8.36,8.37,0.0,7.76,12.62,21.99,2.31,23.51,12.36,14.53,22.45,0.7,9.1,26.18,5.84,22.71,24.94,10.95,11.49,1.72,5.89,13.73,7.41,15.42,3.59,1.83,3.22,13.27,17.71,0.0,27.76,22.11,13.13,13.86,23.14,16.74,18.33,30.65,9.52,4.5,13.12,15.73,4.84,12.17,4.73,8.56,12.26,20.05,7.39,11.75,15.47,24.2,4.81,5.91,16.62,12.5,6.98,8.36,0.45,4.64,9.6,0.0,0.0,20.3,13.57,19.43,8.58,25.77,4.57,6.23,0.0,18.7,20.27,15.71,34.46,14.52,12.73,20.85,1.84,15.29,12.69,1.59,16.64,14.82,10.63,0.0,13.05,26.69,27.84,0.0,9.52,0.49,9.94,12.34,10.1,0.25,18.64,16.0,8.98,15.09,21.12,22.16,11.74,4.19,13.98,26.21,14.59,15.41,0.0,0.0,19.19,7.09,13.72,4.01,2.08,16.63,15.73,15.11,19.81,9.96,4.95,12.14,11.81,1.7,13.27,28.18,0.0,18.56,19.9,13.17,13.14,10.39,3.97,11.58,7.65,11.73,14.33,15.97,14.37,9.49,0.0,22.12,19.46,3.13,14.58,0.78,16.28,13.53,0.0,7.38,33.06,4.25,10.19,15.43,9.37,19.72,1.32,9.4,17.25,18.39,15.59,16.2,17.1,21.79,12.71,29.34,10.59,6.68,5.03,2.74,4.61,7.71,10.05,15.93,23.41,14.87,9.71,9.68,5.71,13.55,10.88,11.05,7.19,9.83,7.47,16.59,9.55,9.55,3.6,19.67,10.59,29.9,3.02,5.36,2.6,30.28,0.0,17.75,28.96,6.25,8.61,25.97,13.41,4.05,20.33,13.74,17.92,14.55,21.76,18.82,18.18,13.98,14.84,10.22,20.76,8.28,12.87,19.17,13.83,5.06,20.98,8.52,20.76,17.28,9.29,0.0,29.31,8.92,17.94,6.46,24.28,30.3,11.53,13.11,23.74,22.15,11.27,16.81,21.24,20.91,10.91,19.61,10.96,0.0,12.84,1.9,16.59,12.32,5.55,17.93,3.22,11.15,7.78,19.74,14.4,4.84,13.48,8.25,21.55,14.52,9.64,0.32,13.45,6.18,11.54,12.47,0.0,10.07,20.33,9.21,12.74,23.31,3.35,5.89,10.91,22.46,22.85,25.06,12.82,10.88,19.36,20.16,15.52,16.52,2.53,7.54,7.39,0.0,14.87,14.61,27.71,19.05,0.0,10.09,4.16,24.52,18.57,2.14,0.0,14.09,3.72,20.13,0.0,17.24,16.67,19.84,1.03,21.46,0.0,5.73,10.85,10.72,15.31,9.5,27.82,20.28,8.34,11.75,11.0,0.0,7.07,13.89,8.0,0.8,0.0,23.47,14.59,14.84,30.13,25.37,0.96,13.5,5.81,18.18,18.78,12.49,7.89,2.75,16.98,0.0,14.78,20.59,10.1,21.57,0.0,6.66,9.44,3.69,6.31,25.21,8.53,7.97,0.0,7.66,16.95,1.39,13.86,3.68,10.65,11.27,10.85,10.02,12.56,19.52,9.98,11.01,8.51,4.88,4.5,7.47,14.99,14.66,13.71,16.17,9.36,19.64,11.9,0.0,,,,,,,1.22
,,,,,,,,,,,,,,,,,,,,32.89,1.4,14.58,9.65,30.23,41.53,19.25,35.84,10.83,32.2,37.73,12.89,4.68,29.15,50.31,24.09,29.2,49.44,35.98,32.17,51.35,34.78,29.31,29.22,19.96,10.07,28.84,3.36,37.95,32.99,16.19,40.46,20.08,46.29,31.6,77.02,13.44,41.04,32.77,42.02,19.48,45.27,26.47,21.74,45.48,0.65,18.95,31.6,36.89,5.04,37.47,38.38,28.75,32.35,36.83,35.7,11.67,0.0,16.06,55.0,32.35,32.7,42.89,19.98,46.44,39.76,13.12,14.4,27.8,22.95,22.81,17.22,45.82,25.04,27.82,60.2,64.36,34.91,42.57,4.3,29.69,37.95,30.16,11.17,0.0,64.08,41.66,14.68,28.28,52.73,49.06,16.23,31.39,37.66,39.51,5.02,34.03,29.1,11.18,35.2,6.24,1.84,13.66,65.12,30.82,26.63,33.54,41.46,16.62,38.96,28.23,33.55,0.0,0.0,15.47,37.35,23.3,21.59,14.01,49.57,36.5,44.41,21.9,20.31,3.29,28.2,34.82,47.33,9.89,51.92,36.72,37.47,53.05,7.98,23.55,63.72,16.76,50.41,58.65,28.11,32.45,7.47,14.36,33.49,17.24,37.53,9.89,7.4,10.14,30.69,40.05,6.68,59.06,51.01,30.97,38.28,52.78,33.15,43.32,70.4,26.26,10.73,36.22,37.44,21.04,32.33,11.85,19.4,34.48,44.7,16.46,30.19,34.64,56.72,21.12,16.68,34.44,30.31,17.54,28.92,7.42,9.8,20.39,4.28,0.0,39.75,31.41,45.59,23.04,59.91,14.83,21.56,0.0,43.93,51.62,45.02,78.76,38.51,31.12,42.87,13.14,34.73,27.2,9.95,40.96,36.21,24.89,0.0,30.46,61.18,64.71,0.0,20.42,4.82,26.59,28.58,34.25,8.98,43.48,45.33,19.6,33.42,48.28,50.85,30.88,11.9,35.85,58.82,34.58,35.81,6.93,0.0,48.93,13.52,33.33,10.75,14.9,41.89,38.34,33.65,40.79,27.43,15.09,30.46,25.94,4.44,35.3,65.15,0.0,43.51,48.2,32.34,31.38,25.06,16.22,31.79,23.8,33.37,34.36,36.82,36.45,28.39,0.0,51.8,45.7,17.71,35.0,9.4,36.23,31.76,4.62,18.66,72.15,14.25,29.96,33.68,22.54,48.68,4.82,28.34,43.38,46.39,35.4,39.94,39.62,43.2,29.73,62.24,26.42,21.58,17.48,14.38,15.51,21.64,23.57,41.57,52.85,33.44,20.95,23.31,19.47,36.13,25.18,27.37,16.99,26.06,13.54,35.1,26.48,19.78,14.36,46.22,23.44,69.62,14.27,16.48,5.73,67.24,1.1,41.18,65.08,15.88,24.57,58.55,32.52,17.53,46.66,36.2,45.72,37.81,51.0,41.86,42.36,32.38,36.4,25.36,49.81,28.08,31.59,42.56,31.35,17.66,48.19,22.18,47.01,38.73,25.88,6.82,65.64,25.75,47.12,21.79,54.67,70.35,28.11,35.96,54.36,45.19,28.34,38.86,46.83,49.8,29.86,47.3,32.99,0.34,31.12,12.73,37.76,30.44,21.71,41.23,9.92,24.25,23.69,43.3,37.91,11.02,32.5,24.54,52.3,38.17,23.36,2.21,34.91,19.22,29.36,32.37,0.0,23.88,48.0,25.81,35.23,55.79,11.91,16.53,23.52,48.55,52.02,56.68,33.0,33.39,40.72,49.0,37.7,39.36,8.29,19.12,15.23,1.13,38.41,36.03,66.14,47.48,0.0,22.51,20.65,52.5,42.81,8.13,3.87,32.44,12.35,49.12,0.0,44.87,39.73,45.04,8.73,45.96,4.42,19.06,29.23,21.24,36.98,22.29,57.62,49.12,23.12,32.42,27.13,0.0,23.88,34.82,21.13,6.28,3.85,54.23,35.51,32.71,68.22,57.79,11.21,29.91,20.04,39.72,41.66,25.28,22.74,10.2,36.42,0.0,32.51,42.72,24.94,51.49,0.0,16.39,22.3,5.89,16.23,59.15,17.26,22.62,3.76,20.04,42.11,10.22,31.76,13.45,23.81,25.56,22.86,28.53,32.33,44.58,21.98,25.52,25.85,17.92,18.24,20.93,29.91,34.55,36.03,33.0,23.43,48.42,32.59,10.49,,,,,,,1.26
,,,,,,,,,,,,,,,,,,,,66.84,16.01,26.01,15.89,71.69,72.3,39.75,55.49,33.9,56.79,62.38,21.26,26.35,51.0,72.73,45.98,49.11,77.01,65.85,59.93,83.24,58.94,53.41,57.22,31.51,26.2,54.98,11.07,67.91,60.72,30.29,69.49,36.17,83.86,56.71,133.18,27.17,66.16,61.32,68.84,51.8,70.74,51.09,38.78,68.04,11.79,33.96,54.48,68.16,22.79,65.52,64.49,53.12,56.54,60.97,62.54,26.69,5.63,32.23,92.82,50.75,61.39,67.96,36.75,67.4,64.87,26.8,38.03,56.79,45.21,36.64,33.43,72.14,52.16,48.27,109.82,103.88,58.89,75.26,16.34,68.12,56.17,71.29,22.14,0.0,102.66,69.35,35.57,47.82,88.23,85.07,35.65,55.25,70.42,81.17,21.51,78.28,50.79,25.35,56.14,13.42,12.78,33.26,99.08,52.32,46.15,64.93,74.01,35.02,75.03,55.29,55.2,13.62,0.0,40.18,57.04,46.3,33.5,35.68,75.39,61.14,86.34,34.5,41.82,13.83,61.52,66.13,82.4,17.41,86.54,60.1,71.53,92.14,23.92,41.88,110.0,34.62,82.83,98.0,60.7,66.76,23.34,26.93,60.2,39.05,63.52,25.79,19.79,34.93,58.74,71.36,23.77,105.36,86.51,58.7,71.96,92.54,53.33,81.73,120.94,48.36,24.95,71.31,71.41,29.58,52.91,28.49,34.62,58.4,80.32,31.45,53.49,56.61,94.36,50.0,37.73,50.32,57.12,42.46,63.44,13.39,28.83,39.66,26.31,15.03,64.18,57.3,75.04,43.52,101.17,37.27,37.22,1.48,70.14,90.93,78.12,120.87,65.67,51.98,68.79,31.31,57.8,47.38,28.39,77.59,62.44,45.8,0.72,49.8,100.3,104.07,6.62,43.01,19.38,48.23,57.04,64.36,27.9,77.0,84.3,29.56,59.9,88.37,71.42,59.69,31.16,61.49,100.49,62.58,69.19,35.96,0.0,77.74,30.02,64.56,19.21,35.54,72.95,58.03,66.04,60.28,40.09,42.84,55.72,36.07,18.22,67.71,106.49,0.0,75.49,74.92,48.4,61.77,43.51,24.84,51.49,53.94,58.29,55.48,65.74,61.47,54.09,1.12,85.52,78.17,41.36,57.36,25.6,69.25,56.75,25.08,34.96,120.57,27.48,53.01,56.46,38.91,71.91,17.25,52.55,87.89,85.43,61.05,63.78,66.9,68.46,51.51,93.56,47.05,45.83,29.52,23.02,29.23,48.4,53.35,68.39,79.9,63.58,37.21,48.72,29.07,60.88,41.96,49.07,40.86,50.17,26.03,54.39,40.86,50.68,28.41,76.72,42.58,107.35,38.74,37.18,24.18,110.24,23.64,64.43,101.22,31.26,51.25,97.34,54.33,36.9,80.73,61.89,77.33,67.18,90.53,80.74,62.12,57.14,57.32,53.2,81.81,51.57,58.81,63.16,49.69,26.51,79.64,39.83,76.65,66.05,40.02,20.52,111.35,48.63,80.42,40.94,97.68,116.92,47.35,64.81,85.91,69.43,50.8,60.97,70.69,85.27,50.63,78.83,58.85,12.27,51.07,37.73,60.72,57.23,43.29,67.57,13.06,44.08,45.18,73.47,58.86,20.33,56.32,52.67,85.79,64.19,47.89,11.02,66.51,47.18,57.26,40.79,6.58,42.28,80.32,46.45,65.07,94.26,38.5,41.79,44.33,79.04,76.47,98.77,67.85,66.43,57.51,90.68,63.43,64.18,27.76,38.99,27.82,11.57,55.2,67.2,114.95,85.92,6.45,42.68,35.72,91.43,69.54,23.15,19.83,57.41,25.22,87.14,8.53,71.84,70.03,72.46,23.76,71.0,11.73,43.61,50.73,36.35,61.13,40.57,99.28,81.39,38.59,57.67,44.68,0.0,59.49,59.08,37.86,18.93,21.14,97.93,59.89,59.63,104.88,99.32,43.62,58.99,34.54,71.29,64.09,45.38,35.51,19.25,60.94,0.0,56.26,79.52,57.44,74.46,4.86,33.38,48.56,15.43,31.55,102.16,32.29,39.1,18.55,41.58,76.05,23.64,54.24,36.32,40.81,41.38,31.57,56.21,59.32,79.73,32.35,48.5,39.98,35.63,36.23,46.89,45.43,54.19,63.09,65.35,37.19,82.95,59.51,18.78,,,,,,,1.2
,,,,,,,,,,,,,,,,,,,,86.43,49.73,49.18,31.65,96.53,91.66,56.35,81.51,47.49,71.62,84.91,32.25,46.38,72.72,99.86,69.69,71.37,103.59,85.72,89.77,94.63,71.84,79.45,66.32,43.82,51.37,86.19,39.5,75.97,97.4,42.08,83.72,48.27,108.03,75.12,164.98,29.89,95.08,88.23,85.21,64.73,94.93,75.6,49.08,104.98,29.31,55.0,87.8,84.6,46.42,88.85,74.66,64.24,85.75,82.19,99.85,21.15,17.37,55.17,125.17,62.95,86.39,92.77,58.36,96.65,83.68,43.33,53.53,79.52,73.67,53.66,49.62,86.58,80.63,80.11,146.69,117.75,70.76,95.24,20.69,98.21,63.01,101.61,41.5,11.29,146.34,90.52,54.0,65.17,115.27,96.46,53.92,70.28,92.25,119.46,42.34,107.68,72.24,57.75,74.91,22.65,26.43,62.54,124.5,74.74,61.9,92.28,97.0,64.99,85.26,83.5,65.77,41.63,1.43,57.66,70.59,69.99,41.91,49.08,101.63,79.39,108.38,61.68,73.3,27.3,91.26,83.85,106.32,28.76,113.36,77.98,102.03,119.91,37.45,56.62,142.65,48.34,105.59,119.49,92.81,90.26,48.76,44.25,78.78,52.05,78.85,47.65,40.52,63.37,89.35,101.1,36.15,135.26,114.49,78.67,87.25,116.57,70.54,112.7,142.13,74.76,33.69,98.26,91.92,51.56,51.02,53.22,60.97,72.2,101.34,44.15,74.24,68.36,128.34,62.03,66.3,60.17,87.17,75.4,102.69,22.6,42.54,69.6,44.83,20.36,77.0,77.32,99.94,57.89,117.9,51.08,63.09,4.65,90.01,114.47,102.0,145.98,78.28,63.95,100.82,55.24,88.29,66.04,37.47,100.19,81.44,71.01,12.55,60.0,127.02,125.45,31.98,65.3,49.09,74.66,87.38,91.79,58.78,103.79,114.18,53.2,74.47,101.86,99.81,91.64,56.78,86.99,136.44,78.81,106.09,67.07,5.77,99.06,48.21,103.74,34.78,61.75,85.46,86.68,88.44,83.1,43.01,73.58,69.24,55.13,44.52,89.74,127.84,0.0,80.6,91.01,63.19,88.65,61.85,28.21,70.27,95.28,76.28,75.59,75.6,79.08,66.97,9.1,106.37,98.19,68.88,64.48,36.01,91.67,72.74,60.38,62.51,146.05,37.93,76.03,76.6,54.4,92.58,40.29,73.41,113.97,112.35,63.8,91.12,90.66,90.8,72.97,127.69,65.57,78.62,45.91,43.89,51.34,72.3,76.89,96.2,110.57,88.5,50.47,83.49,56.04,83.09,51.23,63.61,69.83,88.96,34.68,77.91,70.21,80.56,60.96,98.36,59.58,142.2,72.53,58.93,51.88,139.71,46.31,96.31,122.75,44.16,66.51,114.08,59.51,44.82,118.66,84.88,123.01,103.91,120.41,110.57,85.1,65.97,86.26,99.07,109.92,66.8,80.14,86.24,74.74,39.04,100.15,71.41,112.53,80.89,67.61,38.05,134.61,77.33,117.7,50.08,118.88,160.86,60.24,93.39,115.71,91.49,76.59,86.57,105.61,114.83,65.71,107.74,78.79,37.61,81.39,60.4,75.13,78.05,71.81,94.93,34.24,57.56,68.64,107.94,79.61,33.2,87.86,76.69,106.1,83.4,72.86,29.07,93.21,73.3,88.59,46.45,22.79,73.79,110.14,54.21,80.03,112.9,60.06,47.12,67.72,114.73,93.94,123.74,83.95,92.3,69.14,111.01,78.7,87.31,48.8,55.95,41.94,33.26,77.71,77.54,149.83,115.09,18.43,59.5,55.43,114.52,99.84,49.82,38.3,93.02,44.56,119.95,15.45,100.37,92.13,80.76,44.38,105.29,22.54,52.39,75.65,56.9,70.96,55.44,129.32,104.56,62.87,80.17,72.31,0.0,89.37,85.42,51.78,46.7,39.25,123.15,83.4,77.66,143.24,127.07,72.74,89.44,50.82,97.91,81.12,66.82,37.44,45.05,86.65,0.0,75.52,101.35,82.76,102.56,17.97,55.76,72.04,32.41,58.83,142.53,50.69,69.02,41.58,70.17,102.28,42.49,71.7,49.25,61.52,69.97,54.02,85.4,85.7,100.45,43.62,57.05,55.68,50.08,56.28,72.08,69.71,82.6,76.85,84.89,48.57,110.98,82.57,37.18,,,,,,,1.12
,,,,,,,,,,,,,,,,,,,,94.02,53.77,52.69,52.18,107.07,103.6,74.57,91.79,48.07,80.34,88.15,40.14,49.2,99.33,103.07,65.02,73.29,96.6,90.89,92.5,94.43,78.01,86.78,72.02,60.48,59.82,93.69,44.38,88.35,121.09,66.65,79.18,51.43,115.89,85.72,163.1,46.26,106.56,88.69,83.53,73.6,90.37,88.25,63.95,120.08,49.79,61.88,102.97,86.12,47.45,98.76,85.43,58.7,76.46,97.68,107.73,15.24,24.58,72.45,115.76,65.24,87.92,98.49,73.74,96.51,87.96,51.23,70.8,86.46,80.89,59.44,59.93,92.12,89.6,86.28,122.94,114.74,82.42,92.04,12.39,98.72,56.98,107.37,47.57,24.74,147.31,91.9,55.78,62.36,113.88,80.14,58.17,77.41,93.17,113.94,62.09,109.68,79.41,68.76,74.86,46.35,40.96,57.78,125.6,83.09,65.61,107.87,109.9,70.79,83.49,107.5,69.6,49.77,21.66,59.01,83.73,61.66,45.24,63.91,106.23,96.73,115.98,88.27,86.58,36.03,94.37,84.01,93.83,36.53,111.22,82.09,111.29,112.42,46.03,71.02,129.92,54.41,102.97,114.65,100.87,98.97,55.17,56.4,81.71,47.42,92.89,59.15,53.21,69.51,97.27,114.75,45.42,139.64,111.76,73.36,93.64,110.78,80.87,108.72,144.79,101.59,27.64,108.01,85.7,64.14,44.55,59.93,78.66,82.81,110.89,44.24,83.25,70.42,136.49,71.27,80.83,62.53,112.16,88.19,114.87,27.29,54.66,76.01,50.88,30.85,98.72,84.82,98.03,70.33,112.56,69.08,66.18,19.88,88.19,115.09,96.21,147.35,70.21,67.78,110.11,48.9,100.23,78.43,17.75,111.72,77.83,72.09,17.07,62.51,118.03,124.37,30.89,70.04,71.0,92.24,84.23,110.21,64.23,107.78,119.86,73.36,82.94,99.56,119.49,96.64,56.68,98.22,140.71,82.58,93.7,82.24,15.32,94.59,54.15,105.1,37.95,70.73,82.72,103.92,92.9,84.77,43.79,73.68,78.66,73.93,54.71,83.65,130.0,17.58,87.63,91.38,56.44,98.2,73.78,41.16,77.93,106.67,69.17,83.84,89.67,89.36,60.86,20.75,102.79,94.04,75.02,74.52,55.99,94.58,80.83,80.12,60.1,146.65,48.48,87.56,66.82,55.37,99.86,41.68,73.39,113.02,113.85,80.0,114.05,94.71,107.98,84.57,120.67,77.5,80.81,46.39,46.94,67.59,73.32,88.31,98.42,103.31,90.68,68.68,97.87,69.11,94.95,49.72,73.97,75.8,98.54,37.86,84.14,78.55,93.19,76.8,98.27,83.87,141.8,76.35,57.88,61.79,149.04,50.32,91.0,122.56,51.46,82.98,125.48,59.62,61.81,114.61,75.1,131.68,109.02,121.67,112.23,93.54,70.31,93.46,111.53,112.77,73.63,83.7,81.26,88.33,55.74,110.66,76.1,131.98,83.04,75.94,43.88,128.93,86.84,124.25,57.72,112.29,148.36,67.17,111.08,114.56,101.36,85.77,92.6,119.29,118.22,74.68,108.19,95.22,51.5,94.2,56.07,80.55,74.54,91.76,94.36,45.9,53.08,68.7,114.05,103.73,46.74,98.64,93.15,99.32,89.73,83.55,27.77,108.6,99.19,97.28,74.72,29.87,78.52,103.06,51.97,77.71,100.62,76.25,55.86,76.3,129.09,87.55,129.56,86.87,110.69,54.75,120.67,75.1,96.93,53.99,42.29,60.27,58.46,76.22,82.36,160.59,107.25,42.19,76.57,69.99,114.8,113.13,64.03,63.18,118.81,55.06,111.04,17.72,104.44,87.54,70.51,44.0,112.76,46.19,58.13,102.41,57.89,80.96,56.48,131.37,109.55,69.13,74.42,83.38,9.15,97.04,88.51,47.55,60.51,49.65,117.63,87.99,85.27,159.63,122.61,61.97,93.49,53.95,97.78,75.74,61.79,37.77,54.68,89.8,0.0,81.25,92.09,70.43,91.56,28.75,74.41,77.16,39.1,64.47,128.95,50.19,67.42,46.49,83.13,99.96,62.65,78.72,45.35,61.06,68.97,71.69,79.47,101.14,116.47,45.56,72.07,66.23,44.17,74.32,77.93,82.59,78.04,86.59,84.3,67.53,112.67,88.63,49.51,,,,,,,0.8
,,,,,,,,,,,,,,,,,,,,103.69,59.79,50.73,71.54,116.02,118.32,90.85,115.07,61.51,102.03,92.7,34.74,72.83,96.55,99.16,72.27,71.32,97.98,92.34,116.02,98.15,66.19,108.38,77.67,79.86,80.41,93.6,44.26,86.32,131.01,95.13,88.95,76.98,118.6,90.45,164.29,48.05,115.18,92.28,78.13,87.51,86.02,85.99,90.36,127.67,62.8,68.86,117.56,114.91,55.9,108.14,79.36,65.82,79.43,100.86,122.8,27.53,42.84,72.28,98.31,75.03,106.58,103.53,86.83,99.96,98.02,57.34,80.6,81.76,79.67,69.64,82.23,101.09,91.43,101.35,112.23,128.34,85.05,91.5,39.8,107.41,58.48,107.38,54.5,33.07,134.72,109.7,64.41,74.16,124.86,92.72,69.49,94.58,105.26,112.62,71.08,115.92,83.96,85.93,80.19,67.64,78.96,66.66,128.67,103.39,73.99,125.29,100.05,70.75,96.77,90.46,92.1,64.33,45.01,48.66,92.73,68.7,55.47,70.55,105.32,113.12,110.56,101.2,101.18,46.25,72.05,97.74,107.69,52.73,112.3,100.42,125.95,120.7,64.28,69.76,137.06,55.95,108.45,124.22,117.39,111.99,72.83,73.74,88.92,62.01,89.14,79.2,70.76,95.11,87.67,108.53,50.58,147.35,130.89,70.48,101.1,137.29,84.54,113.94,168.61,125.28,35.29,119.53,95.0,68.45,58.43,67.88,85.38,91.79,127.9,62.47,95.89,87.7,140.34,78.02,95.54,59.78,135.64,89.53,122.67,29.83,65.52,83.83,72.24,53.0,122.47,94.5,98.93,78.8,124.27,75.06,87.74,27.07,109.54,128.92,92.83,137.98,66.96,73.84,107.84,55.56,107.62,75.0,34.41,115.09,96.08,83.21,38.31,63.07,112.21,126.33,38.9,92.65,87.11,119.06,91.55,125.88,73.52,112.32,132.2,97.51,84.61,114.93,108.35,99.47,70.1,98.82,136.15,77.39,107.87,90.74,36.41,87.28,63.37,104.81,60.53,90.08,99.78,102.54,93.34,88.41,76.79,93.78,107.8,90.13,56.39,100.34,146.45,45.93,98.53,97.79,56.38,123.39,93.71,66.68,89.73,120.18,66.91,90.78,94.21,101.32,88.01,52.84,105.91,110.71,86.6,86.01,51.71,96.26,93.14,96.07,61.44,147.57,55.96,103.32,74.62,72.24,104.07,61.16,75.37,110.07,105.6,84.74,104.93,113.19,122.98,97.37,120.93,81.98,84.64,57.99,67.77,68.65,89.2,93.88,89.16,108.92,100.9,79.75,98.0,73.47,104.37,70.7,64.48,88.24,102.7,61.11,80.48,83.33,82.52,98.77,113.33,91.52,134.51,78.05,64.06,73.87,142.52,70.29,90.48,125.1,59.62,96.77,141.02,68.74,75.31,123.68,90.44,139.69,106.98,136.5,114.33,112.33,73.78,112.51,115.39,121.63,101.52,87.31,79.97,101.94,70.21,126.83,94.71,129.45,98.46,78.48,78.64,124.16,100.31,137.56,72.52,132.27,170.03,71.65,115.89,116.42,106.59,111.54,100.85,115.77,137.31,110.06,113.72,101.56,60.14,106.95,64.54,100.28,92.61,106.01,108.57,54.82,68.17,85.02,120.46,110.96,74.09,100.55,101.59,116.26,90.6,91.65,51.94,106.67,105.54,100.19,94.62,49.85,76.43,102.21,60.53,95.93,114.21,100.86,86.26,94.58,148.81,105.32,135.73,104.64,119.66,55.9,124.46,89.17,115.39,74.03,46.45,67.15,78.54,95.83,92.54,159.98,102.12,51.02,92.92,90.08,109.29,95.22,65.66,79.73,115.81,83.92,111.42,31.65,98.7,96.76,88.64,61.0,116.04,73.01,63.33,115.46,64.97,90.01,71.46,132.03,124.42,83.83,93.51,91.86,49.3,93.48,84.12,54.11,69.63,50.44,116.64,105.94,106.15,169.65,123.98,68.31,101.97,69.63,108.61,79.96,80.24,49.05,60.25,98.87,12.38,66.3,88.77,74.5,95.53,58.93,82.15,79.79,53.14,80.66,119.05,61.97,60.45,48.74,86.25,99.46,70.11,100.67,33.18,60.84,78.02,88.1,71.36,115.86,134.66,70.6,76.44,78.75,53.94,78.84,88.5,89.14,90.78,76.88,103.2,78.43,123.6,85.88,70.5,,,,,,,0.74
,,,,,,,,,,,,,,,,,,,,103.1,64.65,48.97,86.24,115.21,115.38,90.4,115.07,80.05,115.39,99.63,37.87,91.62,85.69,106.92,91.17,72.71,89.56,94.26,123.79,91.16,62.7,115.16,86.91,96.95,75.54,83.33,55.5,69.45,119.99,97.46,90.95,68.22,119.11,93.18,142.04,59.98,94.49,94.54,70.05,78.65,89.57,75.17,84.35,117.75,76.38,62.41,122.11,142.39,60.19,91.58,85.83,71.44,84.01,97.38,116.65,35.35,45.69,80.49,98.32,78.67,99.39,96.49,88.7,91.12,85.95,74.24,93.91,74.92,78.52,62.13,86.53,88.28,82.6,102.33,105.63,127.04,88.44,86.47,60.54,102.65,52.84,98.48,73.44,35.21,128.62,107.02,75.35,72.17,119.26,95.99,75.59,81.47,100.5,98.72,79.14,118.59,75.87,102.82,82.17,74.94,86.66,82.66,128.32,81.42,75.61,118.16,86.28,70.85,78.47,100.85,91.16,75.11,43.86,51.76,105.15,79.84,61.74,77.76,96.72,115.43,109.7,96.33,105.32,38.01,73.26,98.15,103.0,65.45,113.93,95.23,119.58,122.63,65.39,68.88,122.57,58.84,93.49,123.7,97.59,124.13,88.39,81.02,66.27,58.32,88.67,87.5,79.07,106.61,80.12,92.74,55.59,124.33,117.14,74.78,95.82,128.91,93.08,111.73,152.02,130.63,42.29,111.21,90.12,61.72,69.28,74.09,91.62,96.94,132.14,59.39,91.22,103.55,144.18,85.85,96.97,76.8,107.05,92.55,132.12,36.88,64.11,82.78,75.07,50.72,111.67,89.74,92.83,70.74,114.29,73.92,103.56,34.57,112.06,133.72,91.33,132.41,69.87,80.45,92.35,61.45,112.44,78.41,30.69,110.86,103.71,82.21,37.2,66.6,107.29,134.75,40.88,84.48,87.66,115.67,108.67,113.26,70.07,102.46,138.55,96.47,80.78,112.51,112.4,87.82,87.53,109.21,109.8,79.98,108.38,90.22,42.87,73.02,72.48,120.47,60.35,83.8,114.26,106.78,100.43,103.56,90.44,97.14,107.24,100.59,60.32,99.96,146.76,53.08,93.44,89.19,68.61,129.5,91.59,82.98,103.36,116.69,94.01,74.44,84.93,108.06,84.82,67.61,104.17,110.74,97.2,84.17,61.08,88.98,101.43,104.7,56.16,139.43,70.07,111.79,71.37,63.4,86.88,56.76,86.1,108.95,101.91,88.59,103.56,101.98,120.26,86.84,124.93,69.43,92.73,59.02,70.76,74.93,93.87,93.51,87.86,103.12,116.46,82.42,96.97,77.02,106.39,74.29,57.4,95.25,100.61,88.05,77.69,81.63,70.56,108.9,106.16,92.16,124.24,72.05,51.82,84.27,133.97,74.43,80.88,111.74,59.41,87.8,125.44,86.19,87.64,118.49,104.61,132.31,105.46,138.45,110.86,107.8,85.15,106.22,120.2,93.35,110.78,83.12,91.61,123.34,66.7,132.51,78.7,147.14,101.7,75.01,81.7,125.61,85.79,123.59,76.93,134.87,133.53,74.04,110.35,106.84,102.37,112.02,109.05,92.46,121.97,100.39,117.22,98.37,72.7,119.5,61.94,114.28,87.89,102.85,103.25,64.59,69.54,86.73,109.69,91.32,85.56,92.65,106.07,104.72,91.79,93.16,58.68,95.45,95.16,85.15,91.25,60.95,82.24,95.35,60.92,94.58,108.69,97.5,87.99,101.39,127.68,113.1,121.42,100.01,108.66,70.39,116.05,91.32,112.03,94.9,45.23,73.15,87.5,98.64,103.89,143.6,109.58,50.73,81.35,91.17,107.21,93.48,88.67,70.13,91.41,88.6,116.82,45.96,86.33,97.96,84.12,70.42,120.62,80.61,77.55,111.82,59.06,85.14,87.34,115.06,134.17,89.24,98.19,102.03,54.9,86.26,94.89,54.37,79.09,60.0,106.47,107.48,99.1,166.12,117.7,63.56,115.42,67.27,107.18,83.26,84.67,54.67,88.68,96.55,30.74,81.5,92.44,73.3,95.45,69.76,75.72,80.03,55.9,83.0,110.13,68.2,60.23,56.71,83.25,102.55,78.19,103.85,33.53,70.37,91.41,99.31,75.28,110.73,128.78,81.3,85.24,91.07,53.02,79.43,95.4,109.74,80.32,61.94,98.33,86.45,114.87,82.12,72.4,,,,,,,0.76
,,,,,,,,,,,,,,,,,,,,82.14,61.05,49.55,77.36,85.17,94.78,72.27,82.08,76.69,84.75,72.56,40.26,64.8,68.43,87.81,69.52,56.63,69.73,75.52,99.18,88.3,49.71,91.47,84.53,82.81,67.27,64.63,46.59,63.53,92.34,84.49,86.98,59.11,96.38,88.89,107.21,64.99,83.27,85.38,60.19,69.2,89.98,56.01,84.53,98.5,47.82,56.39,104.85,121.39,58.85,77.94,68.44,59.59,76.16,81.95,82.1,36.82,34.44,66.36,87.02,68.54,74.51,79.64,68.74,80.76,75.79,62.14,73.83,60.19,65.98,56.62,59.76,69.88,74.92,86.13,75.9,92.57,58.06,71.8,49.07,85.23,44.44,100.22,68.97,37.22,104.99,80.98,59.6,73.29,101.64,78.47,75.34,75.17,77.55,78.24,61.47,84.96,74.95,97.37,78.54,59.81,70.94,72.0,101.69,66.64,65.67,93.4,80.89,61.89,75.78,97.69,64.12,69.13,50.06,36.01,92.84,63.46,53.32,55.92,88.39,95.0,92.61,77.39,88.68,30.68,72.03,80.59,79.54,55.68,85.52,70.88,109.33,109.98,68.31,61.27,95.02,52.25,85.93,86.91,65.65,95.34,78.15,67.5,47.76,67.26,80.53,76.36,63.94,88.36,66.11,63.26,42.16,91.45,89.06,62.73,77.36,98.76,85.87,80.33,127.39,100.2,29.47,90.5,71.94,45.56,49.06,55.69,69.02,79.21,97.81,50.8,79.68,72.14,119.55,68.2,78.34,75.87,82.49,84.82,108.1,25.21,59.86,75.65,59.48,35.66,100.62,70.81,78.85,54.59,74.78,61.96,83.91,29.64,98.52,103.1,70.85,103.83,67.02,64.34,80.4,55.89,90.22,57.55,25.51,78.85,85.11,65.9,36.22,68.41,95.97,110.26,43.35,62.74,74.62,78.96,86.96,108.83,59.57,62.15,116.92,78.78,60.92,98.77,107.36,76.74,70.02,92.3,84.09,67.39,80.86,78.95,27.87,63.09,51.49,92.17,39.03,62.64,99.28,92.0,82.66,83.73,65.48,90.71,75.76,70.97,42.99,89.38,139.3,58.25,80.0,68.37,63.02,107.47,85.24,68.22,84.83,92.35,92.19,60.99,61.5,103.78,64.34,50.3,88.4,92.42,80.84,75.0,70.17,60.01,95.68,69.09,43.07,116.65,69.0,80.47,54.85,39.96,67.77,45.7,73.5,92.03,83.08,84.63,79.24,75.11,101.48,73.03,91.22,70.08,85.53,41.98,72.06,62.8,73.39,73.14,68.46,76.93,99.43,71.34,81.31,67.05,85.91,63.05,48.05,73.96,84.14,78.56,68.16,71.26,58.38,91.11,83.73,77.23,84.02,60.81,47.67,74.88,104.14,76.1,59.84,86.91,53.64,84.72,107.02,66.9,77.23,90.65,86.95,109.78,98.93,111.08,77.92,83.46,68.7,72.56,84.58,77.9,94.15,58.73,80.67,104.47,54.55,103.16,51.01,115.74,82.45,56.48,55.9,103.93,83.85,96.03,67.62,106.47,104.4,69.68,81.13,87.66,70.84,84.17,81.92,77.86,96.11,75.04,104.49,75.47,63.8,104.81,66.27,92.44,66.29,86.54,97.66,73.15,52.9,76.77,94.84,60.53,71.43,79.51,92.78,84.19,72.49,89.18,70.81,78.29,88.4,55.07,72.92,55.07,52.11,80.27,54.44,79.42,77.71,84.09,58.04,81.32,93.86,95.12,88.78,85.66,98.31,76.09,104.51,72.18,89.74,76.14,30.21,72.56,77.27,92.12,85.7,111.82,95.16,63.54,71.5,77.59,85.13,84.56,63.5,53.68,72.72,88.07,89.59,58.66,56.19,82.96,56.27,51.06,101.8,76.16,70.7,99.17,45.28,69.11,73.07,94.34,108.58,66.97,76.8,71.94,42.88,62.31,77.3,50.49,60.74,63.02,84.89,87.43,88.88,130.07,92.82,63.76,90.04,62.73,86.7,62.51,67.58,56.66,86.36,82.69,37.02,83.28,89.12,50.41,72.87,55.95,65.24,49.75,44.7,72.59,102.37,72.24,65.41,59.6,65.35,78.26,74.97,77.18,36.4,65.69,82.17,72.06,71.4,81.88,93.46,59.02,69.6,76.2,57.77,68.84,76.1,96.91,76.14,63.71,70.58,66.12,97.04,68.59,64.35,,,,,,,0.9
,,,,,,,,,,,,,,,,,,,,45.69,34.36,44.76,42.7,43.02,52.62,41.39,50.18,52.41,41.31,42.29,34.23,36.68,45.32,47.12,37.69,40.33,44.4,45.19,62.98,52.99,37.12,51.47,49.98,52.83,45.75,43.0,35.67,43.52,53.35,44.37,48.46,34.93,57.55,49.73,55.28,40.27,49.14,58.25,39.61,42.7,56.0,38.6,46.06,55.57,27.99,33.57,62.3,68.98,40.93,49.62,35.37,49.6,41.32,45.02,43.07,32.97,25.76,42.33,58.63,41.03,53.76,48.66,43.19,42.64,53.0,48.13,42.77,45.73,39.51,35.96,41.09,42.53,48.13,47.41,41.53,45.33,29.75,42.98,26.62,50.87,25.55,59.7,44.7,26.9,62.48,51.34,37.61,51.28,52.72,47.24,55.42,41.22,50.57,41.18,35.25,58.39,53.03,54.48,54.16,43.27,43.9,40.38,59.27,34.71,44.6,50.94,53.59,38.77,47.41,65.06,41.08,46.33,42.37,26.47,60.64,41.79,36.98,32.42,51.43,53.23,49.6,43.91,54.12,32.71,52.45,52.22,48.31,43.34,53.37,39.6,61.67,65.76,44.55,34.67,56.75,36.42,55.21,46.02,42.79,59.6,43.67,38.1,27.18,39.18,51.39,51.3,37.41,44.49,37.32,35.71,29.79,45.56,53.95,48.1,51.94,53.38,47.92,45.47,71.49,52.33,19.27,51.51,42.23,31.0,30.95,33.34,49.72,42.71,58.84,27.6,50.79,46.11,73.03,38.64,42.37,41.06,56.36,50.98,57.76,20.75,40.29,43.29,43.18,26.31,53.76,35.81,46.78,35.46,39.63,33.08,46.23,28.94,55.1,56.97,43.21,57.32,40.18,47.95,48.75,26.18,49.99,35.27,23.33,48.27,60.21,37.25,22.32,47.06,61.06,60.5,35.03,42.53,46.04,47.54,54.64,64.91,32.71,39.59,63.02,46.21,44.09,53.99,59.35,43.27,40.42,54.36,51.1,36.46,53.51,43.59,25.36,39.65,32.92,43.94,29.2,36.66,53.42,57.44,52.72,40.54,44.38,54.01,52.11,42.3,27.01,50.03,76.03,30.16,46.95,41.26,34.62,64.52,53.63,50.04,49.78,51.14,58.7,43.36,35.62,69.25,41.29,32.71,50.86,51.61,46.5,44.22,45.54,33.79,56.42,43.18,22.57,63.55,46.27,38.22,38.84,19.16,49.21,21.44,49.81,51.91,48.26,45.95,59.84,42.43,55.04,47.18,46.42,40.87,56.71,21.75,42.94,39.22,44.64,43.66,46.83,45.98,58.75,37.69,48.11,44.79,41.21,45.93,25.75,48.22,51.45,48.56,41.82,37.44,42.22,54.65,49.67,45.97,43.89,48.61,25.85,41.35,61.46,53.54,40.52,55.1,37.24,43.83,68.82,43.19,38.46,61.54,50.62,60.01,63.03,69.68,49.67,36.47,38.99,51.23,48.8,43.7,57.29,32.44,48.99,59.68,30.12,64.46,30.1,67.45,49.68,24.88,39.35,59.92,54.19,51.63,43.19,65.24,57.78,40.48,49.1,57.44,31.98,40.76,46.23,51.35,59.21,37.26,67.81,49.87,33.22,60.76,43.13,55.24,39.24,56.77,50.19,50.95,41.7,48.58,55.33,31.24,45.41,49.23,56.97,51.56,40.77,55.36,50.71,49.15,52.71,45.96,46.73,37.91,27.58,48.17,35.4,40.68,45.96,50.33,31.49,41.31,51.79,56.58,45.43,45.51,60.52,45.4,64.77,40.96,57.89,46.11,25.25,47.9,43.11,51.56,46.74,66.19,46.68,38.01,52.27,44.85,49.43,44.03,27.37,35.99,40.12,53.7,54.76,34.39,29.44,48.48,39.23,35.17,58.33,42.7,41.43,47.25,34.05,44.74,39.42,59.56,60.24,32.91,43.83,40.52,37.17,35.78,35.53,35.77,34.41,31.88,57.8,52.17,56.25,72.86,63.07,50.16,41.65,36.17,46.28,31.07,37.27,40.07,43.35,41.78,30.15,48.8,55.91,38.65,46.93,40.92,40.3,35.87,27.07,44.7,55.67,43.51,46.31,41.63,38.41,36.99,49.45,42.07,15.13,40.42,53.39,37.41,45.82,48.31,56.63,35.61,37.93,43.09,34.68,39.32,48.91,64.21,40.03,41.43,33.46,39.98,51.31,46.41,41.8,,,,,,,1.02
,,,,,,,,,,,,,,,,,,,,16.11,12.3,14.42,12.97,14.53,16.66,13.13,16.46,15.22,13.51,13.61,12.54,12.41,16.15,13.14,12.47,13.63,13.11,14.18,17.77,17.74,14.4,17.56,15.11,16.82,15.52,13.51,13.88,13.73,18.81,12.67,14.77,11.98,19.21,17.54,16.39,17.34,17.12,19.15,11.07,15.08,17.71,13.99,13.76,15.2,8.53,13.04,20.27,21.61,15.21,15.51,13.1,16.16,12.61,17.79,10.47,9.47,7.02,14.99,19.42,14.71,18.77,14.84,17.77,13.68,16.3,18.55,12.4,14.91,11.03,15.38,13.55,14.69,14.36,13.72,17.13,14.67,11.67,16.46,9.82,17.31,10.28,17.99,16.96,10.46,19.94,19.98,13.48,16.49,15.17,12.71,20.21,14.06,17.1,12.64,13.11,21.71,17.8,19.26,17.19,16.48,14.51,13.87,17.34,12.77,15.04,16.18,16.82,15.04,17.02,21.27,14.18,12.33,15.88,10.27,22.05,11.89,12.76,11.36,17.14,21.05,18.19,16.09,17.82,11.82,16.76,15.54,16.97,16.86,15.63,15.16,19.31,20.17,14.85,12.55,16.72,12.35,16.65,15.86,15.44,19.36,13.97,13.06,9.56,12.88,18.38,17.53,14.45,14.8,11.8,14.43,12.3,13.66,18.32,16.52,17.09,18.3,15.24,15.12,21.64,13.74,7.9,17.69,12.32,9.09,12.93,10.09,16.42,14.36,18.38,8.64,16.81,16.54,23.68,13.09,13.55,12.66,17.58,14.95,17.35,7.39,14.61,14.0,13.43,8.66,17.34,10.24,14.59,13.36,12.4,10.67,16.14,13.79,19.64,18.21,14.43,16.38,11.83,15.19,17.14,10.57,17.85,15.17,9.39,14.25,18.16,15.08,10.78,13.5,19.26,21.13,12.64,14.01,14.84,13.41,19.17,19.85,9.81,14.97,18.87,15.69,16.63,17.18,20.8,13.6,15.09,16.98,15.63,14.99,15.53,14.53,11.58,11.15,12.46,13.82,10.64,10.92,17.09,17.57,17.93,12.46,16.07,16.95,16.57,16.58,14.37,13.62,24.24,11.09,15.38,14.03,10.95,22.32,16.59,15.93,16.97,12.6,17.23,15.49,9.83,19.6,12.21,12.37,17.08,16.16,20.45,13.97,14.6,11.7,18.15,13.02,9.1,18.49,13.96,12.86,12.85,7.43,15.67,9.26,14.79,18.11,15.17,14.77,21.12,15.49,18.01,16.46,12.97,14.09,20.31,9.3,13.06,12.7,15.16,12.96,18.16,14.94,16.01,13.06,15.37,12.84,13.99,15.19,10.03,14.45,16.19,15.71,16.55,10.92,13.99,17.57,17.04,16.57,15.73,16.45,7.08,13.68,19.81,15.94,14.81,17.05,14.18,14.21,25.19,15.41,12.14,19.22,17.13,19.69,22.56,21.29,15.57,13.0,11.88,17.06,16.8,15.0,18.98,13.56,14.16,17.77,8.45,19.28,13.36,21.5,16.83,9.7,14.02,18.55,20.68,18.01,16.06,19.41,19.15,12.51,14.09,22.92,10.88,13.17,18.29,15.83,19.05,11.86,19.01,14.72,13.17,21.22,13.66,18.77,11.79,18.03,13.81,17.14,17.14,15.77,19.05,14.8,16.16,13.11,18.39,16.83,12.34,17.72,17.22,18.34,14.95,15.69,17.65,14.35,9.22,18.18,13.35,15.43,15.37,17.56,10.97,12.6,13.8,18.63,14.36,15.32,22.01,15.75,21.25,13.56,21.69,15.53,7.57,13.46,14.31,16.49,15.78,22.67,10.95,12.78,17.07,15.94,15.11,17.04,10.44,14.64,13.71,13.59,17.33,12.72,8.35,15.36,14.77,11.03,17.45,14.26,16.7,15.13,11.85,15.46,11.87,20.32,16.77,10.53,13.71,16.52,15.13,13.54,10.55,11.5,9.97,9.63,18.19,18.23,18.3,20.02,23.49,15.91,13.83,8.87,18.22,9.32,13.51,15.59,18.94,13.14,7.69,15.77,18.78,16.66,16.12,16.01,11.89,11.89,9.4,19.1,15.01,16.51,14.65,11.91,13.51,12.34,16.5,14.49,5.28,13.61,16.89,12.86,13.6,15.21,16.66,14.99,11.04,13.2,11.75,13.98,15.81,21.3,13.93,13.68,13.06,14.77,13.55,15.58,12.96,,,,,,,1.08
,,,,,,,,,,,,,,,,,,,,5.85,4.4,4.44,6.18,6.05,6.1,5.79,7.48,4.94,5.52,5.51,5.37,4.67,6.71,4.99,5.17,4.53,6.24,5.34,6.01,6.94,5.88,6.96,6.12,7.08,5.98,5.44,6.03,6.76,7.27,4.72,7.07,5.13,7.42,6.0,6.5,7.07,6.79,7.05,5.15,5.67,7.2,5.36,5.99,6.1,3.8,5.97,7.5,8.54,4.97,6.34,4.33,6.19,4.87,8.15,3.75,3.74,3.59,6.49,8.04,4.07,7.93,6.3,7.15,6.15,5.38,8.23,5.38,5.44,5.01,5.92,4.95,6.37,4.78,4.5,6.58,6.58,4.52,6.55,4.55,6.22,3.53,7.49,6.71,3.51,7.42,8.42,5.93,7.04,4.96,5.04,7.65,5.86,7.05,5.24,6.19,8.58,6.8,8.24,6.75,7.72,5.0,5.64,5.71,4.65,6.17,5.72,6.98,5.62,7.31,7.71,5.35,4.74,5.76,4.78,7.7,4.49,5.22,3.94,6.34,9.34,7.41,7.03,7.54,3.95,6.11,6.31,7.12,6.76,6.0,6.4,7.26,8.06,6.17,4.28,6.57,5.15,6.04,7.38,6.9,7.94,4.94,5.35,5.2,4.92,6.95,6.87,4.63,5.02,5.05,5.65,4.33,5.27,7.14,5.64,7.48,7.67,6.36,5.98,8.25,5.4,3.71,6.93,4.3,3.77,5.3,4.16,6.74,6.2,7.48,2.34,7.11,7.08,8.42,4.75,6.44,4.57,5.39,6.06,7.3,3.7,7.07,5.91,4.8,4.25,8.32,4.26,6.2,4.95,5.97,4.68,5.39,5.58,7.65,8.72,5.89,6.12,3.84,6.18,5.9,5.36,7.11,5.85,3.55,5.13,6.32,6.25,4.13,4.96,7.14,8.63,6.22,5.75,6.91,7.03,7.46,7.67,4.26,5.38,7.21,6.45,5.98,6.42,8.85,5.77,5.72,5.21,6.28,6.84,5.94,6.22,4.8,4.37,6.17,5.83,4.74,4.53,6.62,6.03,7.3,4.85,5.83,6.62,6.1,6.29,6.76,6.62,9.0,4.19,5.1,6.71,4.19,7.13,6.85,5.95,7.09,5.46,6.27,5.46,4.15,6.3,4.52,5.97,6.02,5.79,10.38,5.75,5.0,4.13,7.25,5.64,4.62,6.35,5.4,3.72,5.55,3.76,7.0,4.93,5.78,7.35,5.28,5.75,7.43,5.18,6.7,6.62,5.55,4.7,7.41,3.49,5.12,5.83,5.93,4.83,8.31,4.71,6.46,5.86,5.37,5.29,6.23,6.07,4.72,5.97,5.1,5.38,6.73,4.76,7.28,6.94,7.23,6.66,6.15,7.15,3.37,4.42,6.46,6.62,5.21,6.56,5.34,5.41,8.75,6.08,5.57,6.7,6.86,7.0,8.0,8.39,6.07,3.96,4.55,7.16,6.9,6.1,6.6,5.94,5.25,6.62,3.18,7.56,5.3,8.88,6.33,4.87,5.51,6.5,8.04,6.2,6.67,7.08,7.69,3.75,5.48,8.2,5.33,4.74,6.84,6.28,6.44,4.29,7.35,4.72,6.12,9.21,5.92,7.96,5.06,7.63,5.14,5.76,7.32,7.02,7.59,5.76,6.88,5.04,7.49,6.44,5.49,6.21,6.53,6.64,6.56,6.23,7.83,6.4,3.55,7.08,4.9,7.34,5.24,7.19,4.4,5.74,5.97,7.8,4.69,6.4,8.62,5.5,9.01,4.79,8.83,6.64,3.03,4.15,5.8,6.01,6.67,9.04,3.7,5.57,6.82,7.92,6.18,6.72,4.62,5.67,5.78,5.54,7.98,4.89,3.08,5.79,5.04,4.55,5.98,5.54,6.72,6.5,4.86,6.78,4.38,6.86,6.39,4.89,5.19,6.12,6.21,6.46,4.58,4.54,3.94,4.45,7.31,6.01,7.01,8.5,9.09,6.06,5.26,4.79,7.92,4.69,5.98,6.04,8.24,4.79,3.27,5.99,7.37,7.0,6.28,7.16,6.38,5.59,4.29,6.81,5.4,6.95,5.37,5.51,6.54,5.08,5.67,6.7,2.74,5.75,6.07,6.4,5.92,6.83,6.64,6.66,3.8,4.63,5.72,4.63,6.41,8.3,6.16,4.82,4.78,6.85,5.77,6.81,4.8,,,,,,,1.18
,,,,,,,,,,,,,,,,,,,,0.0,0.0,0.0,0.0,0.0,0.0,0.0,0.0,0.0,0.0,0.0,0.0,0.0,0.0,0.0,0.0,0.0,0.0,0.0,0.0,0.0,0.0,0.0,0.0,0.0,0.0,0.0,0.0,0.0,0.0,0.0,0.0,0.0,0.0,0.0,0.0,0.0,0.0,0.0,0.0,0.0,0.0,0.0,0.0,0.0,0.0,0.0,0.0,0.0,0.0,0.0,0.0,0.0,0.0,0.0,0.0,0.0,0.0,0.0,0.0,0.0,0.0,0.0,0.0,0.0,0.0,0.0,0.0,0.0,0.0,0.0,0.0,0.0,0.0,0.0,0.0,0.0,0.0,0.0,0.0,0.0,0.0,0.0,0.0,0.0,0.0,0.0,0.0,0.0,0.0,0.0,0.0,0.0,0.0,0.0,0.0,0.0,0.0,0.0,0.0,0.0,0.0,0.0,0.0,0.0,0.0,0.0,0.0,0.0,0.0,0.0,0.0,0.0,0.0,0.0,0.0,0.0,0.0,0.0,0.0,0.0,0.0,0.0,0.0,0.0,0.0,0.0,0.0,0.0,0.0,0.0,0.0,0.0,0.0,0.0,0.0,0.0,0.0,0.0,0.0,0.0,0.0,0.0,0.0,0.0,0.0,0.0,0.0,0.0,0.0,0.0,0.0,0.0,0.0,0.0,0.0,0.0,0.0,0.0,0.0,0.0,0.0,0.0,0.0,0.0,0.0,0.0,0.0,0.0,0.0,0.0,0.0,0.0,0.0,0.0,0.0,0.0,0.0,0.0,0.0,0.0,0.0,0.0,0.0,0.0,0.0,0.0,0.0,0.0,0.0,0.0,0.0,0.0,0.0,0.0,0.0,0.0,0.0,0.0,0.0,0.0,0.0,0.0,0.0,0.0,0.0,0.0,0.0,0.0,0.0,0.0,0.0,0.0,0.0,0.0,0.0,0.0,0.0,0.0,0.0,0.0,0.0,0.0,0.0,0.0,0.0,0.0,0.0,0.0,0.0,0.0,0.0,0.0,0.0,0.0,0.0,0.0,0.0,0.0,0.0,0.0,0.0,0.0,0.0,0.0,0.0,0.0,0.0,0.0,0.0,0.0,0.0,0.0,0.0,0.0,0.0,0.0,0.0,0.0,0.0,0.0,0.0,0.0,0.0,0.0,0.0,0.0,0.0,0.0,0.0,0.0,0.0,0.0,0.0,0.0,0.0,0.0,0.0,0.0,0.0,0.0,0.0,0.0,0.0,0.0,0.0,0.0,0.0,0.0,0.0,0.0,0.0,0.0,0.0,0.0,0.0,0.0,0.0,0.0,0.0,0.0,0.0,0.0,0.0,0.0,0.0,0.0,0.0,0.0,0.0,0.0,0.0,0.0,0.0,0.0,0.0,0.0,0.0,0.0,0.0,0.0,0.0,0.0,0.0,0.0,0.0,0.0,0.0,0.0,0.0,0.0,0.0,0.0,0.0,0.0,0.0,0.0,0.0,0.0,0.0,0.0,0.0,0.0,0.0,0.0,0.0,0.0,0.0,0.0,0.0,0.0,0.0,0.0,0.0,0.0,0.0,0.0,0.0,0.0,0.0,0.0,0.0,0.0,0.0,0.0,0.0,0.0,0.0,0.0,0.0,0.0,0.0,0.0,0.0,0.0,0.0,0.0,0.0,0.0,0.0,0.0,0.0,0.0,0.0,0.0,0.0,0.0,0.0,0.0,0.0,0.0,0.0,0.0,0.0,0.0,0.0,0.0,0.0,0.0,0.0,0.0,0.0,0.0,0.0,0.0,0.0,0.0,0.0,0.0,0.0,0.0,0.0,0.0,0.0,0.0,0.0,0.0,0.0,0.0,0.0,0.0,0.0,0.0,0.0,0.0,0.0,0.0,0.0,0.0,0.0,0.0,0.0,0.0,0.0,0.0,0.0,0.0,0.0,0.0,0.0,0.0,0.0,0.0,0.0,0.0,0.0,0.0,0.0,0.0,0.0,0.0,0.0,0.0,0.0,0.0,0.0,0.0,0.0,0.0,0.0,0.0,0.0,0.0,0.0,0.0,0.0,0.0,0.0,0.0,0.0,0.0,0.0,0.0,0.0,0.0,0.0,0.0,0.0,0.0,0.0,0.0,0.0,0.0,0.0,0.0,0.0,0.0,0.0,0.0,0.0,0.0,0.0,0.0,0.0,0.0,0.0,0.0,0.0,0.0,0.0,,,,,,,1.28
,,,,,,,,,,,,,,,,,,,,0.0,0.0,0.0,0.0,0.0,0.0,0.0,0.0,0.0,0.0,0.0,0.0,0.0,0.0,0.0,0.0,0.0,0.0,0.0,0.0,0.0,0.0,0.0,0.0,0.0,0.0,0.0,0.0,0.0,0.0,0.0,0.0,0.0,0.0,0.0,0.0,0.0,0.0,0.0,0.0,0.0,0.0,0.0,0.0,0.0,0.0,0.0,0.0,0.0,0.0,0.0,0.0,0.0,0.0,0.0,0.0,0.0,0.0,0.0,0.0,0.0,0.0,0.0,0.0,0.0,0.0,0.0,0.0,0.0,0.0,0.0,0.0,0.0,0.0,0.0,0.0,0.0,0.0,0.0,0.0,0.0,0.0,0.0,0.0,0.0,0.0,0.0,0.0,0.0,0.0,0.0,0.0,0.0,0.0,0.0,0.0,0.0,0.0,0.0,0.0,0.0,0.0,0.0,0.0,0.0,0.0,0.0,0.0,0.0,0.0,0.0,0.0,0.0,0.0,0.0,0.0,0.0,0.0,0.0,0.0,0.0,0.0,0.0,0.0,0.0,0.0,0.0,0.0,0.0,0.0,0.0,0.0,0.0,0.0,0.0,0.0,0.0,0.0,0.0,0.0,0.0,0.0,0.0,0.0,0.0,0.0,0.0,0.0,0.0,0.0,0.0,0.0,0.0,0.0,0.0,0.0,0.0,0.0,0.0,0.0,0.0,0.0,0.0,0.0,0.0,0.0,0.0,0.0,0.0,0.0,0.0,0.0,0.0,0.0,0.0,0.0,0.0,0.0,0.0,0.0,0.0,0.0,0.0,0.0,0.0,0.0,0.0,0.0,0.0,0.0,0.0,0.0,0.0,0.0,0.0,0.0,0.0,0.0,0.0,0.0,0.0,0.0,0.0,0.0,0.0,0.0,0.0,0.0,0.0,0.0,0.0,0.0,0.0,0.0,0.0,0.0,0.0,0.0,0.0,0.0,0.0,0.0,0.0,0.0,0.0,0.0,0.0,0.0,0.0,0.0,0.0,0.0,0.0,0.0,0.0,0.0,0.0,0.0,0.0,0.0,0.0,0.0,0.0,0.0,0.0,0.0,0.0,0.0,0.0,0.0,0.0,0.0,0.0,0.0,0.0,0.0,0.0,0.0,0.0,0.0,0.0,0.0,0.0,0.0,0.0,0.0,0.0,0.0,0.0,0.0,0.0,0.0,0.0,0.0,0.0,0.0,0.0,0.0,0.0,0.0,0.0,0.0,0.0,0.0,0.0,0.0,0.0,0.0,0.0,0.0,0.0,0.0,0.0,0.0,0.0,0.0,0.0,0.0,0.0,0.0,0.0,0.0,0.0,0.0,0.0,0.0,0.0,0.0,0.0,0.0,0.0,0.0,0.0,0.0,0.0,0.0,0.0,0.0,0.0,0.0,0.0,0.0,0.0,0.0,0.0,0.0,0.0,0.0,0.0,0.0,0.0,0.0,0.0,0.0,0.0,0.0,0.0,0.0,0.0,0.0,0.0,0.0,0.0,0.0,0.0,0.0,0.0,0.0,0.0,0.0,0.0,0.0,0.0,0.0,0.0,0.0,0.0,0.0,0.0,0.0,0.0,0.0,0.0,0.0,0.0,0.0,0.0,0.0,0.0,0.0,0.0,0.0,0.0,0.0,0.0,0.0,0.0,0.0,0.0,0.0,0.0,0.0,0.0,0.0,0.0,0.0,0.0,0.0,0.0,0.0,0.0,0.0,0.0,0.0,0.0,0.0,0.0,0.0,0.0,0.0,0.0,0.0,0.0,0.0,0.0,0.0,0.0,0.0,0.0,0.0,0.0,0.0,0.0,0.0,0.0,0.0,0.0,0.0,0.0,0.0,0.0,0.0,0.0,0.0,0.0,0.0,0.0,0.0,0.0,0.0,0.0,0.0,0.0,0.0,0.0,0.0,0.0,0.0,0.0,0.0,0.0,0.0,0.0,0.0,0.0,0.0,0.0,0.0,0.0,0.0,0.0,0.0,0.0,0.0,0.0,0.0,0.0,0.0,0.0,0.0,0.0,0.0,0.0,0.0,0.0,0.0,0.0,0.0,0.0,0.0,0.0,0.0,0.0,0.0,0.0,0.0,0.0,0.0,0.0,0.0,0.0,0.0,0.0,0.0,0.0,0.0,0.0,0.0,0.0,0.0,0.0,0.0,0.0,0.0,0.0,0.0,0.0,0.0,0.0,0.0,,,,,,,1.26
,,,,,,,,,,,,,,,,,,,,0.0,0.0,0.0,0.0,0.0,0.0,0.0,0.0,0.0,0.0,0.0,0.0,0.0,0.0,0.0,0.0,0.0,0.0,0.0,0.0,0.0,0.0,0.0,0.0,0.0,0.0,0.0,0.0,0.0,0.0,0.0,0.0,0.0,0.0,0.0,0.0,0.0,0.0,0.0,0.0,0.0,0.0,0.0,0.0,0.0,0.0,0.0,0.0,0.0,0.0,0.0,0.0,0.0,0.0,0.0,0.0,0.0,0.0,0.0,0.0,0.0,0.0,0.0,0.0,0.0,0.0,0.0,0.0,0.0,0.0,0.0,0.0,0.0,0.0,0.0,0.0,0.0,0.0,0.0,0.0,0.0,0.0,0.0,0.0,0.0,0.0,0.0,0.0,0.0,0.0,0.0,0.0,0.0,0.0,0.0,0.0,0.0,0.0,0.0,0.0,0.0,0.0,0.0,0.0,0.0,0.0,0.0,0.0,0.0,0.0,0.0,0.0,0.0,0.0,0.0,0.0,0.0,0.0,0.0,0.0,0.0,0.0,0.0,0.0,0.0,0.0,0.0,0.0,0.0,0.0,0.0,0.0,0.0,0.0,0.0,0.0,0.0,0.0,0.0,0.0,0.0,0.0,0.0,0.0,0.0,0.0,0.0,0.0,0.0,0.0,0.0,0.0,0.0,0.0,0.0,0.0,0.0,0.0,0.0,0.0,0.0,0.0,0.0,0.0,0.0,0.0,0.0,0.0,0.0,0.0,0.0,0.0,0.0,0.0,0.0,0.0,0.0,0.0,0.0,0.0,0.0,0.0,0.0,0.0,0.0,0.0,0.0,0.0,0.0,0.0,0.0,0.0,0.0,0.0,0.0,0.0,0.0,0.0,0.0,0.0,0.0,0.0,0.0,0.0,0.0,0.0,0.0,0.0,0.0,0.0,0.0,0.0,0.0,0.0,0.0,0.0,0.0,0.0,0.0,0.0,0.0,0.0,0.0,0.0,0.0,0.0,0.0,0.0,0.0,0.0,0.0,0.0,0.0,0.0,0.0,0.0,0.0,0.0,0.0,0.0,0.0,0.0,0.0,0.0,0.0,0.0,0.0,0.0,0.0,0.0,0.0,0.0,0.0,0.0,0.0,0.0,0.0,0.0,0.0,0.0,0.0,0.0,0.0,0.0,0.0,0.0,0.0,0.0,0.0,0.0,0.0,0.0,0.0,0.0,0.0,0.0,0.0,0.0,0.0,0.0,0.0,0.0,0.0,0.0,0.0,0.0,0.0,0.0,0.0,0.0,0.0,0.0,0.0,0.0,0.0,0.0,0.0,0.0,0.0,0.0,0.0,0.0,0.0,0.0,0.0,0.0,0.0,0.0,0.0,0.0,0.0,0.0,0.0,0.0,0.0,0.0,0.0,0.0,0.0,0.0,0.0,0.0,0.0,0.0,0.0,0.0,0.0,0.0,0.0,0.0,0.0,0.0,0.0,0.0,0.0,0.0,0.0,0.0,0.0,0.0,0.0,0.0,0.0,0.0,0.0,0.0,0.0,0.0,0.0,0.0,0.0,0.0,0.0,0.0,0.0,0.0,0.0,0.0,0.0,0.0,0.0,0.0,0.0,0.0,0.0,0.0,0.0,0.0,0.0,0.0,0.0,0.0,0.0,0.0,0.0,0.0,0.0,0.0,0.0,0.0,0.0,0.0,0.0,0.0,0.0,0.0,0.0,0.0,0.0,0.0,0.0,0.0,0.0,0.0,0.0,0.0,0.0,0.0,0.0,0.0,0.0,0.0,0.0,0.0,0.0,0.0,0.0,0.0,0.0,0.0,0.0,0.0,0.0,0.0,0.0,0.0,0.0,0.0,0.0,0.0,0.0,0.0,0.0,0.0,0.0,0.0,0.0,0.0,0.0,0.0,0.0,0.0,0.0,0.0,0.0,0.0,0.0,0.0,0.0,0.0,0.0,0.0,0.0,0.0,0.0,0.0,0.0,0.0,0.0,0.0,0.0,0.0,0.0,0.0,0.0,0.0,0.0,0.0,0.0,0.0,0.0,0.0,0.0,0.0,0.0,0.0,0.0,0.0,0.0,0.0,0.0,0.0,0.0,0.0,0.0,0.0,0.0,0.0,0.0,0.0,0.0,0.0,0.0,0.0,0.0,0.0,0.0,0.0,0.0,0.0,0.0,0.0,0.0,0.0,0.0,0.0,0.0,0.0,0.0,0.0,,,,,,,1.1
,,,,,,,,,,,,,,,,,,,,0.0,0.0,0.0,0.0,0.0,0.0,0.0,0.0,0.0,0.0,0.0,0.0,0.0,0.0,0.0,0.0,0.0,0.0,0.0,0.0,0.0,0.0,0.0,0.0,0.0,0.0,0.0,0.0,0.0,0.0,0.0,0.0,0.0,0.0,0.0,0.0,0.0,0.0,0.0,0.0,0.0,0.0,0.0,0.0,0.0,0.0,0.0,0.0,0.0,0.0,0.0,0.0,0.0,0.0,0.0,0.0,0.0,0.0,0.0,0.0,0.0,0.0,0.0,0.0,0.0,0.0,0.0,0.0,0.0,0.0,0.0,0.0,0.0,0.0,0.0,0.0,0.0,0.0,0.0,0.0,0.0,0.0,0.0,0.0,0.0,0.0,0.0,0.0,0.0,0.0,0.0,0.0,0.0,0.0,0.0,0.0,0.0,0.0,0.0,0.0,0.0,0.0,0.0,0.0,0.0,0.0,0.0,0.0,0.0,0.0,0.0,0.0,0.0,0.0,0.0,0.0,0.0,0.0,0.0,0.0,0.0,0.0,0.0,0.0,0.0,0.0,0.0,0.0,0.0,0.0,0.0,0.0,0.0,0.0,0.0,0.0,0.0,0.0,0.0,0.0,0.0,0.0,0.0,0.0,0.0,0.0,0.0,0.0,0.0,0.0,0.0,0.0,0.0,0.0,0.0,0.0,0.0,0.0,0.0,0.0,0.0,0.0,0.0,0.0,0.0,0.0,0.0,0.0,0.0,0.0,0.0,0.0,0.0,0.0,0.0,0.0,0.0,0.0,0.0,0.0,0.0,0.0,0.0,0.0,0.0,0.0,0.0,0.0,0.0,0.0,0.0,0.0,0.0,0.0,0.0,0.0,0.0,0.0,0.0,0.0,0.0,0.0,0.0,0.0,0.0,0.0,0.0,0.0,0.0,0.0,0.0,0.0,0.0,0.0,0.0,0.0,0.0,0.0,0.0,0.0,0.0,0.0,0.0,0.0,0.0,0.0,0.0,0.0,0.0,0.0,0.0,0.0,0.0,0.0,0.0,0.0,0.0,0.0,0.0,0.0,0.0,0.0,0.0,0.0,0.0,0.0,0.0,0.0,0.0,0.0,0.0,0.0,0.0,0.0,0.0,0.0,0.0,0.0,0.0,0.0,0.0,0.0,0.0,0.0,0.0,0.0,0.0,0.0,0.0,0.0,0.0,0.0,0.0,0.0,0.0,0.0,0.0,0.0,0.0,0.0,0.0,0.0,0.0,0.0,0.0,0.0,0.0,0.0,0.0,0.0,0.0,0.0,0.0,0.0,0.0,0.0,0.0,0.0,0.0,0.0,0.0,0.0,0.0,0.0,0.0,0.0,0.0,0.0,0.0,0.0,0.0,0.0,0.0,0.0,0.0,0.0,0.0,0.0,0.0,0.0,0.0,0.0,0.0,0.0,0.0,0.0,0.0,0.0,0.0,0.0,0.0,0.0,0.0,0.0,0.0,0.0,0.0,0.0,0.0,0.0,0.0,0.0,0.0,0.0,0.0,0.0,0.0,0.0,0.0,0.0,0.0,0.0,0.0,0.0,0.0,0.0,0.0,0.0,0.0,0.0,0.0,0.0,0.0,0.0,0.0,0.0,0.0,0.0,0.0,0.0,0.0,0.0,0.0,0.0,0.0,0.0,0.0,0.0,0.0,0.0,0.0,0.0,0.0,0.0,0.0,0.0,0.0,0.0,0.0,0.0,0.0,0.0,0.0,0.0,0.0,0.0,0.0,0.0,0.0,0.0,0.0,0.0,0.0,0.0,0.0,0.0,0.0,0.0,0.0,0.0,0.0,0.0,0.0,0.0,0.0,0.0,0.0,0.0,0.0,0.0,0.0,0.0,0.0,0.0,0.0,0.0,0.0,0.0,0.0,0.0,0.0,0.0,0.0,0.0,0.0,0.0,0.0,0.0,0.0,0.0,0.0,0.0,0.0,0.0,0.0,0.0,0.0,0.0,0.0,0.0,0.0,0.0,0.0,0.0,0.0,0.0,0.0,0.0,0.0,0.0,0.0,0.0,0.0,0.0,0.0,0.0,0.0,0.0,0.0,0.0,0.0,0.0,0.0,0.0,0.0,0.0,0.0,0.0,0.0,0.0,0.0,0.0,0.0,0.0,0.0,0.0,0.0,0.0,0.0,0.0,0.0,0.0,0.0,0.0,0.0,0.0,0.0,0.0,0.0,0.0,,,,,,,0.9
