days,len_day,Period_T,R,length_macroperiod,length_microperiod_energy,J,n_scenario,startup_cost,startup_time,initial_stock,capacity_unit,holding_cost,energy_startup,energy_product,D_0,D_1,D_2,D_3,D_4,D_5,D_6,D_7,D_8,D_9,D_10,D_11,scenario0,scenario1,scenario2,scenario3,scenario4,scenario5,scenario6,scenario7,scenario8,scenario9,scenario10,scenario11,scenario12,scenario13,scenario14,scenario15,scenario16,scenario17,scenario18,scenario19,scenario20,scenario21,scenario22,scenario23,scenario24,scenario25,scenario26,scenario27,scenario28,scenario29,scenario30,scenario31,scenario32,scenario33,scenario34,scenario35,scenario36,scenario37,scenario38,scenario39,scenario40,scenario41,scenario42,scenario43,scenario44,scenario45,scenario46,scenario47,scenario48,scenario49,scenario50,scenario51,scenario52,scenario53,scenario54,scenario55,scenario56,scenario57,scenario58,scenario59,scenario60,scenario61,scenario62,scenario63,scenario64,scenario65,scenario66,scenario67,scenario68,scenario69,scenario70,scenario71,scenario72,scenario73,scenario74,scenario75,scenario76,scenario77,scenario78,scenario79,scenario80,scenario81,scenario82,scenario83,scenario84,scenario85,scenario86,scenario87,scenario88,scenario89,scenario90,scenario91,scenario92,scenario93,scenario94,scenario95,scenario96,scenario97,scenario98,scenario99,scenario100,scenario101,scenario102,scenario103,scenario104,scenario105,scenario106,scenario107,scenario108,scenario109,scenario110,scenario111,scenario112,scenario113,scenario114,scenario115,scenario116,scenario117,scenario118,scenario119,scenario120,scenario121,scenario122,scenario123,scenario124,scenario125,scenario126,scenario127,scenario128,scenario129,scenario130,scenario131,scenario132,scenario133,scenario134,scenario135,scenario136,scenario137,scenario138,scenario139,scenario140,scenario141,scenario142,scenario143,scenario144,scenario145,scenario146,scenario147,scenario148,scenario149,scenario150,scenario151,scenario152,scenario153,scenario154,scenario155,scenario156,scenario157,scenario158,scenario159,scenario160,scenario161,scenario162,scenario163,scenario164,scenario165,scenario166,scenario167,scenario168,scenario169,scenario170,scenario171,scenario172,scenario173,scenario174,scenario175,scenario176,scenario177,scenario178,scenario179,scenario180,scenario181,scenario182,scenario183,scenario184,scenario185,scenario186,scenario187,scenario188,scenario189,scenario190,scenario191,scenario192,scenario193,scenario194,scenario195,scenario196,scenario197,scenario198,scenario199,scenario200,scenario201,scenario202,scenario203,scenario204,scenario205,scenario206,scenario207,scenario208,scenario209,scenario210,scenario211,scenario212,scenario213,scenario214,scenario215,scenario216,scenario217,scenario218,scenario219,scenario220,scenario221,scenario222,scenario223,scenario224,scenario225,scenario226,scenario227,scenario228,scenario229,scenario230,scenario231,scenario232,scenario233,scenario234,scenario235,scenario236,scenario237,scenario238,scenario239,scenario240,scenario241,scenario242,scenario243,scenario244,scenario245,scenario246,scenario247,scenario248,scenario249,scenario250,scenario251,scenario252,scenario253,scenario254,scenario255,scenario256,scenario257,scenario258,scenario259,scenario260,scenario261,scenario262,scenario263,scenario264,scenario265,scenario266,scenario267,scenario268,scenario269,scenario270,scenario271,scenario272,scenario273,scenario274,scenario275,scenario276,scenario277,scenario278,scenario279,scenario280,scenario281,scenario282,scenario283,scenario284,scenario285,scenario286,scenario287,scenario288,scenario289,scenario290,scenario291,scenario292,scenario293,scenario294,scenario295,scenario296,scenario297,scenario298,scenario299,scenario300,scenario301,scenario302,scenario303,scenario304,scenario305,scenario306,scenario307,scenario308,scenario309,scenario310,scenario311,scenario312,scenario313,scenario314,scenario315,scenario316,scenario317,scenario318,scenario319,scenario320,scenario321,scenario322,scenario323,scenario324,scenario325,scenario326,scenario327,scenario328,scenario329,scenario330,scenario331,scenario332,scenario333,scenario334,scenario335,scenario336,scenario337,scenario338,scenario339,scenario340,scenario341,scenario342,scenario343,scenario344,scenario345,scenario346,scenario347,scenario348,scenario349,scenario350,scenario351,scenario352,scenario353,scenario354,scenario355,scenario356,scenario357,scenario358,scenario359,scenario360,scenario361,scenario362,scenario363,scenario364,scenario365,scenario366,scenario367,scenario368,scenario369,scenario370,scenario371,scenario372,scenario373,scenario374,scenario375,scenario376,scenario377,scenario378,scenario379,scenario380,scenario381,scenario382,scenario383,scenario384,scenario385,scenario386,scenario387,scenario388,scenario389,scenario390,scenario391,scenario392,scenario393,scenario394,scenario395,scenario396,scenario397,scenario398,scenario399,scenario400,scenario401,scenario402,scenario403,scenario404,scenario405,scenario406,scenario407,scenario408,scenario409,scenario410,scenario411,scenario412,scenario413,scenario414,scenario415,scenario416,scenario417,scenario418,scenario419,scenario420,scenario421,scenario422,scenario423,scenario424,scenario425,scenario426,scenario427,scenario428,scenario429,scenario430,scenario431,scenario432,scenario433,scenario434,scenario435,scenario436,scenario437,scenario438,scenario439,scenario440,scenario441,scenario442,scenario443,scenario444,scenario445,scenario446,scenario447,scenario448,scenario449,scenario450,scenario451,scenario452,scenario453,scenario454,scenario455,scenario456,scenario457,scenario458,scenario459,scenario460,scenario461,scenario462,scenario463,scenario464,scenario465,scenario466,scenario467,scenario468,scenario469,scenario470,scenario471,scenario472,scenario473,scenario474,scenario475,scenario476,scenario477,scenario478,scenario479,scenario480,scenario481,scenario482,scenario483,scenario484,scenario485,scenario486,scenario487,scenario488,scenario489,scenario490,scenario491,scenario492,scenario493,scenario494,scenario495,scenario496,scenario497,scenario498,scenario499,battery_cap,charge_lim,discharge_lim,charge_efficiency,discharge_efficiency,trans_efficiency,energy_purchase_price
4.0,16.0,8.0,64.0,480.0,60.0,12.0,500.0,200.0,60.0,877.0,0.05,0.05,10.0,0.13,562.0,564.0,552.0,561.0,557.0,562.0,552.0,565.0,560.0,559.0,570.0,562.0,1.53,0.82,0.13,0.05,2.02,0.68,4.12,5.37,2.08,3.3,0.0,2.1,1.53,3.43,5.98,5.74,0.0,4.31,4.66,4.98,3.39,3.45,5.35,1.84,6.53,3.64,2.73,0.42,0.42,2.69,6.79,4.15,1.09,3.57,1.09,6.75,0.0,0.0,1.77,3.94,4.31,2.81,0.63,0.68,0.0,7.72,2.21,0.0,6.28,6.35,0.0,0.0,4.94,1.89,4.84,1.18,1.88,1.1,2.19,0.94,3.72,0.57,4.55,2.15,4.56,2.0,7.2,1.18,2.69,1.87,4.93,4.92,5.44,2.1,2.7,0.0,3.09,4.67,3.28,4.84,1.76,0.0,8.52,3.99,6.19,0.0,4.11,5.44,4.23,2.25,6.22,0.0,0.94,6.04,7.38,3.56,6.09,2.64,3.81,2.62,0.0,1.47,5.44,1.8,0.06,5.25,5.29,0.04,2.85,3.2,4.38,5.37,2.52,5.01,2.47,1.97,5.52,5.99,4.95,4.76,4.57,5.41,3.36,1.86,6.51,4.46,2.47,0.91,6.89,4.02,0.39,2.23,4.52,4.47,5.94,3.64,1.19,2.63,3.59,3.32,4.89,0.51,3.13,5.74,2.26,2.82,4.72,3.09,4.82,2.62,3.96,7.14,2.7,3.88,2.65,3.64,6.24,3.48,5.47,4.82,4.67,0.0,4.39,3.24,6.31,3.33,0.32,1.06,4.61,5.9,3.74,6.65,2.71,5.04,1.39,6.56,3.4,4.24,1.34,2.97,3.1,1.44,3.7,4.22,0.0,1.77,0.28,5.6,4.59,3.81,2.46,3.06,4.44,0.78,3.71,8.31,1.49,2.64,2.83,2.1,8.82,1.74,1.27,5.99,1.68,7.7,3.92,1.16,0.0,2.24,2.26,0.75,3.29,0.0,7.15,5.51,3.08,6.59,3.38,9.07,2.53,1.25,4.19,6.14,4.39,1.47,8.08,3.15,1.54,6.11,0.18,2.2,3.51,1.52,4.42,1.1,4.42,2.99,8.38,4.01,5.43,5.24,3.99,4.04,8.37,4.54,0.0,1.62,3.61,3.82,0.0,4.01,2.07,1.7,4.67,3.29,0.0,1.89,6.63,3.1,4.05,3.3,4.77,0.0,3.71,0.93,4.87,2.68,6.0,5.09,2.32,2.27,0.0,4.92,1.85,0.0,7.34,0.0,4.96,6.67,0.0,3.35,6.3,2.64,0.58,4.13,3.16,0.3,0.83,2.31,4.92,0.0,1.69,0.31,6.59,1.12,3.75,0.38,0.56,2.57,3.04,4.1,1.4,5.02,7.08,0.0,4.76,0.0,0.0,4.47,6.77,2.02,7.59,5.15,3.68,3.11,5.09,2.23,5.33,5.53,3.33,4.44,0.0,0.0,0.0,5.39,6.13,1.64,2.39,1.19,7.46,3.69,3.44,0.0,2.84,0.43,5.94,2.25,0.1,3.75,0.26,4.85,5.63,3.42,4.27,5.34,1.64,5.97,2.19,2.91,2.81,2.23,10.29,4.07,0.0,3.77,5.85,1.79,4.45,4.65,2.26,6.52,5.55,2.0,7.26,6.37,0.0,6.74,2.2,7.0,6.28,4.15,3.8,0.09,7.74,5.09,6.98,6.17,2.77,6.21,8.73,0.0,6.04,5.58,0.39,1.7,6.65,5.18,3.13,5.99,2.69,1.1,4.42,2.99,6.68,2.83,1.3,0.0,1.67,4.32,4.92,0.0,5.58,5.75,5.22,0.0,0.18,3.72,3.16,0.3,6.69,0.46,2.55,2.52,5.16,2.1,3.21,0.0,2.35,5.08,3.47,3.79,3.99,4.57,2.93,0.0,0.0,2.03,6.35,3.27,1.57,0.0,0.24,5.44,3.6,0.33,1.2,0.0,2.42,5.19,2.98,3.17,3.59,6.8,2.68,3.47,3.08,6.19,6.55,2.89,3.45,2.82,4.61,7.42,3.49,4.04,4.07,1.14,3.61,0.0,3.21,1.37,1.53,3.63,4.35,4.46,4.04,3.08,2.15,5.03,2.83,0.17,1.58,0.05,1.2,0.0,4.88,3.63,3.96,3.92,2.83,2.4,1.09,2.2,2.03,4.76,0.27,1.86,4.85,2.57,2.07,3.7,4.14,7.67,2.97,5.56,6.7,3.21,3.89,2.55,100.0,250.0,250.0,0.95,0.95,0.95,0.96
,,,,,,,,200.0,60.0,849.0,0.05,0.05,10.0,0.13,557.0,546.0,557.0,564.0,557.0,561.0,556.0,558.0,556.0,559.0,557.0,558.0,6.96,3.46,2.3,2.12,9.53,3.2,17.01,20.24,10.14,11.4,1.46,8.96,6.86,13.89,21.21,19.58,1.77,15.54,16.1,16.98,15.63,14.68,18.51,8.2,22.93,12.78,10.4,4.82,5.11,11.11,22.21,17.71,6.43,12.02,7.31,26.02,0.0,0.34,8.33,15.57,13.6,10.43,2.99,3.67,0.0,27.6,10.94,0.0,24.03,22.72,0.0,3.7,19.24,8.67,17.78,6.9,8.45,6.65,9.58,4.55,13.93,1.99,14.9,9.42,15.12,7.45,23.71,6.56,11.28,6.14,19.41,18.03,20.17,9.14,13.68,0.0,12.91,18.41,12.74,19.57,8.43,0.0,29.97,18.28,22.94,0.0,14.89,20.5,15.88,11.42,22.28,0.0,5.55,22.82,23.97,13.49,20.49,10.79,14.93,11.5,0.95,6.31,18.83,8.23,2.46,19.3,20.2,1.73,10.49,11.94,17.47,18.87,10.2,18.76,10.48,7.29,20.6,20.67,15.69,17.24,16.7,20.68,12.5,8.85,22.94,14.63,10.34,3.79,22.84,15.39,1.42,9.61,16.41,15.22,21.41,14.3,7.31,12.08,13.17,13.9,21.0,1.21,10.69,19.38,7.05,15.5,18.75,10.65,17.26,10.17,15.27,24.66,9.67,15.05,10.66,14.71,23.14,13.9,21.83,16.33,18.38,0.0,16.77,14.79,24.34,15.07,4.82,7.36,18.98,21.26,14.57,21.48,11.47,17.73,6.28,24.28,12.72,15.76,7.78,14.58,11.91,7.29,13.07,13.84,0.52,8.97,1.53,19.24,18.51,16.18,11.98,12.31,16.52,6.13,12.66,29.61,8.19,13.46,13.45,7.17,32.09,7.9,8.21,21.73,8.74,28.97,15.63,4.6,0.0,10.11,9.63,5.85,11.69,0.0,24.48,18.01,12.96,25.32,11.71,30.56,10.4,5.39,16.48,22.45,14.24,5.02,28.72,11.97,7.32,22.09,0.49,10.06,15.03,6.88,17.89,6.35,16.14,11.76,30.76,14.89,18.06,18.66,16.19,15.37,28.57,19.18,0.27,7.28,13.78,16.79,0.22,15.18,9.27,9.01,17.28,11.25,0.05,7.04,21.58,12.35,14.41,11.63,19.88,0.33,11.9,5.93,17.66,10.75,21.27,18.45,10.56,7.94,0.0,19.89,10.93,0.0,25.89,2.83,17.26,23.75,1.21,12.13,21.54,14.42,5.2,15.88,12.06,3.05,5.19,11.42,18.08,0.0,6.94,2.96,22.98,6.44,15.59,4.89,5.04,9.22,11.66,16.32,7.21,18.47,23.63,0.0,16.88,0.0,1.24,17.42,24.72,9.71,25.01,20.18,15.15,13.19,19.29,9.29,18.41,20.19,12.22,14.47,0.0,4.25,0.0,20.16,23.6,7.97,9.98,6.57,26.18,13.62,11.7,0.0,10.91,4.1,21.16,9.85,2.1,14.86,1.68,17.31,17.1,13.36,16.6,20.95,6.15,20.66,8.53,9.49,11.65,10.32,36.63,15.27,0.02,13.86,22.31,8.33,17.52,16.04,11.03,25.09,21.66,10.11,26.0,23.27,0.0,25.26,9.89,26.33,21.48,15.98,15.56,2.3,27.91,18.31,24.23,22.81,14.41,23.64,29.98,0.0,21.7,20.59,4.84,9.99,21.04,17.49,10.61,20.3,10.87,3.62,15.58,12.34,24.32,13.4,6.75,0.0,6.18,16.25,17.05,0.0,20.81,19.13,17.04,0.0,1.15,13.84,13.55,3.38,23.88,4.0,12.26,11.23,18.26,9.52,13.43,0.0,7.91,20.3,12.78,13.83,15.96,16.05,10.57,0.11,0.0,8.08,21.3,14.67,6.86,0.0,3.95,20.5,13.33,3.64,5.74,2.61,9.84,17.83,9.92,11.49,12.77,24.58,10.25,12.65,11.39,21.28,24.64,10.22,11.97,10.82,16.7,28.7,12.07,14.32,16.03,4.57,13.62,0.0,14.22,6.18,4.86,11.48,12.8,18.55,17.09,12.62,9.24,18.04,11.63,2.14,7.23,4.75,7.07,0.0,18.33,14.03,14.67,13.57,12.23,8.24,6.4,9.92,10.57,16.91,4.32,9.14,17.22,8.86,8.8,14.36,13.86,26.41,13.07,20.61,25.49,13.38,14.67,11.06,,,,,,,1.22
,,,,,,,,200.0,60.0,295.0,0.05,0.05,10.0,0.13,560.0,554.0,562.0,566.0,552.0,550.0,560.0,576.0,552.0,557.0,558.0,556.0,19.94,15.77,8.23,11.84,24.21,8.58,38.39,43.22,28.5,26.22,9.26,20.56,17.17,34.85,52.81,44.9,11.9,34.48,33.86,39.5,46.53,42.88,41.96,19.38,50.35,30.21,30.34,9.07,18.62,24.99,48.96,42.42,17.45,26.19,23.19,62.96,1.32,3.25,24.62,39.02,31.35,27.78,8.68,11.26,2.14,61.76,28.37,0.7,55.03,51.89,4.45,18.61,34.5,26.49,44.67,20.23,19.51,19.08,21.14,15.97,38.16,9.08,39.56,25.1,37.49,18.53,56.16,17.8,25.78,19.28,48.88,38.47,43.3,24.79,31.71,6.92,30.36,43.59,31.61,44.18,26.93,0.43,70.09,42.38,54.69,4.48,37.01,49.5,37.93,29.41,49.49,7.37,24.04,51.46,53.69,27.67,42.48,26.36,41.34,32.82,1.76,17.8,39.18,29.11,14.65,48.42,44.79,6.22,25.02,29.34,40.14,43.77,25.39,42.07,29.93,18.99,46.53,47.98,40.93,37.95,35.15,50.25,30.7,21.97,47.0,38.74,31.69,10.83,48.79,38.08,3.86,22.46,34.75,37.13,50.36,35.32,25.09,29.21,38.61,35.7,54.99,5.73,27.32,45.7,22.87,38.22,45.33,28.13,40.64,29.02,38.25,55.14,25.22,36.27,25.7,40.37,54.77,33.93,47.69,37.26,43.96,0.0,40.96,30.98,54.04,38.66,14.55,19.41,49.17,53.83,35.81,45.1,29.61,43.98,13.74,55.92,32.23,36.69,26.72,38.59,27.99,21.06,32.9,33.46,7.78,26.99,7.78,42.94,44.34,29.24,31.61,29.5,36.25,18.93,32.55,69.97,22.07,27.78,31.94,23.94,71.5,22.68,28.1,46.21,26.05,69.39,36.04,16.24,0.0,31.54,19.56,18.42,31.28,2.43,54.56,47.22,33.37,55.42,28.38,64.92,22.96,17.53,42.37,55.32,30.71,19.19,60.03,30.87,22.24,51.48,7.15,26.73,34.84,18.68,45.86,13.36,37.97,26.46,63.37,40.16,40.14,43.21,38.53,32.19,62.51,49.81,0.29,20.04,33.53,41.7,1.4,32.69,26.34,29.13,40.1,24.71,6.28,18.22,47.57,34.42,32.8,28.16,38.62,9.37,25.17,12.8,39.03,26.51,45.07,42.2,25.59,21.52,5.87,43.19,25.53,4.79,54.39,9.55,44.12,59.0,8.79,28.37,49.62,31.88,15.01,40.0,28.72,13.1,14.01,25.64,40.53,1.95,20.37,11.84,47.88,19.15,41.17,16.46,13.99,19.51,28.29,44.25,19.54,45.27,57.81,6.11,43.57,4.5,11.17,35.83,54.97,23.24,51.94,44.53,40.07,32.45,46.46,26.13,42.15,49.27,27.87,40.04,0.0,12.04,2.82,47.52,52.25,18.7,21.71,20.54,59.17,32.74,24.45,0.0,26.41,12.63,46.61,25.76,7.92,32.2,3.35,41.5,34.21,30.13,45.17,47.72,22.02,51.54,22.35,29.48,28.69,26.06,79.79,30.61,6.03,34.77,51.44,21.53,36.43,39.42,26.42,50.94,48.53,25.39,59.64,49.97,0.0,53.68,27.73,53.93,48.65,39.94,35.0,11.97,60.45,46.41,52.55,53.41,31.62,55.48,64.15,0.0,49.76,47.38,21.05,27.39,44.8,43.26,24.02,53.91,27.51,11.98,33.22,25.6,58.2,33.22,24.34,0.0,19.87,43.79,39.43,2.79,45.91,42.54,37.94,7.4,3.1,31.78,31.96,15.62,57.68,19.94,26.32,31.56,44.08,33.3,40.78,0.0,19.77,45.68,25.97,34.06,38.94,38.3,30.52,11.4,3.75,27.3,45.09,39.82,17.76,0.0,16.82,45.07,37.92,16.16,16.03,10.98,20.83,36.49,19.24,28.06,30.72,55.19,25.34,30.52,28.48,47.48,52.18,21.81,34.13,33.05,39.31,60.17,28.93,32.38,37.11,18.52,27.92,0.0,34.95,17.9,14.62,31.52,29.58,44.43,46.11,29.36,25.64,38.68,26.09,4.23,20.56,13.59,19.21,2.24,38.91,33.76,32.32,27.04,31.45,15.31,18.0,28.52,29.75,36.03,15.32,21.53,44.42,22.88,23.86,37.99,26.5,58.68,32.9,45.49,57.99,35.51,37.28,27.35,,,,,,,1.26
,,,,,,,,200.0,60.0,1915.0,0.05,0.05,10.0,0.13,562.0,565.0,563.0,559.0,563.0,549.0,559.0,561.0,556.0,561.0,555.0,558.0,41.28,41.45,12.05,21.84,54.99,25.92,60.87,70.61,46.96,56.47,16.03,40.77,32.56,59.06,86.17,79.32,25.12,58.02,67.3,70.78,79.9,75.88,70.76,37.22,86.18,60.09,57.87,23.27,45.08,48.67,85.16,67.21,29.62,51.24,46.67,98.29,4.23,10.23,48.2,72.77,59.57,56.51,17.57,26.21,15.7,104.76,59.08,3.55,94.65,94.41,21.48,43.43,50.59,52.65,79.2,39.34,46.64,41.98,35.81,29.44,67.56,18.24,69.86,42.85,61.91,35.81,86.23,35.25,47.93,41.15,78.27,65.47,69.7,34.6,53.97,23.18,46.68,78.99,51.82,71.03,53.68,10.17,107.08,63.38,98.8,14.33,66.13,81.57,71.6,52.7,73.09,22.65,45.41,74.33,96.06,51.91,73.77,52.18,77.69,57.24,4.83,33.49,71.79,58.19,32.69,92.94,73.26,25.87,45.21,53.77,74.43,72.68,45.32,72.82,55.79,37.08,68.07,82.62,72.38,58.81,50.43,78.74,49.66,43.76,72.22,71.05,51.17,30.75,84.31,73.81,19.17,35.69,74.21,66.52,94.18,65.22,51.26,45.75,65.42,63.68,95.92,21.81,49.79,78.39,49.01,64.55,71.51,54.17,64.73,48.07,67.17,87.03,53.32,57.47,57.02,63.32,98.88,65.76,88.49,68.41,73.83,5.71,72.89,48.04,100.01,55.26,27.8,31.83,81.2,82.43,59.88,75.51,47.42,82.79,33.68,94.87,58.31,50.95,57.9,55.43,49.29,52.95,60.61,65.12,37.03,46.13,20.75,73.74,69.03,45.63,53.36,57.73,63.88,37.16,57.63,113.73,46.81,44.25,63.4,41.17,118.91,37.29,47.6,75.76,48.4,113.82,58.92,40.15,4.05,64.14,43.34,39.38,51.54,25.84,93.8,82.9,58.39,79.71,48.81,100.0,41.38,30.58,77.09,93.12,65.75,36.51,96.03,57.13,40.97,91.79,23.01,42.84,64.06,36.35,79.79,23.2,74.22,47.12,97.78,77.73,66.09,72.83,65.59,57.57,94.73,78.85,6.68,48.64,58.6,58.41,17.01,54.43,52.28,55.58,65.42,41.51,12.28,32.29,79.64,57.26,56.18,50.92,69.11,16.72,48.08,27.1,70.05,48.89,70.54,66.65,43.85,37.53,24.75,63.22,44.88,24.3,94.94,23.42,78.22,84.75,22.62,52.94,87.75,53.64,33.23,67.61,58.38,26.38,25.86,36.27,64.65,11.27,40.62,27.87,84.52,40.44,71.7,36.02,34.63,27.49,49.2,65.55,37.91,71.3,97.04,12.9,68.75,28.96,28.56,55.37,96.17,43.43,86.26,74.26,60.77,52.83,77.37,47.08,68.91,85.55,50.83,65.8,0.0,32.43,15.61,76.53,78.14,42.19,32.14,48.09,97.88,49.42,41.7,8.26,45.8,23.57,80.3,47.48,20.69,49.26,11.66,75.21,66.21,53.18,77.39,79.8,46.57,71.94,48.55,62.2,56.4,39.92,127.16,52.44,11.19,75.69,79.65,36.92,61.63,69.46,41.73,84.77,79.97,36.96,98.55,82.5,0.0,85.09,44.02,87.9,98.68,71.26,56.58,38.13,96.87,68.44,85.0,92.88,50.11,101.43,109.15,16.08,79.06,79.01,37.01,47.17,69.88,75.24,44.01,87.5,40.99,26.99,53.46,53.1,92.96,54.51,56.67,0.0,32.88,79.56,75.38,9.58,77.22,67.92,55.09,22.87,16.63,59.31,60.34,36.06,92.49,38.29,48.8,48.13,76.42,67.3,66.26,0.0,31.38,70.6,45.06,65.69,72.89,65.99,58.94,39.73,12.4,58.32,66.93,72.07,30.22,0.0,45.34,71.07,67.5,34.21,32.28,20.16,42.6,60.48,43.47,43.7,58.46,80.89,58.72,64.76,49.51,79.61,86.13,26.76,70.28,63.04,75.23,94.21,62.07,61.95,61.85,34.83,51.01,0.0,63.23,40.29,35.91,56.75,47.34,70.22,72.33,49.52,52.27,69.26,43.74,13.68,35.24,30.22,37.11,9.17,72.06,69.48,57.75,46.75,49.22,25.75,28.79,56.95,61.73,58.43,26.49,46.59,72.55,40.65,42.53,66.34,53.95,92.58,56.86,72.31,113.52,63.28,70.45,47.21,,,,,,,1.2
,,,,,,,,200.0,60.0,1247.0,0.05,0.05,10.0,0.13,560.0,558.0,564.0,560.0,560.0,560.0,549.0,559.0,560.0,566.0,551.0,553.0,66.35,66.61,31.12,45.26,82.73,39.75,88.46,92.49,66.76,69.9,37.31,68.64,51.88,89.51,127.76,112.09,34.27,92.34,102.0,100.01,101.67,98.56,93.5,53.78,102.49,73.63,85.04,38.12,60.79,65.26,115.87,75.93,48.36,71.81,66.48,123.73,15.84,21.44,84.02,86.29,106.43,68.94,23.09,42.33,33.87,129.19,80.41,6.73,124.44,122.19,30.89,74.3,58.69,81.2,107.76,47.84,70.17,67.71,60.53,49.07,93.81,38.01,84.63,57.1,78.37,53.4,112.77,56.34,73.3,61.62,98.42,96.92,93.85,53.2,75.62,31.91,60.54,116.04,66.9,95.75,59.43,26.75,133.52,75.25,129.78,35.6,89.98,120.51,92.17,74.14,101.11,32.72,72.52,92.88,127.51,67.4,108.55,69.86,91.7,71.82,20.35,66.01,97.4,77.0,65.72,125.7,109.68,39.76,72.59,72.66,103.39,86.62,60.8,104.47,79.03,70.73,97.13,104.04,100.91,78.56,57.14,107.76,75.53,66.28,95.54,90.69,69.37,47.93,101.43,101.03,35.96,52.8,110.58,83.09,136.54,101.38,60.89,68.55,75.1,79.24,114.96,49.34,62.33,109.41,82.52,79.69,83.88,86.61,66.37,66.66,94.03,104.74,76.68,80.58,68.56,91.35,120.45,89.8,112.12,99.81,92.75,20.04,90.27,63.58,143.81,62.68,39.12,58.36,105.55,98.16,85.02,89.3,53.62,95.77,49.63,114.48,76.57,64.47,90.19,70.53,61.29,82.52,80.99,82.63,66.01,55.67,40.61,110.88,91.5,50.06,77.61,77.07,94.26,61.75,80.1,137.92,54.46,60.65,85.8,69.69,150.22,68.11,69.71,98.21,58.3,145.35,80.61,58.19,15.98,77.41,56.45,59.85,64.6,43.02,118.75,103.02,79.65,100.25,46.16,117.22,59.82,49.51,103.02,118.63,102.46,60.35,127.75,64.53,70.8,128.48,43.35,58.89,108.35,52.77,108.49,40.67,95.53,54.99,119.21,111.96,87.15,106.52,90.22,79.84,117.95,85.94,23.22,77.81,68.5,58.36,30.12,90.13,78.72,79.04,85.63,60.79,51.07,62.39,120.59,77.18,80.51,71.59,98.68,35.64,54.95,60.13,103.06,71.99,92.91,93.81,62.99,50.43,27.76,84.33,72.47,50.62,127.49,39.91,99.36,103.6,39.5,74.62,109.04,71.32,45.44,104.15,87.87,31.08,40.88,60.57,79.67,34.59,46.16,46.95,105.42,63.55,105.74,49.1,42.22,31.55,68.91,88.28,63.45,83.65,132.79,28.12,83.77,52.42,40.65,71.27,111.45,70.69,124.57,106.26,95.09,75.2,101.13,68.6,95.46,116.11,67.09,82.55,19.34,65.48,25.5,91.11,82.28,68.63,54.41,70.17,121.07,69.1,52.38,11.48,56.86,41.8,107.59,68.3,39.56,67.57,19.52,102.41,100.11,64.46,103.0,117.6,75.78,100.0,62.35,92.58,87.07,60.7,161.01,71.07,11.87,96.64,96.17,52.16,82.1,80.43,58.13,117.82,112.49,49.35,130.78,121.25,19.27,109.45,50.65,119.21,140.45,92.41,86.98,59.89,120.05,79.64,112.08,127.14,74.29,126.99,141.96,22.79,98.76,102.99,60.2,68.24,83.72,87.68,59.52,119.94,52.25,54.24,81.02,68.99,127.33,67.6,100.45,9.64,43.81,109.18,94.12,29.03,93.83,77.87,80.15,50.51,29.06,82.54,88.27,56.33,116.33,64.1,80.26,55.55,97.59,99.07,89.29,0.0,48.92,87.63,55.65,89.79,99.22,77.66,71.39,57.47,31.14,83.24,76.09,98.65,48.4,9.76,52.88,84.34,93.67,51.92,47.19,37.36,55.81,95.93,80.68,64.86,87.69,91.02,93.57,88.74,71.55,114.41,107.9,34.92,95.49,82.0,98.83,113.18,76.93,74.37,74.7,57.4,69.13,15.67,88.39,71.25,54.35,77.26,72.36,96.72,93.27,69.95,77.75,91.02,63.84,29.7,66.07,44.52,38.91,24.24,109.64,85.82,85.26,65.02,61.5,34.19,39.89,73.63,86.47,83.09,53.01,74.11,88.58,66.26,67.7,80.19,62.75,118.31,62.96,97.99,140.69,81.39,86.43,78.2,,,,,,,1.12
,,,,,,,,200.0,60.0,378.0,0.05,0.05,10.0,0.13,559.0,552.0,556.0,557.0,559.0,555.0,552.0,563.0,573.0,568.0,551.0,558.0,67.97,74.16,30.0,62.31,105.59,42.78,99.53,95.93,75.0,74.67,32.53,66.31,54.71,96.42,131.36,111.47,50.04,90.45,115.36,104.34,110.33,99.36,91.09,60.08,86.59,86.19,96.33,33.07,76.59,78.65,137.87,69.2,51.99,73.85,79.89,111.16,24.39,39.55,83.73,76.93,126.01,66.37,41.14,54.71,33.04,119.02,81.27,21.97,130.32,118.37,45.02,76.54,57.7,93.11,105.26,50.95,80.24,65.39,68.89,55.16,104.89,60.12,86.96,64.78,82.22,61.31,127.73,71.22,79.18,83.42,96.2,93.1,94.32,54.67,76.58,38.67,71.97,131.76,79.57,103.82,73.85,35.63,139.99,87.83,116.26,47.35,90.91,114.37,98.96,73.67,107.53,36.35,76.55,94.26,130.44,72.3,111.23,74.17,89.51,69.38,22.86,76.66,101.32,82.75,68.11,114.23,127.59,46.43,78.53,63.36,106.57,78.85,57.95,110.47,97.78,91.27,101.06,111.76,116.77,86.32,65.19,121.31,85.72,77.65,102.19,97.32,88.62,48.27,93.02,107.74,30.85,52.8,110.83,74.01,136.23,111.08,68.83,74.65,84.86,80.87,121.25,63.29,86.95,120.14,75.67,92.8,92.08,102.66,68.85,76.35,97.88,101.83,82.33,75.5,72.1,90.7,116.0,82.84,117.0,121.96,103.62,30.13,77.54,69.93,145.91,51.81,44.92,82.39,106.54,101.65,102.52,94.87,65.45,94.98,64.1,111.0,73.76,68.5,80.78,76.59,68.05,86.4,81.5,84.8,81.64,55.95,57.89,122.9,108.35,58.67,89.73,80.63,100.94,63.18,84.57,156.36,84.2,63.39,78.08,71.16,156.41,79.21,67.47,106.44,60.3,143.86,93.59,64.51,17.81,85.79,63.83,76.57,79.03,44.92,114.66,109.83,79.42,93.56,35.24,115.61,78.82,68.48,107.65,127.64,105.6,72.26,115.08,76.41,82.24,140.47,44.47,47.0,114.65,63.27,109.09,53.02,90.34,62.4,115.95,114.2,87.17,104.05,96.07,92.21,123.58,86.18,27.43,68.85,75.04,58.1,56.46,97.11,83.32,98.57,99.27,73.81,61.8,79.09,109.09,84.95,85.37,79.71,109.82,49.07,68.59,58.28,114.96,78.3,102.0,102.86,65.58,59.56,41.88,92.28,76.18,52.86,121.63,53.35,102.49,113.49,53.41,76.04,112.22,76.99,66.14,98.37,100.5,40.53,59.92,81.86,73.89,57.44,53.39,53.34,101.69,82.62,107.09,51.39,38.07,42.89,95.83,85.08,76.65,80.28,130.47,51.17,88.75,56.74,49.72,76.74,114.94,62.58,133.18,112.39,114.19,86.41,107.56,69.06,101.35,120.66,77.3,88.95,42.5,72.28,35.1,101.06,94.04,60.85,53.73,71.72,131.16,74.75,58.57,14.0,56.47,39.95,107.36,79.21,58.06,76.93,30.87,102.42,120.63,70.51,109.37,123.99,95.21,87.13,86.1,99.49,79.75,71.46,155.66,81.32,8.4,103.59,91.49,62.43,98.43,84.03,60.83,125.45,112.8,55.06,133.59,126.68,26.68,111.29,55.59,127.77,152.12,96.03,94.69,72.6,114.81,75.26,109.11,123.84,79.27,128.02,148.83,40.69,101.09,101.64,86.73,67.2,92.78,87.86,65.68,116.55,80.19,71.41,93.21,61.03,116.11,93.65,112.58,33.99,52.25,111.4,75.09,48.57,82.81,80.52,93.27,60.88,44.44,70.81,93.15,59.35,101.46,80.51,78.64,64.83,105.1,104.8,96.11,19.75,65.36,94.1,71.68,92.33,105.35,83.43,86.75,58.22,50.16,84.76,97.59,101.34,65.48,36.45,54.41,83.19,94.11,74.87,61.25,38.63,54.21,106.76,92.94,55.33,91.06,90.01,107.43,98.78,69.0,126.42,121.84,37.69,102.94,83.86,94.23,123.35,80.93,90.94,83.78,59.2,70.23,33.2,97.77,88.8,66.42,82.75,80.74,96.8,120.74,68.44,72.77,88.31,70.57,33.02,71.55,55.4,50.08,50.71,105.48,87.73,82.02,82.93,78.6,49.44,63.47,83.73,91.71,93.25,58.12,61.02,90.0,76.29,79.08,89.25,66.82,115.72,70.54,106.15,143.42,85.72,86.45,93.27,,,,,,,0.8
,,,,,,,,200.0,60.0,180.0,0.05,0.05,10.0,0.13,544.0,565.0,559.0,555.0,565.0,563.0,555.0,570.0,554.0,557.0,570.0,556.0,81.82,93.63,41.0,68.34,123.46,49.55,109.51,98.06,88.98,69.38,42.98,81.78,69.4,101.05,124.07,111.97,74.62,102.05,124.39,128.8,136.89,103.21,99.96,76.55,101.96,79.06,110.21,43.59,82.0,103.19,136.58,77.88,72.4,86.26,78.37,111.12,36.65,62.77,69.16,82.19,130.54,85.19,63.22,72.25,48.98,126.02,94.59,41.74,136.33,118.01,60.92,106.85,84.33,85.35,106.97,56.79,105.97,67.1,71.34,65.94,118.36,67.81,87.62,68.02,107.49,71.26,128.49,88.25,83.33,105.64,110.12,86.99,85.79,65.93,78.55,54.45,90.64,131.27,96.35,108.83,77.28,48.05,137.56,122.24,114.27,73.89,99.61,127.3,108.34,80.72,100.69,50.25,90.8,108.22,123.34,89.24,121.54,93.91,82.27,73.2,42.86,87.67,113.53,97.37,77.22,119.08,137.56,43.98,87.63,86.35,116.75,71.05,64.79,106.6,112.91,92.07,113.21,118.32,119.06,93.74,67.02,133.42,81.33,90.39,117.46,117.94,104.17,66.64,97.7,119.58,31.3,66.03,99.93,84.15,138.85,134.84,61.75,83.89,101.03,105.67,137.48,82.62,89.03,128.59,79.38,123.06,109.82,116.73,76.41,86.04,90.19,109.86,83.53,84.13,93.89,108.07,128.43,94.31,122.1,120.53,107.36,53.87,89.2,86.47,143.17,62.64,75.98,105.22,105.47,112.33,116.54,89.98,77.0,98.36,88.13,117.46,82.72,73.2,74.3,87.87,99.57,104.26,83.73,93.51,93.25,68.32,60.03,120.91,130.41,84.09,93.96,86.02,104.67,75.74,73.67,172.87,110.51,81.28,102.29,84.27,154.82,100.6,87.5,103.42,66.27,148.77,129.26,73.78,31.41,85.81,66.22,98.67,108.34,58.37,118.72,129.13,91.14,106.05,54.05,120.9,86.88,72.24,74.27,133.35,105.82,76.67,131.48,86.07,85.59,148.28,41.2,52.65,107.96,101.4,102.01,55.92,95.73,70.14,117.43,108.63,99.86,127.76,119.95,94.46,136.17,97.08,46.71,67.61,82.87,63.19,75.16,105.44,99.39,102.89,108.73,82.76,76.17,94.37,113.22,89.4,104.33,95.04,107.58,64.97,96.82,79.19,104.06,82.92,108.1,109.25,70.81,45.61,70.03,95.76,80.28,59.65,127.19,70.32,104.57,134.89,64.78,66.68,110.2,100.96,63.28,92.49,110.45,53.26,61.92,106.9,83.95,83.56,75.47,68.82,114.48,88.02,109.26,62.45,70.26,58.96,104.12,102.51,94.72,94.4,130.56,63.91,100.57,60.27,76.24,87.65,118.17,72.26,144.79,126.69,104.93,84.06,118.65,83.83,112.88,140.09,71.47,90.2,54.09,93.35,46.3,104.59,110.6,78.88,65.26,79.43,133.76,89.26,73.49,36.5,57.21,61.05,117.52,91.03,58.32,78.61,53.07,124.44,126.03,82.63,102.98,140.73,114.88,94.53,85.92,121.41,75.71,71.81,162.74,86.01,18.63,139.96,104.71,76.95,104.7,89.89,73.66,126.53,127.67,62.79,136.57,122.88,35.74,119.49,64.51,147.04,153.19,104.54,103.79,82.12,124.82,92.28,112.93,122.84,99.39,123.92,166.43,54.86,112.69,115.08,108.21,81.37,102.37,91.2,92.16,117.08,97.09,77.93,102.59,60.12,124.93,111.11,116.59,58.24,68.26,103.28,79.99,66.65,91.89,90.12,89.84,77.63,69.26,79.68,115.23,61.54,117.96,98.62,81.21,79.41,105.5,118.83,110.38,33.59,94.9,111.82,97.08,89.6,114.38,94.97,106.93,58.74,67.72,93.62,104.19,118.87,92.87,55.75,67.47,76.04,97.75,79.54,78.5,52.04,57.98,103.44,92.65,62.55,100.84,114.37,115.56,125.35,69.33,135.03,112.81,43.12,109.95,116.09,98.89,140.19,92.69,103.47,101.94,57.76,85.64,36.29,108.07,94.18,69.43,79.71,94.76,117.57,117.74,83.51,76.62,96.4,78.38,58.32,66.37,67.66,57.04,49.61,92.36,122.35,88.27,84.51,101.5,57.57,73.57,90.37,112.82,102.03,52.17,62.5,99.36,98.88,80.31,93.4,84.15,107.34,86.78,115.59,147.55,93.21,90.85,89.03,,,,,,,0.74
,,,,,,,,200.0,60.0,688.0,0.05,0.05,10.0,0.13,555.0,553.0,567.0,552.0,562.0,569.0,560.0,558.0,573.0,564.0,560.0,556.0,74.73,88.19,48.9,81.47,112.48,53.52,104.24,94.38,96.16,81.68,52.16,84.02,65.11,105.98,110.5,104.15,71.42,96.77,117.27,122.15,126.47,115.95,88.12,73.44,91.14,94.3,102.12,39.94,93.49,110.19,115.8,87.62,76.22,86.48,87.79,90.46,60.61,64.06,55.48,75.76,114.88,85.44,61.74,75.93,46.12,109.89,103.51,66.75,132.79,106.92,36.39,109.39,73.01,74.93,96.27,71.0,105.13,68.2,71.72,96.87,106.33,87.35,83.07,51.01,110.25,87.95,114.34,83.73,92.59,121.19,102.65,93.8,79.34,66.29,74.23,79.39,89.63,112.06,82.7,105.79,60.53,52.38,145.51,129.19,101.65,75.88,98.97,114.95,99.39,75.28,90.58,51.23,80.96,109.16,104.95,94.44,106.97,76.2,80.73,70.01,58.56,85.18,114.4,84.25,95.18,106.55,131.82,44.95,100.06,83.78,124.22,60.92,79.85,109.76,107.93,102.47,109.94,107.17,105.54,91.15,63.18,109.82,72.8,77.54,104.08,121.64,87.34,73.86,100.44,106.57,46.46,74.54,103.12,91.43,140.0,124.13,66.12,91.63,91.9,104.28,138.39,88.44,93.84,129.1,84.86,119.48,124.33,127.68,67.54,106.7,96.43,107.81,83.32,83.47,96.39,97.34,132.67,92.97,116.83,122.8,112.64,53.49,105.22,82.71,137.88,78.9,66.9,98.63,106.65,102.5,106.63,78.95,68.97,109.03,87.7,123.14,84.21,91.21,81.96,93.64,95.39,96.88,84.61,79.27,97.78,64.09,50.13,116.14,131.55,96.45,91.86,88.76,99.68,66.15,68.55,169.55,108.25,98.86,116.0,70.75,141.58,103.51,79.01,106.16,66.39,123.44,124.14,65.53,48.81,73.75,72.27,94.53,108.16,45.94,117.34,128.32,98.03,94.22,68.44,132.04,101.2,69.52,69.12,122.21,120.42,86.49,144.63,80.66,80.37,131.05,52.17,56.23,94.31,93.77,96.71,52.74,101.37,73.13,115.87,108.11,76.16,139.6,118.27,93.3,125.49,97.97,48.12,56.98,88.43,60.85,75.07,92.78,93.56,82.38,110.41,94.72,83.64,84.39,100.99,96.32,112.59,80.08,103.75,79.78,78.88,78.68,100.85,89.44,90.59,108.41,73.78,57.82,76.07,83.12,64.52,69.19,123.58,67.42,102.59,125.77,76.38,74.47,92.39,105.65,69.17,106.36,103.65,54.05,60.95,106.04,110.79,76.65,87.77,69.62,107.34,89.1,117.76,74.68,74.37,75.76,106.21,121.96,101.68,97.88,108.93,69.79,99.07,60.66,81.18,88.13,111.12,80.08,134.89,117.1,114.39,85.29,108.07,93.19,101.45,149.0,82.19,92.06,60.2,109.59,59.95,98.71,88.67,66.69,69.32,68.25,110.47,80.3,81.67,53.72,77.91,60.33,110.16,86.95,55.17,90.21,60.74,129.69,125.4,86.18,92.57,147.18,107.97,103.14,81.6,117.36,59.03,90.09,144.27,96.79,23.53,138.7,108.75,90.72,104.69,94.04,76.48,115.63,102.79,50.43,108.51,115.55,38.68,114.64,59.72,146.98,133.67,81.91,103.95,78.51,117.08,92.06,102.6,107.36,84.56,109.06,169.23,67.85,114.67,117.89,91.59,75.23,98.71,92.4,92.44,101.74,99.96,67.93,85.24,68.68,123.01,103.42,116.72,69.65,84.19,95.99,79.14,69.2,88.5,88.07,97.85,59.27,73.75,92.27,103.21,67.46,128.04,97.75,97.4,80.88,86.48,113.78,118.55,43.28,109.65,118.42,92.04,82.69,117.23,100.38,118.06,66.72,75.94,95.9,111.73,109.32,107.09,54.41,67.03,91.24,99.46,73.53,86.81,58.82,68.94,104.54,94.27,65.97,93.14,129.3,117.83,104.4,79.1,124.58,110.09,42.21,114.51,124.81,93.12,133.29,73.23,105.56,107.56,58.8,98.79,45.87,111.63,92.1,73.76,79.83,91.51,112.19,98.76,91.38,72.63,100.18,77.0,73.93,54.06,88.99,70.47,54.06,83.03,122.74,84.23,76.75,98.06,49.87,82.23,76.77,98.71,104.21,55.43,93.78,93.24,89.58,71.69,80.26,89.02,115.7,87.15,114.53,138.62,93.18,84.25,97.38,,,,,,,0.76
,,,,,,,,200.0,60.0,231.0,0.05,0.05,10.0,0.13,,,,,,,,,,,,,63.84,57.21,52.79,76.54,94.87,45.24,80.0,76.46,84.63,76.38,52.88,68.27,45.26,78.38,83.42,81.93,66.37,70.72,116.99,88.5,91.52,89.61,83.19,56.84,77.78,75.41,84.38,46.89,78.46,82.93,76.25,77.85,57.58,69.35,82.21,70.0,59.4,59.56,58.1,62.22,87.44,61.06,67.12,57.82,40.51,82.32,86.37,61.77,108.38,83.1,14.65,85.43,61.63,67.79,83.25,60.93,93.25,66.16,63.5,89.77,94.07,71.67,81.32,36.04,79.91,79.69,88.7,68.15,76.49,91.38,91.41,80.94,66.54,59.08,57.55,82.52,78.13,90.48,57.28,90.64,49.22,44.48,120.66,110.15,69.18,55.09,92.87,99.85,74.23,68.73,69.47,50.4,59.69,93.38,82.03,74.28,94.53,72.04,79.12,71.27,49.93,70.88,83.63,64.73,82.44,76.9,98.24,26.83,88.52,76.35,103.58,43.04,71.55,104.65,83.88,88.28,83.05,92.01,81.31,88.16,62.78,92.61,60.96,62.74,65.7,93.93,81.68,67.16,77.69,94.5,42.5,63.56,66.72,81.25,113.92,91.41,58.19,71.95,73.4,92.52,104.09,65.16,70.59,104.93,73.96,92.2,108.11,88.28,66.47,88.84,63.98,88.21,70.17,87.56,74.67,72.01,111.87,82.08,95.55,99.84,105.78,52.45,84.61,75.99,105.07,56.8,55.31,85.57,102.88,72.35,71.86,55.22,55.18,94.24,91.83,96.75,68.45,86.7,68.04,83.02,74.59,91.2,83.88,62.94,66.82,57.17,34.31,86.93,86.41,89.13,77.91,72.4,87.4,51.81,61.16,117.32,94.9,87.85,92.73,59.53,122.38,81.91,70.1,81.97,70.47,101.98,112.13,51.22,54.62,43.38,56.86,80.66,88.54,45.86,99.72,102.65,73.24,84.79,60.95,101.09,84.43,73.42,47.16,109.41,108.49,73.73,106.04,68.02,68.6,98.73,56.01,48.21,76.83,91.76,82.04,41.55,92.48,50.68,82.69,93.94,55.14,116.36,89.97,70.16,98.1,79.61,54.3,47.53,63.74,50.09,64.88,94.11,79.34,68.32,93.47,90.77,70.76,67.49,97.38,72.96,98.96,71.87,85.97,68.88,56.58,69.56,82.45,87.79,75.65,59.09,62.45,59.84,72.59,57.56,66.98,68.76,108.37,68.31,97.79,91.12,69.98,62.25,75.4,89.56,52.49,106.2,95.59,58.18,59.98,71.78,92.93,63.19,62.79,62.71,86.97,77.17,76.99,54.86,59.63,69.28,84.28,101.99,98.65,76.8,79.31,63.44,73.99,62.36,75.76,79.56,101.27,70.34,115.3,86.73,97.93,63.84,91.41,95.41,69.07,126.26,91.58,78.4,45.61,105.53,57.59,79.8,60.9,48.86,63.91,71.31,82.96,55.03,81.11,64.16,63.2,53.6,74.61,60.48,48.19,66.72,61.13,94.95,93.69,82.48,67.02,111.48,79.83,85.81,74.53,93.53,57.48,78.72,107.34,77.88,39.53,114.07,82.65,77.9,93.03,92.41,74.39,97.92,81.52,35.63,72.68,88.89,47.32,96.17,50.36,107.61,114.96,69.64,76.0,70.57,96.17,78.75,85.66,77.15,69.26,80.24,134.94,47.99,82.29,91.19,84.18,57.57,86.85,68.84,89.69,85.63,67.88,61.67,72.63,62.58,106.03,74.59,99.78,47.14,71.68,93.81,73.32,57.97,82.41,78.65,78.64,52.79,60.89,92.5,80.01,60.35,110.26,80.86,69.0,67.1,71.05,100.35,97.28,47.58,83.3,90.71,70.67,78.51,92.0,71.88,104.85,56.12,70.19,91.26,87.9,102.96,95.66,54.48,58.72,78.53,81.53,69.63,77.52,46.2,58.58,88.84,78.88,65.73,72.78,103.19,105.79,78.34,69.85,98.75,92.82,52.08,100.17,94.37,76.96,107.14,63.99,93.61,88.43,52.09,79.77,39.38,84.51,70.65,63.12,64.85,65.22,91.2,75.89,78.64,64.85,92.6,64.58,67.14,52.62,73.03,59.1,51.45,73.57,107.34,69.58,72.69,73.74,39.92,57.09,63.52,85.65,93.53,50.77,82.01,71.48,75.42,73.38,64.28,81.08,98.01,73.27,85.61,105.19,65.93,62.33,88.46,,,,,,,0.9
,,,,,,,,200.0,60.0,1488.0,0.05,0.05,10.0,0.13,,,,,,,,,,,,,36.65,38.94,33.47,52.06,59.75,23.74,49.77,42.62,48.56,42.27,36.17,35.36,26.82,52.71,53.17,49.67,49.15,46.62,68.76,48.38,55.65,58.27,52.34,33.1,36.81,50.46,51.2,28.39,43.34,46.82,41.69,47.66,38.21,52.77,59.14,47.23,45.89,37.42,46.15,42.65,49.99,32.73,37.46,35.07,30.46,45.52,55.12,37.86,66.92,51.39,16.63,48.96,41.16,35.83,46.5,32.19,65.29,28.15,40.05,51.51,56.64,42.45,52.71,34.98,48.1,42.39,52.67,45.79,48.98,55.88,62.14,57.01,35.74,32.89,32.51,40.01,49.06,51.02,40.08,55.25,34.89,34.16,59.83,64.51,38.3,38.75,57.63,55.58,49.3,41.0,32.79,26.08,32.32,42.27,48.8,38.0,57.19,41.85,51.5,43.99,29.41,44.94,43.95,43.07,49.68,57.11,59.84,16.53,48.16,47.53,55.08,25.43,43.57,56.8,53.22,47.85,38.16,55.56,50.65,55.61,33.11,52.83,42.92,42.09,36.33,51.2,54.19,39.58,45.73,51.91,34.4,41.45,44.32,45.12,59.95,58.7,35.94,48.44,42.18,54.2,61.76,40.15,40.82,58.76,50.54,59.07,63.29,42.51,49.2,46.53,33.69,42.0,43.48,49.83,44.1,38.72,69.42,46.56,62.44,54.77,64.6,33.67,46.44,47.73,54.97,35.93,32.86,52.21,57.79,47.24,42.54,41.61,34.6,51.09,50.12,55.24,45.39,50.29,39.72,56.14,41.7,53.7,47.14,35.71,33.38,39.26,25.31,40.09,46.06,57.49,45.25,47.71,50.65,31.3,40.33,65.06,55.23,44.81,52.39,37.89,67.22,45.8,51.98,45.12,56.52,62.68,63.1,38.09,39.34,34.16,39.94,47.76,47.76,41.59,67.51,56.07,38.0,54.26,39.16,53.08,45.32,45.92,37.68,60.88,62.8,41.91,58.98,32.97,40.56,51.12,27.07,29.13,40.1,55.93,53.49,28.21,50.67,34.92,46.15,60.75,31.95,63.21,46.42,42.92,57.65,50.71,31.91,28.61,35.44,31.32,34.93,58.66,53.92,38.89,60.28,55.71,44.29,35.24,56.45,45.15,61.55,43.31,37.05,30.65,36.51,45.83,43.67,56.55,51.67,37.01,45.57,46.24,43.53,35.24,47.46,34.65,61.62,44.24,62.38,59.11,37.25,33.54,44.29,56.31,32.63,55.36,49.48,35.33,36.71,37.51,50.97,43.56,31.55,36.1,53.36,44.26,36.74,29.11,35.42,37.79,51.14,58.17,54.23,44.92,50.23,36.97,47.45,34.38,45.88,47.5,61.66,44.51,64.18,52.73,54.77,37.26,53.4,55.62,40.16,75.0,56.27,41.28,29.38,61.61,49.12,45.29,37.07,29.35,40.88,45.13,61.59,34.39,44.08,48.76,38.82,34.15,43.66,46.3,30.23,38.3,43.47,50.06,51.93,50.2,40.74,61.5,43.18,52.29,50.82,50.06,36.62,49.34,54.99,49.84,23.94,61.97,47.33,50.29,55.32,55.27,45.04,59.41,56.02,21.08,40.27,53.77,28.46,57.28,31.19,61.76,62.47,40.08,50.55,44.03,58.27,45.36,57.21,42.27,36.56,50.8,81.44,25.64,55.06,47.46,55.37,33.1,55.67,36.11,49.44,54.53,41.12,35.84,48.94,41.16,61.61,38.43,65.52,27.92,45.7,55.86,40.49,41.84,50.43,48.7,45.73,36.58,43.04,57.78,53.78,26.61,56.44,54.56,39.87,38.63,42.81,58.68,49.83,35.44,48.43,49.6,39.33,48.6,66.52,39.11,57.92,35.76,44.19,53.51,64.95,59.09,55.46,36.3,22.88,45.77,49.17,39.63,51.2,35.31,37.14,49.27,43.9,38.79,42.23,62.28,57.85,47.87,40.53,59.71,63.0,35.4,57.69,51.68,44.74,63.66,49.39,53.12,51.67,39.84,51.07,30.03,41.65,45.85,40.47,38.85,40.15,53.2,40.16,53.11,41.85,57.48,41.67,39.39,34.22,46.87,40.53,26.51,41.05,66.78,43.5,47.51,40.62,33.56,34.16,42.13,57.93,50.26,32.26,51.3,34.93,40.21,41.61,38.16,51.35,52.82,46.03,45.31,57.78,37.66,41.96,56.22,,,,,,,1.02
,,,,,,,,200.0,60.0,1050.0,0.05,0.05,10.0,0.13,,,,,,,,,,,,,10.97,13.61,12.61,17.94,17.4,10.88,15.42,13.12,16.54,10.77,13.17,9.61,8.94,15.67,19.18,17.51,16.12,15.08,21.9,14.05,18.56,20.87,16.02,13.36,10.54,14.71,17.98,9.79,12.86,16.38,14.2,13.65,11.67,18.83,14.7,15.3,16.82,13.87,14.32,14.05,17.16,13.26,12.93,10.46,9.92,14.44,19.18,13.34,19.43,17.14,8.96,18.85,14.49,9.81,15.77,14.74,18.38,13.98,12.32,14.36,19.87,14.35,17.86,12.73,17.02,15.01,16.26,15.2,14.57,20.04,21.8,17.39,10.2,11.36,9.46,11.8,13.32,14.87,14.74,17.78,11.59,14.2,18.64,24.74,11.96,14.75,17.07,14.95,15.43,14.4,8.84,10.81,12.11,13.36,12.73,13.71,18.09,13.32,15.25,15.01,10.42,13.52,13.97,14.93,15.9,21.05,19.94,7.0,15.5,14.99,16.3,8.75,15.67,17.33,14.95,14.1,12.99,18.58,17.36,16.61,12.29,16.15,12.11,12.4,11.4,14.32,16.88,9.86,14.59,15.9,10.64,15.84,16.22,11.47,19.8,20.69,13.45,17.09,15.25,17.21,18.68,12.68,13.71,19.63,17.17,20.01,20.93,16.16,18.1,14.35,13.08,13.21,14.47,15.91,14.28,12.06,21.9,14.28,21.8,16.48,21.2,14.49,16.9,15.91,17.32,11.72,10.94,15.58,19.01,16.24,12.6,14.48,11.53,17.93,16.14,17.52,15.77,15.26,14.4,19.99,15.01,14.18,14.57,13.92,13.0,11.49,10.84,11.69,14.93,18.09,15.02,16.61,14.5,10.27,14.67,19.95,18.97,17.23,12.36,13.87,20.06,19.68,16.88,12.7,17.67,23.6,20.2,13.56,13.48,12.53,13.22,15.83,14.13,15.17,20.65,17.05,8.81,17.86,13.53,15.11,13.72,15.67,13.97,16.94,20.12,12.91,17.07,11.71,15.28,16.92,9.79,8.41,14.32,17.9,18.6,14.28,16.26,13.0,17.05,21.29,10.39,20.73,14.3,12.51,21.08,17.93,8.9,11.13,12.24,13.25,12.25,17.87,16.49,15.75,20.36,21.0,13.25,13.47,18.64,14.01,19.8,11.34,9.94,8.13,14.32,15.21,10.69,15.49,17.66,12.07,16.45,14.93,14.66,12.8,16.43,11.84,19.41,15.27,20.04,18.4,12.59,10.9,16.41,17.82,8.25,16.21,17.2,11.6,12.72,15.73,16.53,15.47,12.85,11.56,14.78,14.44,14.85,10.17,10.38,11.83,18.35,18.01,20.07,12.28,17.04,11.63,12.48,10.16,12.78,14.49,18.9,14.4,19.47,15.25,16.77,10.06,16.93,15.88,10.71,22.74,17.19,11.45,11.72,17.84,16.98,13.96,13.99,10.89,13.78,16.59,19.94,11.08,14.33,16.41,13.85,13.2,14.16,15.24,11.96,14.51,16.22,17.31,16.4,15.21,12.8,18.51,15.31,15.98,18.42,15.77,12.17,15.46,17.58,18.53,8.82,20.21,15.3,18.71,19.7,17.57,14.22,20.51,18.54,6.94,15.25,16.21,8.57,16.29,11.37,21.31,18.7,16.07,19.18,12.27,17.04,15.58,19.14,15.43,12.45,14.91,26.88,10.52,17.16,15.08,17.05,11.21,17.46,13.18,14.92,20.04,12.84,14.97,15.32,14.34,20.59,11.01,20.31,10.19,14.97,17.87,13.31,14.09,16.07,15.24,15.94,11.87,12.72,20.54,18.29,6.96,19.13,17.98,11.64,12.92,14.33,18.54,17.48,14.72,16.26,16.14,15.25,18.81,23.3,12.55,18.61,12.45,15.87,17.5,19.96,17.42,18.43,10.98,6.7,17.31,18.02,13.11,17.07,12.45,8.6,18.38,11.87,12.67,11.43,20.38,17.87,17.26,11.45,19.88,20.1,11.61,17.98,15.78,15.06,19.28,17.08,17.54,16.01,12.78,18.01,12.76,12.88,14.31,11.3,15.51,13.71,17.5,12.29,18.34,12.96,16.47,15.09,13.33,9.86,13.12,14.01,8.57,16.33,19.66,15.35,15.5,12.45,14.3,11.6,13.0,21.73,15.61,12.87,17.03,12.46,14.63,15.27,13.2,19.0,14.02,15.47,14.0,19.59,12.96,13.74,18.26,,,,,,,1.08
,,,,,,,,200.0,60.0,786.0,0.05,0.05,10.0,0.13,,,,,,,,,,,,,4.02,5.44,5.2,7.36,5.99,5.98,5.47,5.19,6.14,4.68,4.3,4.73,3.74,6.1,6.92,6.06,5.64,6.02,9.03,4.82,8.26,8.16,5.58,6.96,4.97,5.75,7.89,4.76,5.13,6.81,5.6,5.3,4.48,6.91,5.29,6.79,6.68,5.8,6.45,6.24,6.69,5.72,5.66,4.47,4.91,6.74,7.88,4.47,7.56,6.46,4.9,7.83,6.35,4.07,5.87,6.56,8.18,5.54,5.03,5.99,7.55,5.81,6.73,4.71,6.48,5.92,6.38,5.58,4.98,7.4,7.63,6.92,5.35,5.23,4.16,6.16,5.45,6.47,7.04,7.16,5.44,5.63,7.66,8.77,4.32,5.26,5.79,5.53,5.43,5.08,3.12,4.29,5.95,5.86,4.72,4.93,6.78,5.81,5.11,6.48,3.6,5.32,5.48,5.34,6.28,8.41,8.63,3.44,7.26,5.66,5.09,4.03,7.58,6.55,6.57,5.02,6.72,7.36,6.5,5.26,5.53,5.67,5.07,4.83,5.8,5.71,5.93,3.87,6.07,6.32,4.99,7.75,6.58,4.14,5.84,8.19,5.56,6.25,6.55,6.35,7.66,5.5,5.61,8.15,6.38,8.13,8.76,6.64,7.75,5.33,5.29,5.48,5.92,5.69,4.72,4.23,8.57,5.15,8.62,5.13,8.08,6.81,6.53,7.29,6.76,4.41,4.42,5.79,7.73,5.76,4.54,6.3,5.28,7.19,6.52,7.84,5.63,5.91,5.69,7.67,5.34,5.67,6.31,4.96,5.94,4.05,5.44,4.84,5.38,5.99,5.88,6.47,6.13,3.77,5.69,6.97,6.46,7.44,4.15,6.01,7.76,6.97,6.59,5.61,7.42,8.41,6.66,4.88,4.27,5.56,5.54,7.32,4.68,4.38,7.75,6.75,4.38,6.16,5.96,5.97,5.72,6.73,5.54,6.2,7.5,4.44,5.87,6.02,7.96,6.19,4.95,3.03,4.92,7.33,6.44,6.47,6.12,4.62,7.97,8.41,4.0,8.03,4.86,4.06,8.89,7.07,3.68,4.43,5.96,5.2,5.39,6.33,5.38,7.17,7.82,8.21,5.64,5.76,6.87,6.52,8.02,4.92,4.64,4.3,5.58,5.8,3.9,5.42,6.7,5.91,6.11,6.76,4.6,4.7,6.56,4.93,7.05,6.11,7.22,7.5,4.78,3.37,6.67,7.05,4.44,6.25,6.91,4.31,4.16,6.96,6.87,5.18,6.21,4.02,5.92,5.97,6.58,4.19,4.8,3.84,7.61,5.7,7.3,4.55,6.09,4.02,4.66,4.39,4.4,5.81,7.64,4.43,8.81,5.9,5.63,5.05,6.45,7.23,4.26,8.5,5.91,5.15,4.17,6.92,6.5,4.77,5.47,5.15,4.67,6.83,6.48,5.01,5.54,6.61,5.66,5.67,5.65,6.5,4.7,4.79,6.2,6.64,6.49,6.06,5.89,7.24,7.13,5.63,7.26,6.21,4.95,5.77,7.1,7.09,4.57,8.49,5.93,7.28,7.27,7.37,5.55,8.34,6.29,2.61,5.86,5.9,4.3,5.62,5.05,8.35,7.76,7.17,8.73,5.31,6.33,6.18,8.17,6.42,5.37,3.86,10.34,4.83,6.92,6.98,5.89,4.85,6.03,6.18,6.15,9.38,4.77,7.5,6.18,5.5,8.44,4.12,7.74,3.99,5.03,7.28,6.03,5.71,6.0,6.18,5.63,4.35,4.57,7.95,7.03,2.47,7.24,6.56,4.81,5.3,5.6,6.91,6.97,6.05,6.73,7.94,5.59,7.06,8.95,4.45,8.08,4.49,5.25,7.0,6.66,6.38,6.72,3.8,2.59,6.6,6.26,6.1,6.9,4.5,2.82,6.34,4.78,4.46,4.79,8.04,6.46,6.71,4.96,8.04,8.93,5.41,6.77,6.31,5.61,7.33,5.75,7.15,7.02,5.55,5.54,5.39,6.12,5.31,4.36,6.39,4.4,7.03,4.72,7.57,4.37,6.56,5.48,5.56,5.18,3.71,6.51,4.91,6.85,6.67,6.91,6.03,3.7,5.3,4.49,4.57,8.87,5.19,5.93,7.17,5.87,6.32,6.21,5.45,8.53,6.19,5.45,5.32,7.77,5.13,5.08,5.37,,,,,,,1.18
,,,,,,,,,,,,,,,,,,,,,,,,,,,0.0,0.0,0.0,0.0,0.0,0.0,0.0,0.0,0.0,0.0,0.0,0.0,0.0,0.0,0.0,0.0,0.0,0.0,0.0,0.0,0.0,0.0,0.0,0.0,0.0,0.0,0.0,0.0,0.0,0.0,0.0,0.0,0.0,0.0,0.0,0.0,0.0,0.0,0.0,0.0,0.0,0.0,0.0,0.0,0.0,0.0,0.0,0.0,0.0,0.0,0.0,0.0,0.0,0.0,0.0,0.0,0.0,0.0,0.0,0.0,0.0,0.0,0.0,0.0,0.0,0.0,0.0,0.0,0.0,0.0,0.0,0.0,0.0,0.0,0.0,0.0,0.0,0.0,0.0,0.0,0.0,0.0,0.0,0.0,0.0,0.0,0.0,0.0,0.0,0.0,0.0,0.0,0.0,0.0,0.0,0.0,0.0,0.0,0.0,0.0,0.0,0.0,0.0,0.0,0.0,0.0,0.0,0.0,0.0,0.0,0.0,0.0,0.0,0.0,0.0,0.0,0.0,0.0,0.0,0.0,0.0,0.0,0.0,0.0,0.0,0.0,0.0,0.0,0.0,0.0,0.0,0.0,0.0,0.0,0.0,0.0,0.0,0.0,0.0,0.0,0.0,0.0,0.0,0.0,0.0,0.0,0.0,0.0,0.0,0.0,0.0,0.0,0.0,0.0,0.0,0.0,0.0,0.0,0.0,0.0,0.0,0.0,0.0,0.0,0.0,0.0,0.0,0.0,0.0,0.0,0.0,0.0,0.0,0.0,0.0,0.0,0.0,0.0,0.0,0.0,0.0,0.0,0.0,0.0,0.0,0.0,0.0,0.0,0.0,0.0,0.0,0.0,0.0,0.0,0.0,0.0,0.0,0.0,0.0,0.0,0.0,0.0,0.0,0.0,0.0,0.0,0.0,0.0,0.0,0.0,0.0,0.0,0.0,0.0,0.0,0.0,0.0,0.0,0.0,0.0,0.0,0.0,0.0,0.0,0.0,0.0,0.0,0.0,0.0,0.0,0.0,0.0,0.0,0.0,0.0,0.0,0.0,0.0,0.0,0.0,0.0,0.0,0.0,0.0,0.0,0.0,0.0,0.0,0.0,0.0,0.0,0.0,0.0,0.0,0.0,0.0,0.0,0.0,0.0,0.0,0.0,0.0,0.0,0.0,0.0,0.0,0.0,0.0,0.0,0.0,0.0,0.0,0.0,0.0,0.0,0.0,0.0,0.0,0.0,0.0,0.0,0.0,0.0,0.0,0.0,0.0,0.0,0.0,0.0,0.0,0.0,0.0,0.0,0.0,0.0,0.0,0.0,0.0,0.0,0.0,0.0,0.0,0.0,0.0,0.0,0.0,0.0,0.0,0.0,0.0,0.0,0.0,0.0,0.0,0.0,0.0,0.0,0.0,0.0,0.0,0.0,0.0,0.0,0.0,0.0,0.0,0.0,0.0,0.0,0.0,0.0,0.0,0.0,0.0,0.0,0.0,0.0,0.0,0.0,0.0,0.0,0.0,0.0,0.0,0.0,0.0,0.0,0.0,0.0,0.0,0.0,0.0,0.0,0.0,0.0,0.0,0.0,0.0,0.0,0.0,0.0,0.0,0.0,0.0,0.0,0.0,0.0,0.0,0.0,0.0,0.0,0.0,0.0,0.0,0.0,0.0,0.0,0.0,0.0,0.0,0.0,0.0,0.0,0.0,0.0,0.0,0.0,0.0,0.0,0.0,0.0,0.0,0.0,0.0,0.0,0.0,0.0,0.0,0.0,0.0,0.0,0.0,0.0,0.0,0.0,0.0,0.0,0.0,0.0,0.0,0.0,0.0,0.0,0.0,0.0,0.0,0.0,0.0,0.0,0.0,0.0,0.0,0.0,0.0,0.0,0.0,0.0,0.0,0.0,0.0,0.0,0.0,0.0,0.0,0.0,0.0,0.0,0.0,0.0,0.0,0.0,0.0,0.0,0.0,0.0,0.0,0.0,0.0,0.0,0.0,0.0,0.0,0.0,0.0,0.0,0.0,0.0,0.0,0.0,0.0,0.0,0.0,0.0,0.0,0.0,0.0,0.0,0.0,0.0,0.0,0.0,0.0,0.0,0.0,0.0,0.0,0.0,0.0,0.0,0.0,0.0,0.0,0.0,0.0,0.0,0.0,0.0,0.0,0.0,0.0,0.0,0.0,0.0,0.0,0.0,0.0,0.0,0.0,0.0,0.0,,,,,,,1.28
,,,,,,,,,,,,,,,,,,,,,,,,,,,0.0,0.0,0.0,0.0,0.0,0.0,0.0,0.0,0.0,0.0,0.0,0.0,0.0,0.0,0.0,0.0,0.0,0.0,0.0,0.0,0.0,0.0,0.0,0.0,0.0,0.0,0.0,0.0,0.0,0.0,0.0,0.0,0.0,0.0,0.0,0.0,0.0,0.0,0.0,0.0,0.0,0.0,0.0,0.0,0.0,0.0,0.0,0.0,0.0,0.0,0.0,0.0,0.0,0.0,0.0,0.0,0.0,0.0,0.0,0.0,0.0,0.0,0.0,0.0,0.0,0.0,0.0,0.0,0.0,0.0,0.0,0.0,0.0,0.0,0.0,0.0,0.0,0.0,0.0,0.0,0.0,0.0,0.0,0.0,0.0,0.0,0.0,0.0,0.0,0.0,0.0,0.0,0.0,0.0,0.0,0.0,0.0,0.0,0.0,0.0,0.0,0.0,0.0,0.0,0.0,0.0,0.0,0.0,0.0,0.0,0.0,0.0,0.0,0.0,0.0,0.0,0.0,0.0,0.0,0.0,0.0,0.0,0.0,0.0,0.0,0.0,0.0,0.0,0.0,0.0,0.0,0.0,0.0,0.0,0.0,0.0,0.0,0.0,0.0,0.0,0.0,0.0,0.0,0.0,0.0,0.0,0.0,0.0,0.0,0.0,0.0,0.0,0.0,0.0,0.0,0.0,0.0,0.0,0.0,0.0,0.0,0.0,0.0,0.0,0.0,0.0,0.0,0.0,0.0,0.0,0.0,0.0,0.0,0.0,0.0,0.0,0.0,0.0,0.0,0.0,0.0,0.0,0.0,0.0,0.0,0.0,0.0,0.0,0.0,0.0,0.0,0.0,0.0,0.0,0.0,0.0,0.0,0.0,0.0,0.0,0.0,0.0,0.0,0.0,0.0,0.0,0.0,0.0,0.0,0.0,0.0,0.0,0.0,0.0,0.0,0.0,0.0,0.0,0.0,0.0,0.0,0.0,0.0,0.0,0.0,0.0,0.0,0.0,0.0,0.0,0.0,0.0,0.0,0.0,0.0,0.0,0.0,0.0,0.0,0.0,0.0,0.0,0.0,0.0,0.0,0.0,0.0,0.0,0.0,0.0,0.0,0.0,0.0,0.0,0.0,0.0,0.0,0.0,0.0,0.0,0.0,0.0,0.0,0.0,0.0,0.0,0.0,0.0,0.0,0.0,0.0,0.0,0.0,0.0,0.0,0.0,0.0,0.0,0.0,0.0,0.0,0.0,0.0,0.0,0.0,0.0,0.0,0.0,0.0,0.0,0.0,0.0,0.0,0.0,0.0,0.0,0.0,0.0,0.0,0.0,0.0,0.0,0.0,0.0,0.0,0.0,0.0,0.0,0.0,0.0,0.0,0.0,0.0,0.0,0.0,0.0,0.0,0.0,0.0,0.0,0.0,0.0,0.0,0.0,0.0,0.0,0.0,0.0,0.0,0.0,0.0,0.0,0.0,0.0,0.0,0.0,0.0,0.0,0.0,0.0,0.0,0.0,0.0,0.0,0.0,0.0,0.0,0.0,0.0,0.0,0.0,0.0,0.0,0.0,0.0,0.0,0.0,0.0,0.0,0.0,0.0,0.0,0.0,0.0,0.0,0.0,0.0,0.0,0.0,0.0,0.0,0.0,0.0,0.0,0.0,0.0,0.0,0.0,0.0,0.0,0.0,0.0,0.0,0.0,0.0,0.0,0.0,0.0,0.0,0.0,0.0,0.0,0.0,0.0,0.0,0.0,0.0,0.0,0.0,0.0,0.0,0.0,0.0,0.0,0.0,0.0,0.0,0.0,0.0,0.0,0.0,0.0,0.0,0.0,0.0,0.0,0.0,0.0,0.0,0.0,0.0,0.0,0.0,0.0,0.0,0.0,0.0,0.0,0.0,0.0,0.0,0.0,0.0,0.0,0.0,0.0,0.0,0.0,0.0,0.0,0.0,0.0,0.0,0.0,0.0,0.0,0.0,0.0,0.0,0.0,0.0,0.0,0.0,0.0,0.0,0.0,0.0,0.0,0.0,0.0,0.0,0.0,0.0,0.0,0.0,0.0,0.0,0.0,0.0,0.0,0.0,0.0,0.0,0.0,0.0,0.0,0.0,0.0,0.0,0.0,0.0,0.0,0.0,0.0,0.0,0.0,0.0,0.0,0.0,0.0,0.0,0.0,0.0,0.0,0.0,0.0,0.0,0.0,0.0,0.0,,,,,,,1.26
,,,,,,,,,,,,,,,,,,,,,,,,,,,0.0,0.0,0.0,0.0,0.0,0.0,0.0,0.0,0.0,0.0,0.0,0.0,0.0,0.0,0.0,0.0,0.0,0.0,0.0,0.0,0.0,0.0,0.0,0.0,0.0,0.0,0.0,0.0,0.0,0.0,0.0,0.0,0.0,0.0,0.0,0.0,0.0,0.0,0.0,0.0,0.0,0.0,0.0,0.0,0.0,0.0,0.0,0.0,0.0,0.0,0.0,0.0,0.0,0.0,0.0,0.0,0.0,0.0,0.0,0.0,0.0,0.0,0.0,0.0,0.0,0.0,0.0,0.0,0.0,0.0,0.0,0.0,0.0,0.0,0.0,0.0,0.0,0.0,0.0,0.0,0.0,0.0,0.0,0.0,0.0,0.0,0.0,0.0,0.0,0.0,0.0,0.0,0.0,0.0,0.0,0.0,0.0,0.0,0.0,0.0,0.0,0.0,0.0,0.0,0.0,0.0,0.0,0.0,0.0,0.0,0.0,0.0,0.0,0.0,0.0,0.0,0.0,0.0,0.0,0.0,0.0,0.0,0.0,0.0,0.0,0.0,0.0,0.0,0.0,0.0,0.0,0.0,0.0,0.0,0.0,0.0,0.0,0.0,0.0,0.0,0.0,0.0,0.0,0.0,0.0,0.0,0.0,0.0,0.0,0.0,0.0,0.0,0.0,0.0,0.0,0.0,0.0,0.0,0.0,0.0,0.0,0.0,0.0,0.0,0.0,0.0,0.0,0.0,0.0,0.0,0.0,0.0,0.0,0.0,0.0,0.0,0.0,0.0,0.0,0.0,0.0,0.0,0.0,0.0,0.0,0.0,0.0,0.0,0.0,0.0,0.0,0.0,0.0,0.0,0.0,0.0,0.0,0.0,0.0,0.0,0.0,0.0,0.0,0.0,0.0,0.0,0.0,0.0,0.0,0.0,0.0,0.0,0.0,0.0,0.0,0.0,0.0,0.0,0.0,0.0,0.0,0.0,0.0,0.0,0.0,0.0,0.0,0.0,0.0,0.0,0.0,0.0,0.0,0.0,0.0,0.0,0.0,0.0,0.0,0.0,0.0,0.0,0.0,0.0,0.0,0.0,0.0,0.0,0.0,0.0,0.0,0.0,0.0,0.0,0.0,0.0,0.0,0.0,0.0,0.0,0.0,0.0,0.0,0.0,0.0,0.0,0.0,0.0,0.0,0.0,0.0,0.0,0.0,0.0,0.0,0.0,0.0,0.0,0.0,0.0,0.0,0.0,0.0,0.0,0.0,0.0,0.0,0.0,0.0,0.0,0.0,0.0,0.0,0.0,0.0,0.0,0.0,0.0,0.0,0.0,0.0,0.0,0.0,0.0,0.0,0.0,0.0,0.0,0.0,0.0,0.0,0.0,0.0,0.0,0.0,0.0,0.0,0.0,0.0,0.0,0.0,0.0,0.0,0.0,0.0,0.0,0.0,0.0,0.0,0.0,0.0,0.0,0.0,0.0,0.0,0.0,0.0,0.0,0.0,0.0,0.0,0.0,0.0,0.0,0.0,0.0,0.0,0.0,0.0,0.0,0.0,0.0,0.0,0.0,0.0,0.0,0.0,0.0,0.0,0.0,0.0,0.0,0.0,0.0,0.0,0.0,0.0,0.0,0.0,0.0,0.0,0.0,0.0,0.0,0.0,0.0,0.0,0.0,0.0,0.0,0.0,0.0,0.0,0.0,0.0,0.0,0.0,0.0,0.0,0.0,0.0,0.0,0.0,0.0,0.0,0.0,0.0,0.0,0.0,0.0,0.0,0.0,0.0,0.0,0.0,0.0,0.0,0.0,0.0,0.0,0.0,0.0,0.0,0.0,0.0,0.0,0.0,0.0,0.0,0.0,0.0,0.0,0.0,0.0,0.0,0.0,0.0,0.0,0.0,0.0,0.0,0.0,0.0,0.0,0.0,0.0,0.0,0.0,0.0,0.0,0.0,0.0,0.0,0.0,0.0,0.0,0.0,0.0,0.0,0.0,0.0,0.0,0.0,0.0,0.0,0.0,0.0,0.0,0.0,0.0,0.0,0.0,0.0,0.0,0.0,0.0,0.0,0.0,0.0,0.0,0.0,0.0,0.0,0.0,0.0,0.0,0.0,0.0,0.0,0.0,0.0,0.0,0.0,0.0,0.0,0.0,0.0,0.0,0.0,0.0,0.0,0.0,0.0,0.0,0.0,0.0,0.0,0.0,0.0,0.0,,,,,,,1.1
,,,,,,,,,,,,,,,,,,,,,,,,,,,0.0,0.0,0.0,0.0,0.0,0.0,0.0,0.0,0.0,0.0,0.0,0.0,0.0,0.0,0.0,0.0,0.0,0.0,0.0,0.0,0.0,0.0,0.0,0.0,0.0,0.0,0.0,0.0,0.0,0.0,0.0,0.0,0.0,0.0,0.0,0.0,0.0,0.0,0.0,0.0,0.0,0.0,0.0,0.0,0.0,0.0,0.0,0.0,0.0,0.0,0.0,0.0,0.0,0.0,0.0,0.0,0.0,0.0,0.0,0.0,0.0,0.0,0.0,0.0,0.0,0.0,0.0,0.0,0.0,0.0,0.0,0.0,0.0,0.0,0.0,0.0,0.0,0.0,0.0,0.0,0.0,0.0,0.0,0.0,0.0,0.0,0.0,0.0,0.0,0.0,0.0,0.0,0.0,0.0,0.0,0.0,0.0,0.0,0.0,0.0,0.0,0.0,0.0,0.0,0.0,0.0,0.0,0.0,0.0,0.0,0.0,0.0,0.0,0.0,0.0,0.0,0.0,0.0,0.0,0.0,0.0,0.0,0.0,0.0,0.0,0.0,0.0,0.0,0.0,0.0,0.0,0.0,0.0,0.0,0.0,0.0,0.0,0.0,0.0,0.0,0.0,0.0,0.0,0.0,0.0,0.0,0.0,0.0,0.0,0.0,0.0,0.0,0.0,0.0,0.0,0.0,0.0,0.0,0.0,0.0,0.0,0.0,0.0,0.0,0.0,0.0,0.0,0.0,0.0,0.0,0.0,0.0,0.0,0.0,0.0,0.0,0.0,0.0,0.0,0.0,0.0,0.0,0.0,0.0,0.0,0.0,0.0,0.0,0.0,0.0,0.0,0.0,0.0,0.0,0.0,0.0,0.0,0.0,0.0,0.0,0.0,0.0,0.0,0.0,0.0,0.0,0.0,0.0,0.0,0.0,0.0,0.0,0.0,0.0,0.0,0.0,0.0,0.0,0.0,0.0,0.0,0.0,0.0,0.0,0.0,0.0,0.0,0.0,0.0,0.0,0.0,0.0,0.0,0.0,0.0,0.0,0.0,0.0,0.0,0.0,0.0,0.0,0.0,0.0,0.0,0.0,0.0,0.0,0.0,0.0,0.0,0.0,0.0,0.0,0.0,0.0,0.0,0.0,0.0,0.0,0.0,0.0,0.0,0.0,0.0,0.0,0.0,0.0,0.0,0.0,0.0,0.0,0.0,0.0,0.0,0.0,0.0,0.0,0.0,0.0,0.0,0.0,0.0,0.0,0.0,0.0,0.0,0.0,0.0,0.0,0.0,0.0,0.0,0.0,0.0,0.0,0.0,0.0,0.0,0.0,0.0,0.0,0.0,0.0,0.0,0.0,0.0,0.0,0.0,0.0,0.0,0.0,0.0,0.0,0.0,0.0,0.0,0.0,0.0,0.0,0.0,0.0,0.0,0.0,0.0,0.0,0.0,0.0,0.0,0.0,0.0,0.0,0.0,0.0,0.0,0.0,0.0,0.0,0.0,0.0,0.0,0.0,0.0,0.0,0.0,0.0,0.0,0.0,0.0,0.0,0.0,0.0,0.0,0.0,0.0,0.0,0.0,0.0,0.0,0.0,0.0,0.0,0.0,0.0,0.0,0.0,0.0,0.0,0.0,0.0,0.0,0.0,0.0,0.0,0.0,0.0,0.0,0.0,0.0,0.0,0.0,0.0,0.0,0.0,0.0,0.0,0.0,0.0,0.0,0.0,0.0,0.0,0.0,0.0,0.0,0.0,0.0,0.0,0.0,0.0,0.0,0.0,0.0,0.0,0.0,0.0,0.0,0.0,0.0,0.0,0.0,0.0,0.0,0.0,0.0,0.0,0.0,0.0,0.0,0.0,0.0,0.0,0.0,0.0,0.0,0.0,0.0,0.0,0.0,0.0,0.0,0.0,0.0,0.0,0.0,0.0,0.0,0.0,0.0,0.0,0.0,0.0,0.0,0.0,0.0,0.0,0.0,0.0,0.0,0.0,0.0,0.0,0.0,0.0,0.0,0.0,0.0,0.0,0.0,0.0,0.0,0.0,0.0,0.0,0.0,0.0,0.0,0.0,0.0,0.0,0.0,0.0,0.0,0.0,0.0,0.0,0.0,0.0,0.0,0.0,0.0,0.0,0.0,0.0,0.0,0.0,0.0,0.0,0.0,0.0,0.0,0.0,0.0,0.0,0.0,0.0,0.0,0.0,0.0,0.0,,,,,,,0.9
,,,,,,,,,,,,,,,,,,,,,,,,,,,2.49,3.34,1.61,8.32,7.24,5.15,8.27,1.54,1.72,5.96,6.7,4.61,7.19,4.42,3.41,5.87,0.09,2.02,7.31,2.53,9.21,1.07,0.0,6.0,2.17,4.02,4.57,0.86,0.0,0.57,4.32,0.99,1.31,4.54,5.12,2.95,3.35,0.84,0.0,6.12,4.94,3.34,1.67,4.39,3.4,2.43,0.19,1.66,0.91,6.09,7.74,2.99,3.11,2.49,6.73,5.54,2.94,0.0,8.02,4.37,1.78,0.0,2.12,4.82,4.22,1.17,2.91,4.56,0.37,2.64,3.2,1.44,3.61,5.58,0.87,2.47,3.86,2.3,1.14,4.28,4.79,0.0,2.82,0.0,4.68,0.7,1.83,4.72,2.6,1.67,2.5,5.97,1.22,6.0,5.09,2.11,0.0,3.87,4.62,7.16,6.83,2.58,2.06,2.71,5.19,6.23,3.77,3.83,0.0,3.83,2.98,3.89,3.05,1.17,3.91,7.43,4.89,3.87,0.0,1.93,8.2,5.37,7.03,1.62,2.86,5.08,0.76,4.81,3.68,4.1,3.03,0.0,5.8,6.16,0.0,6.46,2.56,0.66,8.25,4.45,3.74,0.0,4.07,2.77,0.0,2.87,4.31,0.89,4.36,0.0,3.53,4.82,3.47,5.21,1.86,0.51,2.0,2.68,5.83,0.0,1.1,0.9,3.32,3.78,1.21,0.0,2.71,4.17,0.73,3.5,6.01,1.52,3.54,3.46,2.05,0.94,2.12,2.05,4.0,5.0,3.6,5.82,4.98,5.08,6.04,3.58,5.49,0.96,2.36,0.0,2.66,6.59,1.5,2.49,1.47,3.19,3.76,0.0,0.44,3.94,5.5,3.98,6.0,5.08,5.68,3.12,0.0,0.0,3.12,0.0,2.78,3.94,3.84,3.28,3.59,2.96,9.33,3.37,6.69,3.54,2.95,1.33,3.12,5.42,5.05,2.77,6.21,5.92,2.87,2.98,2.88,6.59,1.2,3.74,4.36,4.03,3.12,4.85,0.0,0.0,4.75,3.92,0.0,4.58,4.19,5.39,4.08,6.92,4.11,2.92,5.51,4.15,8.57,0.06,6.08,4.56,4.06,4.25,3.14,5.23,6.99,8.37,2.32,5.19,2.95,2.24,4.36,3.12,0.45,4.83,2.09,6.19,2.74,2.22,2.26,4.92,6.33,0.0,5.01,3.97,3.0,1.89,2.0,4.49,2.16,3.05,2.77,0.0,0.26,4.04,0.0,0.0,5.81,2.99,0.0,1.14,2.16,1.58,2.87,0.0,4.73,0.0,2.73,3.3,0.45,6.46,2.27,5.59,4.34,4.73,0.0,4.12,3.75,0.5,0.0,8.32,3.31,4.76,0.77,4.09,4.31,2.91,5.71,2.03,5.22,4.71,3.7,2.04,3.95,0.41,0.0,3.21,3.93,2.75,3.06,6.54,0.0,3.53,3.04,0.0,5.42,3.3,0.85,4.3,0.87,0.0,3.74,2.64,1.54,0.0,3.86,6.23,6.11,0.63,8.64,0.0,5.16,0.82,5.69,0.0,8.98,0.31,2.51,0.0,3.18,2.35,0.0,1.26,1.07,0.58,1.62,0.0,5.85,2.77,0.12,3.77,0.0,1.12,1.96,1.3,1.27,4.35,0.88,4.86,0.61,2.7,2.19,2.16,4.62,3.81,5.66,0.15,2.73,0.0,7.26,4.75,1.92,3.91,4.69,2.92,0.93,0.0,4.5,2.64,0.22,4.16,0.75,2.88,2.43,2.11,5.09,4.06,2.91,6.56,5.06,2.16,5.36,0.92,2.56,5.04,0.0,3.29,4.42,0.96,7.5,3.85,5.88,1.15,0.76,4.54,5.61,5.74,4.61,3.85,3.11,5.43,5.96,5.28,3.8,2.97,3.54,4.33,6.26,3.41,0.0,3.3,2.21,0.79,3.32,8.34,8.39,5.94,3.18,2.46,3.46,7.6,0.64,0.0,0.98,0.98,2.01,2.33,6.02,4.87,0.0,1.17,5.05,4.71,3.15,3.55,5.09,0.61,0.93,4.18,5.79,0.61,0.68,2.36,6.68,2.61,2.39,2.68,8.45,4.4,3.83,0.99,7.9,1.25,1.38,2.16,1.5,4.19,2.44,3.42,3.1,2.13,1.33,2.55,2.0,1.75,,,,,,,0.96
,,,,,,,,,,,,,,,,,,,,,,,,,,,11.31,12.41,7.8,28.08,26.85,17.16,29.26,6.13,7.22,20.99,24.24,16.94,25.6,17.23,13.74,20.97,3.69,8.52,25.59,9.35,33.95,5.64,0.0,22.77,9.78,14.16,16.38,6.27,0.0,5.63,16.49,5.43,6.7,15.61,19.43,11.97,11.51,6.42,0.0,20.37,17.95,10.83,5.94,14.7,13.75,10.31,3.71,4.42,3.29,19.34,28.07,10.66,11.27,13.09,23.19,21.42,13.45,0.0,25.29,16.0,8.64,0.0,8.31,17.24,16.49,6.55,10.78,16.62,3.63,11.26,12.38,4.96,13.81,19.04,3.72,13.34,15.42,10.34,7.57,15.17,17.56,3.65,10.16,0.39,17.49,3.62,8.44,15.79,9.16,8.59,10.76,22.25,6.42,22.33,18.31,8.8,0.0,14.76,16.08,26.37,25.99,9.2,7.05,12.82,21.29,20.97,14.87,14.65,0.0,16.51,10.66,12.46,12.09,5.99,16.24,23.88,18.39,15.0,0.0,11.41,28.7,21.29,23.76,7.33,10.31,16.9,5.8,16.59,16.13,17.45,11.43,0.0,23.88,22.87,1.92,23.62,11.08,4.49,27.22,17.6,10.99,0.0,14.1,12.16,0.0,11.87,15.23,6.23,18.72,3.58,13.37,17.31,13.87,18.37,8.64,6.47,9.48,9.3,20.78,0.0,7.32,6.25,14.77,14.26,5.72,0.0,12.09,16.53,6.58,14.11,21.63,6.55,13.09,11.33,9.19,5.18,7.24,10.49,17.3,18.76,14.19,22.22,20.08,18.33,21.45,12.1,19.72,4.13,9.67,0.0,10.45,22.59,6.62,9.83,8.77,11.79,14.81,2.38,3.84,15.28,19.71,15.48,20.36,19.47,19.93,12.08,0.68,0.0,12.66,2.45,12.53,15.51,14.84,12.76,12.55,12.15,33.41,13.01,21.93,13.5,10.78,7.6,13.4,21.15,18.66,11.42,22.14,21.57,12.53,10.41,11.63,25.23,5.17,14.02,15.04,14.87,12.63,17.73,0.19,2.45,16.74,15.22,1.54,17.28,15.05,19.61,15.51,23.93,12.52,12.08,19.88,15.51,28.64,1.05,21.97,17.12,15.44,15.79,10.76,19.49,23.4,28.67,10.66,17.77,11.81,7.08,16.27,10.99,5.31,17.7,10.42,21.67,10.51,10.34,11.08,17.99,22.87,0.0,18.11,16.25,12.48,8.49,8.26,17.54,8.95,14.83,13.96,0.53,1.79,13.84,0.0,0.0,20.5,12.98,1.57,5.38,8.94,6.8,11.65,1.98,17.66,3.09,10.86,13.76,5.62,22.53,8.89,19.95,18.83,18.44,0.0,16.66,14.63,3.76,4.74,30.0,13.73,16.79,4.45,16.04,14.95,13.17,22.24,7.77,19.99,17.0,13.4,8.66,14.14,2.31,1.55,12.1,14.8,11.64,9.35,21.03,3.65,13.3,11.0,0.0,21.21,13.21,6.42,18.11,7.48,1.07,12.64,9.92,7.72,1.94,13.32,23.58,22.78,3.44,27.81,0.0,19.38,7.24,20.82,0.88,32.28,0.5,8.65,0.0,11.83,11.55,0.0,6.6,4.14,3.21,7.25,0.0,20.43,11.15,1.86,15.6,0.0,6.65,9.3,6.89,5.65,17.28,5.05,16.66,5.44,10.94,12.29,7.68,17.06,14.59,21.4,4.64,11.52,0.0,25.3,17.16,8.75,12.92,15.83,11.16,3.97,0.0,17.83,11.41,3.56,14.31,4.1,12.5,7.31,9.37,19.46,16.15,10.83,21.53,19.46,7.57,18.75,3.69,12.53,18.85,0.0,13.67,18.8,4.27,28.16,14.46,23.37,6.04,2.12,16.58,18.66,17.88,17.2,14.99,12.85,18.87,22.58,21.05,14.17,10.71,15.09,14.98,22.69,11.43,2.59,11.84,10.44,4.52,13.54,30.1,28.23,21.06,13.31,9.22,13.47,27.72,5.39,0.0,7.05,4.79,7.89,8.77,23.46,17.75,0.0,6.86,18.34,15.2,14.1,11.74,19.06,4.84,6.15,14.78,22.07,3.77,5.26,7.67,23.97,9.45,10.15,10.83,30.61,18.48,16.55,3.34,27.68,6.63,6.64,10.51,5.97,15.0,9.95,11.92,12.97,8.21,7.53,10.41,9.67,7.48,,,,,,,1.22
,,,,,,,,,,,,,,,,,,,,,,,,,,,26.35,30.51,20.64,62.02,57.95,37.14,66.62,14.94,17.53,43.88,54.11,38.04,53.17,45.96,29.2,50.54,6.36,25.73,54.62,20.46,69.93,16.22,0.0,49.57,23.61,30.91,42.86,15.8,0.32,16.67,35.22,16.03,20.09,38.1,49.69,28.59,23.91,16.93,4.89,47.82,42.57,26.37,20.53,31.16,35.25,25.33,11.1,11.96,17.23,45.92,61.44,27.63,29.94,38.29,54.36,50.31,35.22,3.83,57.08,37.36,24.62,0.0,29.55,38.48,40.21,20.38,25.55,42.39,13.64,26.07,28.66,19.56,32.32,46.05,13.53,31.6,33.72,31.25,28.42,34.33,37.77,15.47,27.02,5.34,36.8,8.9,26.59,37.2,25.2,25.15,28.98,53.27,18.99,49.76,40.29,25.2,5.4,31.21,38.87,60.54,63.64,20.42,17.84,36.28,53.01,53.47,30.28,36.06,0.0,40.71,30.89,32.36,33.27,18.18,39.07,56.5,46.07,31.97,0.72,27.43,62.78,46.37,50.16,18.64,29.76,38.92,20.84,40.26,38.49,43.38,32.28,0.0,59.62,51.86,10.79,55.21,29.38,15.2,56.41,44.15,26.94,5.56,29.49,28.97,1.24,32.01,31.78,21.93,39.68,10.49,33.56,38.68,34.1,41.47,19.65,21.07,24.96,24.35,50.63,3.93,17.28,21.68,32.54,41.57,21.72,6.45,36.53,39.04,23.61,38.23,50.43,16.99,35.62,27.59,29.76,15.99,21.77,26.1,45.33,42.7,37.1,52.14,50.35,43.24,49.15,30.95,39.13,14.94,24.64,0.0,23.25,51.38,20.94,28.38,23.21,27.78,37.16,17.19,14.44,37.76,42.55,40.49,54.79,45.72,47.19,30.4,11.1,4.24,32.69,11.64,28.04,37.26,39.24,34.77,33.13,34.94,70.8,34.54,47.12,35.15,31.24,19.34,40.12,48.74,41.77,28.32,48.65,52.73,33.12,28.79,32.86,59.18,14.67,34.32,36.22,39.42,29.52,43.17,6.94,6.77,34.8,38.66,13.86,44.21,31.87,46.3,36.55,49.98,32.26,28.69,47.87,35.37,58.69,3.46,50.93,41.54,39.35,37.84,24.25,45.36,52.58,63.07,25.55,39.9,26.43,18.86,39.77,28.99,7.98,41.66,25.27,53.98,30.3,25.62,28.43,40.07,53.08,2.46,39.51,32.2,27.21,20.44,18.5,40.28,22.7,38.73,34.1,6.73,1.7,36.64,2.18,1.64,44.09,35.75,9.49,19.58,20.97,16.99,28.68,6.88,43.02,13.07,29.2,31.32,17.4,49.88,25.6,45.58,47.72,45.09,0.0,39.79,34.54,12.08,19.34,70.16,31.49,37.56,17.59,35.86,31.83,34.1,47.74,23.09,45.24,38.92,28.03,25.19,28.7,10.26,5.75,39.14,33.5,28.07,16.27,48.37,9.97,29.58,21.78,4.47,49.55,26.29,20.14,41.17,19.99,11.08,28.94,24.44,25.21,12.68,30.18,56.23,50.76,11.43,65.55,0.0,46.21,21.99,46.37,7.25,68.83,9.38,25.93,0.0,31.59,24.24,0.37,17.71,14.81,13.25,21.68,0.0,42.63,26.76,9.16,35.29,7.77,18.73,23.62,18.9,19.42,43.43,10.7,38.02,17.78,31.65,35.65,19.26,41.78,33.88,50.25,14.3,28.72,2.35,58.16,45.31,21.63,30.75,34.33,31.46,13.48,4.44,40.18,28.37,9.96,34.72,12.1,29.33,12.41,21.4,44.62,40.88,27.37,51.26,41.38,20.89,44.54,13.05,27.69,44.53,0.0,33.58,47.46,12.71,61.67,33.01,55.3,20.67,13.63,38.08,38.01,39.52,39.89,32.71,30.9,42.32,49.89,52.29,35.71,26.54,36.0,35.01,51.49,28.56,16.38,31.67,23.08,18.86,36.89,69.19,63.45,49.57,30.09,23.83,26.72,59.55,13.27,0.0,25.06,22.54,21.95,21.78,53.99,40.98,0.0,19.34,46.84,34.71,38.47,26.3,43.44,17.86,20.77,34.43,47.83,15.01,14.04,19.05,54.46,24.78,25.44,23.93,67.67,43.78,46.42,12.22,61.65,17.85,21.3,23.05,21.52,33.62,22.48,29.29,35.89,24.07,16.69,31.53,23.46,20.87,,,,,,,1.26
,,,,,,,,,,,,,,,,,,,,,,,,,,,47.04,56.72,37.71,114.65,98.07,66.17,101.7,30.49,40.92,76.53,96.71,61.05,87.25,85.14,56.35,83.11,14.0,51.0,92.95,36.38,113.31,33.59,0.0,74.64,42.94,56.24,80.07,28.56,13.21,33.1,57.04,33.9,33.66,56.95,85.83,51.15,43.6,32.88,22.06,77.69,79.35,46.34,37.21,63.64,58.6,43.11,39.02,25.96,29.44,77.91,93.33,61.15,49.47,66.47,80.22,85.67,60.03,18.66,83.25,66.72,45.26,14.04,53.02,63.75,62.9,31.4,46.24,62.61,40.78,43.33,49.45,43.82,50.63,70.98,29.43,52.22,44.56,52.85,45.16,58.41,64.71,29.95,59.04,19.77,64.54,15.13,57.55,67.93,45.56,43.47,48.86,99.24,38.25,75.84,73.65,39.07,15.29,48.19,63.06,99.48,108.43,28.34,45.67,61.73,91.72,95.42,54.33,66.42,6.44,67.02,56.64,58.15,62.78,37.2,58.4,99.61,74.67,61.9,15.92,46.92,94.52,70.85,83.45,40.16,56.82,66.38,44.9,67.76,75.29,65.91,55.88,0.0,98.9,75.13,20.18,96.17,50.3,32.86,86.78,80.23,53.09,24.35,51.1,51.44,17.61,48.98,52.73,48.33,62.7,25.74,63.97,60.17,63.15,80.55,31.87,37.46,50.94,41.95,82.34,27.26,32.16,42.72,49.38,70.85,51.28,26.99,61.86,68.77,43.74,63.56,82.52,28.19,65.36,49.98,51.04,27.52,42.88,46.74,83.53,70.56,70.52,81.82,77.48,76.92,80.04,61.92,65.73,26.86,47.0,2.68,42.57,81.3,36.24,53.64,48.17,56.01,71.28,33.27,30.53,60.93,72.69,70.15,85.76,75.37,75.23,54.85,37.08,14.17,56.19,28.7,46.2,62.84,64.03,66.52,62.65,70.21,97.34,59.89,81.03,66.95,50.61,41.67,71.41,76.61,74.93,59.28,82.35,81.01,56.11,55.07,58.33,96.45,37.36,53.65,49.23,71.76,55.13,75.31,19.98,19.36,66.53,71.68,29.73,84.27,63.78,80.65,81.27,91.03,58.55,59.81,86.56,72.0,93.24,10.62,93.87,62.21,60.26,67.17,39.76,72.64,87.55,99.96,44.93,81.65,54.17,51.24,74.76,47.05,15.56,75.44,48.21,96.4,53.97,47.97,53.8,73.4,84.45,13.9,72.25,62.41,58.7,37.63,33.4,69.9,40.82,64.85,59.35,17.49,8.6,56.41,13.89,18.56,81.89,72.54,16.75,37.91,34.52,34.36,54.14,19.15,79.95,24.24,54.37,53.62,39.33,91.66,49.2,70.73,73.28,82.73,0.0,73.39,59.7,33.01,45.44,109.52,68.17,66.67,38.56,54.6,45.94,60.77,80.73,48.08,68.51,66.16,53.15,45.46,46.8,29.04,14.91,74.67,68.31,50.92,33.01,89.43,21.18,46.52,40.23,24.04,74.42,44.75,41.78,59.72,36.46,25.89,60.15,43.43,46.96,33.5,59.97,88.93,79.71,26.11,104.78,0.0,81.98,40.05,90.82,19.49,105.2,27.48,45.83,0.0,62.14,39.9,0.0,40.73,33.74,30.2,51.33,14.36,60.31,46.88,24.63,66.61,32.47,34.98,44.55,48.45,47.95,76.22,17.57,67.88,35.16,58.58,63.66,40.64,71.05,55.31,83.42,28.1,57.66,17.27,100.94,76.05,38.2,50.77,60.64,64.29,27.59,24.23,66.93,59.14,28.42,72.37,22.19,52.58,23.34,48.52,75.39,64.81,51.43,89.29,71.49,46.08,80.65,34.05,45.81,77.15,7.87,60.44,81.47,37.34,94.84,48.96,102.31,46.27,24.39,61.81,54.19,66.22,65.34,59.46,55.01,66.78,80.78,84.86,66.82,50.18,61.24,68.74,79.13,50.85,34.25,64.29,45.29,38.17,75.37,116.08,100.2,76.91,57.58,49.32,40.95,91.86,34.24,0.0,45.54,42.36,46.94,48.87,93.61,62.97,6.71,40.36,74.14,56.98,65.92,44.43,74.18,37.88,33.83,58.15,87.24,37.89,21.81,29.05,103.97,38.38,48.19,49.61,109.91,73.43,80.81,27.83,100.2,36.96,37.63,39.12,37.02,64.14,38.96,55.44,68.17,38.83,33.35,67.08,43.64,40.42,,,,,,,1.2
,,,,,,,,,,,,,,,,,,,,,,,,,,,63.71,69.14,58.18,138.38,133.11,88.52,127.17,39.88,60.48,107.18,116.5,73.87,111.74,108.13,77.32,116.24,41.25,94.81,122.98,64.42,147.56,66.86,3.23,87.45,52.8,83.86,98.87,47.27,46.66,56.6,85.44,56.53,51.38,77.85,109.25,63.79,65.28,50.4,33.31,112.19,99.57,61.53,65.98,81.93,94.07,69.04,59.54,36.72,44.38,94.01,110.43,82.73,65.01,79.98,97.09,132.16,94.22,23.33,101.91,93.27,55.2,44.35,67.12,92.94,75.94,45.68,68.95,75.41,59.96,72.42,73.97,67.97,68.77,82.17,42.88,82.64,67.79,88.12,77.99,82.68,92.37,47.91,84.01,32.75,77.42,31.49,64.0,91.74,58.45,52.96,66.47,144.43,67.87,96.89,100.06,68.01,29.07,67.6,87.64,121.47,138.47,34.55,70.32,77.92,123.92,119.67,74.16,88.18,41.19,92.51,74.57,75.18,86.84,56.72,87.62,119.58,90.94,85.22,22.27,59.18,111.72,88.17,116.5,66.5,71.52,86.7,57.4,92.25,114.89,96.46,75.83,6.35,129.51,92.25,36.67,115.87,61.93,62.38,109.52,98.1,79.34,32.66,68.71,72.08,52.76,69.8,61.62,77.13,79.3,47.04,77.18,76.23,83.84,99.93,61.21,49.84,86.51,50.88,116.54,43.34,37.56,63.54,64.05,103.5,72.95,45.7,75.91,86.58,63.56,77.26,101.22,53.3,73.01,66.3,70.67,46.47,71.52,66.89,113.12,81.67,85.57,102.21,105.68,96.35,101.71,76.73,71.86,44.73,71.91,20.75,62.42,109.63,45.51,86.42,68.72,90.21,85.25,55.35,53.28,77.52,105.54,89.1,111.74,99.97,91.37,69.49,61.73,38.43,77.91,46.24,63.59,82.98,89.95,84.31,74.98,91.36,115.44,70.58,99.14,101.59,77.35,53.84,82.09,112.04,102.14,84.81,108.59,105.06,77.19,84.2,85.23,114.24,51.82,75.34,77.17,98.78,84.98,113.58,31.19,34.32,79.46,90.27,44.63,113.61,97.7,102.96,111.54,124.64,90.81,85.78,112.85,94.21,119.01,10.91,117.46,83.75,60.91,95.48,43.48,83.35,108.11,121.84,62.58,101.01,84.32,78.51,109.13,72.38,41.57,86.39,72.68,111.29,70.47,69.27,82.37,101.21,113.45,22.18,83.95,85.55,83.74,55.36,55.82,100.56,49.9,89.87,77.97,40.39,29.31,72.52,23.93,33.89,94.11,110.41,31.0,52.81,62.75,63.8,84.42,41.17,104.63,41.08,67.15,80.93,70.86,123.06,81.91,92.35,102.51,112.29,0.09,107.28,84.9,62.36,60.82,132.95,92.85,84.08,75.1,87.39,67.28,80.45,100.1,77.57,84.5,87.78,72.18,76.06,66.86,48.81,31.84,82.43,98.98,78.38,60.1,129.07,29.53,66.86,60.56,45.62,104.88,62.15,66.35,63.86,47.15,44.79,84.08,57.54,72.16,47.21,78.08,119.99,109.55,39.41,129.7,0.0,96.73,47.31,109.84,28.24,129.6,45.93,72.75,2.65,71.64,53.49,13.07,65.76,48.57,43.11,76.59,17.34,80.32,65.34,34.92,97.72,44.97,48.38,73.01,72.2,63.83,84.06,31.73,84.46,51.76,70.27,87.12,60.53,109.16,76.76,107.85,51.79,82.89,46.93,132.88,99.26,44.05,67.71,89.33,98.27,48.64,46.28,79.93,70.81,40.93,96.64,27.65,62.54,41.58,59.5,110.33,90.23,79.93,108.47,80.19,68.5,109.57,48.49,68.52,105.94,22.26,86.98,101.96,56.16,113.79,92.16,122.62,60.3,37.01,100.64,84.44,102.79,87.57,63.12,82.75,92.25,101.34,110.28,76.41,66.91,96.76,112.12,96.04,74.26,60.02,77.35,67.62,47.25,96.73,135.23,130.58,88.03,85.58,78.56,65.62,108.99,46.36,0.0,59.06,73.45,60.39,72.98,106.52,77.09,15.89,62.54,92.3,80.16,70.34,64.99,94.05,62.24,49.81,62.49,120.67,44.98,39.78,36.06,128.72,43.14,69.71,68.62,139.4,99.42,107.68,37.61,139.81,58.22,48.2,48.12,36.37,87.48,43.98,78.43,87.07,67.23,51.05,87.52,66.43,58.38,,,,,,,1.12
,,,,,,,,,,,,,,,,,,,,,,,,,,,67.72,82.72,69.14,143.9,123.75,94.22,141.33,44.38,67.37,117.42,104.89,68.75,111.32,119.22,85.47,101.49,64.82,112.54,121.11,74.29,147.33,66.7,8.5,94.8,52.14,98.11,83.58,57.37,67.38,62.45,84.2,64.65,54.24,83.12,105.65,61.9,71.1,54.48,42.64,111.9,107.65,76.06,75.13,79.29,111.69,66.75,62.57,51.34,58.5,107.76,117.59,99.02,66.96,85.13,93.28,124.8,112.17,22.65,103.11,76.83,58.95,60.5,68.69,83.4,84.13,60.11,62.98,86.75,71.39,82.63,82.0,86.86,66.29,96.5,55.66,71.82,73.66,106.49,86.02,78.62,103.83,52.44,97.8,50.57,76.46,46.97,65.42,101.68,71.65,54.34,82.11,136.85,80.09,90.7,115.46,54.21,51.72,73.65,92.47,122.32,147.46,40.93,63.08,80.22,133.15,112.97,103.51,95.37,68.17,84.79,84.51,93.46,87.19,67.06,93.34,112.95,78.61,75.33,39.39,53.37,115.42,74.71,127.73,66.66,96.65,89.05,51.26,95.87,117.65,84.27,85.08,38.38,125.67,101.25,46.86,117.76,71.47,67.05,106.19,103.59,88.59,46.13,84.0,81.35,73.2,88.93,59.19,91.89,90.89,54.62,66.57,69.97,78.69,107.7,69.6,57.48,69.09,39.17,114.02,64.39,58.27,73.72,77.54,116.15,52.8,56.54,82.14,108.96,63.17,77.32,113.24,53.29,74.83,55.78,67.39,41.8,69.84,53.22,114.64,80.37,98.76,103.48,100.91,108.98,107.15,90.7,64.56,41.59,73.86,35.96,68.67,103.63,51.02,96.29,80.88,98.5,86.43,62.95,67.98,88.74,113.19,99.23,114.15,85.41,104.61,82.26,82.06,45.25,101.25,36.45,72.46,91.43,90.27,68.58,86.01,89.18,126.1,80.5,93.38,104.44,77.15,44.65,81.33,115.73,104.44,92.23,97.47,94.2,98.61,88.5,100.83,107.88,53.75,83.62,88.63,101.26,84.75,135.79,40.36,34.99,81.79,98.18,40.54,132.99,105.72,113.75,107.19,116.6,99.24,78.33,113.64,98.69,116.07,14.37,102.11,92.03,57.65,108.66,38.39,82.95,109.6,99.27,80.86,105.92,83.42,87.82,99.58,70.27,59.47,89.62,77.32,110.23,72.03,78.2,80.64,96.45,114.56,41.35,98.02,94.05,90.05,58.46,67.73,119.57,58.29,92.46,95.89,47.61,45.87,74.51,27.22,49.33,95.23,123.58,38.71,65.53,79.6,64.28,89.81,49.65,110.45,57.13,67.8,105.14,80.32,126.14,80.11,105.48,109.71,109.16,21.48,117.89,81.33,63.92,82.05,130.18,93.62,95.93,94.36,90.12,59.7,94.0,105.28,83.58,95.85,93.8,85.24,75.94,64.06,54.61,36.36,75.11,81.87,67.76,81.23,136.45,35.55,86.14,62.14,60.62,99.68,65.61,72.87,72.49,50.46,59.21,91.61,70.8,86.17,57.2,85.39,108.24,129.11,30.68,141.74,3.98,100.5,53.95,123.45,27.96,126.0,60.97,93.72,22.25,86.7,63.61,18.12,76.64,58.98,54.79,96.92,19.46,85.16,71.43,50.12,114.4,62.92,51.56,93.37,73.27,66.23,88.56,31.22,81.64,65.88,69.29,85.44,68.43,115.92,79.09,109.89,65.81,82.92,46.93,122.88,103.9,50.2,78.84,89.71,103.77,44.25,60.49,80.91,71.83,44.65,96.98,50.88,76.96,37.51,69.37,112.31,100.8,89.17,131.17,73.02,68.62,113.06,61.5,81.51,116.09,39.97,99.08,107.46,62.67,119.08,104.99,121.99,75.33,53.34,102.33,81.75,110.75,79.28,53.08,93.3,106.85,95.06,99.52,84.51,71.29,101.22,132.72,91.85,80.13,69.74,84.64,69.87,56.19,85.03,125.38,133.79,88.36,93.06,85.06,91.33,109.83,62.27,13.6,71.16,83.49,53.6,88.55,106.77,69.86,21.95,69.21,96.4,78.06,70.55,74.49,90.34,85.16,57.0,74.47,121.76,49.94,38.01,53.25,126.36,41.25,67.1,85.78,134.7,102.03,114.47,51.72,147.28,68.82,52.72,57.55,50.04,94.61,42.21,82.91,87.59,78.41,61.58,98.42,66.33,65.41,,,,,,,0.8
,,,,,,,,,,,,,,,,,,,,,,,,,,,71.36,82.31,97.54,155.48,137.75,98.82,141.17,61.21,84.92,127.73,90.7,66.44,114.27,125.46,76.49,108.15,83.97,114.81,128.96,84.88,163.06,81.81,34.94,108.11,50.06,117.46,77.55,53.5,85.22,63.55,96.59,63.91,60.19,83.17,105.4,80.13,95.92,61.76,53.5,117.38,112.38,86.18,86.24,92.78,111.2,66.34,72.34,64.25,79.42,118.33,123.87,96.38,67.2,85.59,105.74,137.53,125.46,31.66,104.69,87.2,54.27,72.47,71.7,95.65,100.73,84.77,83.43,95.31,85.31,88.07,89.57,93.91,80.15,99.86,66.34,72.49,90.7,125.16,88.61,89.2,107.19,73.09,91.54,65.76,70.65,66.89,72.77,97.16,99.61,55.54,97.21,144.21,81.28,94.37,119.06,55.61,77.35,97.13,104.61,151.06,162.07,52.96,70.0,94.89,138.99,106.25,127.61,107.11,93.76,76.03,110.79,108.17,91.7,84.28,114.4,126.19,85.2,90.87,60.15,66.29,122.63,90.89,128.48,73.78,86.05,99.41,68.37,82.35,135.42,85.99,83.74,60.66,131.09,101.3,60.72,114.55,87.67,84.02,105.91,97.02,83.2,48.11,87.01,90.12,102.26,107.54,55.27,99.71,98.8,66.91,59.98,75.59,96.59,121.08,86.31,65.5,80.89,71.83,114.88,82.19,60.31,86.79,98.59,121.31,51.86,70.13,97.48,119.42,76.88,88.78,115.65,74.99,76.27,56.32,83.52,46.39,86.62,55.77,118.91,82.1,107.76,128.81,97.94,113.53,100.27,98.47,62.93,65.96,93.32,40.76,91.98,101.06,80.7,101.33,84.14,103.05,103.07,95.95,75.36,98.71,117.19,108.46,118.75,93.8,128.78,89.45,109.12,47.17,100.34,42.45,94.86,110.32,109.7,80.77,97.16,97.07,134.11,86.99,96.79,94.8,79.53,65.66,89.18,124.17,122.05,98.3,85.87,99.97,115.26,86.6,122.22,112.64,63.13,108.23,86.17,109.89,94.3,146.14,47.46,48.99,99.12,92.39,57.55,149.06,113.97,121.52,119.89,114.66,118.26,79.32,131.78,103.5,121.15,21.02,101.35,90.78,94.09,128.44,47.1,92.59,102.21,102.87,89.26,122.28,96.85,106.04,92.44,75.98,82.79,89.82,88.81,106.1,67.05,99.68,101.25,90.62,108.53,55.6,94.21,102.06,113.25,77.01,73.86,120.13,87.25,95.48,113.26,63.64,41.94,86.47,43.37,58.39,92.36,122.35,61.0,83.14,97.69,71.47,101.03,68.27,125.54,72.36,88.04,120.25,73.82,119.97,93.07,110.59,119.32,116.32,51.9,117.7,88.9,81.0,100.49,130.28,117.02,97.0,94.64,92.88,77.86,101.72,127.93,89.7,104.21,110.0,78.24,85.65,83.2,51.12,61.37,78.22,90.32,86.99,86.97,147.02,40.26,94.04,71.3,67.85,107.2,83.73,83.99,87.56,55.65,65.7,95.26,91.51,95.3,79.25,106.91,123.88,125.26,30.87,144.57,19.84,104.58,50.71,136.36,49.99,137.19,59.51,117.34,35.59,104.66,72.78,44.94,77.86,70.23,60.6,111.29,41.51,102.71,71.39,76.22,126.8,75.34,68.96,116.18,96.9,81.57,82.52,51.4,99.85,57.93,83.17,101.92,78.84,116.57,66.81,113.21,83.03,85.01,62.88,111.08,105.15,66.16,90.43,84.55,103.04,51.78,72.92,92.07,75.2,49.58,108.52,68.45,85.08,32.37,84.54,120.62,115.81,117.25,135.8,69.97,74.73,117.32,90.42,100.2,116.24,65.55,103.36,101.66,69.69,123.21,103.79,127.3,82.63,59.25,111.43,75.59,109.67,90.05,65.02,96.69,105.3,91.07,98.16,106.3,96.92,96.25,137.4,88.77,95.05,78.88,103.45,86.4,83.89,82.81,121.82,134.01,83.91,102.84,73.5,112.71,121.95,82.04,28.61,96.91,87.12,69.1,98.09,122.74,60.11,42.72,87.87,109.36,91.13,83.81,73.84,99.78,97.84,76.03,77.06,131.42,72.46,48.63,73.43,127.36,50.43,58.51,91.24,137.15,105.88,120.25,55.8,146.55,84.6,52.95,61.94,47.88,108.69,66.64,94.75,109.6,81.42,94.25,113.38,77.61,79.17,,,,,,,0.74
,,,,,,,,,,,,,,,,,,,,,,,,,,,75.34,73.72,87.08,133.93,132.49,102.79,134.9,68.53,78.36,131.94,86.81,53.27,98.23,123.56,74.3,100.97,105.16,100.37,120.97,106.58,166.84,83.64,60.33,106.17,45.76,128.02,70.57,70.07,67.7,74.25,110.33,69.88,69.71,91.1,99.92,79.04,101.93,72.23,65.75,105.33,106.65,99.22,81.25,83.87,119.16,64.21,78.72,66.28,97.39,114.81,116.1,79.31,62.99,88.59,108.14,134.28,100.61,60.92,108.71,82.6,63.58,68.36,70.93,91.16,108.84,93.61,78.01,87.88,79.55,85.2,101.89,101.28,88.13,85.82,73.83,67.98,99.79,122.19,85.4,81.91,116.48,78.12,76.67,63.7,76.97,72.9,78.34,95.2,104.25,67.44,84.71,122.92,76.52,92.4,114.64,70.33,83.08,87.32,101.87,144.13,162.77,55.94,77.1,100.0,121.17,128.42,109.88,97.52,94.87,56.01,104.01,128.02,67.03,72.88,117.85,118.99,104.03,100.26,70.25,72.22,116.93,89.06,136.96,78.48,89.23,94.61,76.06,72.68,134.45,91.59,88.52,70.38,120.47,97.72,83.12,118.48,91.94,96.3,106.84,115.83,84.63,40.56,92.81,83.5,114.87,107.58,48.42,98.46,83.07,66.13,52.03,71.15,91.05,125.34,80.45,57.85,78.76,87.39,108.56,96.27,70.46,84.29,89.15,120.01,58.72,77.6,98.53,114.96,71.64,74.69,90.16,82.58,72.52,63.77,93.16,46.24,94.93,70.75,118.81,82.81,114.06,128.67,103.02,98.39,89.74,101.01,68.36,83.36,89.67,58.37,96.59,99.47,89.14,110.68,93.92,88.28,103.22,93.72,79.25,97.15,99.63,100.77,124.58,82.24,119.91,78.5,100.42,50.71,87.86,54.93,86.88,129.32,103.45,59.89,95.25,94.8,133.54,77.08,94.37,81.62,74.05,72.83,84.51,120.59,115.53,99.85,85.1,103.62,121.92,76.02,111.8,111.43,63.91,104.64,95.18,101.73,93.61,118.09,52.48,51.12,102.83,84.38,56.16,133.23,119.47,114.16,130.36,103.16,121.62,72.75,122.14,100.48,137.02,49.02,98.02,98.39,98.69,117.23,52.77,102.91,110.25,107.48,85.77,107.17,74.7,99.67,92.57,80.84,91.1,76.4,87.13,115.85,77.79,93.06,104.4,92.66,98.4,52.31,97.2,89.61,128.32,87.13,77.91,113.06,99.17,90.88,124.18,54.47,49.64,70.89,52.76,56.9,76.53,118.98,65.69,85.96,82.83,81.3,93.15,77.87,139.49,79.23,84.1,102.0,79.24,103.17,73.09,119.91,100.76,121.61,57.76,113.13,99.0,85.85,98.35,112.95,110.16,85.86,110.91,94.82,67.5,92.3,116.52,94.21,115.07,99.54,96.96,88.19,85.72,54.56,57.31,93.49,88.68,90.16,79.41,111.22,44.51,97.98,70.16,57.9,103.25,83.61,96.11,99.18,45.88,66.94,80.32,109.79,102.68,87.61,101.87,113.65,109.49,48.05,139.37,30.58,112.75,55.98,114.08,51.39,133.29,76.2,110.14,36.81,97.46,84.31,59.61,75.98,85.14,70.13,106.37,32.85,113.8,78.7,75.24,114.44,81.05,76.25,111.71,98.66,89.33,81.42,69.94,121.41,67.37,83.58,104.28,89.75,110.67,68.04,110.45,81.51,77.59,68.61,97.99,116.25,59.23,94.52,82.12,100.45,72.67,80.68,96.65,74.74,56.17,98.52,70.18,89.58,35.35,105.74,116.67,110.44,110.2,104.92,71.78,78.67,125.24,91.25,89.04,111.45,89.46,97.18,107.7,66.94,117.81,94.03,121.71,77.22,57.95,111.41,75.12,106.84,92.64,69.48,85.53,105.52,94.48,90.46,107.06,87.88,98.59,123.76,94.22,99.25,89.21,92.83,84.48,67.33,85.02,112.15,113.39,84.22,86.1,74.59,117.73,114.01,81.45,39.51,102.77,102.16,71.03,87.04,103.16,40.22,41.43,87.94,109.25,83.93,88.73,64.99,95.29,101.01,74.36,79.2,122.68,80.38,41.41,72.8,121.11,56.12,52.01,89.87,123.91,88.63,105.67,66.85,138.44,70.53,71.85,59.22,59.09,111.44,78.18,100.29,91.66,89.14,98.38,102.38,101.91,84.37,,,,,,,0.76
,,,,,,,,,,,,,,,,,,,,,,,,,,,50.78,56.25,63.78,96.99,96.66,71.98,118.88,66.04,60.89,98.06,71.37,45.39,79.18,92.85,63.65,92.93,86.95,85.32,108.34,77.14,133.27,73.6,60.1,87.98,43.38,117.68,71.44,67.4,63.05,63.6,82.17,58.11,76.93,79.82,65.09,59.96,74.09,79.44,53.62,72.56,86.3,74.51,58.0,77.05,85.46,62.0,76.86,61.1,77.32,86.21,84.76,63.82,62.91,77.62,86.7,102.77,93.43,55.0,85.81,63.39,43.92,61.87,62.41,61.0,86.4,81.31,66.46,74.25,64.11,61.68,84.37,78.49,75.12,72.96,66.8,57.91,90.72,97.92,74.26,60.36,99.7,57.41,55.62,56.89,65.81,68.22,64.94,84.25,81.34,51.43,66.35,96.59,60.84,91.93,90.09,66.61,67.18,61.6,74.93,119.59,127.16,53.21,66.98,70.09,91.16,108.81,91.72,79.9,75.43,35.74,70.15,96.16,57.63,61.8,77.02,86.86,94.75,77.56,55.28,72.9,106.62,53.52,117.83,67.91,70.49,68.98,70.12,59.94,95.1,85.17,75.58,75.11,110.4,77.46,73.39,99.25,68.91,81.55,96.89,97.41,62.82,35.93,81.77,65.56,92.81,79.43,33.75,78.83,81.68,61.75,38.96,68.26,70.12,99.31,53.24,64.09,74.26,80.61,99.68,87.16,65.05,65.77,67.52,94.25,55.18,78.48,72.17,98.76,78.62,61.9,72.88,63.13,72.69,63.57,78.61,43.09,77.0,59.44,98.8,77.6,86.46,112.09,89.3,71.38,69.46,79.81,54.04,75.47,68.77,53.32,77.98,84.17,66.99,103.05,80.06,64.05,85.5,76.03,60.94,91.91,73.28,75.54,91.15,62.52,96.37,66.99,82.25,45.93,86.18,49.85,75.36,112.45,85.82,59.91,94.28,78.99,103.02,60.39,63.73,61.36,58.89,59.11,72.55,99.37,94.16,82.42,69.65,77.23,105.38,56.42,84.64,88.42,55.2,85.46,76.27,85.44,69.39,98.44,39.4,45.82,78.79,91.32,55.96,111.77,95.28,88.98,112.21,88.13,98.26,64.04,88.35,80.45,100.28,47.22,76.37,83.82,91.08,92.47,41.2,89.57,85.74,112.53,71.04,88.39,66.14,74.49,64.56,74.21,90.97,65.92,66.19,102.74,56.93,79.31,85.93,100.68,84.43,48.96,95.59,66.51,95.23,78.18,69.64,89.7,95.96,71.67,93.12,62.99,57.5,68.34,46.32,60.62,55.1,86.14,56.13,74.0,84.12,70.55,71.86,47.89,119.93,84.55,58.84,64.75,71.64,78.83,56.59,102.34,77.69,89.02,55.23,88.18,82.67,57.64,78.89,93.55,102.24,55.14,87.56,80.03,50.15,82.63,82.85,85.68,75.31,79.48,83.0,76.21,75.08,49.53,60.35,86.95,65.22,81.81,62.31,81.33,42.01,72.28,61.11,52.96,82.8,80.17,86.05,91.84,51.73,67.45,64.96,97.78,87.69,80.83,82.24,82.83,93.29,49.22,123.5,31.19,84.97,41.75,95.24,48.69,108.32,78.98,87.4,49.24,63.64,83.7,57.82,50.99,75.68,68.79,82.63,32.21,94.04,68.93,51.87,97.19,66.37,76.91,79.04,71.96,72.42,66.89,64.18,98.5,60.93,54.84,91.2,81.4,70.68,59.71,81.37,73.42,69.16,56.14,79.4,88.89,58.26,82.14,76.85,89.73,62.07,54.83,89.67,64.71,59.2,65.76,59.65,87.82,39.98,98.47,94.22,92.27,101.66,71.15,59.82,75.21,95.48,85.22,76.17,81.14,78.68,81.54,88.95,57.24,85.91,71.14,89.35,72.29,57.77,89.02,67.91,79.9,72.8,69.67,63.33,91.31,74.47,73.25,88.42,74.62,80.56,93.42,76.52,78.35,81.85,71.66,77.33,59.06,69.48,84.96,86.63,75.7,75.68,49.44,90.35,88.48,68.97,52.62,89.92,85.01,62.97,72.33,65.62,50.41,30.95,64.66,84.05,73.42,82.43,61.18,80.78,69.29,66.86,71.94,87.0,54.84,41.16,58.77,92.55,49.21,54.35,78.57,103.9,64.34,81.73,63.66,110.21,54.97,57.78,38.7,67.84,87.61,78.35,81.39,66.3,82.65,87.02,79.07,92.72,62.02,,,,,,,0.9
,,,,,,,,,,,,,,,,,,,,,,,,,,,26.04,23.06,44.59,61.03,59.02,46.95,65.05,36.3,35.66,53.9,42.66,24.57,48.01,50.09,40.82,51.8,55.99,49.29,69.34,44.98,79.33,46.32,30.62,49.39,39.01,60.59,45.93,47.41,40.66,38.49,44.44,40.5,46.15,48.0,29.8,30.37,49.41,45.47,34.8,43.23,52.05,46.48,36.0,44.89,55.09,42.97,46.66,37.63,42.17,43.85,50.79,40.03,41.26,42.31,55.5,58.54,54.67,33.53,51.34,37.71,23.7,38.62,43.97,35.64,56.59,45.23,51.42,50.38,35.59,26.49,53.37,51.05,50.55,48.66,33.52,40.87,52.66,56.13,48.83,38.34,58.45,33.01,28.65,36.04,49.43,40.6,36.51,50.49,45.44,30.41,42.75,55.99,38.11,56.5,46.03,41.34,45.97,36.51,41.83,65.8,76.09,35.49,40.41,47.46,43.17,67.57,61.29,53.85,40.09,25.63,42.23,59.21,37.32,31.32,38.84,45.67,53.2,45.79,44.19,44.46,66.65,32.38,62.78,49.03,41.09,35.86,39.95,37.27,49.43,50.61,47.42,41.66,68.87,48.55,49.92,52.5,40.48,53.45,46.3,60.4,34.23,23.9,54.92,41.91,59.07,49.27,27.04,50.88,47.49,41.95,30.92,31.17,35.14,49.61,31.27,44.2,38.75,51.13,57.17,42.62,40.73,35.25,44.0,51.8,37.75,51.96,47.56,51.93,52.86,43.51,43.92,47.23,46.62,40.89,50.14,35.56,42.88,38.4,58.33,50.19,54.24,64.15,48.42,41.38,47.05,40.2,29.34,43.99,44.25,26.53,47.48,51.36,36.02,63.47,52.95,41.88,46.21,40.69,37.69,51.58,48.17,41.95,48.8,38.25,50.14,43.11,53.01,30.88,51.99,24.09,47.5,67.31,50.42,41.73,53.1,44.15,57.45,37.2,39.71,36.66,41.46,36.37,40.43,56.83,54.46,48.34,43.19,46.32,67.24,43.01,57.68,51.76,27.9,56.99,41.53,42.06,37.61,60.26,19.82,26.7,46.68,53.14,40.94,63.67,56.73,47.02,64.7,56.56,65.45,38.71,52.08,43.83,45.56,26.04,42.98,50.96,54.49,57.58,22.66,54.73,47.72,56.04,41.31,48.08,42.6,43.44,33.14,44.16,56.4,43.34,48.13,57.47,38.68,51.78,49.61,63.76,58.04,30.16,45.63,43.19,54.57,43.92,44.23,60.88,47.04,40.58,53.42,32.61,44.34,39.9,36.77,34.69,32.72,47.27,44.13,39.61,54.67,44.87,43.32,32.2,71.42,54.15,47.61,41.6,40.85,36.47,38.36,67.07,48.2,55.53,33.2,54.64,42.02,25.72,45.27,45.98,59.77,25.94,47.07,44.72,30.59,50.8,50.55,49.67,46.58,49.71,49.33,40.67,50.52,37.46,37.76,60.8,50.18,58.67,42.08,39.55,19.7,42.3,39.62,34.95,51.62,50.41,46.75,47.82,32.99,49.05,42.3,62.45,53.05,53.65,47.68,47.74,51.41,28.1,68.82,29.59,49.55,28.59,49.27,25.1,58.76,45.87,52.34,43.43,35.9,50.55,36.86,37.44,47.27,43.19,55.83,15.73,52.5,45.18,35.74,60.16,43.63,45.82,44.17,41.05,51.58,34.47,41.5,54.16,39.59,36.02,54.98,55.33,48.16,39.72,43.32,49.7,36.69,42.05,44.5,50.64,35.6,48.0,47.34,52.31,46.38,32.65,49.8,30.25,43.06,30.32,38.03,50.12,15.34,53.7,53.53,55.7,63.98,38.61,37.27,48.17,51.99,56.73,49.01,45.11,41.82,52.96,51.02,30.33,48.57,45.32,50.12,45.65,44.33,58.08,43.16,45.98,37.37,51.24,37.66,58.59,42.89,44.47,50.64,49.38,50.24,61.01,46.17,47.91,48.87,44.7,43.35,40.91,43.26,55.97,55.45,49.19,47.0,31.66,50.47,45.7,36.7,29.62,50.86,51.33,35.3,49.16,43.53,30.77,20.67,34.48,40.62,39.74,51.79,36.71,41.0,39.28,38.59,42.64,45.69,28.09,28.22,35.37,49.55,34.02,42.74,41.41,57.9,36.24,47.68,43.08,63.13,31.72,39.54,22.18,39.61,57.5,42.81,49.96,44.11,52.11,52.28,54.03,45.19,35.47,,,,,,,1.02
,,,,,,,,,,,,,,,,,,,,,,,,,,,8.77,8.69,14.08,18.03,16.41,17.79,22.23,10.54,13.96,16.03,13.98,8.63,14.93,17.19,17.36,16.59,19.85,16.99,22.77,13.28,24.09,17.06,8.35,16.71,14.73,17.63,16.46,15.44,14.91,13.76,16.17,13.1,12.79,16.87,10.07,10.99,19.16,11.73,11.7,14.82,18.21,16.04,11.94,14.89,17.78,12.07,13.77,12.73,13.58,12.49,13.1,13.36,14.14,12.76,18.76,17.52,18.37,10.78,20.31,13.6,7.81,13.03,13.69,13.16,17.34,16.89,14.1,15.72,9.69,12.06,20.96,17.2,14.68,18.48,8.15,13.73,17.45,16.7,19.17,12.98,20.03,9.45,9.34,10.98,16.68,14.59,11.03,15.89,17.25,12.84,16.3,15.19,13.29,20.33,14.32,12.87,15.34,12.97,15.45,21.72,22.46,14.42,13.6,16.37,11.1,22.71,21.17,16.98,14.5,7.91,10.77,18.85,14.48,11.16,11.56,16.92,17.51,13.8,15.45,16.22,20.72,12.75,20.25,18.28,14.65,12.02,14.95,13.47,14.8,13.45,16.33,15.83,21.48,17.03,19.42,20.01,14.3,19.41,16.95,19.76,10.57,8.08,18.39,14.62,14.62,13.95,12.82,19.16,17.13,12.81,12.6,10.04,14.48,17.43,9.8,18.65,13.3,15.36,17.35,14.31,11.83,11.8,13.58,14.48,12.67,18.46,16.54,17.52,15.99,14.3,14.82,14.22,17.93,13.1,14.96,13.94,16.4,13.85,18.2,15.05,14.92,21.47,13.81,14.44,17.21,13.64,8.16,13.06,14.8,8.01,13.36,18.5,15.35,20.47,17.34,13.59,16.44,13.66,11.16,16.02,15.01,12.37,13.19,8.49,14.38,13.8,15.21,9.67,14.13,6.15,12.58,21.38,17.16,11.8,18.6,15.9,22.75,12.59,14.1,12.93,16.11,9.86,15.7,15.49,17.61,13.05,16.96,15.93,23.43,13.79,17.24,17.43,10.04,21.77,13.94,11.64,10.94,19.05,8.13,8.65,16.67,16.44,14.98,21.13,20.43,16.1,19.75,17.26,22.3,12.56,16.79,15.19,14.2,6.88,14.22,17.17,16.95,19.12,6.51,18.09,15.12,17.02,12.97,15.6,14.3,15.24,10.24,14.13,16.67,14.23,16.98,17.88,14.57,16.01,15.63,19.81,18.2,8.5,11.99,13.71,15.99,18.79,14.34,20.66,14.35,14.06,16.37,10.11,14.19,12.85,13.26,10.06,10.0,15.31,15.09,13.59,18.09,13.03,16.3,9.79,25.22,15.72,15.65,14.43,13.78,8.36,12.63,21.87,16.45,16.9,15.37,17.77,12.13,7.09,15.53,13.9,18.2,10.88,14.53,16.35,11.97,15.89,15.67,13.86,18.75,15.74,14.39,14.5,15.32,13.26,13.51,19.54,16.49,20.95,14.95,17.08,11.11,14.52,12.51,10.64,15.57,16.39,16.07,14.77,10.68,15.03,11.65,21.08,19.43,16.15,16.04,16.09,17.6,11.58,22.64,11.86,17.81,9.4,17.31,8.1,18.57,15.6,17.96,14.3,12.8,17.68,11.14,14.88,15.81,13.74,19.07,7.27,15.92,12.24,12.57,20.11,14.42,13.14,15.32,13.79,14.11,10.66,13.59,16.52,13.54,12.73,18.76,20.23,16.1,13.67,12.2,17.04,14.16,14.79,17.54,17.63,13.9,14.27,17.37,16.79,15.15,11.01,16.56,8.35,16.23,9.39,12.86,12.01,5.45,17.11,20.05,17.8,21.52,12.34,11.3,14.47,16.1,14.8,17.22,16.37,13.17,18.66,15.43,9.07,16.58,16.55,18.82,14.91,17.04,21.1,15.86,12.34,12.68,15.24,13.02,20.84,16.03,16.98,15.85,17.26,12.59,19.39,14.59,17.02,13.81,15.38,12.11,13.38,15.99,20.21,19.27,15.53,15.77,11.57,16.41,15.3,15.61,11.71,17.93,17.78,10.73,15.09,12.66,10.01,5.76,11.76,13.35,11.3,15.68,11.36,13.75,12.07,14.17,15.58,16.22,6.3,9.18,12.79,17.14,13.27,13.35,13.93,17.18,13.05,13.74,15.61,19.35,11.61,12.77,8.79,13.55,18.38,12.77,18.45,18.9,16.33,18.38,20.6,14.47,11.68,,,,,,,1.08
,,,,,,,,,,,,,,,,,,,,,,,,,,,4.48,4.27,5.81,5.69,6.4,6.83,8.01,4.99,5.67,6.85,5.03,3.79,6.55,7.38,7.03,6.1,8.29,6.97,8.93,4.98,9.86,7.76,3.61,6.65,5.63,5.58,7.08,5.25,6.13,5.53,6.01,5.81,4.1,7.04,3.52,3.49,7.7,3.76,4.87,6.42,6.3,6.0,5.95,5.86,6.55,3.95,5.42,5.59,6.15,4.19,4.39,5.18,5.68,4.51,7.15,5.92,7.78,4.55,8.38,6.31,4.53,5.3,5.65,6.47,6.86,7.42,5.4,7.38,3.59,5.48,8.72,6.56,6.47,7.66,4.26,5.36,7.15,8.16,6.89,5.69,7.19,3.76,3.66,4.05,6.98,6.78,4.44,5.83,6.52,5.93,6.61,5.15,5.9,8.06,6.43,4.82,5.94,5.05,6.08,8.54,9.09,6.04,5.68,5.73,3.92,8.03,7.71,5.61,6.29,3.12,4.41,6.52,4.52,4.2,4.45,6.1,8.1,5.15,5.32,7.18,7.25,5.56,9.14,6.45,6.39,5.71,6.37,5.51,5.04,5.39,5.32,5.68,7.54,5.61,7.86,8.14,5.66,7.23,6.32,7.31,4.25,4.64,6.69,4.65,4.99,5.43,5.49,7.13,7.31,5.11,5.43,4.31,5.64,6.76,4.61,7.32,6.14,6.55,6.78,6.75,4.31,5.15,5.47,5.46,5.84,7.11,5.8,6.35,6.69,6.24,7.03,6.09,7.95,4.68,4.86,5.08,8.23,4.98,7.11,6.37,4.75,8.02,5.47,5.58,6.28,5.06,3.91,5.89,6.23,3.94,4.94,8.21,7.11,7.87,6.67,5.5,6.27,5.25,4.58,6.1,4.74,4.77,4.22,3.1,5.34,5.4,6.14,5.06,5.11,2.71,3.47,6.82,6.49,5.44,5.91,5.69,8.23,5.08,5.06,5.15,5.26,3.43,6.85,6.49,7.55,4.86,6.89,6.43,8.29,5.72,6.68,7.23,4.59,8.38,5.53,4.7,3.93,7.29,3.92,4.17,6.89,6.51,7.32,8.56,8.76,6.37,8.08,4.75,6.7,5.58,6.08,6.0,6.32,2.98,5.95,7.37,6.47,6.56,2.49,7.7,6.07,7.23,5.12,6.34,5.66,6.45,4.23,6.66,6.7,5.81,7.86,6.55,6.99,6.57,6.35,6.47,7.34,3.96,3.89,6.08,4.05,7.48,5.3,8.43,5.24,6.11,6.88,5.39,5.07,6.34,5.57,5.13,3.31,5.72,6.45,5.33,7.65,6.26,6.42,4.12,8.22,5.29,7.08,6.51,5.9,3.94,4.98,7.9,6.39,5.7,6.26,7.14,5.52,3.92,7.02,5.9,8.13,4.63,5.98,6.28,6.34,7.07,6.29,5.79,8.03,5.63,6.87,6.85,6.28,5.28,4.93,7.74,4.61,7.3,6.5,7.78,5.33,6.62,5.43,5.0,5.12,5.93,6.71,5.61,3.81,5.78,4.08,8.23,6.62,5.98,6.1,5.23,6.74,5.08,9.3,4.53,6.4,4.23,7.75,4.38,6.34,6.73,7.29,5.81,5.05,7.33,4.33,6.89,6.28,5.52,7.13,4.53,6.21,4.48,5.04,8.17,6.8,5.36,6.22,5.54,6.62,3.65,4.97,6.47,4.88,5.74,7.6,7.18,6.57,6.47,3.91,6.58,5.93,5.87,6.02,7.09,6.33,4.89,6.66,7.03,5.61,3.87,6.94,3.68,5.34,4.87,5.39,4.65,2.06,6.79,7.19,6.69,10.22,4.97,5.18,5.86,6.56,4.91,5.99,7.39,5.21,6.81,5.25,4.07,6.81,7.22,7.82,4.41,5.76,7.76,5.45,5.61,5.96,5.79,5.77,7.07,5.61,7.61,5.9,6.47,4.34,6.49,4.81,6.45,5.44,6.27,4.98,5.02,5.48,7.14,7.48,6.78,6.47,5.72,7.58,5.68,6.87,4.34,6.7,7.85,4.81,5.99,5.61,4.54,2.53,5.67,4.75,4.1,5.52,5.21,5.37,4.36,5.4,6.37,6.25,2.99,3.03,6.31,6.88,5.79,6.53,5.79,7.38,4.18,5.36,6.84,6.99,5.23,5.53,3.28,6.77,7.25,5.52,7.69,7.91,5.27,6.09,7.77,6.12,5.03,,,,,,,1.18
,,,,,,,,,,,,,,,,,,,,,,,,,,,0.0,0.0,0.0,0.0,0.0,0.0,0.0,0.0,0.0,0.0,0.0,0.0,0.0,0.0,0.0,0.0,0.0,0.0,0.0,0.0,0.0,0.0,0.0,0.0,0.0,0.0,0.0,0.0,0.0,0.0,0.0,0.0,0.0,0.0,0.0,0.0,0.0,0.0,0.0,0.0,0.0,0.0,0.0,0.0,0.0,0.0,0.0,0.0,0.0,0.0,0.0,0.0,0.0,0.0,0.0,0.0,0.0,0.0,0.0,0.0,0.0,0.0,0.0,0.0,0.0,0.0,0.0,0.0,0.0,0.0,0.0,0.0,0.0,0.0,0.0,0.0,0.0,0.0,0.0,0.0,0.0,0.0,0.0,0.0,0.0,0.0,0.0,0.0,0.0,0.0,0.0,0.0,0.0,0.0,0.0,0.0,0.0,0.0,0.0,0.0,0.0,0.0,0.0,0.0,0.0,0.0,0.0,0.0,0.0,0.0,0.0,0.0,0.0,0.0,0.0,0.0,0.0,0.0,0.0,0.0,0.0,0.0,0.0,0.0,0.0,0.0,0.0,0.0,0.0,0.0,0.0,0.0,0.0,0.0,0.0,0.0,0.0,0.0,0.0,0.0,0.0,0.0,0.0,0.0,0.0,0.0,0.0,0.0,0.0,0.0,0.0,0.0,0.0,0.0,0.0,0.0,0.0,0.0,0.0,0.0,0.0,0.0,0.0,0.0,0.0,0.0,0.0,0.0,0.0,0.0,0.0,0.0,0.0,0.0,0.0,0.0,0.0,0.0,0.0,0.0,0.0,0.0,0.0,0.0,0.0,0.0,0.0,0.0,0.0,0.0,0.0,0.0,0.0,0.0,0.0,0.0,0.0,0.0,0.0,0.0,0.0,0.0,0.0,0.0,0.0,0.0,0.0,0.0,0.0,0.0,0.0,0.0,0.0,0.0,0.0,0.0,0.0,0.0,0.0,0.0,0.0,0.0,0.0,0.0,0.0,0.0,0.0,0.0,0.0,0.0,0.0,0.0,0.0,0.0,0.0,0.0,0.0,0.0,0.0,0.0,0.0,0.0,0.0,0.0,0.0,0.0,0.0,0.0,0.0,0.0,0.0,0.0,0.0,0.0,0.0,0.0,0.0,0.0,0.0,0.0,0.0,0.0,0.0,0.0,0.0,0.0,0.0,0.0,0.0,0.0,0.0,0.0,0.0,0.0,0.0,0.0,0.0,0.0,0.0,0.0,0.0,0.0,0.0,0.0,0.0,0.0,0.0,0.0,0.0,0.0,0.0,0.0,0.0,0.0,0.0,0.0,0.0,0.0,0.0,0.0,0.0,0.0,0.0,0.0,0.0,0.0,0.0,0.0,0.0,0.0,0.0,0.0,0.0,0.0,0.0,0.0,0.0,0.0,0.0,0.0,0.0,0.0,0.0,0.0,0.0,0.0,0.0,0.0,0.0,0.0,0.0,0.0,0.0,0.0,0.0,0.0,0.0,0.0,0.0,0.0,0.0,0.0,0.0,0.0,0.0,0.0,0.0,0.0,0.0,0.0,0.0,0.0,0.0,0.0,0.0,0.0,0.0,0.0,0.0,0.0,0.0,0.0,0.0,0.0,0.0,0.0,0.0,0.0,0.0,0.0,0.0,0.0,0.0,0.0,0.0,0.0,0.0,0.0,0.0,0.0,0.0,0.0,0.0,0.0,0.0,0.0,0.0,0.0,0.0,0.0,0.0,0.0,0.0,0.0,0.0,0.0,0.0,0.0,0.0,0.0,0.0,0.0,0.0,0.0,0.0,0.0,0.0,0.0,0.0,0.0,0.0,0.0,0.0,0.0,0.0,0.0,0.0,0.0,0.0,0.0,0.0,0.0,0.0,0.0,0.0,0.0,0.0,0.0,0.0,0.0,0.0,0.0,0.0,0.0,0.0,0.0,0.0,0.0,0.0,0.0,0.0,0.0,0.0,0.0,0.0,0.0,0.0,0.0,0.0,0.0,0.0,0.0,0.0,0.0,0.0,0.0,0.0,0.0,0.0,0.0,0.0,0.0,0.0,0.0,0.0,0.0,0.0,0.0,0.0,0.0,0.0,0.0,0.0,0.0,0.0,0.0,0.0,0.0,0.0,0.0,0.0,0.0,0.0,0.0,0.0,0.0,0.0,0.0,0.0,0.0,0.0,0.0,0.0,0.0,0.0,0.0,0.0,0.0,0.0,0.0,,,,,,,1.28
,,,,,,,,,,,,,,,,,,,,,,,,,,,0.0,0.0,0.0,0.0,0.0,0.0,0.0,0.0,0.0,0.0,0.0,0.0,0.0,0.0,0.0,0.0,0.0,0.0,0.0,0.0,0.0,0.0,0.0,0.0,0.0,0.0,0.0,0.0,0.0,0.0,0.0,0.0,0.0,0.0,0.0,0.0,0.0,0.0,0.0,0.0,0.0,0.0,0.0,0.0,0.0,0.0,0.0,0.0,0.0,0.0,0.0,0.0,0.0,0.0,0.0,0.0,0.0,0.0,0.0,0.0,0.0,0.0,0.0,0.0,0.0,0.0,0.0,0.0,0.0,0.0,0.0,0.0,0.0,0.0,0.0,0.0,0.0,0.0,0.0,0.0,0.0,0.0,0.0,0.0,0.0,0.0,0.0,0.0,0.0,0.0,0.0,0.0,0.0,0.0,0.0,0.0,0.0,0.0,0.0,0.0,0.0,0.0,0.0,0.0,0.0,0.0,0.0,0.0,0.0,0.0,0.0,0.0,0.0,0.0,0.0,0.0,0.0,0.0,0.0,0.0,0.0,0.0,0.0,0.0,0.0,0.0,0.0,0.0,0.0,0.0,0.0,0.0,0.0,0.0,0.0,0.0,0.0,0.0,0.0,0.0,0.0,0.0,0.0,0.0,0.0,0.0,0.0,0.0,0.0,0.0,0.0,0.0,0.0,0.0,0.0,0.0,0.0,0.0,0.0,0.0,0.0,0.0,0.0,0.0,0.0,0.0,0.0,0.0,0.0,0.0,0.0,0.0,0.0,0.0,0.0,0.0,0.0,0.0,0.0,0.0,0.0,0.0,0.0,0.0,0.0,0.0,0.0,0.0,0.0,0.0,0.0,0.0,0.0,0.0,0.0,0.0,0.0,0.0,0.0,0.0,0.0,0.0,0.0,0.0,0.0,0.0,0.0,0.0,0.0,0.0,0.0,0.0,0.0,0.0,0.0,0.0,0.0,0.0,0.0,0.0,0.0,0.0,0.0,0.0,0.0,0.0,0.0,0.0,0.0,0.0,0.0,0.0,0.0,0.0,0.0,0.0,0.0,0.0,0.0,0.0,0.0,0.0,0.0,0.0,0.0,0.0,0.0,0.0,0.0,0.0,0.0,0.0,0.0,0.0,0.0,0.0,0.0,0.0,0.0,0.0,0.0,0.0,0.0,0.0,0.0,0.0,0.0,0.0,0.0,0.0,0.0,0.0,0.0,0.0,0.0,0.0,0.0,0.0,0.0,0.0,0.0,0.0,0.0,0.0,0.0,0.0,0.0,0.0,0.0,0.0,0.0,0.0,0.0,0.0,0.0,0.0,0.0,0.0,0.0,0.0,0.0,0.0,0.0,0.0,0.0,0.0,0.0,0.0,0.0,0.0,0.0,0.0,0.0,0.0,0.0,0.0,0.0,0.0,0.0,0.0,0.0,0.0,0.0,0.0,0.0,0.0,0.0,0.0,0.0,0.0,0.0,0.0,0.0,0.0,0.0,0.0,0.0,0.0,0.0,0.0,0.0,0.0,0.0,0.0,0.0,0.0,0.0,0.0,0.0,0.0,0.0,0.0,0.0,0.0,0.0,0.0,0.0,0.0,0.0,0.0,0.0,0.0,0.0,0.0,0.0,0.0,0.0,0.0,0.0,0.0,0.0,0.0,0.0,0.0,0.0,0.0,0.0,0.0,0.0,0.0,0.0,0.0,0.0,0.0,0.0,0.0,0.0,0.0,0.0,0.0,0.0,0.0,0.0,0.0,0.0,0.0,0.0,0.0,0.0,0.0,0.0,0.0,0.0,0.0,0.0,0.0,0.0,0.0,0.0,0.0,0.0,0.0,0.0,0.0,0.0,0.0,0.0,0.0,0.0,0.0,0.0,0.0,0.0,0.0,0.0,0.0,0.0,0.0,0.0,0.0,0.0,0.0,0.0,0.0,0.0,0.0,0.0,0.0,0.0,0.0,0.0,0.0,0.0,0.0,0.0,0.0,0.0,0.0,0.0,0.0,0.0,0.0,0.0,0.0,0.0,0.0,0.0,0.0,0.0,0.0,0.0,0.0,0.0,0.0,0.0,0.0,0.0,0.0,0.0,0.0,0.0,0.0,0.0,0.0,0.0,0.0,0.0,0.0,0.0,0.0,0.0,0.0,0.0,0.0,0.0,0.0,0.0,0.0,0.0,0.0,0.0,0.0,0.0,0.0,0.0,0.0,0.0,0.0,0.0,0.0,,,,,,,1.26
,,,,,,,,,,,,,,,,,,,,,,,,,,,0.0,0.0,0.0,0.0,0.0,0.0,0.0,0.0,0.0,0.0,0.0,0.0,0.0,0.0,0.0,0.0,0.0,0.0,0.0,0.0,0.0,0.0,0.0,0.0,0.0,0.0,0.0,0.0,0.0,0.0,0.0,0.0,0.0,0.0,0.0,0.0,0.0,0.0,0.0,0.0,0.0,0.0,0.0,0.0,0.0,0.0,0.0,0.0,0.0,0.0,0.0,0.0,0.0,0.0,0.0,0.0,0.0,0.0,0.0,0.0,0.0,0.0,0.0,0.0,0.0,0.0,0.0,0.0,0.0,0.0,0.0,0.0,0.0,0.0,0.0,0.0,0.0,0.0,0.0,0.0,0.0,0.0,0.0,0.0,0.0,0.0,0.0,0.0,0.0,0.0,0.0,0.0,0.0,0.0,0.0,0.0,0.0,0.0,0.0,0.0,0.0,0.0,0.0,0.0,0.0,0.0,0.0,0.0,0.0,0.0,0.0,0.0,0.0,0.0,0.0,0.0,0.0,0.0,0.0,0.0,0.0,0.0,0.0,0.0,0.0,0.0,0.0,0.0,0.0,0.0,0.0,0.0,0.0,0.0,0.0,0.0,0.0,0.0,0.0,0.0,0.0,0.0,0.0,0.0,0.0,0.0,0.0,0.0,0.0,0.0,0.0,0.0,0.0,0.0,0.0,0.0,0.0,0.0,0.0,0.0,0.0,0.0,0.0,0.0,0.0,0.0,0.0,0.0,0.0,0.0,0.0,0.0,0.0,0.0,0.0,0.0,0.0,0.0,0.0,0.0,0.0,0.0,0.0,0.0,0.0,0.0,0.0,0.0,0.0,0.0,0.0,0.0,0.0,0.0,0.0,0.0,0.0,0.0,0.0,0.0,0.0,0.0,0.0,0.0,0.0,0.0,0.0,0.0,0.0,0.0,0.0,0.0,0.0,0.0,0.0,0.0,0.0,0.0,0.0,0.0,0.0,0.0,0.0,0.0,0.0,0.0,0.0,0.0,0.0,0.0,0.0,0.0,0.0,0.0,0.0,0.0,0.0,0.0,0.0,0.0,0.0,0.0,0.0,0.0,0.0,0.0,0.0,0.0,0.0,0.0,0.0,0.0,0.0,0.0,0.0,0.0,0.0,0.0,0.0,0.0,0.0,0.0,0.0,0.0,0.0,0.0,0.0,0.0,0.0,0.0,0.0,0.0,0.0,0.0,0.0,0.0,0.0,0.0,0.0,0.0,0.0,0.0,0.0,0.0,0.0,0.0,0.0,0.0,0.0,0.0,0.0,0.0,0.0,0.0,0.0,0.0,0.0,0.0,0.0,0.0,0.0,0.0,0.0,0.0,0.0,0.0,0.0,0.0,0.0,0.0,0.0,0.0,0.0,0.0,0.0,0.0,0.0,0.0,0.0,0.0,0.0,0.0,0.0,0.0,0.0,0.0,0.0,0.0,0.0,0.0,0.0,0.0,0.0,0.0,0.0,0.0,0.0,0.0,0.0,0.0,0.0,0.0,0.0,0.0,0.0,0.0,0.0,0.0,0.0,0.0,0.0,0.0,0.0,0.0,0.0,0.0,0.0,0.0,0.0,0.0,0.0,0.0,0.0,0.0,0.0,0.0,0.0,0.0,0.0,0.0,0.0,0.0,0.0,0.0,0.0,0.0,0.0,0.0,0.0,0.0,0.0,0.0,0.0,0.0,0.0,0.0,0.0,0.0,0.0,0.0,0.0,0.0,0.0,0.0,0.0,0.0,0.0,0.0,0.0,0.0,0.0,0.0,0.0,0.0,0.0,0.0,0.0,0.0,0.0,0.0,0.0,0.0,0.0,0.0,0.0,0.0,0.0,0.0,0.0,0.0,0.0,0.0,0.0,0.0,0.0,0.0,0.0,0.0,0.0,0.0,0.0,0.0,0.0,0.0,0.0,0.0,0.0,0.0,0.0,0.0,0.0,0.0,0.0,0.0,0.0,0.0,0.0,0.0,0.0,0.0,0.0,0.0,0.0,0.0,0.0,0.0,0.0,0.0,0.0,0.0,0.0,0.0,0.0,0.0,0.0,0.0,0.0,0.0,0.0,0.0,0.0,0.0,0.0,0.0,0.0,0.0,0.0,0.0,0.0,0.0,0.0,0.0,0.0,0.0,0.0,0.0,0.0,0.0,0.0,0.0,0.0,0.0,0.0,0.0,0.0,0.0,0.0,0.0,0.0,0.0,,,,,,,1.1
,,,,,,,,,,,,,,,,,,,,,,,,,,,0.0,0.0,0.0,0.0,0.0,0.0,0.0,0.0,0.0,0.0,0.0,0.0,0.0,0.0,0.0,0.0,0.0,0.0,0.0,0.0,0.0,0.0,0.0,0.0,0.0,0.0,0.0,0.0,0.0,0.0,0.0,0.0,0.0,0.0,0.0,0.0,0.0,0.0,0.0,0.0,0.0,0.0,0.0,0.0,0.0,0.0,0.0,0.0,0.0,0.0,0.0,0.0,0.0,0.0,0.0,0.0,0.0,0.0,0.0,0.0,0.0,0.0,0.0,0.0,0.0,0.0,0.0,0.0,0.0,0.0,0.0,0.0,0.0,0.0,0.0,0.0,0.0,0.0,0.0,0.0,0.0,0.0,0.0,0.0,0.0,0.0,0.0,0.0,0.0,0.0,0.0,0.0,0.0,0.0,0.0,0.0,0.0,0.0,0.0,0.0,0.0,0.0,0.0,0.0,0.0,0.0,0.0,0.0,0.0,0.0,0.0,0.0,0.0,0.0,0.0,0.0,0.0,0.0,0.0,0.0,0.0,0.0,0.0,0.0,0.0,0.0,0.0,0.0,0.0,0.0,0.0,0.0,0.0,0.0,0.0,0.0,0.0,0.0,0.0,0.0,0.0,0.0,0.0,0.0,0.0,0.0,0.0,0.0,0.0,0.0,0.0,0.0,0.0,0.0,0.0,0.0,0.0,0.0,0.0,0.0,0.0,0.0,0.0,0.0,0.0,0.0,0.0,0.0,0.0,0.0,0.0,0.0,0.0,0.0,0.0,0.0,0.0,0.0,0.0,0.0,0.0,0.0,0.0,0.0,0.0,0.0,0.0,0.0,0.0,0.0,0.0,0.0,0.0,0.0,0.0,0.0,0.0,0.0,0.0,0.0,0.0,0.0,0.0,0.0,0.0,0.0,0.0,0.0,0.0,0.0,0.0,0.0,0.0,0.0,0.0,0.0,0.0,0.0,0.0,0.0,0.0,0.0,0.0,0.0,0.0,0.0,0.0,0.0,0.0,0.0,0.0,0.0,0.0,0.0,0.0,0.0,0.0,0.0,0.0,0.0,0.0,0.0,0.0,0.0,0.0,0.0,0.0,0.0,0.0,0.0,0.0,0.0,0.0,0.0,0.0,0.0,0.0,0.0,0.0,0.0,0.0,0.0,0.0,0.0,0.0,0.0,0.0,0.0,0.0,0.0,0.0,0.0,0.0,0.0,0.0,0.0,0.0,0.0,0.0,0.0,0.0,0.0,0.0,0.0,0.0,0.0,0.0,0.0,0.0,0.0,0.0,0.0,0.0,0.0,0.0,0.0,0.0,0.0,0.0,0.0,0.0,0.0,0.0,0.0,0.0,0.0,0.0,0.0,0.0,0.0,0.0,0.0,0.0,0.0,0.0,0.0,0.0,0.0,0.0,0.0,0.0,0.0,0.0,0.0,0.0,0.0,0.0,0.0,0.0,0.0,0.0,0.0,0.0,0.0,0.0,0.0,0.0,0.0,0.0,0.0,0.0,0.0,0.0,0.0,0.0,0.0,0.0,0.0,0.0,0.0,0.0,0.0,0.0,0.0,0.0,0.0,0.0,0.0,0.0,0.0,0.0,0.0,0.0,0.0,0.0,0.0,0.0,0.0,0.0,0.0,0.0,0.0,0.0,0.0,0.0,0.0,0.0,0.0,0.0,0.0,0.0,0.0,0.0,0.0,0.0,0.0,0.0,0.0,0.0,0.0,0.0,0.0,0.0,0.0,0.0,0.0,0.0,0.0,0.0,0.0,0.0,0.0,0.0,0.0,0.0,0.0,0.0,0.0,0.0,0.0,0.0,0.0,0.0,0.0,0.0,0.0,0.0,0.0,0.0,0.0,0.0,0.0,0.0,0.0,0.0,0.0,0.0,0.0,0.0,0.0,0.0,0.0,0.0,0.0,0.0,0.0,0.0,0.0,0.0,0.0,0.0,0.0,0.0,0.0,0.0,0.0,0.0,0.0,0.0,0.0,0.0,0.0,0.0,0.0,0.0,0.0,0.0,0.0,0.0,0.0,0.0,0.0,0.0,0.0,0.0,0.0,0.0,0.0,0.0,0.0,0.0,0.0,0.0,0.0,0.0,0.0,0.0,0.0,0.0,0.0,0.0,0.0,0.0,0.0,0.0,0.0,0.0,0.0,0.0,0.0,0.0,0.0,0.0,0.0,0.0,0.0,0.0,0.0,0.0,0.0,,,,,,,0.9
,,,,,,,,,,,,,,,,,,,,,,,,,,,6.25,3.14,1.4,4.45,2.07,4.37,3.06,0.06,3.76,3.04,4.09,1.12,1.53,4.31,0.45,5.61,7.03,5.67,0.0,0.0,2.6,1.87,5.19,1.66,2.72,2.63,0.0,4.55,0.0,1.38,6.44,0.54,0.0,3.39,3.24,4.26,6.09,1.37,2.61,1.53,3.58,2.19,4.23,3.25,1.67,4.96,5.03,0.0,0.0,4.56,1.82,3.08,2.71,4.52,3.2,2.17,3.16,3.35,3.33,2.18,0.28,4.63,3.26,5.72,2.16,4.87,1.68,3.93,0.0,2.88,5.74,4.13,4.89,1.3,0.73,2.85,1.95,4.25,6.15,1.6,2.1,3.85,5.81,4.94,5.89,4.13,4.46,2.39,0.62,4.69,0.09,6.1,5.03,0.04,0.0,3.59,6.05,3.57,1.94,2.61,0.54,7.27,6.77,0.0,5.83,2.64,0.39,6.22,0.99,4.07,0.93,3.0,1.15,0.0,6.63,3.89,2.77,3.8,4.18,0.31,1.08,3.45,2.59,1.24,2.31,0.89,4.51,1.72,2.38,2.75,5.68,3.55,3.47,3.54,5.6,3.68,3.12,3.54,0.4,0.0,4.44,2.51,3.81,3.72,5.15,2.72,3.19,2.09,6.62,5.43,3.62,4.62,4.14,0.0,3.24,6.03,0.81,3.78,3.09,5.86,0.0,2.64,5.2,3.71,0.93,3.46,3.3,0.5,3.27,1.34,4.06,6.85,0.7,1.98,2.26,4.01,5.75,5.49,6.33,0.31,0.97,2.19,0.97,3.25,1.95,9.55,2.84,1.43,0.98,1.94,3.55,6.06,0.54,2.72,0.0,3.09,5.01,2.23,4.77,3.57,3.62,6.37,2.17,0.66,3.97,0.0,1.08,4.47,3.51,3.82,2.37,4.49,0.0,3.6,2.84,1.66,2.92,3.91,6.34,1.59,3.75,3.25,0.0,0.0,0.0,3.2,3.77,2.42,3.43,0.0,6.26,0.0,3.23,2.16,3.2,4.19,6.23,0.68,3.76,4.29,2.76,3.88,4.87,3.34,3.51,0.0,2.1,2.46,7.73,5.83,7.03,4.07,7.32,6.35,3.96,3.57,0.0,6.29,2.56,2.64,4.52,2.61,1.2,0.0,0.57,5.6,2.03,7.96,0.0,3.23,0.62,1.65,1.02,2.8,5.68,3.17,1.09,5.2,3.16,7.21,4.98,0.0,6.99,0.79,6.55,4.79,0.0,3.35,0.0,3.16,6.43,5.54,7.5,1.74,2.65,4.43,1.65,3.63,4.54,3.67,3.13,2.12,2.16,4.84,7.21,1.02,1.35,4.41,2.76,2.9,3.63,3.43,0.09,2.24,0.0,6.02,5.12,3.08,5.74,0.65,2.03,4.13,4.07,0.07,0.0,2.62,8.87,1.59,0.63,8.19,7.5,2.22,2.33,0.07,4.65,6.68,6.16,3.87,7.46,5.6,3.37,2.35,5.72,4.33,3.58,0.0,1.93,5.02,3.68,0.15,3.56,1.23,4.92,2.07,9.35,3.77,4.11,5.31,4.75,6.69,0.0,2.2,5.05,3.25,3.99,6.84,1.41,5.24,0.44,3.05,6.99,1.66,0.0,4.01,4.56,0.0,5.39,5.27,1.18,5.4,6.28,4.16,4.27,0.0,4.35,0.61,5.11,5.4,6.38,1.56,1.6,0.0,8.12,3.38,5.23,4.78,0.0,0.01,3.41,3.85,1.05,1.96,3.42,2.58,2.34,6.61,3.1,0.0,3.96,3.78,0.0,1.74,4.68,2.03,2.94,0.64,4.5,4.8,0.0,1.01,4.96,8.26,4.95,4.25,1.79,2.46,5.12,7.88,0.0,3.2,0.98,5.98,0.36,2.49,2.14,5.57,7.19,4.98,1.05,4.06,7.26,5.59,4.4,0.0,2.21,2.75,2.04,2.54,5.55,2.1,1.62,4.15,0.0,0.0,5.04,7.06,3.11,4.03,2.27,6.79,3.58,4.97,2.8,1.48,4.8,0.0,5.73,3.38,0.0,2.83,4.54,5.63,1.28,2.35,4.31,3.13,3.42,0.44,5.71,3.79,3.49,3.34,3.3,4.04,3.41,1.97,1.2,0.0,3.61,3.38,0.02,4.39,4.13,3.12,3.98,1.39,2.26,1.6,5.4,1.52,,,,,,,0.96
,,,,,,,,,,,,,,,,,,,,,,,,,,,21.78,13.23,7.97,16.83,8.31,16.0,12.17,3.59,13.04,13.03,18.43,6.67,7.92,18.27,3.45,19.27,23.8,20.59,0.0,0.0,10.58,9.41,19.37,6.11,10.47,13.15,1.12,15.53,0.0,5.72,20.26,3.74,0.0,12.78,13.91,16.67,21.92,7.23,11.92,7.02,13.34,9.55,16.01,14.3,5.75,17.25,18.41,0.0,0.0,15.95,8.37,12.74,12.61,16.88,8.82,8.67,12.18,11.11,14.2,10.49,3.59,17.3,12.95,19.73,8.7,18.08,7.8,14.51,0.92,14.34,17.92,17.19,18.49,6.49,5.07,13.58,10.07,14.97,21.51,8.01,9.78,15.31,21.81,15.12,21.98,17.76,16.68,12.41,5.15,19.75,3.26,23.46,18.76,2.29,0.0,14.33,22.91,12.71,8.2,9.71,6.9,27.89,21.91,0.0,21.96,9.6,3.33,23.07,4.9,16.44,5.38,12.86,6.69,0.0,21.35,16.48,9.28,14.39,19.12,4.0,3.56,13.92,14.13,4.02,8.45,4.9,17.54,6.21,8.67,11.15,19.12,14.55,14.69,13.88,20.37,13.36,13.11,13.77,5.21,0.0,14.48,9.11,14.55,16.67,18.9,11.45,12.43,9.93,23.82,19.87,12.03,18.72,16.41,0.0,13.06,19.8,5.85,16.74,13.49,21.77,0.37,9.72,20.08,15.67,5.91,12.87,11.01,5.76,13.85,6.75,17.14,23.17,3.99,10.41,8.58,14.57,18.96,19.3,22.14,2.17,4.17,8.98,6.54,12.59,8.23,33.43,10.22,6.5,6.22,8.54,13.82,22.86,4.49,10.66,1.57,13.03,16.63,8.7,18.92,14.87,13.71,25.5,9.73,4.23,17.63,0.0,6.66,16.85,13.17,15.59,9.66,17.67,0.0,14.04,12.04,7.82,12.31,14.55,19.86,7.99,16.8,12.67,1.32,0.81,0.0,13.39,15.25,11.52,15.7,0.0,24.03,0.0,12.59,9.59,13.29,15.14,22.52,4.44,13.12,14.68,9.53,15.93,18.63,14.55,13.79,0.0,9.9,7.24,27.25,20.27,23.87,13.28,25.47,22.39,15.74,12.52,0.0,22.91,10.39,11.7,15.53,8.11,7.45,0.0,2.31,19.45,9.96,28.21,2.5,11.37,4.07,10.06,6.82,12.91,19.5,12.04,5.9,17.05,12.97,27.11,16.2,0.13,26.06,2.94,24.6,18.6,0.0,13.28,0.0,9.57,23.23,20.43,28.78,8.32,9.16,15.51,5.93,12.59,16.64,16.85,11.72,9.91,10.99,18.62,24.24,4.69,7.3,18.04,11.89,10.65,12.72,12.68,4.26,11.38,3.57,21.8,19.51,11.6,20.99,4.06,7.59,13.47,15.11,0.97,1.18,11.47,30.76,7.25,3.52,27.31,27.07,7.13,11.13,1.73,16.49,21.45,22.7,15.12,28.74,22.83,13.18,8.6,22.12,14.69,11.77,0.0,8.26,18.03,13.96,4.92,17.42,5.37,17.31,6.85,32.74,13.09,16.0,19.16,19.69,22.32,1.77,9.52,19.37,12.78,17.11,22.85,5.34,17.17,2.45,12.31,25.11,7.87,0.0,13.86,18.49,0.0,20.33,19.45,5.47,18.27,22.13,16.84,16.96,0.0,16.67,2.81,17.91,19.42,23.12,5.66,5.68,0.0,28.46,12.13,17.9,17.2,0.0,0.96,11.68,13.55,7.13,7.76,13.42,11.41,11.25,24.51,11.98,0.0,16.18,13.37,0.0,8.36,19.41,8.95,12.48,7.22,16.43,15.52,2.47,6.73,18.7,30.57,18.7,17.18,7.84,9.84,18.69,27.64,0.0,11.98,5.21,20.07,2.75,12.25,7.59,19.61,25.05,18.99,5.38,15.23,27.69,22.26,17.12,0.0,9.63,9.8,8.4,12.4,19.03,11.24,7.05,15.28,0.0,0.0,18.78,25.91,12.9,15.02,8.22,24.53,11.93,16.73,12.71,6.96,17.42,0.0,18.43,12.55,2.71,12.62,16.73,19.93,7.23,10.99,17.78,12.81,13.69,3.76,21.81,14.82,12.6,12.27,12.91,17.86,13.08,8.49,6.66,0.06,14.83,13.66,2.04,16.35,12.91,15.14,16.38,7.48,9.96,7.03,18.32,4.86,,,,,,,1.22
,,,,,,,,,,,,,,,,,,,,,,,,,,,45.44,32.67,21.64,38.57,21.12,36.96,28.94,15.48,30.83,29.5,42.66,21.45,21.86,47.93,14.01,42.62,54.04,47.34,7.62,4.16,31.77,22.46,44.95,17.39,23.52,33.03,8.34,39.83,5.05,15.66,50.89,10.88,0.0,30.49,33.72,38.88,48.73,13.79,29.41,21.26,34.96,25.85,38.24,34.58,12.64,34.81,36.93,4.44,0.0,37.84,29.56,31.22,31.24,42.33,22.93,24.64,28.35,29.88,33.04,30.16,12.82,37.15,34.54,48.05,21.99,36.52,22.8,34.78,10.78,35.3,42.31,36.97,42.9,24.45,17.3,30.55,25.4,31.21,50.06,21.94,26.46,34.28,47.56,36.77,51.07,38.38,40.52,34.47,19.58,45.01,11.08,51.82,41.85,8.5,0.0,38.5,55.24,37.02,20.54,27.97,28.56,60.28,45.32,3.67,49.46,23.49,13.88,50.56,13.29,42.8,16.29,34.6,17.61,7.22,45.5,36.73,23.35,38.06,45.66,12.77,7.44,32.33,36.48,13.44,21.16,17.18,43.83,15.94,23.06,24.79,36.45,36.26,38.75,35.48,51.66,32.47,31.44,31.5,18.21,0.0,30.07,21.08,33.61,37.54,42.24,29.58,33.26,27.47,54.12,47.28,27.96,44.82,37.0,0.0,34.13,47.48,20.43,35.12,30.09,48.17,0.79,25.67,42.67,42.47,15.21,34.05,27.2,26.79,36.34,14.62,36.01,52.77,11.78,23.27,24.82,33.44,48.41,37.89,48.55,15.04,16.59,29.41,24.8,28.04,31.49,78.18,25.33,20.64,15.47,20.94,32.05,49.8,17.5,28.08,3.49,32.98,42.37,22.83,44.91,34.14,35.51,59.97,27.0,15.29,48.22,0.0,15.18,36.04,36.37,38.04,24.99,47.62,0.0,32.73,33.78,16.71,28.31,32.34,40.66,21.51,38.71,31.0,10.08,8.64,0.0,33.59,37.45,28.44,42.18,5.12,54.28,0.0,33.53,23.01,32.16,35.93,53.85,15.65,30.07,32.44,24.01,39.44,39.95,39.35,35.18,0.0,26.91,18.74,62.29,52.75,58.41,33.01,56.34,52.29,35.47,29.2,2.73,50.38,20.76,29.79,33.47,22.13,17.92,0.0,9.25,42.72,24.05,57.65,16.87,24.66,11.65,27.25,14.23,31.22,47.1,25.65,14.57,42.14,26.36,62.24,36.6,7.74,57.87,13.07,55.04,43.07,0.0,29.77,0.0,26.63,54.27,47.86,63.6,26.11,21.69,38.92,17.94,32.87,38.21,42.84,37.74,26.21,27.69,42.87,48.96,13.5,18.69,47.89,32.58,34.21,29.38,34.77,12.97,28.0,8.82,51.09,44.95,31.14,50.4,12.37,17.75,38.44,36.79,4.12,10.54,25.89,70.24,24.43,8.74,60.63,63.76,17.03,29.01,9.37,38.14,44.85,50.04,37.07,70.46,56.19,25.35,25.53,51.23,32.31,29.13,0.0,16.55,43.28,34.32,18.79,37.36,18.29,36.62,20.77,70.4,32.06,37.79,43.93,43.88,47.62,9.27,23.33,45.37,35.36,40.36,50.33,18.7,41.76,3.86,30.7,56.59,22.16,0.0,33.52,42.15,4.63,40.14,47.94,16.27,44.65,50.93,40.41,48.83,0.0,39.83,14.93,50.44,49.62,52.85,15.85,16.03,6.27,65.15,30.82,38.13,39.55,4.02,7.62,28.73,35.35,22.72,14.11,32.49,33.15,25.98,52.82,34.7,0.0,32.39,33.3,8.65,23.05,42.62,25.64,29.06,19.62,38.71,36.75,14.12,17.55,43.93,69.59,41.41,41.95,22.87,25.05,45.43,61.24,5.16,25.68,18.45,44.45,12.78,31.54,18.52,48.64,57.6,42.16,18.26,29.99,64.37,47.54,41.12,0.0,30.97,23.89,23.66,30.45,49.62,29.48,20.83,32.0,0.0,1.2,41.42,57.2,32.83,29.5,17.91,53.28,23.26,36.21,26.24,20.37,41.0,5.8,42.38,33.2,15.02,30.44,37.29,47.85,24.05,23.15,41.94,35.19,32.63,13.34,47.47,34.67,31.11,32.05,31.87,46.28,32.12,32.12,20.5,7.39,36.16,29.74,7.62,34.94,31.2,38.98,39.67,21.03,27.91,19.99,40.86,16.33,,,,,,,1.26
,,,,,,,,,,,,,,,,,,,,,,,,,,,78.9,57.42,45.27,73.78,39.55,65.84,46.57,42.69,57.89,55.98,73.1,38.69,40.46,79.86,33.44,69.28,84.38,76.41,10.5,14.57,53.84,39.24,75.54,38.52,50.61,60.63,22.37,69.67,22.61,29.78,80.67,28.38,9.02,54.84,60.34,61.83,81.07,30.82,56.29,37.68,63.09,55.56,64.72,66.18,21.18,58.87,67.72,13.19,9.73,67.87,68.26,70.94,53.18,78.51,51.49,46.14,46.11,54.21,57.0,56.33,24.08,54.16,57.09,74.59,41.7,63.91,51.22,67.75,29.36,62.91,64.53,60.78,73.28,49.33,31.69,54.48,56.43,47.98,90.81,40.28,35.14,66.15,85.55,67.69,88.94,63.19,74.18,71.84,47.87,71.28,25.48,87.71,69.65,16.33,9.93,67.67,93.4,59.03,28.64,52.22,65.54,88.17,78.65,23.24,78.01,43.43,28.63,87.49,31.2,69.33,26.34,58.53,38.87,26.59,80.01,62.61,49.2,70.1,77.81,24.42,12.06,56.72,64.46,24.82,41.53,27.7,74.94,30.53,47.8,46.94,56.73,67.86,53.83,69.65,89.21,64.3,60.12,54.21,37.52,0.91,58.55,43.38,59.51,74.99,67.02,59.45,65.96,52.87,84.46,80.88,50.78,85.63,67.69,0.0,56.41,76.23,41.79,55.25,51.45,83.85,5.09,46.37,69.58,77.94,21.03,66.82,44.45,44.16,66.24,27.22,56.94,85.74,31.17,51.9,49.74,60.65,86.28,63.43,85.48,44.5,30.49,54.04,42.54,47.15,66.9,124.75,42.45,41.75,35.02,49.38,43.4,89.09,39.21,51.19,15.78,57.4,67.87,50.42,75.38,59.57,69.23,103.19,56.21,43.75,70.22,10.79,17.86,63.97,62.05,68.03,54.5,73.82,8.33,56.04,63.09,30.29,55.17,62.62,63.62,36.3,66.42,51.73,22.79,27.83,0.0,60.14,70.79,56.27,71.09,19.24,90.39,0.0,56.12,51.1,45.59,59.99,94.09,26.32,50.34,53.1,50.72,70.21,63.23,71.11,68.77,0.0,43.12,41.84,102.92,81.57,89.89,62.2,87.5,88.38,56.31,50.68,17.65,87.6,36.07,50.8,51.37,48.91,38.72,14.58,25.29,74.24,42.97,91.97,39.09,46.05,25.25,58.61,30.41,58.77,80.62,56.38,30.14,76.41,38.58,103.57,59.25,21.52,97.94,31.39,85.62,67.8,1.66,48.36,3.48,58.94,94.09,82.3,100.86,48.91,27.24,72.16,41.68,53.93,63.51,73.48,61.93,41.1,58.53,75.57,74.81,29.96,40.09,89.52,52.07,58.58,56.51,65.01,25.89,51.58,19.1,85.74,80.29,55.13,78.35,26.62,39.21,67.4,65.69,23.09,31.67,41.94,108.31,50.31,28.03,99.31,102.16,31.73,49.58,25.37,57.91,71.89,88.99,63.43,110.81,100.28,46.34,50.67,80.83,63.62,49.79,0.05,24.86,69.85,57.76,37.25,50.63,39.29,60.1,47.96,98.82,58.4,62.5,71.39,76.0,77.98,22.01,47.55,74.75,70.86,66.74,84.08,35.85,65.5,12.19,53.18,104.42,38.58,0.0,71.55,71.59,30.33,68.38,82.04,28.1,75.88,92.3,70.52,83.87,0.0,65.05,18.7,82.23,84.44,91.97,42.25,39.68,22.65,108.06,52.13,66.52,68.38,17.96,14.62,52.08,68.51,45.21,29.57,50.23,65.39,46.92,86.45,67.85,0.0,63.43,54.86,26.32,41.2,69.83,47.1,53.62,38.93,67.91,61.27,31.35,46.56,74.48,111.61,68.0,68.91,32.01,43.72,65.3,84.33,15.69,37.18,31.3,76.6,24.99,56.71,33.69,90.09,99.95,61.88,32.32,48.58,104.25,71.21,70.5,0.0,50.33,53.17,45.11,55.39,86.12,54.01,36.81,55.0,14.77,9.31,79.16,94.93,60.12,48.5,38.51,95.34,46.59,63.25,61.31,36.96,66.65,28.87,70.52,52.77,37.42,52.52,66.62,77.75,50.93,46.59,73.21,60.32,53.03,32.24,88.26,54.93,52.15,62.56,56.22,62.72,50.95,64.01,40.9,25.14,62.07,47.8,23.19,51.53,57.31,71.75,74.95,36.55,62.24,43.97,68.92,28.61,,,,,,,1.2
,,,,,,,,,,,,,,,,,,,,,,,,,,,101.75,75.13,64.27,97.27,49.79,90.55,74.4,64.73,83.74,67.32,90.17,46.84,56.2,101.51,55.65,92.18,112.01,95.07,20.89,24.83,65.92,65.27,102.34,71.49,77.81,86.52,42.09,105.81,32.7,48.55,113.65,43.59,24.74,82.65,77.23,91.41,101.73,51.04,83.56,50.73,85.04,79.07,92.31,95.81,39.86,91.92,94.21,18.8,40.12,78.64,86.47,83.65,82.44,91.69,74.72,59.78,75.67,74.23,84.57,69.62,40.96,56.32,84.15,90.39,55.44,85.93,83.97,99.48,34.2,84.55,84.18,72.8,110.77,60.37,37.07,85.71,81.91,67.82,126.15,52.83,55.18,81.96,116.15,91.5,123.38,70.87,107.61,93.85,73.79,107.27,38.08,124.75,87.64,29.89,25.08,89.29,125.31,73.53,33.8,75.65,95.71,110.44,94.62,38.11,100.18,49.36,53.9,121.45,62.24,91.44,45.3,72.89,66.11,42.22,111.53,80.54,79.35,94.77,110.49,38.02,20.78,84.34,81.45,36.4,47.73,42.86,99.77,50.27,66.35,65.93,74.48,101.6,71.17,87.26,113.95,79.7,96.52,84.45,65.69,16.57,92.31,46.71,69.52,101.11,78.71,71.04,102.92,71.81,116.87,94.47,59.48,113.7,93.35,0.0,81.68,107.69,53.95,74.9,71.57,112.44,24.44,75.85,89.36,94.08,34.65,90.59,55.17,72.98,101.06,38.77,75.83,103.5,43.59,70.32,72.86,77.42,120.7,89.56,111.32,63.45,51.1,80.8,63.75,70.06,90.45,152.46,83.07,49.84,57.23,74.08,44.61,129.59,50.06,69.62,41.12,72.32,88.1,70.63,83.6,77.83,93.68,120.93,88.74,60.14,102.41,38.55,27.07,85.68,79.88,99.04,68.12,101.24,21.88,68.59,89.2,61.18,83.85,77.54,77.72,60.63,94.15,78.61,23.66,44.03,4.15,91.5,95.78,74.06,96.9,38.4,102.09,2.8,81.43,69.33,62.13,80.91,115.11,45.95,56.75,74.17,71.83,85.87,75.57,82.97,102.59,7.09,59.62,65.19,131.2,93.31,120.88,84.18,115.69,114.32,80.51,80.14,27.28,114.95,45.37,69.91,65.53,71.54,58.97,37.74,42.06,99.08,69.72,120.32,79.13,66.36,48.79,87.45,47.51,79.75,113.45,85.27,45.27,109.51,40.42,122.24,69.18,36.69,119.56,44.62,110.6,81.52,13.97,65.81,0.0,75.13,110.64,113.96,114.1,66.93,45.77,93.64,52.82,72.48,84.32,108.92,83.25,57.21,80.33,106.03,102.05,47.73,64.55,119.85,67.04,79.63,74.66,73.99,33.71,78.06,40.98,118.19,104.52,79.68,105.26,54.8,59.08,95.25,97.76,51.62,61.72,59.92,141.64,80.28,64.97,121.97,125.47,44.53,73.28,48.46,69.17,87.29,115.98,86.25,133.04,119.18,71.8,66.74,103.66,90.06,59.59,4.14,29.13,97.93,81.56,45.53,63.65,68.54,83.92,75.2,114.39,66.66,85.02,79.83,106.09,92.09,30.09,76.99,91.56,98.7,82.77,108.03,40.69,75.55,31.93,71.87,141.16,56.03,9.19,104.44,94.9,44.57,85.29,114.73,50.64,111.49,126.19,94.06,105.67,5.19,83.56,25.97,114.6,107.3,109.74,58.55,58.17,25.26,144.05,62.75,95.54,97.5,40.52,8.94,71.97,94.3,60.5,51.1,81.64,91.86,59.1,121.85,95.73,9.89,95.05,68.71,46.62,51.33,93.72,72.61,75.05,64.28,95.79,79.64,45.31,72.46,99.24,136.52,93.88,87.26,34.42,62.95,80.73,94.55,25.08,60.37,55.13,103.89,40.42,69.19,47.42,120.8,120.35,85.51,50.71,65.4,139.12,104.47,91.13,0.0,61.92,65.89,68.71,84.2,114.53,59.1,53.37,74.94,37.65,26.57,106.89,111.31,85.63,58.73,58.05,133.05,74.64,90.76,97.04,44.49,94.45,46.37,100.24,65.49,55.48,84.13,81.45,107.51,74.2,63.58,105.21,72.67,76.16,46.92,123.07,77.12,67.54,89.92,81.6,70.45,70.53,88.28,50.32,47.46,95.0,64.34,42.61,66.32,80.76,104.87,99.84,65.14,87.78,59.04,106.94,49.27,,,,,,,1.12
,,,,,,,,,,,,,,,,,,,,,,,,,,,112.8,93.46,71.27,104.5,55.44,95.25,64.05,60.11,83.17,64.08,70.01,52.57,70.38,109.09,65.17,85.5,117.81,104.46,30.78,32.68,70.44,67.34,102.95,81.87,81.51,101.72,51.4,105.18,37.99,69.04,110.67,39.9,51.17,87.15,76.66,99.11,107.56,55.58,94.39,66.27,91.93,89.31,92.91,95.36,51.47,88.81,98.0,18.16,58.89,66.34,75.5,91.35,89.02,89.09,76.37,75.63,84.96,84.94,89.15,83.69,56.56,62.37,92.38,77.35,61.82,87.86,93.59,111.4,39.64,84.61,90.52,84.82,110.22,73.63,50.82,101.79,73.69,82.23,132.52,59.88,72.15,93.84,109.81,93.1,122.98,61.64,94.87,91.71,89.36,105.02,41.61,112.41,100.33,32.93,48.99,105.41,112.77,74.66,54.37,83.01,95.56,120.86,98.88,41.61,98.66,47.27,62.89,122.13,77.13,94.85,68.73,77.2,73.18,57.56,106.39,87.82,81.2,102.02,115.21,47.24,29.07,92.25,88.61,46.35,64.3,54.54,99.51,69.94,62.64,76.96,82.28,98.32,77.87,91.79,113.55,87.37,98.76,80.5,72.11,34.01,101.47,54.15,75.17,101.05,86.85,76.06,118.39,74.37,109.14,91.58,75.56,128.84,99.5,27.97,90.87,102.9,52.45,79.49,86.16,125.69,24.38,85.81,109.58,81.63,47.83,92.93,59.83,88.09,99.53,37.02,72.44,104.42,61.62,93.18,72.98,78.82,133.26,103.82,107.32,68.32,62.67,84.6,68.44,76.33,89.8,151.83,95.4,48.06,61.45,80.82,55.24,137.09,53.53,82.49,49.01,90.05,88.57,76.28,72.46,70.79,110.91,109.08,85.52,80.75,103.77,44.49,41.62,104.29,95.84,99.15,77.75,104.1,36.73,81.18,97.97,62.71,88.28,86.07,82.9,71.32,108.14,90.55,23.72,52.68,13.97,104.01,111.44,68.91,100.74,69.77,109.46,21.67,93.38,75.88,79.41,79.2,116.89,77.69,71.8,72.45,78.06,95.0,92.86,89.21,91.87,20.02,61.97,69.22,112.22,89.11,116.24,91.06,124.95,99.35,87.78,78.74,36.49,110.44,57.14,50.02,71.97,71.89,60.08,42.67,43.15,108.86,73.08,126.14,82.28,74.16,62.4,92.1,65.15,80.12,117.87,83.34,35.75,108.25,53.06,127.23,63.71,45.49,131.2,42.43,103.09,85.89,25.33,81.91,0.0,81.87,119.63,128.01,113.19,66.61,61.33,97.83,61.11,77.65,74.35,107.2,101.54,63.31,88.14,99.58,106.03,60.75,78.11,123.91,80.36,96.16,64.19,64.48,49.25,92.0,47.77,123.1,109.72,79.24,113.39,70.51,69.95,89.14,110.55,63.48,62.33,69.17,144.48,90.55,77.71,119.39,117.87,60.84,78.77,51.17,75.98,98.43,102.39,87.01,112.35,112.89,69.75,62.0,108.3,103.41,65.3,4.26,32.82,108.03,87.42,56.41,60.79,67.49,93.67,87.02,90.71,66.73,94.75,88.23,111.98,102.05,35.27,87.07,85.7,105.68,80.37,105.27,40.34,88.03,35.49,80.69,139.3,59.25,18.36,117.94,92.73,48.65,91.86,117.7,69.52,114.59,134.45,104.7,111.48,27.11,72.3,43.65,123.11,101.89,116.77,54.32,65.69,49.39,145.95,66.08,106.98,88.61,28.95,22.27,85.53,93.5,59.55,61.19,87.13,96.52,78.14,123.5,103.8,21.54,75.76,62.69,73.33,54.74,87.76,69.83,65.29,71.99,112.05,74.73,49.43,74.43,101.41,137.65,92.61,94.95,53.51,78.56,77.1,102.61,26.01,72.8,69.45,107.3,32.87,59.46,53.67,130.35,107.64,96.82,72.18,74.75,150.37,110.74,78.04,15.81,69.9,69.28,61.13,94.49,114.0,73.31,69.94,80.57,54.33,46.78,110.17,102.87,95.48,64.87,64.65,140.54,90.78,94.74,92.27,43.51,110.69,70.8,104.17,74.02,85.84,94.65,84.76,104.68,83.96,74.01,107.07,66.08,75.54,66.17,109.8,106.51,76.12,98.51,88.71,65.55,74.22,102.85,58.91,67.02,113.33,75.01,50.21,72.15,86.07,112.64,95.65,63.88,93.4,66.52,122.15,58.63,,,,,,,0.8
,,,,,,,,,,,,,,,,,,,,,,,,,,,126.23,107.34,84.95,109.85,89.0,112.25,61.67,75.46,98.06,64.07,80.12,77.86,80.07,115.46,80.0,83.32,140.7,95.07,51.52,53.69,78.34,75.28,109.05,73.18,100.21,126.48,72.11,117.58,56.62,88.52,124.73,58.28,73.6,110.23,76.6,109.3,107.48,61.19,118.77,63.28,106.9,98.78,93.49,118.29,70.07,113.55,108.86,38.1,79.32,62.79,74.34,94.83,96.92,86.28,75.32,79.67,91.93,82.92,88.11,83.35,75.0,91.58,112.54,56.08,72.51,99.49,95.72,116.64,60.38,90.68,76.81,88.61,120.9,83.17,55.75,120.52,86.23,79.76,147.32,65.21,89.3,95.68,123.17,103.72,128.92,62.42,88.48,89.6,82.26,108.29,59.55,103.81,101.94,48.37,68.23,106.98,110.47,88.73,61.65,105.99,93.64,130.64,110.15,80.85,117.22,62.03,81.83,126.49,95.18,122.03,91.34,89.62,87.97,62.63,120.06,85.08,74.76,120.85,124.58,53.21,32.39,110.73,102.23,67.24,83.98,53.54,93.18,87.05,72.15,68.35,78.75,93.95,76.32,91.66,119.29,88.11,106.57,79.47,98.02,40.58,106.9,66.95,81.52,103.49,111.61,99.44,127.59,80.04,109.5,99.08,93.18,150.37,97.89,49.75,89.6,122.19,57.77,79.16,100.8,123.96,32.36,85.13,128.09,101.53,65.08,92.86,72.7,103.91,94.3,43.9,71.0,106.47,62.39,112.63,79.51,88.89,143.42,111.59,120.79,83.38,68.78,92.2,85.32,98.0,105.72,151.22,104.98,61.72,78.34,80.71,61.98,152.75,59.4,98.72,75.06,101.61,102.15,85.71,73.8,85.08,118.42,122.04,81.43,88.83,95.61,62.12,51.4,110.43,104.65,108.03,87.98,100.98,41.13,100.59,107.91,82.82,103.57,94.97,82.52,59.04,111.71,118.66,24.24,62.75,22.62,104.82,124.53,71.34,106.43,83.04,119.84,34.9,103.01,92.68,103.13,101.96,115.97,93.81,87.06,73.36,86.8,102.78,98.53,106.07,88.64,32.7,77.45,77.49,105.92,100.77,124.09,99.11,126.57,135.22,99.42,86.1,36.52,116.34,81.77,70.41,89.23,77.22,76.51,51.49,50.33,127.81,70.63,148.73,75.61,89.43,66.6,110.76,76.23,79.56,122.9,74.93,47.22,123.74,76.02,129.41,59.55,56.45,132.89,48.74,100.55,103.18,61.1,103.61,11.06,87.2,129.07,142.55,112.61,68.58,73.56,102.58,60.39,81.44,83.75,124.66,114.84,82.61,93.67,112.17,108.56,77.06,83.18,140.19,83.51,107.14,70.41,79.87,59.93,109.09,60.57,147.19,115.62,86.52,117.76,78.16,89.35,89.01,92.73,84.94,88.71,82.84,136.23,92.86,89.32,118.88,130.62,59.73,83.39,35.23,104.72,100.73,108.35,100.31,111.47,121.35,80.59,74.27,111.08,119.61,81.98,18.43,39.14,111.88,101.46,69.49,80.33,105.88,95.93,93.62,83.28,76.79,100.2,104.49,117.58,97.62,49.02,114.93,90.6,120.93,84.45,114.81,51.34,102.7,57.95,93.68,143.37,83.57,30.58,120.95,111.29,68.43,96.39,119.03,82.86,113.86,135.12,104.93,128.78,54.95,91.66,78.55,128.01,109.28,128.7,54.87,74.52,63.38,146.83,77.24,109.47,94.26,41.92,26.32,87.45,105.68,78.84,79.17,102.51,84.71,100.08,116.87,102.37,37.31,77.81,79.63,69.14,59.61,93.19,106.71,66.52,75.07,117.4,91.38,63.7,85.42,111.58,136.52,96.46,94.75,49.8,99.28,78.96,103.89,50.56,66.7,81.72,103.1,54.23,66.82,74.69,138.5,127.07,105.6,88.28,91.58,157.84,114.17,74.93,14.13,83.34,78.64,66.53,98.45,112.75,83.19,83.21,82.81,48.96,50.84,111.85,100.7,110.31,64.01,81.08,142.55,96.33,111.06,104.29,42.78,123.76,93.66,120.16,91.31,94.28,101.36,78.13,111.06,100.38,82.01,110.89,73.35,70.86,69.79,106.72,109.84,91.89,111.08,92.8,67.96,83.2,116.93,58.91,80.87,123.42,90.17,57.63,86.28,83.19,111.41,111.45,73.58,105.28,74.91,125.24,69.34,,,,,,,0.74
,,,,,,,,,,,,,,,,,,,,,,,,,,,125.31,98.75,79.78,109.88,83.37,113.97,69.92,78.65,102.26,55.95,77.89,84.21,80.73,107.36,79.71,86.75,144.28,76.55,55.33,46.61,76.61,82.81,99.98,77.36,97.66,102.4,79.31,109.12,57.39,89.75,117.34,57.53,99.45,109.32,64.93,103.23,106.48,74.2,120.72,65.58,99.43,109.19,98.52,110.25,77.37,120.91,110.25,36.38,78.84,52.76,72.3,97.28,98.09,103.16,82.87,91.66,97.3,86.31,88.97,89.07,77.23,88.33,124.51,57.3,80.56,110.4,106.56,101.56,76.67,93.16,72.49,76.11,142.71,75.43,53.02,122.83,104.37,79.66,144.89,58.67,87.64,97.29,110.55,83.98,122.82,74.69,89.09,87.44,73.91,117.19,69.26,96.88,101.16,44.35,62.66,108.21,112.07,99.47,62.96,107.17,83.08,112.79,106.43,96.35,130.6,66.57,93.25,125.34,80.22,112.03,78.45,81.55,78.31,58.91,119.58,92.09,92.2,135.22,119.08,59.12,40.37,114.43,84.98,53.58,78.48,65.67,75.68,104.04,75.32,68.79,72.31,92.03,88.5,102.34,111.58,100.26,102.52,84.67,109.03,70.38,117.35,68.76,73.33,96.24,102.86,95.37,123.38,88.58,108.15,112.49,100.54,138.98,107.2,65.77,81.82,121.49,45.05,83.52,80.14,117.1,44.11,87.7,130.66,107.74,86.5,92.71,71.43,115.13,89.58,42.39,63.38,99.85,76.45,122.98,83.31,86.89,131.46,104.75,115.94,83.13,62.77,88.11,86.86,91.15,105.45,150.64,86.77,72.26,78.57,90.45,85.07,136.39,50.08,107.07,72.95,103.37,107.12,77.49,89.71,81.18,116.08,119.0,73.22,106.0,95.46,82.19,47.4,103.56,101.93,101.72,73.43,93.45,40.67,109.79,103.76,75.9,83.8,77.7,81.54,70.14,112.38,122.82,37.1,80.76,43.95,102.11,127.07,63.96,85.62,73.02,126.79,44.12,90.86,93.5,94.25,110.74,110.17,89.91,95.3,65.79,98.38,98.5,87.22,114.72,98.39,48.29,86.09,80.13,91.44,95.84,127.33,101.37,120.15,137.89,118.29,91.04,45.08,97.11,75.73,64.38,85.85,67.23,84.17,53.78,70.94,108.82,71.97,139.38,74.1,87.0,44.85,101.27,83.33,71.48,118.85,87.52,56.58,113.57,90.26,132.18,72.44,79.7,111.41,61.9,94.57,110.1,81.22,95.22,26.76,92.38,137.99,154.89,98.36,90.06,70.18,112.26,57.79,87.05,88.45,120.11,109.33,82.87,83.75,105.95,114.16,93.89,80.99,141.86,85.86,78.59,78.09,88.28,66.57,93.98,67.22,132.2,120.85,84.92,113.48,84.33,79.18,91.91,82.84,93.26,82.88,75.83,126.9,101.53,92.54,119.66,119.46,59.5,72.72,42.66,88.04,99.93,96.32,105.78,114.48,99.23,85.54,74.89,105.81,141.09,95.74,31.46,53.86,107.17,95.77,68.75,78.46,121.42,87.47,87.75,97.44,87.21,95.33,92.77,120.38,77.13,49.23,108.48,68.19,123.0,91.47,112.36,54.32,116.76,56.1,104.4,135.72,78.71,54.07,111.46,116.27,63.74,104.89,101.48,78.4,101.91,120.37,98.1,133.34,64.38,94.09,86.96,120.77,95.6,130.09,65.49,80.01,66.83,139.3,62.87,104.67,81.0,51.59,41.06,77.61,94.56,78.81,86.7,97.4,92.98,97.99,106.47,82.25,59.06,86.83,85.94,66.23,77.15,82.12,118.99,57.04,61.09,126.51,101.03,65.64,75.36,107.65,115.81,88.77,110.24,33.84,104.39,69.22,91.06,44.35,53.28,77.73,90.61,76.4,79.94,85.65,133.72,113.49,105.02,85.52,91.93,144.03,111.07,64.61,15.2,69.01,85.96,77.29,94.54,106.5,80.69,82.75,83.02,55.77,57.74,96.95,92.24,112.7,73.51,84.9,137.04,104.22,113.95,97.77,48.56,118.71,110.07,107.44,82.29,89.89,89.93,78.23,121.49,102.76,77.26,112.77,88.61,70.87,79.21,94.3,101.78,98.71,120.03,89.6,87.61,98.86,108.58,48.87,76.1,125.94,83.02,59.74,91.74,71.64,131.46,118.81,71.81,111.29,79.92,115.42,79.29,,,,,,,0.76
,,,,,,,,,,,,,,,,,,,,,,,,,,,100.45,87.79,73.83,81.92,73.56,81.0,71.81,72.73,70.31,38.56,64.64,78.63,68.73,78.95,56.61,69.53,122.17,66.07,62.81,35.08,59.22,76.57,86.39,78.95,86.16,87.98,75.03,91.21,53.83,83.85,97.99,50.31,79.75,75.27,46.39,90.41,84.27,62.79,98.63,43.06,85.41,81.42,67.49,82.64,62.93,106.25,93.01,35.82,69.9,40.87,56.4,83.05,77.34,88.7,59.86,85.08,104.43,76.67,74.79,75.05,68.09,85.53,95.18,45.2,71.9,84.61,94.75,84.88,54.87,71.88,68.58,57.51,111.62,62.65,51.53,103.56,90.9,63.3,121.11,46.6,92.36,84.91,104.9,62.53,104.22,46.77,64.84,74.38,67.04,89.49,54.54,84.64,76.28,41.61,61.1,86.97,86.35,88.44,54.29,75.08,83.03,89.17,84.59,89.2,104.59,46.4,77.21,96.62,71.19,79.61,65.17,54.67,57.82,62.21,87.67,74.85,73.22,112.94,84.04,55.52,54.66,88.45,70.17,51.92,81.22,61.44,68.15,78.26,67.7,71.06,55.31,58.96,65.42,79.69,99.36,84.6,96.05,71.19,99.04,56.51,111.77,61.52,65.71,83.65,83.69,75.96,99.9,80.19,90.56,106.58,101.02,124.51,88.86,51.8,67.02,102.2,50.34,66.27,75.6,102.92,36.18,73.02,95.72,74.07,78.64,88.14,78.96,87.86,69.19,44.07,44.38,86.23,72.19,101.45,73.32,77.24,113.87,89.42,79.0,72.78,57.88,79.31,73.33,75.0,82.84,119.83,61.22,61.81,63.24,86.78,73.27,92.54,38.99,76.88,71.16,82.99,86.73,71.21,72.73,75.66,91.47,84.54,42.47,81.5,83.8,80.85,35.12,94.39,91.91,84.59,54.87,73.16,34.46,83.8,83.28,48.77,64.85,66.97,63.32,69.26,89.96,97.07,23.76,74.03,51.57,77.88,96.53,46.44,55.58,63.84,110.15,47.54,76.29,73.13,77.31,97.74,91.05,75.71,73.51,60.25,84.22,80.24,68.09,92.54,86.56,47.01,83.63,76.31,67.85,71.63,95.85,89.15,102.78,97.34,100.72,69.56,45.76,89.54,68.24,62.35,77.74,67.63,65.29,56.21,55.71,77.84,66.42,107.85,67.58,72.41,43.21,69.85,73.36,71.49,88.07,83.97,51.19,100.06,69.65,108.16,69.08,78.6,80.78,53.82,72.43,95.57,84.86,71.98,35.26,75.92,106.32,121.74,69.67,76.07,46.45,87.47,53.82,80.65,87.72,106.56,91.77,62.31,86.97,79.86,93.68,96.06,53.57,114.58,76.64,65.08,71.86,84.98,34.66,76.93,52.69,101.0,100.07,68.66,87.6,65.21,65.38,73.8,65.13,83.25,63.8,65.34,104.17,76.01,89.85,99.92,93.66,60.69,49.33,40.24,68.43,83.18,84.34,93.51,85.44,87.84,67.73,57.77,89.79,113.91,93.13,36.33,57.14,86.25,84.19,57.76,71.12,83.32,79.81,78.53,93.69,73.48,92.03,69.07,97.28,63.82,49.98,97.17,52.0,97.33,74.18,93.78,47.76,89.1,52.59,87.38,107.32,55.31,51.29,78.46,85.95,57.31,79.17,67.62,70.4,83.31,100.99,75.39,98.01,67.47,69.6,75.35,95.99,75.8,104.43,52.45,66.37,62.77,104.3,58.79,78.24,54.33,45.02,52.65,64.51,85.77,61.69,71.46,68.73,73.21,86.76,84.31,77.15,65.02,67.83,77.25,62.12,71.06,58.39,105.52,54.14,59.38,92.24,78.79,78.83,55.49,76.27,99.25,64.04,90.46,37.29,96.78,53.33,64.98,41.83,49.85,64.58,68.93,65.11,72.4,84.85,108.1,92.33,86.07,75.3,79.9,110.82,90.98,59.94,13.97,67.62,79.03,57.76,74.22,81.89,67.33,62.88,71.15,50.06,47.73,80.74,76.45,81.84,53.12,55.17,115.26,84.46,84.5,83.63,44.79,93.01,94.9,86.69,83.91,63.88,74.96,80.95,95.74,87.34,59.13,84.45,80.78,55.0,65.28,69.35,88.89,73.04,89.02,83.39,74.17,73.91,79.73,40.0,64.23,101.52,85.54,60.3,80.86,67.53,112.9,111.67,68.24,93.54,66.48,90.6,58.34,,,,,,,0.9
,,,,,,,,,,,,,,,,,,,,,,,,,,,60.34,55.65,40.99,52.46,38.26,42.25,38.4,48.81,44.34,19.37,44.54,52.82,38.01,44.1,26.36,42.43,65.68,32.46,46.71,22.62,35.35,53.96,56.24,54.58,52.34,53.71,45.45,50.01,33.89,58.18,56.39,34.12,49.18,38.39,28.51,47.41,43.64,39.76,57.07,30.39,44.68,53.54,44.83,54.02,37.2,55.95,53.36,26.36,46.79,21.66,38.66,48.69,43.1,59.9,29.69,45.92,55.97,50.55,37.05,51.75,40.33,56.94,48.29,28.67,43.12,48.0,50.53,47.92,35.58,46.43,43.42,40.49,58.56,35.9,37.18,54.2,63.13,33.21,62.75,21.03,64.99,61.52,68.2,35.61,61.55,25.19,37.99,43.48,47.33,53.48,31.98,51.33,35.2,35.67,45.08,52.27,45.29,53.42,34.98,38.55,55.06,54.39,53.62,52.66,54.32,27.11,42.1,50.69,45.83,41.85,36.65,36.93,29.75,40.69,49.79,42.14,38.47,59.8,51.1,39.87,37.35,45.24,50.64,27.78,50.87,39.94,35.97,35.52,49.52,35.23,36.52,25.84,38.53,34.89,66.11,53.41,55.57,41.81,44.23,33.2,55.28,34.02,33.4,47.74,47.67,44.76,58.36,52.95,56.26,54.32,57.18,70.51,42.1,30.39,41.11,60.26,31.53,41.55,46.37,59.26,30.85,40.09,51.82,45.95,47.36,56.11,36.08,49.49,42.27,37.02,30.71,47.71,45.14,62.18,43.57,36.01,62.66,51.33,49.26,50.75,33.64,48.5,50.19,45.83,39.16,64.04,34.76,41.44,39.94,49.94,42.05,53.4,32.96,46.26,48.88,44.79,53.82,40.89,43.29,45.14,51.73,50.17,34.8,46.53,54.87,47.76,23.64,59.42,54.83,42.54,27.76,41.64,27.68,47.13,44.56,29.2,42.84,44.44,27.4,40.33,51.67,50.08,27.26,34.44,37.85,46.21,62.25,25.97,32.69,34.86,53.59,37.1,46.43,38.32,51.67,59.45,45.86,43.54,39.57,30.73,36.65,47.13,41.47,50.58,54.76,24.2,53.04,43.48,47.42,43.43,49.97,58.54,65.08,58.62,58.2,36.86,28.97,45.82,44.43,40.91,38.91,38.86,42.08,31.08,29.81,40.01,44.42,57.8,41.09,40.73,27.47,43.61,38.98,41.31,55.34,53.16,29.47,55.47,39.12,55.2,35.98,43.96,41.45,32.35,42.99,64.42,49.45,36.86,28.42,56.21,63.69,60.48,39.74,51.44,27.0,50.08,33.28,58.31,59.61,57.13,52.33,35.65,55.35,42.91,58.13,53.22,34.24,57.82,49.48,41.88,39.26,47.74,19.31,47.32,32.17,56.13,47.06,36.19,47.79,40.4,37.08,39.27,38.91,52.56,46.17,33.81,56.7,49.05,49.23,53.32,64.75,39.24,36.53,24.14,42.41,47.26,46.43,52.53,43.23,57.5,32.26,36.24,48.91,64.08,56.53,31.42,42.09,50.79,52.45,45.46,42.37,46.55,51.92,43.06,53.86,41.48,50.3,44.48,51.97,31.72,34.61,56.27,35.34,55.62,50.08,48.52,27.39,51.0,28.78,48.77,58.6,36.68,30.6,46.18,52.81,41.57,43.74,29.95,45.19,49.06,55.55,44.78,56.48,44.22,37.46,39.94,69.59,44.83,62.03,30.12,41.25,29.9,60.93,34.04,47.92,28.81,28.43,36.24,33.08,60.31,36.29,43.47,37.23,39.0,49.79,46.57,42.32,37.89,43.57,53.16,39.56,40.05,34.77,59.18,40.08,34.61,50.2,45.64,43.19,36.56,41.65,60.59,37.96,57.09,28.35,57.81,36.88,42.04,29.87,26.58,38.21,47.7,49.2,39.4,58.51,63.46,52.48,56.57,41.89,46.67,66.15,51.56,34.33,18.29,39.82,40.33,37.83,41.36,51.16,37.29,41.73,48.41,29.23,31.14,42.01,45.93,45.62,30.59,39.73,66.23,49.68,48.13,50.12,20.78,53.68,51.63,53.77,45.88,40.31,45.07,48.19,54.43,52.62,38.65,46.19,47.03,33.5,46.4,38.48,51.59,47.16,54.06,46.31,42.93,46.72,48.68,28.27,46.88,54.13,61.38,44.14,44.69,39.24,62.17,66.94,45.3,51.46,44.93,54.29,31.15,,,,,,,1.02
,,,,,,,,,,,,,,,,,,,,,,,,,,,18.76,17.38,14.19,17.68,14.37,12.86,10.6,17.21,14.94,10.52,15.05,16.28,11.46,13.86,12.04,15.58,22.15,12.95,17.05,10.73,12.41,17.98,21.57,18.78,17.97,18.09,15.74,14.54,10.8,18.28,17.08,10.49,16.05,13.92,9.06,14.31,12.37,14.77,15.41,11.64,12.1,13.76,13.74,19.78,12.33,17.29,17.52,11.87,16.76,11.1,14.49,14.23,12.01,19.47,9.5,13.24,17.07,18.12,13.75,14.53,13.88,17.06,15.37,9.36,16.73,16.59,13.92,15.23,14.73,14.11,13.34,15.18,15.51,11.88,12.62,18.16,21.29,10.76,17.38,6.33,21.72,20.18,24.16,12.36,20.03,12.2,12.71,11.72,16.11,18.88,12.77,16.89,14.99,12.63,13.16,16.07,12.7,17.13,12.64,14.06,17.84,17.95,18.26,18.67,15.23,12.12,15.31,16.06,16.69,16.57,14.45,12.55,8.93,13.18,18.51,11.71,13.84,16.4,16.78,14.07,14.65,14.88,15.47,10.15,14.23,12.19,13.28,10.1,17.62,11.74,12.26,5.97,14.79,10.34,20.02,16.09,15.4,15.31,15.28,11.65,15.02,15.76,10.85,15.86,14.26,12.89,18.85,15.3,16.68,15.8,17.33,22.35,12.11,9.7,11.53,18.87,9.57,12.6,17.48,17.96,7.93,15.64,16.39,15.38,15.13,19.22,10.6,16.25,12.02,11.76,13.29,19.67,15.1,17.25,13.71,10.31,15.61,19.22,13.24,16.84,13.95,14.82,17.68,16.35,9.14,18.41,13.67,13.42,15.11,15.8,13.59,15.86,14.02,12.64,14.87,15.95,17.01,13.48,16.75,14.69,16.09,14.7,12.82,15.03,16.96,16.36,8.56,20.67,19.33,10.72,10.55,11.7,9.05,17.91,14.34,10.26,15.73,16.7,10.55,11.98,15.48,14.98,9.78,12.78,12.36,17.68,18.81,10.21,10.44,11.76,16.95,12.04,16.67,16.35,18.69,18.82,15.6,15.69,15.01,8.93,13.49,15.62,13.51,19.02,18.12,3.94,17.19,15.9,16.69,14.61,15.08,17.65,20.49,18.81,17.89,15.23,9.37,17.01,14.37,16.66,13.72,11.71,12.63,9.22,8.44,14.25,14.92,18.84,13.73,13.37,9.84,12.99,11.79,12.91,20.0,15.74,10.77,17.83,11.15,18.16,12.25,15.48,11.76,15.27,15.06,17.82,15.58,14.03,10.73,19.85,16.7,19.14,10.3,14.63,9.27,17.59,11.1,19.22,18.48,16.6,16.25,13.03,18.61,17.44,20.38,18.92,12.09,19.03,19.86,15.49,11.35,14.87,6.91,16.21,12.86,16.99,13.98,13.71,12.52,11.97,12.72,14.27,11.25,16.88,13.38,11.54,17.1,14.55,13.91,17.71,23.01,11.63,12.08,6.93,13.43,13.56,14.68,14.39,16.7,19.61,10.4,12.4,14.35,19.59,18.05,11.93,11.45,17.77,18.26,14.94,16.37,14.0,15.94,12.6,17.48,10.46,16.68,14.48,15.37,10.06,10.92,18.43,11.39,16.22,17.33,16.68,11.1,17.12,12.47,14.69,20.81,12.78,12.16,14.41,17.7,12.67,14.92,8.57,14.34,16.12,19.37,14.54,16.06,12.99,12.54,11.85,25.73,14.94,20.2,9.66,15.29,11.0,17.26,13.35,16.9,11.61,14.26,11.56,9.58,18.45,12.89,15.47,13.04,12.43,13.75,14.48,15.59,13.56,14.33,14.97,12.52,13.58,12.14,18.25,13.56,12.99,15.35,16.29,16.59,12.22,15.64,22.07,11.3,17.24,10.62,17.22,11.88,13.4,10.29,9.04,12.22,14.81,17.74,12.87,17.53,19.61,15.53,16.27,12.23,14.61,18.08,18.12,12.78,9.32,15.03,14.23,14.21,14.8,15.97,12.76,15.36,13.57,9.73,10.73,12.29,14.95,15.17,11.89,14.88,20.51,14.21,17.74,16.16,7.83,19.16,14.77,16.55,13.33,11.48,15.01,15.93,16.66,17.8,12.87,13.75,15.42,11.41,17.38,14.34,15.48,14.52,17.12,15.24,14.48,15.1,14.4,9.76,12.89,16.61,19.47,17.43,15.71,11.91,19.58,17.85,14.9,15.87,14.89,17.86,12.72,,,,,,,1.08
,,,,,,,,,,,,,,,,,,,,,,,,,,,7.54,7.12,5.89,6.6,5.36,5.1,3.65,6.38,6.17,4.73,6.52,6.77,4.48,6.05,4.66,6.21,8.57,4.56,6.79,4.42,5.64,6.4,8.46,6.55,6.35,6.75,5.85,5.84,4.98,6.82,6.85,4.81,6.71,5.11,4.64,5.68,5.22,5.58,6.07,4.73,5.16,5.1,4.13,6.82,4.55,6.95,7.16,5.44,7.17,3.49,6.52,5.38,4.96,7.86,4.09,5.29,7.42,7.51,6.37,4.68,5.45,6.59,5.9,3.6,6.37,6.29,6.31,6.26,6.23,6.26,5.82,6.65,5.02,4.51,5.44,7.21,7.85,4.43,6.47,2.32,6.92,8.42,10.01,5.85,7.62,5.43,5.03,4.52,5.84,7.61,5.17,6.73,6.27,5.25,4.27,5.9,4.35,6.39,5.65,5.03,7.17,6.8,6.62,6.77,5.62,5.74,7.19,6.88,6.77,6.68,6.45,4.42,4.15,6.06,7.7,4.21,6.72,5.89,6.28,6.19,5.52,7.12,6.03,2.97,5.62,5.34,6.19,3.76,6.27,4.65,5.74,2.43,6.87,3.58,7.49,5.18,4.62,6.03,6.14,5.03,6.25,6.4,5.17,6.77,5.29,5.34,7.92,6.27,6.58,5.9,7.18,7.97,4.28,3.51,5.01,7.36,3.67,4.78,7.58,6.76,4.31,6.59,6.08,6.26,6.52,8.69,4.72,7.0,4.45,4.89,4.79,8.66,5.87,6.0,5.57,4.32,5.77,7.15,4.39,7.21,5.25,6.22,6.27,7.15,3.73,6.79,5.32,5.16,6.34,4.84,5.42,5.91,5.78,5.06,6.34,7.15,5.89,5.43,6.26,6.48,5.48,5.47,4.44,6.36,7.69,6.77,4.86,7.18,7.34,4.2,5.27,2.9,4.08,7.41,4.81,4.03,6.17,6.59,4.43,4.3,5.91,5.37,3.91,6.18,4.76,6.96,7.72,3.92,5.03,4.75,6.27,5.17,6.61,6.42,6.38,7.1,6.76,6.94,5.81,4.5,5.55,5.96,5.14,8.22,7.45,1.08,6.86,6.44,5.67,5.8,5.61,6.52,7.82,7.33,7.37,7.54,4.88,6.81,5.92,7.2,4.9,4.87,4.3,4.02,3.24,5.43,6.11,6.95,6.35,5.27,4.29,5.22,5.6,5.05,8.27,5.52,3.92,6.08,4.25,7.99,4.62,6.82,4.94,6.38,4.12,6.14,5.5,6.32,5.57,7.15,6.36,7.26,3.25,6.08,4.06,5.77,4.79,6.42,5.77,6.72,5.44,5.24,7.29,6.16,8.14,7.14,5.53,8.46,8.09,6.34,4.41,6.63,3.1,6.98,5.35,7.63,6.13,6.05,5.61,4.91,4.98,5.84,4.46,6.2,5.74,5.11,6.32,5.64,4.65,7.88,8.99,4.18,4.8,3.53,5.12,6.75,6.07,4.67,7.18,7.98,4.68,5.41,6.13,6.79,6.53,4.52,4.44,6.83,7.79,6.81,7.9,6.2,6.37,4.68,6.75,3.86,7.0,5.6,5.47,4.55,5.16,7.29,5.36,5.39,6.91,7.33,4.32,4.67,5.56,5.84,8.28,5.2,5.56,4.83,7.64,4.47,6.11,4.01,5.94,6.18,7.56,4.88,6.07,4.98,5.16,4.7,8.75,6.23,7.97,4.79,6.42,4.1,6.25,6.57,5.93,5.57,5.66,5.23,2.63,6.1,5.89,5.73,5.52,4.74,5.1,5.44,7.09,4.94,6.96,5.92,5.05,6.0,5.46,6.81,6.02,7.1,6.65,6.72,6.31,5.18,4.93,8.41,4.48,6.14,4.24,5.8,4.65,5.65,3.56,3.97,4.86,5.46,6.01,5.21,5.9,7.22,5.93,7.11,4.14,5.7,6.85,7.27,4.74,4.53,6.44,4.92,5.57,5.76,5.48,5.72,6.97,5.03,3.81,5.45,6.41,5.74,5.62,5.14,5.93,8.82,6.34,7.95,7.21,3.02,6.89,5.21,6.29,4.9,5.17,5.58,6.64,5.71,5.97,5.61,5.48,5.89,4.73,6.47,6.73,6.11,4.91,7.37,6.5,6.8,5.91,5.03,4.48,5.64,7.0,7.15,7.63,6.07,4.51,7.89,6.18,5.62,7.16,6.6,7.05,5.28,,,,,,,1.18
,,,,,,,,,,,,,,,,,,,,,,,,,,,0.0,0.0,0.0,0.0,0.0,0.0,0.0,0.0,0.0,0.0,0.0,0.0,0.0,0.0,0.0,0.0,0.0,0.0,0.0,0.0,0.0,0.0,0.0,0.0,0.0,0.0,0.0,0.0,0.0,0.0,0.0,0.0,0.0,0.0,0.0,0.0,0.0,0.0,0.0,0.0,0.0,0.0,0.0,0.0,0.0,0.0,0.0,0.0,0.0,0.0,0.0,0.0,0.0,0.0,0.0,0.0,0.0,0.0,0.0,0.0,0.0,0.0,0.0,0.0,0.0,0.0,0.0,0.0,0.0,0.0,0.0,0.0,0.0,0.0,0.0,0.0,0.0,0.0,0.0,0.0,0.0,0.0,0.0,0.0,0.0,0.0,0.0,0.0,0.0,0.0,0.0,0.0,0.0,0.0,0.0,0.0,0.0,0.0,0.0,0.0,0.0,0.0,0.0,0.0,0.0,0.0,0.0,0.0,0.0,0.0,0.0,0.0,0.0,0.0,0.0,0.0,0.0,0.0,0.0,0.0,0.0,0.0,0.0,0.0,0.0,0.0,0.0,0.0,0.0,0.0,0.0,0.0,0.0,0.0,0.0,0.0,0.0,0.0,0.0,0.0,0.0,0.0,0.0,0.0,0.0,0.0,0.0,0.0,0.0,0.0,0.0,0.0,0.0,0.0,0.0,0.0,0.0,0.0,0.0,0.0,0.0,0.0,0.0,0.0,0.0,0.0,0.0,0.0,0.0,0.0,0.0,0.0,0.0,0.0,0.0,0.0,0.0,0.0,0.0,0.0,0.0,0.0,0.0,0.0,0.0,0.0,0.0,0.0,0.0,0.0,0.0,0.0,0.0,0.0,0.0,0.0,0.0,0.0,0.0,0.0,0.0,0.0,0.0,0.0,0.0,0.0,0.0,0.0,0.0,0.0,0.0,0.0,0.0,0.0,0.0,0.0,0.0,0.0,0.0,0.0,0.0,0.0,0.0,0.0,0.0,0.0,0.0,0.0,0.0,0.0,0.0,0.0,0.0,0.0,0.0,0.0,0.0,0.0,0.0,0.0,0.0,0.0,0.0,0.0,0.0,0.0,0.0,0.0,0.0,0.0,0.0,0.0,0.0,0.0,0.0,0.0,0.0,0.0,0.0,0.0,0.0,0.0,0.0,0.0,0.0,0.0,0.0,0.0,0.0,0.0,0.0,0.0,0.0,0.0,0.0,0.0,0.0,0.0,0.0,0.0,0.0,0.0,0.0,0.0,0.0,0.0,0.0,0.0,0.0,0.0,0.0,0.0,0.0,0.0,0.0,0.0,0.0,0.0,0.0,0.0,0.0,0.0,0.0,0.0,0.0,0.0,0.0,0.0,0.0,0.0,0.0,0.0,0.0,0.0,0.0,0.0,0.0,0.0,0.0,0.0,0.0,0.0,0.0,0.0,0.0,0.0,0.0,0.0,0.0,0.0,0.0,0.0,0.0,0.0,0.0,0.0,0.0,0.0,0.0,0.0,0.0,0.0,0.0,0.0,0.0,0.0,0.0,0.0,0.0,0.0,0.0,0.0,0.0,0.0,0.0,0.0,0.0,0.0,0.0,0.0,0.0,0.0,0.0,0.0,0.0,0.0,0.0,0.0,0.0,0.0,0.0,0.0,0.0,0.0,0.0,0.0,0.0,0.0,0.0,0.0,0.0,0.0,0.0,0.0,0.0,0.0,0.0,0.0,0.0,0.0,0.0,0.0,0.0,0.0,0.0,0.0,0.0,0.0,0.0,0.0,0.0,0.0,0.0,0.0,0.0,0.0,0.0,0.0,0.0,0.0,0.0,0.0,0.0,0.0,0.0,0.0,0.0,0.0,0.0,0.0,0.0,0.0,0.0,0.0,0.0,0.0,0.0,0.0,0.0,0.0,0.0,0.0,0.0,0.0,0.0,0.0,0.0,0.0,0.0,0.0,0.0,0.0,0.0,0.0,0.0,0.0,0.0,0.0,0.0,0.0,0.0,0.0,0.0,0.0,0.0,0.0,0.0,0.0,0.0,0.0,0.0,0.0,0.0,0.0,0.0,0.0,0.0,0.0,0.0,0.0,0.0,0.0,0.0,0.0,0.0,0.0,0.0,0.0,0.0,0.0,0.0,0.0,0.0,0.0,0.0,0.0,0.0,0.0,0.0,0.0,0.0,0.0,0.0,0.0,0.0,0.0,0.0,0.0,0.0,0.0,,,,,,,1.28
,,,,,,,,,,,,,,,,,,,,,,,,,,,0.0,0.0,0.0,0.0,0.0,0.0,0.0,0.0,0.0,0.0,0.0,0.0,0.0,0.0,0.0,0.0,0.0,0.0,0.0,0.0,0.0,0.0,0.0,0.0,0.0,0.0,0.0,0.0,0.0,0.0,0.0,0.0,0.0,0.0,0.0,0.0,0.0,0.0,0.0,0.0,0.0,0.0,0.0,0.0,0.0,0.0,0.0,0.0,0.0,0.0,0.0,0.0,0.0,0.0,0.0,0.0,0.0,0.0,0.0,0.0,0.0,0.0,0.0,0.0,0.0,0.0,0.0,0.0,0.0,0.0,0.0,0.0,0.0,0.0,0.0,0.0,0.0,0.0,0.0,0.0,0.0,0.0,0.0,0.0,0.0,0.0,0.0,0.0,0.0,0.0,0.0,0.0,0.0,0.0,0.0,0.0,0.0,0.0,0.0,0.0,0.0,0.0,0.0,0.0,0.0,0.0,0.0,0.0,0.0,0.0,0.0,0.0,0.0,0.0,0.0,0.0,0.0,0.0,0.0,0.0,0.0,0.0,0.0,0.0,0.0,0.0,0.0,0.0,0.0,0.0,0.0,0.0,0.0,0.0,0.0,0.0,0.0,0.0,0.0,0.0,0.0,0.0,0.0,0.0,0.0,0.0,0.0,0.0,0.0,0.0,0.0,0.0,0.0,0.0,0.0,0.0,0.0,0.0,0.0,0.0,0.0,0.0,0.0,0.0,0.0,0.0,0.0,0.0,0.0,0.0,0.0,0.0,0.0,0.0,0.0,0.0,0.0,0.0,0.0,0.0,0.0,0.0,0.0,0.0,0.0,0.0,0.0,0.0,0.0,0.0,0.0,0.0,0.0,0.0,0.0,0.0,0.0,0.0,0.0,0.0,0.0,0.0,0.0,0.0,0.0,0.0,0.0,0.0,0.0,0.0,0.0,0.0,0.0,0.0,0.0,0.0,0.0,0.0,0.0,0.0,0.0,0.0,0.0,0.0,0.0,0.0,0.0,0.0,0.0,0.0,0.0,0.0,0.0,0.0,0.0,0.0,0.0,0.0,0.0,0.0,0.0,0.0,0.0,0.0,0.0,0.0,0.0,0.0,0.0,0.0,0.0,0.0,0.0,0.0,0.0,0.0,0.0,0.0,0.0,0.0,0.0,0.0,0.0,0.0,0.0,0.0,0.0,0.0,0.0,0.0,0.0,0.0,0.0,0.0,0.0,0.0,0.0,0.0,0.0,0.0,0.0,0.0,0.0,0.0,0.0,0.0,0.0,0.0,0.0,0.0,0.0,0.0,0.0,0.0,0.0,0.0,0.0,0.0,0.0,0.0,0.0,0.0,0.0,0.0,0.0,0.0,0.0,0.0,0.0,0.0,0.0,0.0,0.0,0.0,0.0,0.0,0.0,0.0,0.0,0.0,0.0,0.0,0.0,0.0,0.0,0.0,0.0,0.0,0.0,0.0,0.0,0.0,0.0,0.0,0.0,0.0,0.0,0.0,0.0,0.0,0.0,0.0,0.0,0.0,0.0,0.0,0.0,0.0,0.0,0.0,0.0,0.0,0.0,0.0,0.0,0.0,0.0,0.0,0.0,0.0,0.0,0.0,0.0,0.0,0.0,0.0,0.0,0.0,0.0,0.0,0.0,0.0,0.0,0.0,0.0,0.0,0.0,0.0,0.0,0.0,0.0,0.0,0.0,0.0,0.0,0.0,0.0,0.0,0.0,0.0,0.0,0.0,0.0,0.0,0.0,0.0,0.0,0.0,0.0,0.0,0.0,0.0,0.0,0.0,0.0,0.0,0.0,0.0,0.0,0.0,0.0,0.0,0.0,0.0,0.0,0.0,0.0,0.0,0.0,0.0,0.0,0.0,0.0,0.0,0.0,0.0,0.0,0.0,0.0,0.0,0.0,0.0,0.0,0.0,0.0,0.0,0.0,0.0,0.0,0.0,0.0,0.0,0.0,0.0,0.0,0.0,0.0,0.0,0.0,0.0,0.0,0.0,0.0,0.0,0.0,0.0,0.0,0.0,0.0,0.0,0.0,0.0,0.0,0.0,0.0,0.0,0.0,0.0,0.0,0.0,0.0,0.0,0.0,0.0,0.0,0.0,0.0,0.0,0.0,0.0,0.0,0.0,0.0,0.0,0.0,0.0,0.0,0.0,0.0,0.0,0.0,0.0,0.0,0.0,0.0,0.0,0.0,0.0,0.0,0.0,,,,,,,1.26
,,,,,,,,,,,,,,,,,,,,,,,,,,,0.0,0.0,0.0,0.0,0.0,0.0,0.0,0.0,0.0,0.0,0.0,0.0,0.0,0.0,0.0,0.0,0.0,0.0,0.0,0.0,0.0,0.0,0.0,0.0,0.0,0.0,0.0,0.0,0.0,0.0,0.0,0.0,0.0,0.0,0.0,0.0,0.0,0.0,0.0,0.0,0.0,0.0,0.0,0.0,0.0,0.0,0.0,0.0,0.0,0.0,0.0,0.0,0.0,0.0,0.0,0.0,0.0,0.0,0.0,0.0,0.0,0.0,0.0,0.0,0.0,0.0,0.0,0.0,0.0,0.0,0.0,0.0,0.0,0.0,0.0,0.0,0.0,0.0,0.0,0.0,0.0,0.0,0.0,0.0,0.0,0.0,0.0,0.0,0.0,0.0,0.0,0.0,0.0,0.0,0.0,0.0,0.0,0.0,0.0,0.0,0.0,0.0,0.0,0.0,0.0,0.0,0.0,0.0,0.0,0.0,0.0,0.0,0.0,0.0,0.0,0.0,0.0,0.0,0.0,0.0,0.0,0.0,0.0,0.0,0.0,0.0,0.0,0.0,0.0,0.0,0.0,0.0,0.0,0.0,0.0,0.0,0.0,0.0,0.0,0.0,0.0,0.0,0.0,0.0,0.0,0.0,0.0,0.0,0.0,0.0,0.0,0.0,0.0,0.0,0.0,0.0,0.0,0.0,0.0,0.0,0.0,0.0,0.0,0.0,0.0,0.0,0.0,0.0,0.0,0.0,0.0,0.0,0.0,0.0,0.0,0.0,0.0,0.0,0.0,0.0,0.0,0.0,0.0,0.0,0.0,0.0,0.0,0.0,0.0,0.0,0.0,0.0,0.0,0.0,0.0,0.0,0.0,0.0,0.0,0.0,0.0,0.0,0.0,0.0,0.0,0.0,0.0,0.0,0.0,0.0,0.0,0.0,0.0,0.0,0.0,0.0,0.0,0.0,0.0,0.0,0.0,0.0,0.0,0.0,0.0,0.0,0.0,0.0,0.0,0.0,0.0,0.0,0.0,0.0,0.0,0.0,0.0,0.0,0.0,0.0,0.0,0.0,0.0,0.0,0.0,0.0,0.0,0.0,0.0,0.0,0.0,0.0,0.0,0.0,0.0,0.0,0.0,0.0,0.0,0.0,0.0,0.0,0.0,0.0,0.0,0.0,0.0,0.0,0.0,0.0,0.0,0.0,0.0,0.0,0.0,0.0,0.0,0.0,0.0,0.0,0.0,0.0,0.0,0.0,0.0,0.0,0.0,0.0,0.0,0.0,0.0,0.0,0.0,0.0,0.0,0.0,0.0,0.0,0.0,0.0,0.0,0.0,0.0,0.0,0.0,0.0,0.0,0.0,0.0,0.0,0.0,0.0,0.0,0.0,0.0,0.0,0.0,0.0,0.0,0.0,0.0,0.0,0.0,0.0,0.0,0.0,0.0,0.0,0.0,0.0,0.0,0.0,0.0,0.0,0.0,0.0,0.0,0.0,0.0,0.0,0.0,0.0,0.0,0.0,0.0,0.0,0.0,0.0,0.0,0.0,0.0,0.0,0.0,0.0,0.0,0.0,0.0,0.0,0.0,0.0,0.0,0.0,0.0,0.0,0.0,0.0,0.0,0.0,0.0,0.0,0.0,0.0,0.0,0.0,0.0,0.0,0.0,0.0,0.0,0.0,0.0,0.0,0.0,0.0,0.0,0.0,0.0,0.0,0.0,0.0,0.0,0.0,0.0,0.0,0.0,0.0,0.0,0.0,0.0,0.0,0.0,0.0,0.0,0.0,0.0,0.0,0.0,0.0,0.0,0.0,0.0,0.0,0.0,0.0,0.0,0.0,0.0,0.0,0.0,0.0,0.0,0.0,0.0,0.0,0.0,0.0,0.0,0.0,0.0,0.0,0.0,0.0,0.0,0.0,0.0,0.0,0.0,0.0,0.0,0.0,0.0,0.0,0.0,0.0,0.0,0.0,0.0,0.0,0.0,0.0,0.0,0.0,0.0,0.0,0.0,0.0,0.0,0.0,0.0,0.0,0.0,0.0,0.0,0.0,0.0,0.0,0.0,0.0,0.0,0.0,0.0,0.0,0.0,0.0,0.0,0.0,0.0,0.0,0.0,0.0,0.0,0.0,0.0,0.0,0.0,0.0,0.0,0.0,0.0,0.0,0.0,0.0,0.0,0.0,0.0,0.0,0.0,0.0,0.0,0.0,,,,,,,1.1
,,,,,,,,,,,,,,,,,,,,,,,,,,,0.0,0.0,0.0,0.0,0.0,0.0,0.0,0.0,0.0,0.0,0.0,0.0,0.0,0.0,0.0,0.0,0.0,0.0,0.0,0.0,0.0,0.0,0.0,0.0,0.0,0.0,0.0,0.0,0.0,0.0,0.0,0.0,0.0,0.0,0.0,0.0,0.0,0.0,0.0,0.0,0.0,0.0,0.0,0.0,0.0,0.0,0.0,0.0,0.0,0.0,0.0,0.0,0.0,0.0,0.0,0.0,0.0,0.0,0.0,0.0,0.0,0.0,0.0,0.0,0.0,0.0,0.0,0.0,0.0,0.0,0.0,0.0,0.0,0.0,0.0,0.0,0.0,0.0,0.0,0.0,0.0,0.0,0.0,0.0,0.0,0.0,0.0,0.0,0.0,0.0,0.0,0.0,0.0,0.0,0.0,0.0,0.0,0.0,0.0,0.0,0.0,0.0,0.0,0.0,0.0,0.0,0.0,0.0,0.0,0.0,0.0,0.0,0.0,0.0,0.0,0.0,0.0,0.0,0.0,0.0,0.0,0.0,0.0,0.0,0.0,0.0,0.0,0.0,0.0,0.0,0.0,0.0,0.0,0.0,0.0,0.0,0.0,0.0,0.0,0.0,0.0,0.0,0.0,0.0,0.0,0.0,0.0,0.0,0.0,0.0,0.0,0.0,0.0,0.0,0.0,0.0,0.0,0.0,0.0,0.0,0.0,0.0,0.0,0.0,0.0,0.0,0.0,0.0,0.0,0.0,0.0,0.0,0.0,0.0,0.0,0.0,0.0,0.0,0.0,0.0,0.0,0.0,0.0,0.0,0.0,0.0,0.0,0.0,0.0,0.0,0.0,0.0,0.0,0.0,0.0,0.0,0.0,0.0,0.0,0.0,0.0,0.0,0.0,0.0,0.0,0.0,0.0,0.0,0.0,0.0,0.0,0.0,0.0,0.0,0.0,0.0,0.0,0.0,0.0,0.0,0.0,0.0,0.0,0.0,0.0,0.0,0.0,0.0,0.0,0.0,0.0,0.0,0.0,0.0,0.0,0.0,0.0,0.0,0.0,0.0,0.0,0.0,0.0,0.0,0.0,0.0,0.0,0.0,0.0,0.0,0.0,0.0,0.0,0.0,0.0,0.0,0.0,0.0,0.0,0.0,0.0,0.0,0.0,0.0,0.0,0.0,0.0,0.0,0.0,0.0,0.0,0.0,0.0,0.0,0.0,0.0,0.0,0.0,0.0,0.0,0.0,0.0,0.0,0.0,0.0,0.0,0.0,0.0,0.0,0.0,0.0,0.0,0.0,0.0,0.0,0.0,0.0,0.0,0.0,0.0,0.0,0.0,0.0,0.0,0.0,0.0,0.0,0.0,0.0,0.0,0.0,0.0,0.0,0.0,0.0,0.0,0.0,0.0,0.0,0.0,0.0,0.0,0.0,0.0,0.0,0.0,0.0,0.0,0.0,0.0,0.0,0.0,0.0,0.0,0.0,0.0,0.0,0.0,0.0,0.0,0.0,0.0,0.0,0.0,0.0,0.0,0.0,0.0,0.0,0.0,0.0,0.0,0.0,0.0,0.0,0.0,0.0,0.0,0.0,0.0,0.0,0.0,0.0,0.0,0.0,0.0,0.0,0.0,0.0,0.0,0.0,0.0,0.0,0.0,0.0,0.0,0.0,0.0,0.0,0.0,0.0,0.0,0.0,0.0,0.0,0.0,0.0,0.0,0.0,0.0,0.0,0.0,0.0,0.0,0.0,0.0,0.0,0.0,0.0,0.0,0.0,0.0,0.0,0.0,0.0,0.0,0.0,0.0,0.0,0.0,0.0,0.0,0.0,0.0,0.0,0.0,0.0,0.0,0.0,0.0,0.0,0.0,0.0,0.0,0.0,0.0,0.0,0.0,0.0,0.0,0.0,0.0,0.0,0.0,0.0,0.0,0.0,0.0,0.0,0.0,0.0,0.0,0.0,0.0,0.0,0.0,0.0,0.0,0.0,0.0,0.0,0.0,0.0,0.0,0.0,0.0,0.0,0.0,0.0,0.0,0.0,0.0,0.0,0.0,0.0,0.0,0.0,0.0,0.0,0.0,0.0,0.0,0.0,0.0,0.0,0.0,0.0,0.0,0.0,0.0,0.0,0.0,0.0,0.0,0.0,0.0,0.0,0.0,0.0,0.0,0.0,0.0,0.0,0.0,0.0,0.0,0.0,0.0,0.0,0.0,,,,,,,0.9
,,,,,,,,,,,,,,,,,,,,,,,,,,,5.13,6.48,0.0,4.59,8.53,0.63,3.14,3.53,0.95,2.92,3.31,2.86,2.67,10.27,1.88,3.27,4.33,0.42,6.16,3.78,2.44,1.32,1.38,4.36,6.71,2.66,4.47,4.26,0.0,0.0,4.2,2.05,0.37,0.0,6.19,3.2,11.9,1.86,2.63,1.11,4.71,4.4,0.0,0.83,1.47,2.44,2.38,4.32,4.77,6.05,4.02,4.49,2.82,2.21,6.73,2.62,4.43,3.99,1.13,3.33,0.0,4.83,3.59,0.0,4.88,2.33,4.54,2.35,2.38,2.92,3.55,4.92,4.04,4.98,2.31,2.81,1.93,2.02,3.42,6.6,7.08,6.42,4.98,1.62,0.0,4.33,4.08,2.95,0.34,1.41,1.61,0.86,8.18,4.66,5.21,2.29,8.04,0.0,3.49,4.56,0.0,10.29,0.0,1.88,3.83,2.81,0.0,0.0,3.61,1.76,2.77,3.27,0.0,2.08,2.2,4.84,0.32,2.03,1.32,1.92,7.47,1.98,3.25,1.85,6.62,7.25,8.1,4.9,1.48,0.0,0.5,2.52,4.69,0.99,5.71,0.0,0.46,2.11,1.64,10.42,4.38,0.38,0.0,0.0,5.26,6.06,2.24,8.11,0.52,5.06,0.64,0.0,3.65,6.78,1.0,4.84,6.47,5.24,2.65,4.57,1.13,5.28,6.66,3.59,0.57,5.09,1.02,2.69,3.58,3.51,2.58,4.67,5.45,3.3,3.35,4.25,3.31,4.65,2.54,0.95,5.64,0.0,2.77,0.0,7.11,5.07,3.29,0.76,1.55,4.93,0.09,3.43,1.98,7.5,7.4,1.67,5.26,6.12,6.45,3.1,1.52,2.95,5.32,0.0,5.04,0.28,0.0,0.0,3.14,8.49,0.0,5.63,2.18,5.67,0.0,3.2,1.66,0.91,6.22,3.84,0.0,4.19,4.35,4.31,1.89,0.0,2.31,7.7,5.43,8.08,3.94,2.84,2.97,1.9,6.92,1.44,5.52,1.66,0.0,0.41,6.9,7.7,2.27,5.06,1.69,0.82,0.85,0.35,6.03,5.15,0.0,4.68,5.92,9.26,0.0,0.71,10.74,1.83,5.54,0.0,3.94,3.89,2.68,1.91,2.71,4.3,5.69,5.64,4.44,4.52,1.93,4.04,4.2,4.58,0.0,0.0,1.51,3.51,3.58,1.71,0.0,5.05,3.65,3.17,3.24,5.15,2.56,1.07,0.54,4.2,1.98,0.2,3.7,1.66,3.82,2.66,1.32,7.72,2.0,0.0,4.82,0.0,0.86,7.8,1.83,3.45,0.41,1.97,2.22,0.26,3.09,7.81,1.31,4.28,2.46,3.61,0.74,2.24,6.85,6.53,4.23,4.42,1.81,6.15,5.08,3.44,4.43,5.3,1.82,3.8,4.71,0.76,0.09,0.4,1.72,4.0,0.0,0.0,2.79,5.84,7.19,1.9,1.72,7.17,1.77,6.92,2.29,5.09,5.77,1.71,1.16,5.44,2.67,2.83,3.92,1.86,5.45,3.13,1.15,3.38,4.27,1.55,5.71,0.35,2.93,3.35,3.23,3.08,4.27,3.55,0.83,4.59,6.62,1.77,3.68,1.72,5.8,3.49,0.0,1.72,1.94,6.14,4.0,0.0,0.64,0.28,5.62,5.79,1.79,6.53,0.0,0.0,1.82,3.09,0.92,2.26,0.0,4.47,5.02,5.55,0.0,7.6,2.9,2.99,4.75,7.3,2.73,3.92,4.92,2.95,0.0,0.0,0.4,3.05,4.13,5.82,6.14,3.43,1.94,4.32,6.74,4.37,8.23,5.46,2.09,4.16,2.74,5.13,6.42,0.0,4.01,0.27,2.58,0.92,1.32,5.14,0.12,2.27,5.0,7.2,2.04,1.75,0.0,0.86,5.23,2.09,2.61,6.04,2.37,3.2,3.97,5.89,2.13,2.72,2.16,0.0,5.88,3.69,0.95,1.56,4.28,5.02,3.91,2.8,3.03,0.25,3.65,0.29,2.1,2.71,4.6,4.62,3.31,1.02,0.45,0.53,0.0,4.21,1.99,1.79,2.74,0.0,2.03,0.96,0.16,3.42,3.75,4.71,5.18,2.78,3.65,2.63,4.2,4.15,5.09,3.1,3.79,1.6,3.86,1.2,,,,,,,0.96
,,,,,,,,,,,,,,,,,,,,,,,,,,,17.59,23.13,0.0,17.16,30.1,3.11,11.27,13.0,6.09,12.52,11.5,14.31,10.27,36.65,9.2,12.28,16.58,3.01,22.4,14.57,10.02,6.07,6.16,16.56,24.6,12.92,18.17,15.47,0.0,0.08,15.18,10.35,4.0,3.69,22.26,13.24,39.45,10.18,10.82,7.26,16.55,16.11,1.96,4.76,6.94,10.29,8.94,15.6,17.77,22.16,14.97,17.26,11.99,9.49,26.34,10.54,16.95,14.79,6.64,13.59,2.18,15.51,13.14,2.11,19.71,10.29,17.02,9.87,7.52,11.11,11.73,19.32,13.44,19.04,10.15,10.25,7.32,8.75,13.16,20.96,24.24,23.58,21.22,5.09,0.33,15.56,14.06,11.71,3.33,7.38,6.91,3.51,29.03,19.07,19.56,10.85,27.5,0.0,13.37,16.25,0.43,35.22,0.42,9.3,13.05,10.98,3.67,1.42,13.97,8.18,11.34,13.01,0.94,8.77,9.44,19.23,3.0,7.59,7.21,10.59,26.14,11.16,13.42,8.76,25.67,26.53,27.72,17.36,7.29,0.0,5.37,11.41,17.3,7.14,18.81,0.0,4.34,9.71,6.66,37.61,14.12,4.76,3.57,0.0,18.44,21.7,9.0,27.76,3.16,17.34,4.57,0.0,15.25,22.45,5.6,16.23,23.73,16.95,8.53,18.66,6.35,19.14,24.16,12.9,6.99,18.04,4.6,11.53,15.43,11.96,9.63,17.69,20.19,14.09,14.13,15.18,12.41,16.32,10.22,6.44,19.08,0.0,10.28,0.0,26.37,17.98,13.94,5.56,8.23,18.12,2.26,13.37,8.91,26.59,24.24,8.45,19.07,24.0,22.97,14.8,7.9,11.97,20.06,0.58,15.49,5.47,0.0,0.0,14.1,29.48,0.0,17.78,8.52,19.99,0.0,12.96,7.18,5.35,23.96,15.26,0.0,15.71,15.69,15.22,9.2,0.0,9.12,27.45,18.26,27.86,16.16,11.69,12.16,9.37,22.8,6.43,18.69,7.09,0.01,5.52,24.47,27.6,9.46,16.94,6.01,5.25,3.7,3.04,23.35,19.96,0.0,17.4,20.71,29.05,0.0,3.81,36.96,7.88,23.32,0.0,14.88,14.54,9.7,7.84,10.95,16.08,19.86,21.47,17.8,17.44,9.77,16.13,16.4,16.9,0.21,0.0,6.77,15.34,13.55,7.73,0.0,17.14,14.07,13.63,12.87,21.3,10.97,4.1,3.2,17.49,9.12,3.96,13.63,7.61,15.76,10.96,7.91,26.7,6.92,0.0,17.54,0.09,5.13,24.98,10.1,12.12,5.83,9.5,10.05,1.03,13.64,27.66,6.78,15.47,11.2,11.8,7.41,9.54,23.79,22.46,15.75,14.42,8.01,20.77,15.95,13.69,14.76,18.46,5.69,15.98,16.57,5.56,2.44,1.63,5.84,15.29,2.03,0.0,10.75,20.36,25.18,8.08,8.23,22.83,6.23,25.43,9.85,20.92,22.26,7.65,6.18,18.55,11.94,10.53,13.7,8.51,18.73,11.53,6.27,12.16,15.3,9.92,20.5,4.43,12.35,16.73,12.24,11.32,15.7,11.61,5.73,14.71,24.28,7.26,14.99,7.12,20.45,12.66,0.0,7.24,8.82,20.5,14.17,0.0,3.67,1.68,21.49,18.63,7.0,23.62,2.75,1.38,8.01,12.82,4.78,9.39,0.0,17.35,17.72,20.02,0.0,25.48,12.96,12.26,17.18,25.55,10.77,15.0,16.46,12.38,1.57,2.54,3.4,12.13,15.69,21.11,23.34,13.4,12.76,14.52,24.76,16.46,28.92,19.31,9.53,16.86,10.37,21.44,24.05,0.0,15.65,1.37,11.55,4.61,8.88,19.77,1.59,10.9,18.34,25.48,10.57,7.3,0.0,4.38,18.66,9.07,9.31,21.6,12.37,13.77,16.16,21.06,9.38,10.05,9.5,1.31,22.12,14.03,5.91,7.06,16.52,17.94,15.69,9.41,12.96,3.18,15.26,4.01,11.81,10.46,16.38,17.75,12.32,6.53,4.68,4.05,0.0,14.77,11.64,5.52,11.43,0.0,10.14,5.67,2.75,12.82,13.66,16.09,20.01,12.54,13.74,13.34,17.14,16.45,18.73,12.31,14.5,8.84,14.61,6.47,,,,,,,1.22
,,,,,,,,,,,,,,,,,,,,,,,,,,,38.46,52.57,1.02,38.11,62.05,7.38,25.88,28.48,23.25,29.16,35.39,34.57,25.34,75.01,24.38,29.9,36.99,14.96,47.12,37.43,27.79,19.01,21.24,41.73,64.7,35.0,46.13,40.44,0.0,5.04,32.03,31.47,13.81,15.85,49.19,35.83,82.19,28.86,31.13,17.99,41.11,32.76,11.58,13.49,19.45,23.77,25.93,41.63,39.49,51.63,34.26,37.58,32.16,29.15,58.57,26.68,35.9,41.37,23.38,32.24,11.14,33.58,33.01,10.91,50.34,22.51,40.69,28.59,18.38,36.16,29.58,45.82,29.62,52.57,22.62,26.16,18.79,27.51,33.26,51.61,52.89,53.47,47.11,17.48,9.99,35.04,32.9,31.49,13.77,23.92,15.96,15.22,64.99,41.25,49.13,26.55,55.54,3.04,31.63,34.16,8.12,76.86,7.69,23.2,23.8,26.13,15.97,6.25,38.23,17.34,31.91,31.02,11.66,25.2,26.71,43.61,12.77,18.91,18.96,30.2,54.52,31.51,35.31,29.08,59.46,56.97,62.91,40.67,23.73,3.05,18.87,26.01,39.56,23.29,47.75,6.18,12.45,25.29,18.02,81.14,37.62,15.48,13.68,0.0,40.69,48.53,21.87,62.77,12.91,42.21,16.91,8.71,37.28,51.19,13.79,37.86,62.84,36.68,16.25,44.15,17.98,45.97,59.12,37.54,21.02,41.63,13.66,30.1,42.11,23.38,23.69,43.96,46.69,36.66,32.21,41.73,31.83,35.53,27.89,15.18,43.93,6.88,29.32,0.0,56.44,43.04,33.8,18.84,22.44,42.24,10.73,32.19,22.37,52.37,53.16,25.42,45.31,56.68,53.77,34.06,21.34,28.0,40.45,8.98,28.79,15.79,0.71,0.0,35.14,65.41,0.0,39.0,24.17,43.62,7.04,32.05,23.71,13.31,50.67,34.1,0.25,37.87,36.68,39.15,26.67,4.01,27.08,59.1,41.11,59.38,38.16,30.06,34.48,25.19,53.46,17.08,42.97,19.44,5.1,16.6,52.34,60.35,24.43,42.55,21.75,18.54,13.84,15.07,56.38,43.83,4.55,39.83,48.04,63.12,6.41,15.43,78.27,23.02,51.97,0.04,37.18,35.98,24.27,16.66,30.25,39.05,48.01,43.63,40.9,43.34,27.31,36.31,34.34,38.57,3.89,8.6,18.33,32.76,34.02,25.8,0.0,39.94,33.0,36.94,31.15,54.16,31.66,14.91,14.41,45.49,22.85,14.85,31.83,26.43,36.89,28.14,24.06,62.56,15.02,0.0,44.01,10.69,23.2,57.46,26.43,32.75,21.03,26.32,24.31,4.2,36.18,64.6,18.31,39.18,28.0,32.62,25.38,29.57,48.03,52.69,36.19,36.81,26.08,51.64,32.22,32.88,41.17,44.63,14.87,40.12,35.3,14.59,14.85,12.88,19.88,38.75,11.54,0.0,33.82,47.82,62.15,19.49,22.29,53.85,16.86,58.03,31.52,45.88,52.91,24.35,16.62,42.49,32.77,29.51,30.54,28.67,45.17,28.7,11.89,28.81,40.52,24.88,46.97,15.83,36.15,41.48,35.06,30.54,39.19,29.44,19.45,32.49,51.66,22.58,37.64,19.24,46.01,29.03,7.31,19.26,16.51,51.17,36.34,8.12,12.57,13.43,49.77,41.25,23.9,52.86,9.08,8.01,21.99,29.27,11.02,28.5,0.0,40.99,43.71,45.38,0.0,50.8,35.84,30.16,36.21,57.11,26.19,42.6,38.17,34.44,10.86,9.97,14.45,34.63,38.04,45.74,53.86,34.47,30.71,36.2,61.0,38.14,62.57,46.88,29.62,41.33,32.59,47.37,53.97,1.31,36.05,4.88,27.54,20.27,26.73,39.77,9.15,30.67,40.11,58.69,27.7,19.11,5.22,14.81,44.19,27.21,27.03,54.09,32.61,33.29,39.2,50.05,25.67,21.39,23.27,5.9,53.92,33.98,19.11,22.45,39.63,47.45,37.44,22.45,26.53,12.73,40.49,8.49,35.53,28.83,37.71,39.3,28.26,18.52,15.33,12.91,0.0,34.97,31.6,13.95,31.14,1.6,24.26,15.25,13.77,35.87,33.98,36.79,50.32,33.56,33.4,33.62,44.53,36.38,42.64,35.79,34.53,23.49,33.98,21.4,,,,,,,1.26
,,,,,,,,,,,,,,,,,,,,,,,,,,,58.17,84.65,5.23,56.45,95.39,23.98,57.27,59.45,42.64,49.65,63.64,61.67,49.79,119.33,38.76,49.89,64.92,34.6,91.45,66.33,57.19,43.52,50.71,77.32,108.23,66.39,83.8,72.87,7.28,24.03,67.38,70.67,34.46,44.82,78.06,60.54,126.69,50.33,54.75,34.07,67.66,48.97,29.87,30.72,44.13,36.47,48.33,63.57,62.28,80.72,57.53,72.61,55.29,56.37,95.1,52.28,67.51,76.34,35.45,61.85,32.12,46.93,57.51,27.23,84.23,33.53,81.39,60.1,41.67,64.0,55.91,78.94,47.79,93.14,43.4,43.8,37.86,50.03,65.15,79.47,89.64,80.67,79.81,43.37,33.31,64.69,58.56,48.23,29.69,54.94,29.62,35.07,107.97,64.44,80.46,44.03,85.48,13.57,54.98,56.74,22.73,113.48,19.62,43.09,43.74,46.68,31.8,12.01,66.27,35.31,56.87,51.53,32.91,44.24,55.14,76.0,25.86,44.08,31.49,59.15,84.29,54.71,69.88,57.54,92.37,99.15,103.74,64.54,50.33,14.36,31.68,55.44,70.46,46.26,90.56,21.8,25.75,50.7,34.22,127.93,64.81,25.75,27.89,0.0,72.79,82.21,50.64,105.27,27.25,80.16,37.3,27.53,73.59,89.25,28.31,59.95,107.62,63.65,36.78,76.93,39.43,82.15,100.28,59.09,47.06,75.49,27.7,56.37,71.08,48.89,41.02,72.05,73.37,54.9,54.06,65.56,61.06,59.01,45.11,40.32,71.55,32.3,58.07,2.76,95.46,78.16,48.43,35.94,30.06,76.97,35.03,54.04,45.35,82.97,77.63,62.74,84.41,100.75,84.26,56.04,47.24,50.58,65.61,18.53,45.54,34.1,10.28,0.0,61.19,101.2,0.0,67.61,50.41,78.89,22.87,55.82,46.57,36.18,78.53,63.6,16.08,70.08,57.46,64.41,55.64,27.04,51.75,98.37,70.99,97.71,70.04,63.61,64.74,48.96,80.17,46.64,85.67,45.02,12.53,36.18,93.99,89.38,47.92,63.4,37.22,39.84,29.74,38.21,86.32,68.48,19.07,54.01,76.19,95.46,22.88,31.61,117.56,56.46,85.64,4.85,54.02,50.63,42.18,39.34,62.48,75.9,80.98,69.28,75.18,80.35,52.13,65.92,55.48,75.89,7.37,20.4,33.6,58.9,55.79,53.99,6.96,57.38,68.17,63.45,58.05,92.92,63.53,39.39,31.86,77.96,44.74,29.39,50.72,62.99,59.28,42.7,46.64,98.47,27.04,0.0,81.42,28.57,49.9,102.49,43.29,65.15,36.03,47.18,48.23,9.22,69.14,114.19,31.8,64.32,46.01,63.15,58.54,50.55,74.07,85.18,66.65,77.78,45.2,91.71,59.7,48.12,76.66,79.35,29.64,74.69,60.63,37.53,25.92,38.71,44.83,56.56,27.97,0.0,67.71,70.88,102.81,41.74,47.11,93.02,35.03,97.43,51.58,68.61,95.13,48.48,43.42,71.91,70.14,61.4,52.83,54.01,72.63,54.29,23.38,53.4,70.06,50.69,75.17,36.88,72.51,71.78,67.19,60.1,73.26,55.07,36.94,54.12,82.5,33.41,57.84,39.45,71.17,57.65,17.55,44.8,24.86,79.09,68.76,11.73,22.88,33.32,83.52,65.82,47.56,79.89,25.13,22.56,49.69,46.81,22.16,56.43,0.47,71.07,74.52,78.76,0.0,80.15,66.54,48.73,55.56,98.33,36.27,80.99,67.88,63.09,33.0,27.3,29.17,60.39,73.97,80.84,94.86,67.27,53.97,59.18,89.33,71.9,109.08,80.97,52.49,75.52,60.47,78.26,85.39,15.33,65.57,7.33,48.13,38.01,43.92,68.53,15.77,51.26,74.77,96.24,39.19,43.37,16.77,29.53,76.69,52.07,56.12,88.73,54.21,68.41,65.04,76.07,49.76,40.7,37.3,13.98,87.65,52.82,41.83,49.02,67.75,80.04,57.1,41.95,43.28,34.87,77.18,18.56,66.81,51.09,64.16,75.3,52.26,35.94,33.18,26.78,12.25,60.09,64.61,23.93,57.13,10.72,40.39,29.07,27.27,63.94,65.93,67.86,81.9,51.89,61.26,58.28,78.71,60.75,78.42,64.09,57.81,40.48,60.63,37.24,,,,,,,1.2
,,,,,,,,,,,,,,,,,,,,,,,,,,,74.12,103.2,10.71,85.96,130.12,32.45,73.66,86.67,51.12,86.48,96.14,75.47,74.59,147.58,67.89,74.63,94.88,56.76,110.3,89.82,79.73,67.24,62.62,107.15,134.69,88.99,117.61,95.2,11.0,38.28,84.12,101.59,64.69,81.77,94.72,77.83,148.18,61.44,81.92,44.66,91.1,70.24,42.61,52.2,67.53,42.35,81.33,91.22,73.26,103.28,78.66,96.14,69.81,84.5,127.53,65.1,95.57,110.3,53.01,88.64,55.94,70.0,77.72,42.66,105.71,35.5,125.86,76.51,70.8,90.47,87.52,102.56,71.06,125.46,68.75,62.2,50.02,71.49,75.85,115.53,113.01,97.66,104.85,71.97,56.42,87.99,92.0,74.05,52.13,84.92,58.48,49.24,139.19,83.3,98.63,74.88,111.24,21.57,90.61,71.66,23.47,135.11,32.06,59.58,67.95,50.58,51.83,24.55,86.6,68.45,77.11,70.94,45.05,58.91,84.56,87.34,56.12,61.92,45.56,85.34,92.25,74.26,84.01,88.72,110.26,126.86,127.45,85.6,70.43,28.16,61.88,88.47,94.92,66.46,121.23,34.09,40.55,69.17,56.08,159.85,87.08,34.42,44.34,22.17,100.96,117.41,78.79,142.72,50.54,98.98,47.53,55.53,95.91,117.36,41.33,98.05,140.78,90.19,49.39,99.92,55.21,102.62,139.47,74.29,58.1,100.77,42.65,80.9,91.39,60.09,57.38,86.1,102.04,77.28,80.43,85.2,81.63,78.22,52.15,65.56,82.11,53.9,74.15,23.15,116.56,118.24,67.42,64.27,35.47,101.74,55.87,77.39,72.38,103.19,105.74,73.42,120.95,129.08,103.44,74.31,61.54,57.2,79.71,41.13,57.75,61.64,19.3,0.0,80.29,117.4,6.98,93.86,71.72,92.64,40.06,83.31,64.32,59.16,80.63,93.57,31.2,99.94,71.71,88.62,75.2,48.55,73.38,115.12,99.09,118.56,90.51,88.88,82.22,68.87,105.74,63.62,104.14,80.75,21.21,63.78,115.8,105.51,69.08,81.5,57.52,44.39,30.16,55.67,113.02,86.06,48.28,68.87,90.73,112.49,36.09,40.57,140.65,73.61,114.49,16.16,73.15,73.69,70.94,72.52,75.74,117.97,118.97,87.35,94.6,111.01,69.68,86.49,65.92,80.7,34.16,38.16,53.36,80.67,69.11,64.15,23.08,65.11,82.42,85.34,74.12,105.17,88.4,56.74,57.31,96.23,62.71,49.88,59.71,100.71,85.24,69.87,71.05,126.15,44.11,15.19,99.99,54.44,69.93,127.24,69.51,88.69,46.25,68.23,51.65,37.57,88.27,145.17,43.39,88.81,53.27,90.6,81.53,77.16,99.34,105.21,88.19,107.07,54.61,128.02,84.23,63.27,95.82,96.27,43.55,98.26,85.7,50.22,50.11,54.59,61.63,75.75,62.29,4.98,93.99,97.82,119.94,55.96,65.19,134.67,55.88,122.38,73.82,96.76,118.48,73.53,66.79,98.76,94.54,77.92,63.32,69.2,75.77,63.26,35.82,78.47,89.37,70.83,104.85,73.5,108.22,96.97,99.45,82.21,103.41,83.67,65.25,75.92,99.78,47.06,92.9,60.78,92.57,79.88,27.8,68.1,41.44,102.2,93.34,23.42,46.66,62.43,113.83,99.92,67.83,95.98,50.25,43.09,81.48,63.42,25.39,72.6,25.54,95.22,99.94,96.66,12.12,105.89,81.87,54.49,76.19,111.19,44.58,106.84,83.98,79.39,67.24,52.91,47.15,83.05,92.51,106.19,122.6,86.82,55.7,75.95,95.95,91.54,135.38,114.53,74.09,103.29,81.2,102.11,101.44,43.07,104.23,11.22,70.16,57.41,66.7,94.16,38.46,71.1,99.21,134.08,65.11,52.25,24.87,58.14,103.88,82.67,86.42,100.58,58.34,112.83,81.96,107.29,73.96,62.81,58.83,36.44,115.88,65.31,54.53,64.24,77.12,110.47,75.92,54.64,59.79,59.73,112.32,38.9,93.44,78.55,79.14,100.84,74.07,65.7,52.34,42.31,34.46,79.9,76.39,49.77,76.59,20.84,49.66,56.26,37.79,81.15,107.96,89.98,111.32,53.74,94.58,86.4,101.21,82.92,108.47,85.64,75.9,58.17,73.05,48.17,,,,,,,1.12
,,,,,,,,,,,,,,,,,,,,,,,,,,,85.98,102.55,13.27,89.25,126.73,34.11,80.37,80.51,61.91,101.0,85.6,77.01,77.34,139.96,70.18,76.45,89.95,66.15,119.73,85.87,79.76,77.42,80.6,121.79,123.54,82.18,116.93,100.74,12.2,50.68,94.2,100.33,84.37,94.37,94.89,82.59,130.52,67.56,77.21,48.87,101.4,82.98,41.3,65.6,76.05,66.86,87.5,97.45,79.24,104.64,84.59,93.64,82.08,104.08,120.14,64.95,91.38,111.95,66.84,117.66,61.98,76.7,73.82,50.34,110.65,32.38,134.16,81.28,97.89,98.74,92.77,112.79,64.23,131.44,64.72,77.39,51.22,79.38,89.44,116.35,115.0,95.7,100.09,102.46,70.03,83.83,112.16,68.86,57.34,89.92,59.93,48.76,146.7,77.1,95.98,88.18,108.1,29.7,107.89,72.92,33.07,140.56,38.93,61.11,74.2,69.45,60.51,35.24,93.12,79.42,89.5,81.6,52.71,74.24,102.37,88.44,70.62,77.17,53.36,87.2,90.22,83.57,91.18,98.24,101.9,119.85,128.26,89.87,86.85,37.06,73.28,86.19,92.1,69.7,113.9,33.44,56.29,68.22,63.14,163.99,88.11,52.45,62.83,37.73,108.18,125.87,84.67,146.69,70.5,104.14,58.88,58.86,92.68,113.7,61.9,105.92,130.33,87.62,58.35,121.07,53.78,103.97,138.13,81.16,72.39,91.73,63.66,83.98,92.24,66.85,55.29,109.9,111.95,102.92,100.45,87.2,92.48,96.56,53.8,81.25,84.92,69.38,78.93,46.66,96.29,120.09,83.44,81.07,46.72,114.41,61.33,83.75,70.37,106.86,110.4,70.59,136.17,132.7,116.72,89.16,68.43,63.72,87.02,53.02,54.67,66.14,44.54,4.34,95.69,110.57,18.4,99.56,80.55,87.31,46.8,101.84,89.52,61.9,80.63,98.89,31.29,100.88,74.33,88.72,83.75,61.6,93.39,124.42,108.01,118.19,95.14,93.73,95.55,67.57,112.01,70.82,115.73,94.29,33.93,71.69,117.18,120.5,69.87,82.47,65.83,55.13,31.85,65.01,113.06,89.98,63.31,80.96,100.71,107.39,38.47,48.27,139.09,62.6,111.08,37.39,81.77,74.39,87.16,74.98,83.95,133.88,117.58,84.97,96.49,129.29,70.74,85.24,69.04,80.77,43.52,43.89,77.7,78.15,73.77,71.08,27.84,87.73,96.0,88.08,79.65,99.16,87.04,60.17,73.34,98.16,72.17,61.26,65.12,109.53,80.36,84.51,82.34,135.98,52.6,27.08,91.59,59.28,73.61,135.55,77.68,90.62,56.17,76.93,53.44,57.54,102.11,140.46,59.82,85.09,65.27,96.9,96.16,100.93,94.2,99.9,88.87,88.69,69.29,140.39,95.26,77.34,105.2,95.04,35.57,99.99,91.59,56.87,50.87,55.51,71.14,72.82,90.45,22.61,104.92,84.43,124.5,65.46,65.69,133.32,73.49,124.04,85.4,108.27,121.47,83.71,85.29,108.82,102.16,80.35,66.18,74.06,68.91,51.6,43.36,98.46,86.57,72.02,115.49,75.41,112.75,96.23,113.97,86.61,89.85,89.72,79.74,97.85,95.95,41.76,90.69,70.87,93.04,86.19,46.54,73.74,64.29,106.64,90.97,39.43,61.39,67.25,117.57,122.23,83.0,101.36,73.33,63.65,87.75,71.5,52.95,83.05,43.63,96.81,94.39,84.83,23.89,128.39,78.89,67.09,74.72,100.14,38.91,118.93,87.33,79.83,79.14,63.39,69.02,86.42,82.51,113.04,118.99,79.92,46.25,82.73,80.72,102.98,119.47,113.59,82.58,111.79,89.2,102.63,94.29,53.98,110.55,27.86,76.8,69.24,64.52,97.6,41.97,71.5,97.41,137.02,81.36,61.19,32.84,64.23,108.44,97.07,82.22,90.71,70.65,105.49,83.2,97.51,79.31,73.75,71.78,45.84,118.14,58.62,46.06,67.83,70.11,117.92,97.5,45.03,69.22,70.83,118.67,48.04,91.36,88.74,76.74,95.73,79.43,88.73,71.0,41.74,33.97,91.84,87.81,63.59,99.35,35.87,54.75,63.61,55.14,96.82,98.71,101.65,113.76,70.37,100.25,112.82,101.13,83.57,113.3,94.29,79.98,63.98,85.55,52.06,,,,,,,0.8
,,,,,,,,,,,,,,,,,,,,,,,,,,,105.33,107.61,31.07,95.04,122.72,38.16,79.63,98.0,71.1,110.99,95.03,82.81,77.9,160.54,84.5,97.04,90.69,63.85,119.93,95.99,97.84,95.58,94.41,142.14,129.26,84.43,120.38,120.24,23.56,57.85,97.18,94.16,102.45,104.48,109.85,82.78,128.8,87.75,93.61,67.13,114.57,103.0,55.42,66.96,112.1,78.28,95.57,100.68,74.27,105.07,83.81,101.0,77.03,108.32,138.14,66.41,104.13,123.16,79.7,122.45,68.52,83.65,84.63,63.24,129.77,40.92,133.95,92.2,102.82,103.55,96.67,123.82,65.49,147.45,77.04,92.08,49.81,95.5,92.06,114.04,94.3,105.87,114.44,112.26,61.97,97.24,119.76,74.36,75.04,92.02,77.8,65.45,157.18,102.0,116.97,104.11,113.5,45.03,100.04,98.01,37.04,143.59,49.28,83.27,87.4,83.8,65.21,61.36,114.18,86.67,91.07,87.25,72.78,79.03,84.4,106.41,75.59,88.13,58.43,90.69,100.7,95.4,100.3,121.54,99.39,112.96,143.14,102.91,90.03,61.61,85.79,93.3,111.25,92.85,103.39,44.53,83.8,72.87,62.6,143.22,83.74,64.2,77.81,34.35,128.81,136.09,85.66,155.0,89.0,115.98,72.58,76.92,117.12,108.64,52.67,117.46,113.05,93.38,70.15,133.57,59.79,104.63,136.13,86.87,85.03,95.85,76.73,85.22,87.56,74.68,55.95,119.08,116.8,119.85,120.69,104.85,102.09,95.53,64.05,84.81,88.84,83.52,58.27,66.37,90.26,114.27,96.86,102.22,64.13,141.26,72.11,95.46,72.46,127.54,107.13,71.98,142.58,140.8,132.82,122.49,75.43,81.38,97.54,57.03,44.05,73.0,69.37,35.18,97.43,118.28,49.36,91.21,98.25,110.99,65.06,101.55,105.0,80.36,95.26,99.47,45.06,106.25,82.99,91.01,90.85,79.47,116.63,135.23,121.94,130.18,92.96,111.93,99.16,73.05,113.2,79.87,127.21,112.04,50.75,79.3,121.63,143.02,69.68,96.17,72.85,58.98,41.96,76.34,118.23,95.76,84.83,82.22,97.35,102.69,58.26,61.13,146.57,70.1,115.14,60.7,79.1,82.53,96.18,78.08,101.0,143.2,146.51,89.72,97.01,133.03,94.91,78.86,74.56,86.24,64.41,44.46,68.48,75.84,85.22,73.72,45.25,96.07,110.1,109.09,90.26,96.07,101.86,53.58,91.91,91.05,95.79,80.52,63.66,119.63,80.24,99.87,76.88,136.03,38.48,52.89,92.67,58.07,84.14,142.7,74.17,92.57,65.88,74.02,75.03,81.82,104.29,143.21,84.79,92.91,81.36,117.87,104.17,97.69,97.04,104.13,114.02,95.03,87.69,161.02,116.7,93.27,108.06,98.7,60.22,103.25,118.41,75.31,55.28,66.0,89.14,79.19,105.5,34.07,108.64,71.64,127.31,89.68,73.14,134.94,97.26,123.74,85.93,118.88,128.15,91.96,100.93,107.83,109.38,64.27,81.87,72.53,74.63,59.48,40.18,117.09,98.97,67.13,109.14,66.95,121.26,116.61,111.41,88.19,91.57,88.74,74.72,110.81,100.68,58.65,91.34,91.33,94.2,70.71,63.97,81.76,89.9,117.59,93.01,47.29,79.02,75.47,137.03,134.83,102.0,116.51,88.74,93.95,98.94,83.18,59.25,84.47,51.54,121.09,86.96,83.42,34.19,141.44,103.05,80.07,93.55,99.58,52.8,132.99,96.8,82.01,87.56,72.73,79.98,103.59,90.28,137.1,109.76,94.9,58.15,87.73,83.05,114.67,111.21,120.38,95.31,119.41,106.36,114.53,98.82,76.44,128.28,46.7,88.56,75.32,69.72,120.92,58.85,92.21,106.13,139.85,104.37,80.14,43.72,67.71,120.2,107.69,95.02,104.31,99.09,104.93,94.33,94.44,97.32,85.0,84.34,78.14,101.83,87.14,41.64,83.63,85.64,136.51,97.14,62.37,83.62,101.33,119.53,68.29,104.08,107.55,90.89,82.8,90.38,95.9,85.55,35.44,28.11,107.68,93.65,79.0,99.79,48.04,74.2,70.29,65.68,99.81,98.56,110.43,98.65,95.64,115.08,121.16,100.95,89.1,117.56,99.54,78.89,67.24,96.55,70.42,,,,,,,0.74
,,,,,,,,,,,,,,,,,,,,,,,,,,,95.52,99.52,35.99,89.5,123.85,37.04,63.65,99.38,59.54,94.17,76.9,87.84,76.34,134.77,82.65,116.07,91.9,69.09,119.89,85.22,94.41,92.68,94.33,138.78,127.11,70.95,113.27,120.67,38.63,62.52,93.64,96.5,87.09,101.03,110.26,99.48,107.1,91.49,79.91,100.09,108.33,102.87,79.74,66.39,109.59,79.97,101.93,96.96,86.24,97.75,75.44,88.5,70.8,108.26,124.53,85.53,97.07,110.12,76.91,123.4,74.03,97.99,78.43,61.43,131.72,51.32,125.02,92.38,94.19,111.41,102.54,120.56,90.86,143.56,78.89,75.84,56.28,110.14,85.42,115.29,78.74,86.55,105.06,114.74,51.4,90.6,119.16,78.57,90.24,92.38,85.88,80.89,135.68,102.97,126.17,96.77,105.77,39.35,104.83,111.0,49.95,132.16,48.26,101.85,76.39,88.57,58.01,68.09,124.7,88.55,85.82,96.23,88.6,62.12,81.26,111.04,71.04,95.19,71.74,89.55,90.91,109.27,97.51,123.91,91.64,106.68,147.04,102.77,85.89,73.28,89.97,100.91,99.58,89.05,104.08,71.69,84.86,87.28,58.4,132.51,61.89,57.36,69.15,38.18,109.84,122.63,76.63,137.37,91.47,93.58,80.03,86.05,128.44,91.95,51.71,115.6,94.4,106.07,78.71,120.05,77.27,95.73,126.47,95.17,95.16,90.63,66.12,77.21,82.94,80.46,71.17,114.46,113.43,116.21,128.51,110.39,117.6,96.15,62.17,71.36,111.86,89.5,64.97,56.58,68.06,126.71,97.87,104.8,77.25,141.41,69.96,95.26,68.97,120.43,91.34,69.48,141.05,145.86,127.47,113.59,81.24,72.24,109.36,63.99,51.3,80.74,74.04,48.79,91.53,118.29,75.47,89.1,77.14,98.43,61.94,77.41,93.24,74.59,93.38,82.47,66.85,105.34,94.95,101.96,95.94,90.15,117.7,125.12,121.32,119.31,95.15,114.41,91.07,78.67,96.69,81.19,137.89,100.37,60.86,73.32,115.68,122.77,80.55,108.3,73.21,84.18,45.71,86.19,108.66,93.39,109.58,71.42,90.45,98.25,54.81,48.05,128.31,83.22,105.91,70.93,90.14,74.75,96.16,78.03,94.3,137.19,134.33,92.77,81.69,132.3,96.64,79.26,78.87,76.13,81.31,54.82,71.42,88.6,99.37,79.5,61.7,103.66,98.58,102.42,77.11,85.57,107.08,63.3,90.63,95.74,97.12,90.96,45.28,117.85,102.36,119.04,59.3,126.21,46.42,66.37,104.3,59.86,79.38,130.29,78.76,105.61,72.33,99.61,73.58,85.48,114.55,120.62,95.24,92.53,95.56,121.09,121.12,97.68,82.64,104.09,119.75,85.57,98.59,151.03,124.05,90.15,117.77,86.67,63.85,97.95,113.55,70.09,67.24,82.6,83.43,83.16,115.27,53.65,95.58,69.71,101.16,74.58,69.74,131.84,94.88,121.64,86.59,114.78,125.26,89.4,80.67,109.28,104.9,51.6,82.05,70.49,80.33,53.61,52.72,113.74,98.77,67.13,100.13,68.48,104.21,126.21,111.44,89.98,87.3,81.95,72.95,118.65,84.34,64.18,85.66,99.88,99.13,60.01,77.53,90.48,89.67,117.31,85.4,58.02,87.91,90.06,132.32,122.75,93.17,112.44,87.56,112.08,96.8,87.84,61.18,77.38,56.94,113.74,85.17,82.45,50.44,132.91,98.79,85.36,111.51,86.63,58.26,127.12,100.25,94.41,72.61,83.3,70.66,93.08,96.34,124.15,106.21,86.82,73.46,88.76,93.65,98.18,91.7,110.57,96.36,114.12,99.14,115.35,81.19,81.96,118.32,57.87,107.27,77.13,82.3,136.1,62.66,99.59,122.31,125.59,107.38,76.64,57.34,92.71,107.1,118.83,103.22,111.44,104.13,108.47,82.41,107.72,83.83,106.56,64.05,75.56,95.75,85.96,58.9,110.93,76.11,126.8,88.76,70.83,96.41,108.9,112.19,83.7,119.36,105.85,97.97,84.03,101.48,94.19,75.31,32.06,39.16,95.12,90.79,85.78,103.47,58.56,75.4,73.42,74.79,100.73,101.82,87.12,94.81,81.77,106.09,113.42,100.35,83.83,121.46,98.15,81.05,72.97,74.99,85.2,,,,,,,0.76
,,,,,,,,,,,,,,,,,,,,,,,,,,,74.38,74.34,44.06,74.28,89.44,41.54,52.5,91.88,61.37,81.18,63.45,65.85,64.23,99.21,60.5,81.84,65.85,42.63,83.19,58.99,88.29,79.48,81.62,122.56,91.51,66.65,90.0,100.08,43.54,64.77,91.65,75.86,70.1,91.12,94.21,86.24,82.87,79.45,64.44,77.99,97.2,82.83,83.82,53.44,81.53,67.89,86.49,76.8,77.07,87.2,63.33,71.93,59.29,89.63,104.57,66.47,77.62,97.52,70.34,109.77,69.35,82.31,60.67,53.25,104.93,55.38,108.4,77.06,75.87,109.36,83.98,100.66,85.59,109.96,70.94,64.92,61.56,81.09,79.13,86.68,68.58,71.85,82.43,82.97,39.82,80.02,89.07,63.94,63.71,70.97,61.77,69.95,105.21,86.3,101.2,73.35,80.82,23.1,90.33,87.61,41.83,117.66,47.97,91.46,54.96,76.96,62.89,55.99,103.1,79.46,80.19,77.62,81.97,54.13,74.53,80.05,53.9,78.8,55.81,68.41,71.12,98.12,71.32,97.67,83.8,69.49,121.67,68.55,80.59,64.16,76.74,78.86,81.63,75.66,93.36,65.7,62.61,76.75,45.21,110.42,53.79,51.59,58.37,35.28,85.83,103.9,73.25,104.65,78.82,72.03,71.69,69.25,114.84,74.2,42.04,77.3,73.1,83.6,57.15,98.34,65.57,76.56,105.99,83.73,87.44,69.29,51.29,61.31,57.72,69.9,71.39,82.01,83.95,84.71,95.02,84.66,94.39,84.86,56.56,60.55,102.75,70.12,56.45,47.78,63.73,98.69,75.72,74.33,57.04,130.64,43.7,85.38,57.04,101.89,65.68,56.84,105.02,119.67,96.73,94.47,68.65,52.79,104.07,60.88,42.2,62.74,59.51,54.29,77.72,103.53,66.31,61.1,81.66,89.96,59.97,56.77,73.95,55.48,69.44,64.95,62.5,81.8,79.29,90.44,70.24,79.93,82.87,97.17,85.9,109.81,76.47,89.55,62.61,57.89,66.35,70.97,133.61,78.93,59.4,55.79,97.67,109.87,66.54,91.72,63.17,74.64,50.59,77.63,90.64,77.85,81.32,54.6,76.89,92.09,52.64,45.89,94.5,82.39,64.73,58.42,81.95,70.33,74.69,57.88,78.14,107.38,103.7,77.96,60.49,95.57,81.84,56.53,73.79,64.86,64.71,46.81,49.57,76.16,87.32,83.6,66.35,103.92,86.95,86.99,73.78,74.59,89.64,70.08,76.49,87.47,81.89,89.22,39.18,90.62,74.55,98.2,49.05,106.19,43.15,59.8,89.54,43.5,58.47,107.91,73.72,86.73,68.48,81.77,54.03,66.06,83.65,103.84,69.76,83.06,84.63,83.58,105.65,74.09,61.83,90.4,102.24,74.61,85.47,102.89,95.88,83.08,110.21,95.22,46.79,84.37,89.53,66.82,77.66,77.43,67.42,71.51,98.58,45.51,74.17,63.91,88.54,67.3,56.84,101.24,84.96,91.29,74.62,85.74,94.85,74.04,74.58,88.21,77.72,44.8,68.77,66.12,66.58,38.56,62.55,98.53,83.18,64.51,80.99,47.52,90.45,100.76,108.04,75.91,55.5,71.56,64.37,108.43,73.37,55.1,73.27,74.72,72.73,61.74,73.48,68.76,63.21,111.28,77.13,51.56,81.1,88.59,103.22,92.24,75.86,97.87,88.05,98.61,82.96,59.97,59.83,53.12,58.75,79.9,65.99,69.66,55.41,105.06,85.44,65.6,76.28,68.34,63.26,96.58,75.05,79.43,76.69,73.46,59.73,75.15,82.14,93.0,80.93,70.33,61.98,88.6,63.32,72.17,68.63,98.25,75.12,94.13,74.54,100.85,64.53,69.78,90.57,44.02,106.61,69.33,56.52,115.96,44.22,85.92,91.16,99.14,73.68,61.24,62.09,86.87,75.78,89.16,69.51,98.97,68.84,93.29,61.8,82.05,70.16,100.85,41.48,65.04,79.0,67.91,48.34,105.97,54.54,99.9,87.79,67.4,86.79,96.68,88.4,85.2,103.43,85.81,80.68,69.28,69.12,73.0,65.59,34.1,37.2,67.04,82.5,70.74,81.38,50.63,61.15,64.67,72.4,85.1,93.73,73.25,69.45,62.41,87.94,83.13,87.08,73.94,86.54,78.7,67.81,70.07,51.43,73.15,,,,,,,0.9
,,,,,,,,,,,,,,,,,,,,,,,,,,,40.37,46.91,31.65,42.78,49.09,32.99,29.21,52.85,34.21,47.28,37.74,41.08,44.2,59.36,40.69,45.45,41.88,27.69,47.65,33.86,53.35,43.43,45.95,66.63,49.71,40.87,48.8,65.06,29.62,42.2,65.97,48.34,42.41,49.15,54.39,53.72,44.87,40.2,46.16,48.99,56.2,57.11,54.14,33.93,49.75,35.22,55.21,48.01,41.97,54.33,36.81,39.07,38.15,55.8,55.67,44.34,40.69,51.03,45.92,71.57,48.79,47.84,44.48,33.36,64.81,37.61,63.82,45.84,49.08,67.77,41.81,49.99,54.66,54.93,40.54,34.95,40.48,51.14,49.08,53.02,35.17,42.29,54.78,47.24,29.4,45.72,56.57,39.95,37.42,51.69,34.76,46.88,57.55,50.96,61.2,42.81,41.76,13.05,59.79,56.7,24.71,70.19,38.83,55.7,32.79,50.08,41.11,37.16,59.24,53.42,53.11,48.06,45.08,34.74,47.25,52.62,27.9,47.12,33.63,32.41,41.72,53.37,46.51,54.43,56.39,38.21,68.7,39.2,45.16,43.43,49.79,39.7,49.23,44.83,55.72,37.61,41.48,43.74,28.36,61.72,33.95,32.43,44.37,25.42,54.42,58.79,39.44,58.36,47.99,47.53,44.04,39.62,70.89,43.76,25.74,37.61,43.51,47.16,36.86,57.59,37.75,49.24,59.71,55.37,57.96,38.17,32.97,40.5,32.58,41.52,36.59,50.27,46.97,47.4,54.82,52.55,59.45,61.67,34.95,32.2,49.6,40.74,27.89,25.91,32.02,58.93,39.65,37.54,39.12,73.72,28.41,48.77,40.02,52.77,42.7,31.28,58.69,60.37,54.19,52.76,34.43,37.34,60.74,40.38,28.59,34.89,36.55,36.13,45.75,51.04,36.82,44.41,45.43,55.52,33.45,44.75,58.9,32.21,38.71,41.2,29.91,51.63,47.72,51.85,40.98,48.29,58.73,61.25,54.31,65.09,48.68,46.64,35.51,32.98,43.86,47.62,77.68,53.01,40.78,35.72,55.29,65.66,48.79,50.46,41.96,48.64,35.07,42.32,48.69,46.38,40.57,32.08,42.65,49.14,40.39,29.22,56.49,51.85,44.68,33.61,36.76,51.35,45.29,40.66,40.82,50.78,65.17,52.22,40.04,55.05,44.95,43.8,41.15,42.53,38.89,24.04,26.32,36.93,53.55,50.65,46.08,55.59,40.43,63.82,48.5,45.2,51.16,37.31,46.13,59.08,48.72,53.11,28.14,62.25,36.52,57.11,30.01,60.82,29.55,41.94,57.38,30.99,34.77,61.4,39.71,56.31,45.25,43.77,39.93,41.26,44.7,59.62,40.01,46.42,56.77,49.8,59.31,41.47,38.7,54.73,68.3,45.67,55.62,57.46,55.56,47.2,60.66,56.55,23.39,52.95,60.73,42.64,45.33,49.31,36.61,47.67,45.95,31.65,43.81,40.44,46.76,40.01,46.57,55.27,57.4,49.22,50.21,46.93,51.96,43.79,50.73,47.4,51.66,21.71,45.63,45.01,36.5,31.67,32.03,55.58,51.92,42.58,43.55,26.01,58.31,51.46,53.88,49.73,35.98,49.31,43.17,62.02,46.64,36.78,53.09,48.43,43.5,37.44,47.85,43.88,38.23,73.16,50.14,34.01,49.51,51.69,63.82,50.72,51.23,54.69,45.31,54.18,50.14,31.86,36.18,37.78,40.28,51.46,50.72,41.92,33.15,63.7,47.46,41.98,42.45,35.87,38.6,54.35,42.31,43.77,47.48,49.42,32.54,48.18,54.23,50.36,45.31,41.97,38.89,56.25,40.42,40.43,45.75,64.42,52.12,51.78,44.64,56.86,40.22,43.22,55.39,25.61,62.38,40.74,36.22,66.64,29.85,60.45,55.28,60.32,37.79,46.78,42.8,44.56,45.69,54.39,41.06,60.52,37.56,52.73,33.54,47.27,42.99,52.45,21.13,34.7,46.68,48.56,29.81,56.54,36.85,51.06,54.88,32.05,48.76,56.71,53.65,47.77,60.95,59.23,42.08,40.44,42.01,49.56,41.76,27.84,30.98,40.41,48.51,44.33,47.92,34.8,35.0,34.18,40.8,49.79,59.37,43.71,39.97,37.84,44.24,47.64,41.55,36.52,56.24,50.25,38.49,39.79,33.95,41.11,,,,,,,1.02
,,,,,,,,,,,,,,,,,,,,,,,,,,,16.23,16.11,12.91,13.41,15.12,10.01,10.8,18.0,10.59,14.94,12.34,15.3,15.19,18.54,14.04,14.06,16.31,12.32,16.81,12.21,17.5,15.7,16.41,18.63,17.59,14.93,15.39,20.15,9.23,12.57,20.02,16.12,11.61,16.27,15.73,20.05,14.62,14.37,16.28,14.02,17.38,16.62,15.44,11.42,14.56,11.2,19.28,16.67,13.88,17.26,12.89,15.72,11.47,17.89,17.45,14.05,13.1,15.76,16.12,26.42,15.14,13.71,15.82,11.55,19.79,9.86,18.98,16.23,15.39,17.9,13.26,13.19,17.43,17.63,14.77,12.18,14.43,16.9,15.23,18.83,13.09,12.45,16.25,15.83,13.02,14.59,17.23,14.31,15.74,16.5,11.76,14.47,18.82,16.28,18.33,17.01,12.86,3.15,17.27,15.57,10.17,24.28,15.02,17.97,12.15,15.87,13.88,13.94,17.36,17.61,19.75,14.83,14.29,12.2,16.84,19.0,12.39,17.07,12.11,13.95,13.87,17.56,17.87,16.26,21.14,14.2,22.46,11.32,17.54,14.19,16.9,12.68,16.3,16.89,17.86,14.03,13.59,13.38,11.21,18.99,10.06,10.47,15.07,10.82,17.27,17.59,15.06,19.34,14.19,16.17,14.1,14.0,20.21,13.15,10.1,12.21,15.36,14.01,15.43,17.07,14.08,16.65,18.6,19.16,16.24,13.42,11.35,13.67,11.78,13.32,11.39,18.33,12.04,13.51,15.39,17.52,17.02,19.16,12.76,10.26,14.41,11.81,10.78,9.48,11.39,18.45,15.21,11.26,13.84,23.89,11.66,15.93,14.37,18.63,12.43,10.49,17.17,19.58,16.84,17.94,10.42,11.64,18.83,13.9,14.27,12.64,13.44,12.88,14.42,15.5,13.01,16.07,14.36,18.84,11.94,13.41,18.13,12.81,13.49,14.72,9.8,15.09,14.08,15.18,15.66,16.48,19.03,18.89,19.65,19.41,16.4,18.4,11.5,10.88,14.66,17.06,22.01,17.16,13.14,14.73,14.56,20.55,18.25,14.96,15.36,14.18,12.76,15.51,14.57,13.74,11.57,11.95,14.82,13.45,13.31,10.86,16.5,16.93,17.45,13.37,10.43,20.09,14.31,12.57,11.61,12.28,23.39,20.28,10.55,20.93,15.88,12.55,13.64,12.88,15.1,11.78,9.31,11.72,18.26,18.11,15.65,17.8,10.46,20.71,18.44,14.08,17.55,10.97,16.38,17.42,15.81,18.62,9.71,18.39,11.17,18.46,10.82,21.24,9.67,12.72,19.39,13.01,10.8,18.24,9.76,17.27,15.93,12.79,15.12,15.74,13.22,19.06,12.77,13.1,17.92,13.92,19.62,11.41,16.18,17.86,18.86,13.79,17.21,19.0,16.93,15.83,17.88,19.24,10.2,18.38,18.63,10.54,14.63,17.16,10.69,15.52,13.67,12.0,12.72,11.58,14.96,14.79,16.47,19.38,17.91,14.75,15.22,15.53,15.87,14.62,17.64,14.97,17.68,7.83,16.6,14.93,11.27,10.61,11.26,15.71,20.61,14.82,14.17,6.06,18.3,16.15,18.1,14.5,13.83,18.8,12.9,21.47,13.12,13.17,19.85,18.11,14.67,12.2,16.07,13.24,11.66,22.42,15.21,11.04,18.04,15.57,20.52,15.33,16.11,18.51,16.7,19.28,17.52,9.24,10.05,13.1,14.61,13.46,16.1,13.59,11.58,19.71,16.27,13.33,10.92,13.7,12.71,16.16,12.65,12.63,17.08,15.5,9.82,16.56,18.52,17.34,13.01,13.88,13.49,18.66,13.17,13.3,13.99,19.94,17.22,14.37,11.71,17.95,14.74,15.23,18.41,11.68,18.06,14.59,11.77,22.03,13.89,18.56,18.15,18.22,12.76,14.4,14.83,13.41,14.0,16.61,13.28,18.68,11.94,16.36,13.04,12.32,11.01,16.2,8.59,12.77,15.84,15.08,8.66,19.06,13.64,16.98,18.16,10.04,15.63,19.16,15.91,16.67,18.92,20.19,12.21,13.25,13.59,16.15,16.69,11.72,13.33,11.98,15.01,12.74,16.46,11.05,12.42,11.15,15.99,15.62,18.64,17.01,13.21,12.66,15.69,15.21,12.28,13.28,16.49,16.76,12.57,13.11,11.25,17.4,,,,,,,1.08
,,,,,,,,,,,,,,,,,,,,,,,,,,,6.45,5.98,5.64,4.28,5.96,3.84,4.06,7.31,3.89,5.83,5.98,5.75,7.71,7.46,4.46,5.96,7.53,6.19,6.39,5.64,5.37,6.54,7.26,7.55,7.59,6.43,5.51,8.96,3.85,4.48,8.28,6.52,4.24,6.75,6.03,7.63,6.05,5.17,6.62,5.46,6.62,6.54,4.6,4.98,5.76,5.12,6.95,5.79,5.53,6.15,5.31,6.14,3.62,6.49,7.19,6.08,5.85,6.38,7.03,9.38,4.76,5.67,7.58,5.61,7.42,3.88,7.23,6.3,5.78,6.31,4.96,4.98,6.59,6.99,5.41,5.99,5.43,7.29,5.81,7.28,6.46,5.29,6.01,4.82,5.82,6.07,6.82,6.4,6.83,6.05,4.21,6.69,6.63,5.74,7.61,7.37,5.11,1.87,6.65,5.31,4.83,8.97,6.32,8.11,4.24,5.71,4.85,6.14,7.33,6.45,8.61,6.17,5.57,5.45,6.68,8.73,6.14,6.43,5.62,5.78,6.96,7.47,6.4,6.69,8.3,5.6,8.23,4.64,5.55,5.45,6.25,4.33,5.73,7.05,7.18,6.01,4.48,4.81,5.17,8.82,5.61,5.04,5.63,4.28,6.48,6.77,6.49,7.39,5.55,6.72,6.95,6.45,8.34,5.06,3.56,4.29,5.56,5.27,6.41,7.15,4.78,6.72,7.0,7.32,6.18,6.45,4.05,4.41,5.75,5.84,4.02,8.05,5.09,5.67,6.63,7.37,6.6,8.21,5.19,5.24,5.31,5.33,4.78,3.73,4.47,7.4,6.66,4.73,5.99,9.21,5.11,4.95,6.92,7.34,4.54,4.16,6.91,6.81,6.58,7.09,4.22,5.84,7.74,6.2,6.61,5.6,5.12,5.93,5.69,5.4,5.02,7.51,5.94,6.96,5.3,6.08,5.92,5.59,4.94,6.68,3.1,5.63,5.02,5.49,5.96,5.9,7.23,8.14,6.8,7.41,6.19,7.84,5.49,4.53,6.23,7.5,8.08,7.04,5.22,6.29,5.37,7.83,8.04,5.77,6.68,5.69,5.47,6.9,4.5,5.93,4.49,4.0,6.93,3.57,5.42,4.43,6.66,7.02,6.52,5.57,3.74,6.71,5.56,4.97,5.1,3.84,8.7,6.87,3.7,7.63,7.0,6.31,6.06,5.22,6.11,5.44,3.4,4.36,6.36,8.38,6.32,7.25,4.92,6.53,7.01,6.01,5.96,4.92,6.04,7.37,5.83,6.31,4.05,7.13,4.75,6.42,3.41,8.18,4.33,5.24,6.9,5.21,3.98,6.51,3.67,6.2,5.94,4.83,4.63,5.87,5.9,7.06,6.22,5.13,7.69,5.32,7.95,4.42,6.82,7.53,6.75,5.83,6.91,7.69,6.63,5.87,7.39,8.15,3.34,7.44,6.92,4.67,5.53,6.51,3.76,6.98,5.53,5.04,5.1,3.89,5.73,7.1,6.88,7.27,7.75,5.43,6.24,6.42,5.75,5.59,6.8,7.2,7.55,3.6,6.85,5.46,4.47,3.57,5.61,6.95,8.84,6.16,5.65,4.06,7.02,6.92,7.17,4.78,5.53,6.91,4.72,8.57,5.33,5.13,7.23,7.51,6.16,4.45,5.48,6.47,4.13,8.71,6.5,3.62,7.29,5.19,7.29,5.7,6.8,7.87,6.36,7.86,6.73,4.03,4.63,4.46,7.91,5.08,5.76,5.86,4.12,7.56,6.84,5.48,4.36,6.02,4.59,7.22,4.69,5.09,7.5,6.58,4.74,5.94,8.27,7.19,4.91,5.18,5.17,6.6,5.92,5.2,4.81,7.22,6.45,5.77,4.97,7.29,6.31,5.8,7.11,5.33,6.31,5.05,4.47,7.97,5.2,6.62,7.81,8.03,5.13,6.94,4.34,5.73,5.59,5.62,4.5,7.54,4.92,6.79,5.73,5.23,3.71,5.91,3.74,5.78,5.75,7.11,4.32,8.39,6.06,6.92,6.06,3.79,7.62,6.92,6.12,6.13,6.9,7.94,5.13,5.46,4.72,6.1,7.62,5.77,5.97,5.05,6.01,5.33,6.15,4.67,5.63,4.09,5.2,6.25,6.89,6.79,5.56,6.05,6.33,6.84,4.0,6.55,5.99,6.16,5.86,5.35,4.49,7.28,,,,,,,1.18
,,,,,,,,,,,,,,,,,,,,,,,,,,,0.0,0.0,0.0,0.0,0.0,0.0,0.0,0.0,0.0,0.0,0.0,0.0,0.0,0.0,0.0,0.0,0.0,0.0,0.0,0.0,0.0,0.0,0.0,0.0,0.0,0.0,0.0,0.0,0.0,0.0,0.0,0.0,0.0,0.0,0.0,0.0,0.0,0.0,0.0,0.0,0.0,0.0,0.0,0.0,0.0,0.0,0.0,0.0,0.0,0.0,0.0,0.0,0.0,0.0,0.0,0.0,0.0,0.0,0.0,0.0,0.0,0.0,0.0,0.0,0.0,0.0,0.0,0.0,0.0,0.0,0.0,0.0,0.0,0.0,0.0,0.0,0.0,0.0,0.0,0.0,0.0,0.0,0.0,0.0,0.0,0.0,0.0,0.0,0.0,0.0,0.0,0.0,0.0,0.0,0.0,0.0,0.0,0.0,0.0,0.0,0.0,0.0,0.0,0.0,0.0,0.0,0.0,0.0,0.0,0.0,0.0,0.0,0.0,0.0,0.0,0.0,0.0,0.0,0.0,0.0,0.0,0.0,0.0,0.0,0.0,0.0,0.0,0.0,0.0,0.0,0.0,0.0,0.0,0.0,0.0,0.0,0.0,0.0,0.0,0.0,0.0,0.0,0.0,0.0,0.0,0.0,0.0,0.0,0.0,0.0,0.0,0.0,0.0,0.0,0.0,0.0,0.0,0.0,0.0,0.0,0.0,0.0,0.0,0.0,0.0,0.0,0.0,0.0,0.0,0.0,0.0,0.0,0.0,0.0,0.0,0.0,0.0,0.0,0.0,0.0,0.0,0.0,0.0,0.0,0.0,0.0,0.0,0.0,0.0,0.0,0.0,0.0,0.0,0.0,0.0,0.0,0.0,0.0,0.0,0.0,0.0,0.0,0.0,0.0,0.0,0.0,0.0,0.0,0.0,0.0,0.0,0.0,0.0,0.0,0.0,0.0,0.0,0.0,0.0,0.0,0.0,0.0,0.0,0.0,0.0,0.0,0.0,0.0,0.0,0.0,0.0,0.0,0.0,0.0,0.0,0.0,0.0,0.0,0.0,0.0,0.0,0.0,0.0,0.0,0.0,0.0,0.0,0.0,0.0,0.0,0.0,0.0,0.0,0.0,0.0,0.0,0.0,0.0,0.0,0.0,0.0,0.0,0.0,0.0,0.0,0.0,0.0,0.0,0.0,0.0,0.0,0.0,0.0,0.0,0.0,0.0,0.0,0.0,0.0,0.0,0.0,0.0,0.0,0.0,0.0,0.0,0.0,0.0,0.0,0.0,0.0,0.0,0.0,0.0,0.0,0.0,0.0,0.0,0.0,0.0,0.0,0.0,0.0,0.0,0.0,0.0,0.0,0.0,0.0,0.0,0.0,0.0,0.0,0.0,0.0,0.0,0.0,0.0,0.0,0.0,0.0,0.0,0.0,0.0,0.0,0.0,0.0,0.0,0.0,0.0,0.0,0.0,0.0,0.0,0.0,0.0,0.0,0.0,0.0,0.0,0.0,0.0,0.0,0.0,0.0,0.0,0.0,0.0,0.0,0.0,0.0,0.0,0.0,0.0,0.0,0.0,0.0,0.0,0.0,0.0,0.0,0.0,0.0,0.0,0.0,0.0,0.0,0.0,0.0,0.0,0.0,0.0,0.0,0.0,0.0,0.0,0.0,0.0,0.0,0.0,0.0,0.0,0.0,0.0,0.0,0.0,0.0,0.0,0.0,0.0,0.0,0.0,0.0,0.0,0.0,0.0,0.0,0.0,0.0,0.0,0.0,0.0,0.0,0.0,0.0,0.0,0.0,0.0,0.0,0.0,0.0,0.0,0.0,0.0,0.0,0.0,0.0,0.0,0.0,0.0,0.0,0.0,0.0,0.0,0.0,0.0,0.0,0.0,0.0,0.0,0.0,0.0,0.0,0.0,0.0,0.0,0.0,0.0,0.0,0.0,0.0,0.0,0.0,0.0,0.0,0.0,0.0,0.0,0.0,0.0,0.0,0.0,0.0,0.0,0.0,0.0,0.0,0.0,0.0,0.0,0.0,0.0,0.0,0.0,0.0,0.0,0.0,0.0,0.0,0.0,0.0,0.0,0.0,0.0,0.0,0.0,0.0,0.0,0.0,0.0,0.0,0.0,0.0,0.0,0.0,0.0,0.0,0.0,0.0,0.0,0.0,0.0,0.0,0.0,0.0,0.0,0.0,0.0,0.0,0.0,,,,,,,1.28
,,,,,,,,,,,,,,,,,,,,,,,,,,,0.0,0.0,0.0,0.0,0.0,0.0,0.0,0.0,0.0,0.0,0.0,0.0,0.0,0.0,0.0,0.0,0.0,0.0,0.0,0.0,0.0,0.0,0.0,0.0,0.0,0.0,0.0,0.0,0.0,0.0,0.0,0.0,0.0,0.0,0.0,0.0,0.0,0.0,0.0,0.0,0.0,0.0,0.0,0.0,0.0,0.0,0.0,0.0,0.0,0.0,0.0,0.0,0.0,0.0,0.0,0.0,0.0,0.0,0.0,0.0,0.0,0.0,0.0,0.0,0.0,0.0,0.0,0.0,0.0,0.0,0.0,0.0,0.0,0.0,0.0,0.0,0.0,0.0,0.0,0.0,0.0,0.0,0.0,0.0,0.0,0.0,0.0,0.0,0.0,0.0,0.0,0.0,0.0,0.0,0.0,0.0,0.0,0.0,0.0,0.0,0.0,0.0,0.0,0.0,0.0,0.0,0.0,0.0,0.0,0.0,0.0,0.0,0.0,0.0,0.0,0.0,0.0,0.0,0.0,0.0,0.0,0.0,0.0,0.0,0.0,0.0,0.0,0.0,0.0,0.0,0.0,0.0,0.0,0.0,0.0,0.0,0.0,0.0,0.0,0.0,0.0,0.0,0.0,0.0,0.0,0.0,0.0,0.0,0.0,0.0,0.0,0.0,0.0,0.0,0.0,0.0,0.0,0.0,0.0,0.0,0.0,0.0,0.0,0.0,0.0,0.0,0.0,0.0,0.0,0.0,0.0,0.0,0.0,0.0,0.0,0.0,0.0,0.0,0.0,0.0,0.0,0.0,0.0,0.0,0.0,0.0,0.0,0.0,0.0,0.0,0.0,0.0,0.0,0.0,0.0,0.0,0.0,0.0,0.0,0.0,0.0,0.0,0.0,0.0,0.0,0.0,0.0,0.0,0.0,0.0,0.0,0.0,0.0,0.0,0.0,0.0,0.0,0.0,0.0,0.0,0.0,0.0,0.0,0.0,0.0,0.0,0.0,0.0,0.0,0.0,0.0,0.0,0.0,0.0,0.0,0.0,0.0,0.0,0.0,0.0,0.0,0.0,0.0,0.0,0.0,0.0,0.0,0.0,0.0,0.0,0.0,0.0,0.0,0.0,0.0,0.0,0.0,0.0,0.0,0.0,0.0,0.0,0.0,0.0,0.0,0.0,0.0,0.0,0.0,0.0,0.0,0.0,0.0,0.0,0.0,0.0,0.0,0.0,0.0,0.0,0.0,0.0,0.0,0.0,0.0,0.0,0.0,0.0,0.0,0.0,0.0,0.0,0.0,0.0,0.0,0.0,0.0,0.0,0.0,0.0,0.0,0.0,0.0,0.0,0.0,0.0,0.0,0.0,0.0,0.0,0.0,0.0,0.0,0.0,0.0,0.0,0.0,0.0,0.0,0.0,0.0,0.0,0.0,0.0,0.0,0.0,0.0,0.0,0.0,0.0,0.0,0.0,0.0,0.0,0.0,0.0,0.0,0.0,0.0,0.0,0.0,0.0,0.0,0.0,0.0,0.0,0.0,0.0,0.0,0.0,0.0,0.0,0.0,0.0,0.0,0.0,0.0,0.0,0.0,0.0,0.0,0.0,0.0,0.0,0.0,0.0,0.0,0.0,0.0,0.0,0.0,0.0,0.0,0.0,0.0,0.0,0.0,0.0,0.0,0.0,0.0,0.0,0.0,0.0,0.0,0.0,0.0,0.0,0.0,0.0,0.0,0.0,0.0,0.0,0.0,0.0,0.0,0.0,0.0,0.0,0.0,0.0,0.0,0.0,0.0,0.0,0.0,0.0,0.0,0.0,0.0,0.0,0.0,0.0,0.0,0.0,0.0,0.0,0.0,0.0,0.0,0.0,0.0,0.0,0.0,0.0,0.0,0.0,0.0,0.0,0.0,0.0,0.0,0.0,0.0,0.0,0.0,0.0,0.0,0.0,0.0,0.0,0.0,0.0,0.0,0.0,0.0,0.0,0.0,0.0,0.0,0.0,0.0,0.0,0.0,0.0,0.0,0.0,0.0,0.0,0.0,0.0,0.0,0.0,0.0,0.0,0.0,0.0,0.0,0.0,0.0,0.0,0.0,0.0,0.0,0.0,0.0,0.0,0.0,0.0,0.0,0.0,0.0,0.0,0.0,0.0,0.0,0.0,0.0,0.0,0.0,0.0,0.0,0.0,0.0,0.0,0.0,0.0,0.0,0.0,,,,,,,1.26
,,,,,,,,,,,,,,,,,,,,,,,,,,,0.0,0.0,0.0,0.0,0.0,0.0,0.0,0.0,0.0,0.0,0.0,0.0,0.0,0.0,0.0,0.0,0.0,0.0,0.0,0.0,0.0,0.0,0.0,0.0,0.0,0.0,0.0,0.0,0.0,0.0,0.0,0.0,0.0,0.0,0.0,0.0,0.0,0.0,0.0,0.0,0.0,0.0,0.0,0.0,0.0,0.0,0.0,0.0,0.0,0.0,0.0,0.0,0.0,0.0,0.0,0.0,0.0,0.0,0.0,0.0,0.0,0.0,0.0,0.0,0.0,0.0,0.0,0.0,0.0,0.0,0.0,0.0,0.0,0.0,0.0,0.0,0.0,0.0,0.0,0.0,0.0,0.0,0.0,0.0,0.0,0.0,0.0,0.0,0.0,0.0,0.0,0.0,0.0,0.0,0.0,0.0,0.0,0.0,0.0,0.0,0.0,0.0,0.0,0.0,0.0,0.0,0.0,0.0,0.0,0.0,0.0,0.0,0.0,0.0,0.0,0.0,0.0,0.0,0.0,0.0,0.0,0.0,0.0,0.0,0.0,0.0,0.0,0.0,0.0,0.0,0.0,0.0,0.0,0.0,0.0,0.0,0.0,0.0,0.0,0.0,0.0,0.0,0.0,0.0,0.0,0.0,0.0,0.0,0.0,0.0,0.0,0.0,0.0,0.0,0.0,0.0,0.0,0.0,0.0,0.0,0.0,0.0,0.0,0.0,0.0,0.0,0.0,0.0,0.0,0.0,0.0,0.0,0.0,0.0,0.0,0.0,0.0,0.0,0.0,0.0,0.0,0.0,0.0,0.0,0.0,0.0,0.0,0.0,0.0,0.0,0.0,0.0,0.0,0.0,0.0,0.0,0.0,0.0,0.0,0.0,0.0,0.0,0.0,0.0,0.0,0.0,0.0,0.0,0.0,0.0,0.0,0.0,0.0,0.0,0.0,0.0,0.0,0.0,0.0,0.0,0.0,0.0,0.0,0.0,0.0,0.0,0.0,0.0,0.0,0.0,0.0,0.0,0.0,0.0,0.0,0.0,0.0,0.0,0.0,0.0,0.0,0.0,0.0,0.0,0.0,0.0,0.0,0.0,0.0,0.0,0.0,0.0,0.0,0.0,0.0,0.0,0.0,0.0,0.0,0.0,0.0,0.0,0.0,0.0,0.0,0.0,0.0,0.0,0.0,0.0,0.0,0.0,0.0,0.0,0.0,0.0,0.0,0.0,0.0,0.0,0.0,0.0,0.0,0.0,0.0,0.0,0.0,0.0,0.0,0.0,0.0,0.0,0.0,0.0,0.0,0.0,0.0,0.0,0.0,0.0,0.0,0.0,0.0,0.0,0.0,0.0,0.0,0.0,0.0,0.0,0.0,0.0,0.0,0.0,0.0,0.0,0.0,0.0,0.0,0.0,0.0,0.0,0.0,0.0,0.0,0.0,0.0,0.0,0.0,0.0,0.0,0.0,0.0,0.0,0.0,0.0,0.0,0.0,0.0,0.0,0.0,0.0,0.0,0.0,0.0,0.0,0.0,0.0,0.0,0.0,0.0,0.0,0.0,0.0,0.0,0.0,0.0,0.0,0.0,0.0,0.0,0.0,0.0,0.0,0.0,0.0,0.0,0.0,0.0,0.0,0.0,0.0,0.0,0.0,0.0,0.0,0.0,0.0,0.0,0.0,0.0,0.0,0.0,0.0,0.0,0.0,0.0,0.0,0.0,0.0,0.0,0.0,0.0,0.0,0.0,0.0,0.0,0.0,0.0,0.0,0.0,0.0,0.0,0.0,0.0,0.0,0.0,0.0,0.0,0.0,0.0,0.0,0.0,0.0,0.0,0.0,0.0,0.0,0.0,0.0,0.0,0.0,0.0,0.0,0.0,0.0,0.0,0.0,0.0,0.0,0.0,0.0,0.0,0.0,0.0,0.0,0.0,0.0,0.0,0.0,0.0,0.0,0.0,0.0,0.0,0.0,0.0,0.0,0.0,0.0,0.0,0.0,0.0,0.0,0.0,0.0,0.0,0.0,0.0,0.0,0.0,0.0,0.0,0.0,0.0,0.0,0.0,0.0,0.0,0.0,0.0,0.0,0.0,0.0,0.0,0.0,0.0,0.0,0.0,0.0,0.0,0.0,0.0,0.0,0.0,0.0,0.0,0.0,0.0,0.0,0.0,0.0,0.0,0.0,0.0,0.0,0.0,0.0,0.0,0.0,,,,,,,1.1
,,,,,,,,,,,,,,,,,,,,,,,,,,,0.0,0.0,0.0,0.0,0.0,0.0,0.0,0.0,0.0,0.0,0.0,0.0,0.0,0.0,0.0,0.0,0.0,0.0,0.0,0.0,0.0,0.0,0.0,0.0,0.0,0.0,0.0,0.0,0.0,0.0,0.0,0.0,0.0,0.0,0.0,0.0,0.0,0.0,0.0,0.0,0.0,0.0,0.0,0.0,0.0,0.0,0.0,0.0,0.0,0.0,0.0,0.0,0.0,0.0,0.0,0.0,0.0,0.0,0.0,0.0,0.0,0.0,0.0,0.0,0.0,0.0,0.0,0.0,0.0,0.0,0.0,0.0,0.0,0.0,0.0,0.0,0.0,0.0,0.0,0.0,0.0,0.0,0.0,0.0,0.0,0.0,0.0,0.0,0.0,0.0,0.0,0.0,0.0,0.0,0.0,0.0,0.0,0.0,0.0,0.0,0.0,0.0,0.0,0.0,0.0,0.0,0.0,0.0,0.0,0.0,0.0,0.0,0.0,0.0,0.0,0.0,0.0,0.0,0.0,0.0,0.0,0.0,0.0,0.0,0.0,0.0,0.0,0.0,0.0,0.0,0.0,0.0,0.0,0.0,0.0,0.0,0.0,0.0,0.0,0.0,0.0,0.0,0.0,0.0,0.0,0.0,0.0,0.0,0.0,0.0,0.0,0.0,0.0,0.0,0.0,0.0,0.0,0.0,0.0,0.0,0.0,0.0,0.0,0.0,0.0,0.0,0.0,0.0,0.0,0.0,0.0,0.0,0.0,0.0,0.0,0.0,0.0,0.0,0.0,0.0,0.0,0.0,0.0,0.0,0.0,0.0,0.0,0.0,0.0,0.0,0.0,0.0,0.0,0.0,0.0,0.0,0.0,0.0,0.0,0.0,0.0,0.0,0.0,0.0,0.0,0.0,0.0,0.0,0.0,0.0,0.0,0.0,0.0,0.0,0.0,0.0,0.0,0.0,0.0,0.0,0.0,0.0,0.0,0.0,0.0,0.0,0.0,0.0,0.0,0.0,0.0,0.0,0.0,0.0,0.0,0.0,0.0,0.0,0.0,0.0,0.0,0.0,0.0,0.0,0.0,0.0,0.0,0.0,0.0,0.0,0.0,0.0,0.0,0.0,0.0,0.0,0.0,0.0,0.0,0.0,0.0,0.0,0.0,0.0,0.0,0.0,0.0,0.0,0.0,0.0,0.0,0.0,0.0,0.0,0.0,0.0,0.0,0.0,0.0,0.0,0.0,0.0,0.0,0.0,0.0,0.0,0.0,0.0,0.0,0.0,0.0,0.0,0.0,0.0,0.0,0.0,0.0,0.0,0.0,0.0,0.0,0.0,0.0,0.0,0.0,0.0,0.0,0.0,0.0,0.0,0.0,0.0,0.0,0.0,0.0,0.0,0.0,0.0,0.0,0.0,0.0,0.0,0.0,0.0,0.0,0.0,0.0,0.0,0.0,0.0,0.0,0.0,0.0,0.0,0.0,0.0,0.0,0.0,0.0,0.0,0.0,0.0,0.0,0.0,0.0,0.0,0.0,0.0,0.0,0.0,0.0,0.0,0.0,0.0,0.0,0.0,0.0,0.0,0.0,0.0,0.0,0.0,0.0,0.0,0.0,0.0,0.0,0.0,0.0,0.0,0.0,0.0,0.0,0.0,0.0,0.0,0.0,0.0,0.0,0.0,0.0,0.0,0.0,0.0,0.0,0.0,0.0,0.0,0.0,0.0,0.0,0.0,0.0,0.0,0.0,0.0,0.0,0.0,0.0,0.0,0.0,0.0,0.0,0.0,0.0,0.0,0.0,0.0,0.0,0.0,0.0,0.0,0.0,0.0,0.0,0.0,0.0,0.0,0.0,0.0,0.0,0.0,0.0,0.0,0.0,0.0,0.0,0.0,0.0,0.0,0.0,0.0,0.0,0.0,0.0,0.0,0.0,0.0,0.0,0.0,0.0,0.0,0.0,0.0,0.0,0.0,0.0,0.0,0.0,0.0,0.0,0.0,0.0,0.0,0.0,0.0,0.0,0.0,0.0,0.0,0.0,0.0,0.0,0.0,0.0,0.0,0.0,0.0,0.0,0.0,0.0,0.0,0.0,0.0,0.0,0.0,0.0,0.0,0.0,0.0,0.0,0.0,0.0,0.0,0.0,0.0,0.0,0.0,0.0,0.0,0.0,0.0,0.0,0.0,0.0,0.0,0.0,0.0,0.0,0.0,,,,,,,0.9
,,,,,,,,,,,,,,,,,,,,,,,,,,,,,,,,,,,,,,,,,,,,,,,,,,,,,,,,,,,,,,,,,,,,,,,,,,,,,,,,,,,,,,,,,,,,,,,,,,,,,,,,,,,,,,,,,,,,,,,,,,,,,,,,,,,,,,,,,,,,,,,,,,,,,,,,,,,,,,,,,,,,,,,,,,,,,,,,,,,,,,,,,,,,,,,,,,,,,,,,,,,,,,,,,,,,,,,,,,,,,,,,,,,,,,,,,,,,,,,,,,,,,,,,,,,,,,,,,,,,,,,,,,,,,,,,,,,,,,,,,,,,,,,,,,,,,,,,,,,,,,,,,,,,,,,,,,,,,,,,,,,,,,,,,,,,,,,,,,,,,,,,,,,,,,,,,,,,,,,,,,,,,,,,,,,,,,,,,,,,,,,,,,,,,,,,,,,,,,,,,,,,,,,,,,,,,,,,,,,,,,,,,,,,,,,,,,,,,,,,,,,,,,,,,,,,,,,,,,,,,,,,,,,,,,,,,,,,,,,,,,,,,,,,,,,,,,,,,,,,,,,,,,,,,,,,,,,,,,,,,,,,,,,,,,,,,
,,,,,,,,,,,,,,,,,,,,,,,,,,,,,,,,,,,,,,,,,,,,,,,,,,,,,,,,,,,,,,,,,,,,,,,,,,,,,,,,,,,,,,,,,,,,,,,,,,,,,,,,,,,,,,,,,,,,,,,,,,,,,,,,,,,,,,,,,,,,,,,,,,,,,,,,,,,,,,,,,,,,,,,,,,,,,,,,,,,,,,,,,,,,,,,,,,,,,,,,,,,,,,,,,,,,,,,,,,,,,,,,,,,,,,,,,,,,,,,,,,,,,,,,,,,,,,,,,,,,,,,,,,,,,,,,,,,,,,,,,,,,,,,,,,,,,,,,,,,,,,,,,,,,,,,,,,,,,,,,,,,,,,,,,,,,,,,,,,,,,,,,,,,,,,,,,,,,,,,,,,,,,,,,,,,,,,,,,,,,,,,,,,,,,,,,,,,,,,,,,,,,,,,,,,,,,,,,,,,,,,,,,,,,,,,,,,,,,,,,,,,,,,,,,,,,,,,,,,,,,,,,,,,,,,,,,,,,,,,,,,,,,,,,,,,,,,,,,,,,,,,,,,,,,,,,,,,,,,,,,,,,,,,,,,,,,
,,,,,,,,,,,,,,,,,,,,,,,,,,,,,,,,,,,,,,,,,,,,,,,,,,,,,,,,,,,,,,,,,,,,,,,,,,,,,,,,,,,,,,,,,,,,,,,,,,,,,,,,,,,,,,,,,,,,,,,,,,,,,,,,,,,,,,,,,,,,,,,,,,,,,,,,,,,,,,,,,,,,,,,,,,,,,,,,,,,,,,,,,,,,,,,,,,,,,,,,,,,,,,,,,,,,,,,,,,,,,,,,,,,,,,,,,,,,,,,,,,,,,,,,,,,,,,,,,,,,,,,,,,,,,,,,,,,,,,,,,,,,,,,,,,,,,,,,,,,,,,,,,,,,,,,,,,,,,,,,,,,,,,,,,,,,,,,,,,,,,,,,,,,,,,,,,,,,,,,,,,,,,,,,,,,,,,,,,,,,,,,,,,,,,,,,,,,,,,,,,,,,,,,,,,,,,,,,,,,,,,,,,,,,,,,,,,,,,,,,,,,,,,,,,,,,,,,,,,,,,,,,,,,,,,,,,,,,,,,,,,,,,,,,,,,,,,,,,,,,,,,,,,,,,,,,,,,,,,,,,,,,,,,,,,,,,
,,,,,,,,,,,,,,,,,,,,,,,,,,,,,,,,,,,,,,,,,,,,,,,,,,,,,,,,,,,,,,,,,,,,,,,,,,,,,,,,,,,,,,,,,,,,,,,,,,,,,,,,,,,,,,,,,,,,,,,,,,,,,,,,,,,,,,,,,,,,,,,,,,,,,,,,,,,,,,,,,,,,,,,,,,,,,,,,,,,,,,,,,,,,,,,,,,,,,,,,,,,,,,,,,,,,,,,,,,,,,,,,,,,,,,,,,,,,,,,,,,,,,,,,,,,,,,,,,,,,,,,,,,,,,,,,,,,,,,,,,,,,,,,,,,,,,,,,,,,,,,,,,,,,,,,,,,,,,,,,,,,,,,,,,,,,,,,,,,,,,,,,,,,,,,,,,,,,,,,,,,,,,,,,,,,,,,,,,,,,,,,,,,,,,,,,,,,,,,,,,,,,,,,,,,,,,,,,,,,,,,,,,,,,,,,,,,,,,,,,,,,,,,,,,,,,,,,,,,,,,,,,,,,,,,,,,,,,,,,,,,,,,,,,,,,,,,,,,,,,,,,,,,,,,,,,,,,,,,,,,,,,,,,,,,,,,
,,,,,,,,,,,,,,,,,,,,,,,,,,,,,,,,,,,,,,,,,,,,,,,,,,,,,,,,,,,,,,,,,,,,,,,,,,,,,,,,,,,,,,,,,,,,,,,,,,,,,,,,,,,,,,,,,,,,,,,,,,,,,,,,,,,,,,,,,,,,,,,,,,,,,,,,,,,,,,,,,,,,,,,,,,,,,,,,,,,,,,,,,,,,,,,,,,,,,,,,,,,,,,,,,,,,,,,,,,,,,,,,,,,,,,,,,,,,,,,,,,,,,,,,,,,,,,,,,,,,,,,,,,,,,,,,,,,,,,,,,,,,,,,,,,,,,,,,,,,,,,,,,,,,,,,,,,,,,,,,,,,,,,,,,,,,,,,,,,,,,,,,,,,,,,,,,,,,,,,,,,,,,,,,,,,,,,,,,,,,,,,,,,,,,,,,,,,,,,,,,,,,,,,,,,,,,,,,,,,,,,,,,,,,,,,,,,,,,,,,,,,,,,,,,,,,,,,,,,,,,,,,,,,,,,,,,,,,,,,,,,,,,,,,,,,,,,,,,,,,,,,,,,,,,,,,,,,,,,,,,,,,,,,,,,,,,
,,,,,,,,,,,,,,,,,,,,,,,,,,,,,,,,,,,,,,,,,,,,,,,,,,,,,,,,,,,,,,,,,,,,,,,,,,,,,,,,,,,,,,,,,,,,,,,,,,,,,,,,,,,,,,,,,,,,,,,,,,,,,,,,,,,,,,,,,,,,,,,,,,,,,,,,,,,,,,,,,,,,,,,,,,,,,,,,,,,,,,,,,,,,,,,,,,,,,,,,,,,,,,,,,,,,,,,,,,,,,,,,,,,,,,,,,,,,,,,,,,,,,,,,,,,,,,,,,,,,,,,,,,,,,,,,,,,,,,,,,,,,,,,,,,,,,,,,,,,,,,,,,,,,,,,,,,,,,,,,,,,,,,,,,,,,,,,,,,,,,,,,,,,,,,,,,,,,,,,,,,,,,,,,,,,,,,,,,,,,,,,,,,,,,,,,,,,,,,,,,,,,,,,,,,,,,,,,,,,,,,,,,,,,,,,,,,,,,,,,,,,,,,,,,,,,,,,,,,,,,,,,,,,,,,,,,,,,,,,,,,,,,,,,,,,,,,,,,,,,,,,,,,,,,,,,,,,,,,,,,,,,,,,,,,,,,
,,,,,,,,,,,,,,,,,,,,,,,,,,,,,,,,,,,,,,,,,,,,,,,,,,,,,,,,,,,,,,,,,,,,,,,,,,,,,,,,,,,,,,,,,,,,,,,,,,,,,,,,,,,,,,,,,,,,,,,,,,,,,,,,,,,,,,,,,,,,,,,,,,,,,,,,,,,,,,,,,,,,,,,,,,,,,,,,,,,,,,,,,,,,,,,,,,,,,,,,,,,,,,,,,,,,,,,,,,,,,,,,,,,,,,,,,,,,,,,,,,,,,,,,,,,,,,,,,,,,,,,,,,,,,,,,,,,,,,,,,,,,,,,,,,,,,,,,,,,,,,,,,,,,,,,,,,,,,,,,,,,,,,,,,,,,,,,,,,,,,,,,,,,,,,,,,,,,,,,,,,,,,,,,,,,,,,,,,,,,,,,,,,,,,,,,,,,,,,,,,,,,,,,,,,,,,,,,,,,,,,,,,,,,,,,,,,,,,,,,,,,,,,,,,,,,,,,,,,,,,,,,,,,,,,,,,,,,,,,,,,,,,,,,,,,,,,,,,,,,,,,,,,,,,,,,,,,,,,,,,,,,,,,,,,,,,
,,,,,,,,,,,,,,,,,,,,,,,,,,,,,,,,,,,,,,,,,,,,,,,,,,,,,,,,,,,,,,,,,,,,,,,,,,,,,,,,,,,,,,,,,,,,,,,,,,,,,,,,,,,,,,,,,,,,,,,,,,,,,,,,,,,,,,,,,,,,,,,,,,,,,,,,,,,,,,,,,,,,,,,,,,,,,,,,,,,,,,,,,,,,,,,,,,,,,,,,,,,,,,,,,,,,,,,,,,,,,,,,,,,,,,,,,,,,,,,,,,,,,,,,,,,,,,,,,,,,,,,,,,,,,,,,,,,,,,,,,,,,,,,,,,,,,,,,,,,,,,,,,,,,,,,,,,,,,,,,,,,,,,,,,,,,,,,,,,,,,,,,,,,,,,,,,,,,,,,,,,,,,,,,,,,,,,,,,,,,,,,,,,,,,,,,,,,,,,,,,,,,,,,,,,,,,,,,,,,,,,,,,,,,,,,,,,,,,,,,,,,,,,,,,,,,,,,,,,,,,,,,,,,,,,,,,,,,,,,,,,,,,,,,,,,,,,,,,,,,,,,,,,,,,,,,,,,,,,,,,,,,,,,,,,,,,
,,,,,,,,,,,,,,,,,,,,,,,,,,,,,,,,,,,,,,,,,,,,,,,,,,,,,,,,,,,,,,,,,,,,,,,,,,,,,,,,,,,,,,,,,,,,,,,,,,,,,,,,,,,,,,,,,,,,,,,,,,,,,,,,,,,,,,,,,,,,,,,,,,,,,,,,,,,,,,,,,,,,,,,,,,,,,,,,,,,,,,,,,,,,,,,,,,,,,,,,,,,,,,,,,,,,,,,,,,,,,,,,,,,,,,,,,,,,,,,,,,,,,,,,,,,,,,,,,,,,,,,,,,,,,,,,,,,,,,,,,,,,,,,,,,,,,,,,,,,,,,,,,,,,,,,,,,,,,,,,,,,,,,,,,,,,,,,,,,,,,,,,,,,,,,,,,,,,,,,,,,,,,,,,,,,,,,,,,,,,,,,,,,,,,,,,,,,,,,,,,,,,,,,,,,,,,,,,,,,,,,,,,,,,,,,,,,,,,,,,,,,,,,,,,,,,,,,,,,,,,,,,,,,,,,,,,,,,,,,,,,,,,,,,,,,,,,,,,,,,,,,,,,,,,,,,,,,,,,,,,,,,,,,,,,,,,
,,,,,,,,,,,,,,,,,,,,,,,,,,,,,,,,,,,,,,,,,,,,,,,,,,,,,,,,,,,,,,,,,,,,,,,,,,,,,,,,,,,,,,,,,,,,,,,,,,,,,,,,,,,,,,,,,,,,,,,,,,,,,,,,,,,,,,,,,,,,,,,,,,,,,,,,,,,,,,,,,,,,,,,,,,,,,,,,,,,,,,,,,,,,,,,,,,,,,,,,,,,,,,,,,,,,,,,,,,,,,,,,,,,,,,,,,,,,,,,,,,,,,,,,,,,,,,,,,,,,,,,,,,,,,,,,,,,,,,,,,,,,,,,,,,,,,,,,,,,,,,,,,,,,,,,,,,,,,,,,,,,,,,,,,,,,,,,,,,,,,,,,,,,,,,,,,,,,,,,,,,,,,,,,,,,,,,,,,,,,,,,,,,,,,,,,,,,,,,,,,,,,,,,,,,,,,,,,,,,,,,,,,,,,,,,,,,,,,,,,,,,,,,,,,,,,,,,,,,,,,,,,,,,,,,,,,,,,,,,,,,,,,,,,,,,,,,,,,,,,,,,,,,,,,,,,,,,,,,,,,,,,,,,,,,,,,
,,,,,,,,,,,,,,,,,,,,,,,,,,,,,,,,,,,,,,,,,,,,,,,,,,,,,,,,,,,,,,,,,,,,,,,,,,,,,,,,,,,,,,,,,,,,,,,,,,,,,,,,,,,,,,,,,,,,,,,,,,,,,,,,,,,,,,,,,,,,,,,,,,,,,,,,,,,,,,,,,,,,,,,,,,,,,,,,,,,,,,,,,,,,,,,,,,,,,,,,,,,,,,,,,,,,,,,,,,,,,,,,,,,,,,,,,,,,,,,,,,,,,,,,,,,,,,,,,,,,,,,,,,,,,,,,,,,,,,,,,,,,,,,,,,,,,,,,,,,,,,,,,,,,,,,,,,,,,,,,,,,,,,,,,,,,,,,,,,,,,,,,,,,,,,,,,,,,,,,,,,,,,,,,,,,,,,,,,,,,,,,,,,,,,,,,,,,,,,,,,,,,,,,,,,,,,,,,,,,,,,,,,,,,,,,,,,,,,,,,,,,,,,,,,,,,,,,,,,,,,,,,,,,,,,,,,,,,,,,,,,,,,,,,,,,,,,,,,,,,,,,,,,,,,,,,,,,,,,,,,,,,,,,,,,,,,
,,,,,,,,,,,,,,,,,,,,,,,,,,,,,,,,,,,,,,,,,,,,,,,,,,,,,,,,,,,,,,,,,,,,,,,,,,,,,,,,,,,,,,,,,,,,,,,,,,,,,,,,,,,,,,,,,,,,,,,,,,,,,,,,,,,,,,,,,,,,,,,,,,,,,,,,,,,,,,,,,,,,,,,,,,,,,,,,,,,,,,,,,,,,,,,,,,,,,,,,,,,,,,,,,,,,,,,,,,,,,,,,,,,,,,,,,,,,,,,,,,,,,,,,,,,,,,,,,,,,,,,,,,,,,,,,,,,,,,,,,,,,,,,,,,,,,,,,,,,,,,,,,,,,,,,,,,,,,,,,,,,,,,,,,,,,,,,,,,,,,,,,,,,,,,,,,,,,,,,,,,,,,,,,,,,,,,,,,,,,,,,,,,,,,,,,,,,,,,,,,,,,,,,,,,,,,,,,,,,,,,,,,,,,,,,,,,,,,,,,,,,,,,,,,,,,,,,,,,,,,,,,,,,,,,,,,,,,,,,,,,,,,,,,,,,,,,,,,,,,,,,,,,,,,,,,,,,,,,,,,,,,,,,,,,,,,
,,,,,,,,,,,,,,,,,,,,,,,,,,,,,,,,,,,,,,,,,,,,,,,,,,,,,,,,,,,,,,,,,,,,,,,,,,,,,,,,,,,,,,,,,,,,,,,,,,,,,,,,,,,,,,,,,,,,,,,,,,,,,,,,,,,,,,,,,,,,,,,,,,,,,,,,,,,,,,,,,,,,,,,,,,,,,,,,,,,,,,,,,,,,,,,,,,,,,,,,,,,,,,,,,,,,,,,,,,,,,,,,,,,,,,,,,,,,,,,,,,,,,,,,,,,,,,,,,,,,,,,,,,,,,,,,,,,,,,,,,,,,,,,,,,,,,,,,,,,,,,,,,,,,,,,,,,,,,,,,,,,,,,,,,,,,,,,,,,,,,,,,,,,,,,,,,,,,,,,,,,,,,,,,,,,,,,,,,,,,,,,,,,,,,,,,,,,,,,,,,,,,,,,,,,,,,,,,,,,,,,,,,,,,,,,,,,,,,,,,,,,,,,,,,,,,,,,,,,,,,,,,,,,,,,,,,,,,,,,,,,,,,,,,,,,,,,,,,,,,,,,,,,,,,,,,,,,,,,,,,,,,,,,,,,,,,
,,,,,,,,,,,,,,,,,,,,,,,,,,,,,,,,,,,,,,,,,,,,,,,,,,,,,,,,,,,,,,,,,,,,,,,,,,,,,,,,,,,,,,,,,,,,,,,,,,,,,,,,,,,,,,,,,,,,,,,,,,,,,,,,,,,,,,,,,,,,,,,,,,,,,,,,,,,,,,,,,,,,,,,,,,,,,,,,,,,,,,,,,,,,,,,,,,,,,,,,,,,,,,,,,,,,,,,,,,,,,,,,,,,,,,,,,,,,,,,,,,,,,,,,,,,,,,,,,,,,,,,,,,,,,,,,,,,,,,,,,,,,,,,,,,,,,,,,,,,,,,,,,,,,,,,,,,,,,,,,,,,,,,,,,,,,,,,,,,,,,,,,,,,,,,,,,,,,,,,,,,,,,,,,,,,,,,,,,,,,,,,,,,,,,,,,,,,,,,,,,,,,,,,,,,,,,,,,,,,,,,,,,,,,,,,,,,,,,,,,,,,,,,,,,,,,,,,,,,,,,,,,,,,,,,,,,,,,,,,,,,,,,,,,,,,,,,,,,,,,,,,,,,,,,,,,,,,,,,,,,,,,,,,,,,,,,
,,,,,,,,,,,,,,,,,,,,,,,,,,,,,,,,,,,,,,,,,,,,,,,,,,,,,,,,,,,,,,,,,,,,,,,,,,,,,,,,,,,,,,,,,,,,,,,,,,,,,,,,,,,,,,,,,,,,,,,,,,,,,,,,,,,,,,,,,,,,,,,,,,,,,,,,,,,,,,,,,,,,,,,,,,,,,,,,,,,,,,,,,,,,,,,,,,,,,,,,,,,,,,,,,,,,,,,,,,,,,,,,,,,,,,,,,,,,,,,,,,,,,,,,,,,,,,,,,,,,,,,,,,,,,,,,,,,,,,,,,,,,,,,,,,,,,,,,,,,,,,,,,,,,,,,,,,,,,,,,,,,,,,,,,,,,,,,,,,,,,,,,,,,,,,,,,,,,,,,,,,,,,,,,,,,,,,,,,,,,,,,,,,,,,,,,,,,,,,,,,,,,,,,,,,,,,,,,,,,,,,,,,,,,,,,,,,,,,,,,,,,,,,,,,,,,,,,,,,,,,,,,,,,,,,,,,,,,,,,,,,,,,,,,,,,,,,,,,,,,,,,,,,,,,,,,,,,,,,,,,,,,,,,,,,,,,
,,,,,,,,,,,,,,,,,,,,,,,,,,,,,,,,,,,,,,,,,,,,,,,,,,,,,,,,,,,,,,,,,,,,,,,,,,,,,,,,,,,,,,,,,,,,,,,,,,,,,,,,,,,,,,,,,,,,,,,,,,,,,,,,,,,,,,,,,,,,,,,,,,,,,,,,,,,,,,,,,,,,,,,,,,,,,,,,,,,,,,,,,,,,,,,,,,,,,,,,,,,,,,,,,,,,,,,,,,,,,,,,,,,,,,,,,,,,,,,,,,,,,,,,,,,,,,,,,,,,,,,,,,,,,,,,,,,,,,,,,,,,,,,,,,,,,,,,,,,,,,,,,,,,,,,,,,,,,,,,,,,,,,,,,,,,,,,,,,,,,,,,,,,,,,,,,,,,,,,,,,,,,,,,,,,,,,,,,,,,,,,,,,,,,,,,,,,,,,,,,,,,,,,,,,,,,,,,,,,,,,,,,,,,,,,,,,,,,,,,,,,,,,,,,,,,,,,,,,,,,,,,,,,,,,,,,,,,,,,,,,,,,,,,,,,,,,,,,,,,,,,,,,,,,,,,,,,,,,,,,,,,,,,,,,,,,
,,,,,,,,,,,,,,,,,,,,,,,,,,,,,,,,,,,,,,,,,,,,,,,,,,,,,,,,,,,,,,,,,,,,,,,,,,,,,,,,,,,,,,,,,,,,,,,,,,,,,,,,,,,,,,,,,,,,,,,,,,,,,,,,,,,,,,,,,,,,,,,,,,,,,,,,,,,,,,,,,,,,,,,,,,,,,,,,,,,,,,,,,,,,,,,,,,,,,,,,,,,,,,,,,,,,,,,,,,,,,,,,,,,,,,,,,,,,,,,,,,,,,,,,,,,,,,,,,,,,,,,,,,,,,,,,,,,,,,,,,,,,,,,,,,,,,,,,,,,,,,,,,,,,,,,,,,,,,,,,,,,,,,,,,,,,,,,,,,,,,,,,,,,,,,,,,,,,,,,,,,,,,,,,,,,,,,,,,,,,,,,,,,,,,,,,,,,,,,,,,,,,,,,,,,,,,,,,,,,,,,,,,,,,,,,,,,,,,,,,,,,,,,,,,,,,,,,,,,,,,,,,,,,,,,,,,,,,,,,,,,,,,,,,,,,,,,,,,,,,,,,,,,,,,,,,,,,,,,,,,,,,,,,,,,,,,
,,,,,,,,,,,,,,,,,,,,,,,,,,,,,,,,,,,,,,,,,,,,,,,,,,,,,,,,,,,,,,,,,,,,,,,,,,,,,,,,,,,,,,,,,,,,,,,,,,,,,,,,,,,,,,,,,,,,,,,,,,,,,,,,,,,,,,,,,,,,,,,,,,,,,,,,,,,,,,,,,,,,,,,,,,,,,,,,,,,,,,,,,,,,,,,,,,,,,,,,,,,,,,,,,,,,,,,,,,,,,,,,,,,,,,,,,,,,,,,,,,,,,,,,,,,,,,,,,,,,,,,,,,,,,,,,,,,,,,,,,,,,,,,,,,,,,,,,,,,,,,,,,,,,,,,,,,,,,,,,,,,,,,,,,,,,,,,,,,,,,,,,,,,,,,,,,,,,,,,,,,,,,,,,,,,,,,,,,,,,,,,,,,,,,,,,,,,,,,,,,,,,,,,,,,,,,,,,,,,,,,,,,,,,,,,,,,,,,,,,,,,,,,,,,,,,,,,,,,,,,,,,,,,,,,,,,,,,,,,,,,,,,,,,,,,,,,,,,,,,,,,,,,,,,,,,,,,,,,,,,,,,,,,,,,,,,
,,,,,,,,,,,,,,,,,,,,,,,,,,,,,,,,,,,,,,,,,,,,,,,,,,,,,,,,,,,,,,,,,,,,,,,,,,,,,,,,,,,,,,,,,,,,,,,,,,,,,,,,,,,,,,,,,,,,,,,,,,,,,,,,,,,,,,,,,,,,,,,,,,,,,,,,,,,,,,,,,,,,,,,,,,,,,,,,,,,,,,,,,,,,,,,,,,,,,,,,,,,,,,,,,,,,,,,,,,,,,,,,,,,,,,,,,,,,,,,,,,,,,,,,,,,,,,,,,,,,,,,,,,,,,,,,,,,,,,,,,,,,,,,,,,,,,,,,,,,,,,,,,,,,,,,,,,,,,,,,,,,,,,,,,,,,,,,,,,,,,,,,,,,,,,,,,,,,,,,,,,,,,,,,,,,,,,,,,,,,,,,,,,,,,,,,,,,,,,,,,,,,,,,,,,,,,,,,,,,,,,,,,,,,,,,,,,,,,,,,,,,,,,,,,,,,,,,,,,,,,,,,,,,,,,,,,,,,,,,,,,,,,,,,,,,,,,,,,,,,,,,,,,,,,,,,,,,,,,,,,,,,,,,,,,,,,
,,,,,,,,,,,,,,,,,,,,,,,,,,,,,,,,,,,,,,,,,,,,,,,,,,,,,,,,,,,,,,,,,,,,,,,,,,,,,,,,,,,,,,,,,,,,,,,,,,,,,,,,,,,,,,,,,,,,,,,,,,,,,,,,,,,,,,,,,,,,,,,,,,,,,,,,,,,,,,,,,,,,,,,,,,,,,,,,,,,,,,,,,,,,,,,,,,,,,,,,,,,,,,,,,,,,,,,,,,,,,,,,,,,,,,,,,,,,,,,,,,,,,,,,,,,,,,,,,,,,,,,,,,,,,,,,,,,,,,,,,,,,,,,,,,,,,,,,,,,,,,,,,,,,,,,,,,,,,,,,,,,,,,,,,,,,,,,,,,,,,,,,,,,,,,,,,,,,,,,,,,,,,,,,,,,,,,,,,,,,,,,,,,,,,,,,,,,,,,,,,,,,,,,,,,,,,,,,,,,,,,,,,,,,,,,,,,,,,,,,,,,,,,,,,,,,,,,,,,,,,,,,,,,,,,,,,,,,,,,,,,,,,,,,,,,,,,,,,,,,,,,,,,,,,,,,,,,,,,,,,,,,,,,,,,,,,
,,,,,,,,,,,,,,,,,,,,,,,,,,,,,,,,,,,,,,,,,,,,,,,,,,,,,,,,,,,,,,,,,,,,,,,,,,,,,,,,,,,,,,,,,,,,,,,,,,,,,,,,,,,,,,,,,,,,,,,,,,,,,,,,,,,,,,,,,,,,,,,,,,,,,,,,,,,,,,,,,,,,,,,,,,,,,,,,,,,,,,,,,,,,,,,,,,,,,,,,,,,,,,,,,,,,,,,,,,,,,,,,,,,,,,,,,,,,,,,,,,,,,,,,,,,,,,,,,,,,,,,,,,,,,,,,,,,,,,,,,,,,,,,,,,,,,,,,,,,,,,,,,,,,,,,,,,,,,,,,,,,,,,,,,,,,,,,,,,,,,,,,,,,,,,,,,,,,,,,,,,,,,,,,,,,,,,,,,,,,,,,,,,,,,,,,,,,,,,,,,,,,,,,,,,,,,,,,,,,,,,,,,,,,,,,,,,,,,,,,,,,,,,,,,,,,,,,,,,,,,,,,,,,,,,,,,,,,,,,,,,,,,,,,,,,,,,,,,,,,,,,,,,,,,,,,,,,,,,,,,,,,,,,,,,,,,
,,,,,,,,,,,,,,,,,,,,,,,,,,,,,,,,,,,,,,,,,,,,,,,,,,,,,,,,,,,,,,,,,,,,,,,,,,,,,,,,,,,,,,,,,,,,,,,,,,,,,,,,,,,,,,,,,,,,,,,,,,,,,,,,,,,,,,,,,,,,,,,,,,,,,,,,,,,,,,,,,,,,,,,,,,,,,,,,,,,,,,,,,,,,,,,,,,,,,,,,,,,,,,,,,,,,,,,,,,,,,,,,,,,,,,,,,,,,,,,,,,,,,,,,,,,,,,,,,,,,,,,,,,,,,,,,,,,,,,,,,,,,,,,,,,,,,,,,,,,,,,,,,,,,,,,,,,,,,,,,,,,,,,,,,,,,,,,,,,,,,,,,,,,,,,,,,,,,,,,,,,,,,,,,,,,,,,,,,,,,,,,,,,,,,,,,,,,,,,,,,,,,,,,,,,,,,,,,,,,,,,,,,,,,,,,,,,,,,,,,,,,,,,,,,,,,,,,,,,,,,,,,,,,,,,,,,,,,,,,,,,,,,,,,,,,,,,,,,,,,,,,,,,,,,,,,,,,,,,,,,,,,,,,,,,,,,
,,,,,,,,,,,,,,,,,,,,,,,,,,,,,,,,,,,,,,,,,,,,,,,,,,,,,,,,,,,,,,,,,,,,,,,,,,,,,,,,,,,,,,,,,,,,,,,,,,,,,,,,,,,,,,,,,,,,,,,,,,,,,,,,,,,,,,,,,,,,,,,,,,,,,,,,,,,,,,,,,,,,,,,,,,,,,,,,,,,,,,,,,,,,,,,,,,,,,,,,,,,,,,,,,,,,,,,,,,,,,,,,,,,,,,,,,,,,,,,,,,,,,,,,,,,,,,,,,,,,,,,,,,,,,,,,,,,,,,,,,,,,,,,,,,,,,,,,,,,,,,,,,,,,,,,,,,,,,,,,,,,,,,,,,,,,,,,,,,,,,,,,,,,,,,,,,,,,,,,,,,,,,,,,,,,,,,,,,,,,,,,,,,,,,,,,,,,,,,,,,,,,,,,,,,,,,,,,,,,,,,,,,,,,,,,,,,,,,,,,,,,,,,,,,,,,,,,,,,,,,,,,,,,,,,,,,,,,,,,,,,,,,,,,,,,,,,,,,,,,,,,,,,,,,,,,,,,,,,,,,,,,,,,,,,,,,
,,,,,,,,,,,,,,,,,,,,,,,,,,,,,,,,,,,,,,,,,,,,,,,,,,,,,,,,,,,,,,,,,,,,,,,,,,,,,,,,,,,,,,,,,,,,,,,,,,,,,,,,,,,,,,,,,,,,,,,,,,,,,,,,,,,,,,,,,,,,,,,,,,,,,,,,,,,,,,,,,,,,,,,,,,,,,,,,,,,,,,,,,,,,,,,,,,,,,,,,,,,,,,,,,,,,,,,,,,,,,,,,,,,,,,,,,,,,,,,,,,,,,,,,,,,,,,,,,,,,,,,,,,,,,,,,,,,,,,,,,,,,,,,,,,,,,,,,,,,,,,,,,,,,,,,,,,,,,,,,,,,,,,,,,,,,,,,,,,,,,,,,,,,,,,,,,,,,,,,,,,,,,,,,,,,,,,,,,,,,,,,,,,,,,,,,,,,,,,,,,,,,,,,,,,,,,,,,,,,,,,,,,,,,,,,,,,,,,,,,,,,,,,,,,,,,,,,,,,,,,,,,,,,,,,,,,,,,,,,,,,,,,,,,,,,,,,,,,,,,,,,,,,,,,,,,,,,,,,,,,,,,,,,,,,,,,
,,,,,,,,,,,,,,,,,,,,,,,,,,,,,,,,,,,,,,,,,,,,,,,,,,,,,,,,,,,,,,,,,,,,,,,,,,,,,,,,,,,,,,,,,,,,,,,,,,,,,,,,,,,,,,,,,,,,,,,,,,,,,,,,,,,,,,,,,,,,,,,,,,,,,,,,,,,,,,,,,,,,,,,,,,,,,,,,,,,,,,,,,,,,,,,,,,,,,,,,,,,,,,,,,,,,,,,,,,,,,,,,,,,,,,,,,,,,,,,,,,,,,,,,,,,,,,,,,,,,,,,,,,,,,,,,,,,,,,,,,,,,,,,,,,,,,,,,,,,,,,,,,,,,,,,,,,,,,,,,,,,,,,,,,,,,,,,,,,,,,,,,,,,,,,,,,,,,,,,,,,,,,,,,,,,,,,,,,,,,,,,,,,,,,,,,,,,,,,,,,,,,,,,,,,,,,,,,,,,,,,,,,,,,,,,,,,,,,,,,,,,,,,,,,,,,,,,,,,,,,,,,,,,,,,,,,,,,,,,,,,,,,,,,,,,,,,,,,,,,,,,,,,,,,,,,,,,,,,,,,,,,,,,,,,,,,
,,,,,,,,,,,,,,,,,,,,,,,,,,,,,,,,,,,,,,,,,,,,,,,,,,,,,,,,,,,,,,,,,,,,,,,,,,,,,,,,,,,,,,,,,,,,,,,,,,,,,,,,,,,,,,,,,,,,,,,,,,,,,,,,,,,,,,,,,,,,,,,,,,,,,,,,,,,,,,,,,,,,,,,,,,,,,,,,,,,,,,,,,,,,,,,,,,,,,,,,,,,,,,,,,,,,,,,,,,,,,,,,,,,,,,,,,,,,,,,,,,,,,,,,,,,,,,,,,,,,,,,,,,,,,,,,,,,,,,,,,,,,,,,,,,,,,,,,,,,,,,,,,,,,,,,,,,,,,,,,,,,,,,,,,,,,,,,,,,,,,,,,,,,,,,,,,,,,,,,,,,,,,,,,,,,,,,,,,,,,,,,,,,,,,,,,,,,,,,,,,,,,,,,,,,,,,,,,,,,,,,,,,,,,,,,,,,,,,,,,,,,,,,,,,,,,,,,,,,,,,,,,,,,,,,,,,,,,,,,,,,,,,,,,,,,,,,,,,,,,,,,,,,,,,,,,,,,,,,,,,,,,,,,,,,,,,
,,,,,,,,,,,,,,,,,,,,,,,,,,,,,,,,,,,,,,,,,,,,,,,,,,,,,,,,,,,,,,,,,,,,,,,,,,,,,,,,,,,,,,,,,,,,,,,,,,,,,,,,,,,,,,,,,,,,,,,,,,,,,,,,,,,,,,,,,,,,,,,,,,,,,,,,,,,,,,,,,,,,,,,,,,,,,,,,,,,,,,,,,,,,,,,,,,,,,,,,,,,,,,,,,,,,,,,,,,,,,,,,,,,,,,,,,,,,,,,,,,,,,,,,,,,,,,,,,,,,,,,,,,,,,,,,,,,,,,,,,,,,,,,,,,,,,,,,,,,,,,,,,,,,,,,,,,,,,,,,,,,,,,,,,,,,,,,,,,,,,,,,,,,,,,,,,,,,,,,,,,,,,,,,,,,,,,,,,,,,,,,,,,,,,,,,,,,,,,,,,,,,,,,,,,,,,,,,,,,,,,,,,,,,,,,,,,,,,,,,,,,,,,,,,,,,,,,,,,,,,,,,,,,,,,,,,,,,,,,,,,,,,,,,,,,,,,,,,,,,,,,,,,,,,,,,,,,,,,,,,,,,,,,,,,,,,
,,,,,,,,,,,,,,,,,,,,,,,,,,,,,,,,,,,,,,,,,,,,,,,,,,,,,,,,,,,,,,,,,,,,,,,,,,,,,,,,,,,,,,,,,,,,,,,,,,,,,,,,,,,,,,,,,,,,,,,,,,,,,,,,,,,,,,,,,,,,,,,,,,,,,,,,,,,,,,,,,,,,,,,,,,,,,,,,,,,,,,,,,,,,,,,,,,,,,,,,,,,,,,,,,,,,,,,,,,,,,,,,,,,,,,,,,,,,,,,,,,,,,,,,,,,,,,,,,,,,,,,,,,,,,,,,,,,,,,,,,,,,,,,,,,,,,,,,,,,,,,,,,,,,,,,,,,,,,,,,,,,,,,,,,,,,,,,,,,,,,,,,,,,,,,,,,,,,,,,,,,,,,,,,,,,,,,,,,,,,,,,,,,,,,,,,,,,,,,,,,,,,,,,,,,,,,,,,,,,,,,,,,,,,,,,,,,,,,,,,,,,,,,,,,,,,,,,,,,,,,,,,,,,,,,,,,,,,,,,,,,,,,,,,,,,,,,,,,,,,,,,,,,,,,,,,,,,,,,,,,,,,,,,,,,,,,
,,,,,,,,,,,,,,,,,,,,,,,,,,,,,,,,,,,,,,,,,,,,,,,,,,,,,,,,,,,,,,,,,,,,,,,,,,,,,,,,,,,,,,,,,,,,,,,,,,,,,,,,,,,,,,,,,,,,,,,,,,,,,,,,,,,,,,,,,,,,,,,,,,,,,,,,,,,,,,,,,,,,,,,,,,,,,,,,,,,,,,,,,,,,,,,,,,,,,,,,,,,,,,,,,,,,,,,,,,,,,,,,,,,,,,,,,,,,,,,,,,,,,,,,,,,,,,,,,,,,,,,,,,,,,,,,,,,,,,,,,,,,,,,,,,,,,,,,,,,,,,,,,,,,,,,,,,,,,,,,,,,,,,,,,,,,,,,,,,,,,,,,,,,,,,,,,,,,,,,,,,,,,,,,,,,,,,,,,,,,,,,,,,,,,,,,,,,,,,,,,,,,,,,,,,,,,,,,,,,,,,,,,,,,,,,,,,,,,,,,,,,,,,,,,,,,,,,,,,,,,,,,,,,,,,,,,,,,,,,,,,,,,,,,,,,,,,,,,,,,,,,,,,,,,,,,,,,,,,,,,,,,,,,,,,,,,
,,,,,,,,,,,,,,,,,,,,,,,,,,,,,,,,,,,,,,,,,,,,,,,,,,,,,,,,,,,,,,,,,,,,,,,,,,,,,,,,,,,,,,,,,,,,,,,,,,,,,,,,,,,,,,,,,,,,,,,,,,,,,,,,,,,,,,,,,,,,,,,,,,,,,,,,,,,,,,,,,,,,,,,,,,,,,,,,,,,,,,,,,,,,,,,,,,,,,,,,,,,,,,,,,,,,,,,,,,,,,,,,,,,,,,,,,,,,,,,,,,,,,,,,,,,,,,,,,,,,,,,,,,,,,,,,,,,,,,,,,,,,,,,,,,,,,,,,,,,,,,,,,,,,,,,,,,,,,,,,,,,,,,,,,,,,,,,,,,,,,,,,,,,,,,,,,,,,,,,,,,,,,,,,,,,,,,,,,,,,,,,,,,,,,,,,,,,,,,,,,,,,,,,,,,,,,,,,,,,,,,,,,,,,,,,,,,,,,,,,,,,,,,,,,,,,,,,,,,,,,,,,,,,,,,,,,,,,,,,,,,,,,,,,,,,,,,,,,,,,,,,,,,,,,,,,,,,,,,,,,,,,,,,,,,,,,
,,,,,,,,,,,,,,,,,,,,,,,,,,,,,,,,,,,,,,,,,,,,,,,,,,,,,,,,,,,,,,,,,,,,,,,,,,,,,,,,,,,,,,,,,,,,,,,,,,,,,,,,,,,,,,,,,,,,,,,,,,,,,,,,,,,,,,,,,,,,,,,,,,,,,,,,,,,,,,,,,,,,,,,,,,,,,,,,,,,,,,,,,,,,,,,,,,,,,,,,,,,,,,,,,,,,,,,,,,,,,,,,,,,,,,,,,,,,,,,,,,,,,,,,,,,,,,,,,,,,,,,,,,,,,,,,,,,,,,,,,,,,,,,,,,,,,,,,,,,,,,,,,,,,,,,,,,,,,,,,,,,,,,,,,,,,,,,,,,,,,,,,,,,,,,,,,,,,,,,,,,,,,,,,,,,,,,,,,,,,,,,,,,,,,,,,,,,,,,,,,,,,,,,,,,,,,,,,,,,,,,,,,,,,,,,,,,,,,,,,,,,,,,,,,,,,,,,,,,,,,,,,,,,,,,,,,,,,,,,,,,,,,,,,,,,,,,,,,,,,,,,,,,,,,,,,,,,,,,,,,,,,,,,,,,,,,
,,,,,,,,,,,,,,,,,,,,,,,,,,,,,,,,,,,,,,,,,,,,,,,,,,,,,,,,,,,,,,,,,,,,,,,,,,,,,,,,,,,,,,,,,,,,,,,,,,,,,,,,,,,,,,,,,,,,,,,,,,,,,,,,,,,,,,,,,,,,,,,,,,,,,,,,,,,,,,,,,,,,,,,,,,,,,,,,,,,,,,,,,,,,,,,,,,,,,,,,,,,,,,,,,,,,,,,,,,,,,,,,,,,,,,,,,,,,,,,,,,,,,,,,,,,,,,,,,,,,,,,,,,,,,,,,,,,,,,,,,,,,,,,,,,,,,,,,,,,,,,,,,,,,,,,,,,,,,,,,,,,,,,,,,,,,,,,,,,,,,,,,,,,,,,,,,,,,,,,,,,,,,,,,,,,,,,,,,,,,,,,,,,,,,,,,,,,,,,,,,,,,,,,,,,,,,,,,,,,,,,,,,,,,,,,,,,,,,,,,,,,,,,,,,,,,,,,,,,,,,,,,,,,,,,,,,,,,,,,,,,,,,,,,,,,,,,,,,,,,,,,,,,,,,,,,,,,,,,,,,,,,,,,,,,,,,
,,,,,,,,,,,,,,,,,,,,,,,,,,,,,,,,,,,,,,,,,,,,,,,,,,,,,,,,,,,,,,,,,,,,,,,,,,,,,,,,,,,,,,,,,,,,,,,,,,,,,,,,,,,,,,,,,,,,,,,,,,,,,,,,,,,,,,,,,,,,,,,,,,,,,,,,,,,,,,,,,,,,,,,,,,,,,,,,,,,,,,,,,,,,,,,,,,,,,,,,,,,,,,,,,,,,,,,,,,,,,,,,,,,,,,,,,,,,,,,,,,,,,,,,,,,,,,,,,,,,,,,,,,,,,,,,,,,,,,,,,,,,,,,,,,,,,,,,,,,,,,,,,,,,,,,,,,,,,,,,,,,,,,,,,,,,,,,,,,,,,,,,,,,,,,,,,,,,,,,,,,,,,,,,,,,,,,,,,,,,,,,,,,,,,,,,,,,,,,,,,,,,,,,,,,,,,,,,,,,,,,,,,,,,,,,,,,,,,,,,,,,,,,,,,,,,,,,,,,,,,,,,,,,,,,,,,,,,,,,,,,,,,,,,,,,,,,,,,,,,,,,,,,,,,,,,,,,,,,,,,,,,,,,,,,,,,
,,,,,,,,,,,,,,,,,,,,,,,,,,,,,,,,,,,,,,,,,,,,,,,,,,,,,,,,,,,,,,,,,,,,,,,,,,,,,,,,,,,,,,,,,,,,,,,,,,,,,,,,,,,,,,,,,,,,,,,,,,,,,,,,,,,,,,,,,,,,,,,,,,,,,,,,,,,,,,,,,,,,,,,,,,,,,,,,,,,,,,,,,,,,,,,,,,,,,,,,,,,,,,,,,,,,,,,,,,,,,,,,,,,,,,,,,,,,,,,,,,,,,,,,,,,,,,,,,,,,,,,,,,,,,,,,,,,,,,,,,,,,,,,,,,,,,,,,,,,,,,,,,,,,,,,,,,,,,,,,,,,,,,,,,,,,,,,,,,,,,,,,,,,,,,,,,,,,,,,,,,,,,,,,,,,,,,,,,,,,,,,,,,,,,,,,,,,,,,,,,,,,,,,,,,,,,,,,,,,,,,,,,,,,,,,,,,,,,,,,,,,,,,,,,,,,,,,,,,,,,,,,,,,,,,,,,,,,,,,,,,,,,,,,,,,,,,,,,,,,,,,,,,,,,,,,,,,,,,,,,,,,,,,,,,,,,
,,,,,,,,,,,,,,,,,,,,,,,,,,,,,,,,,,,,,,,,,,,,,,,,,,,,,,,,,,,,,,,,,,,,,,,,,,,,,,,,,,,,,,,,,,,,,,,,,,,,,,,,,,,,,,,,,,,,,,,,,,,,,,,,,,,,,,,,,,,,,,,,,,,,,,,,,,,,,,,,,,,,,,,,,,,,,,,,,,,,,,,,,,,,,,,,,,,,,,,,,,,,,,,,,,,,,,,,,,,,,,,,,,,,,,,,,,,,,,,,,,,,,,,,,,,,,,,,,,,,,,,,,,,,,,,,,,,,,,,,,,,,,,,,,,,,,,,,,,,,,,,,,,,,,,,,,,,,,,,,,,,,,,,,,,,,,,,,,,,,,,,,,,,,,,,,,,,,,,,,,,,,,,,,,,,,,,,,,,,,,,,,,,,,,,,,,,,,,,,,,,,,,,,,,,,,,,,,,,,,,,,,,,,,,,,,,,,,,,,,,,,,,,,,,,,,,,,,,,,,,,,,,,,,,,,,,,,,,,,,,,,,,,,,,,,,,,,,,,,,,,,,,,,,,,,,,,,,,,,,,,,,,,,,,,,,,
,,,,,,,,,,,,,,,,,,,,,,,,,,,,,,,,,,,,,,,,,,,,,,,,,,,,,,,,,,,,,,,,,,,,,,,,,,,,,,,,,,,,,,,,,,,,,,,,,,,,,,,,,,,,,,,,,,,,,,,,,,,,,,,,,,,,,,,,,,,,,,,,,,,,,,,,,,,,,,,,,,,,,,,,,,,,,,,,,,,,,,,,,,,,,,,,,,,,,,,,,,,,,,,,,,,,,,,,,,,,,,,,,,,,,,,,,,,,,,,,,,,,,,,,,,,,,,,,,,,,,,,,,,,,,,,,,,,,,,,,,,,,,,,,,,,,,,,,,,,,,,,,,,,,,,,,,,,,,,,,,,,,,,,,,,,,,,,,,,,,,,,,,,,,,,,,,,,,,,,,,,,,,,,,,,,,,,,,,,,,,,,,,,,,,,,,,,,,,,,,,,,,,,,,,,,,,,,,,,,,,,,,,,,,,,,,,,,,,,,,,,,,,,,,,,,,,,,,,,,,,,,,,,,,,,,,,,,,,,,,,,,,,,,,,,,,,,,,,,,,,,,,,,,,,,,,,,,,,,,,,,,,,,,,,,,,,
,,,,,,,,,,,,,,,,,,,,,,,,,,,,,,,,,,,,,,,,,,,,,,,,,,,,,,,,,,,,,,,,,,,,,,,,,,,,,,,,,,,,,,,,,,,,,,,,,,,,,,,,,,,,,,,,,,,,,,,,,,,,,,,,,,,,,,,,,,,,,,,,,,,,,,,,,,,,,,,,,,,,,,,,,,,,,,,,,,,,,,,,,,,,,,,,,,,,,,,,,,,,,,,,,,,,,,,,,,,,,,,,,,,,,,,,,,,,,,,,,,,,,,,,,,,,,,,,,,,,,,,,,,,,,,,,,,,,,,,,,,,,,,,,,,,,,,,,,,,,,,,,,,,,,,,,,,,,,,,,,,,,,,,,,,,,,,,,,,,,,,,,,,,,,,,,,,,,,,,,,,,,,,,,,,,,,,,,,,,,,,,,,,,,,,,,,,,,,,,,,,,,,,,,,,,,,,,,,,,,,,,,,,,,,,,,,,,,,,,,,,,,,,,,,,,,,,,,,,,,,,,,,,,,,,,,,,,,,,,,,,,,,,,,,,,,,,,,,,,,,,,,,,,,,,,,,,,,,,,,,,,,,,,,,,,,,
,,,,,,,,,,,,,,,,,,,,,,,,,,,,,,,,,,,,,,,,,,,,,,,,,,,,,,,,,,,,,,,,,,,,,,,,,,,,,,,,,,,,,,,,,,,,,,,,,,,,,,,,,,,,,,,,,,,,,,,,,,,,,,,,,,,,,,,,,,,,,,,,,,,,,,,,,,,,,,,,,,,,,,,,,,,,,,,,,,,,,,,,,,,,,,,,,,,,,,,,,,,,,,,,,,,,,,,,,,,,,,,,,,,,,,,,,,,,,,,,,,,,,,,,,,,,,,,,,,,,,,,,,,,,,,,,,,,,,,,,,,,,,,,,,,,,,,,,,,,,,,,,,,,,,,,,,,,,,,,,,,,,,,,,,,,,,,,,,,,,,,,,,,,,,,,,,,,,,,,,,,,,,,,,,,,,,,,,,,,,,,,,,,,,,,,,,,,,,,,,,,,,,,,,,,,,,,,,,,,,,,,,,,,,,,,,,,,,,,,,,,,,,,,,,,,,,,,,,,,,,,,,,,,,,,,,,,,,,,,,,,,,,,,,,,,,,,,,,,,,,,,,,,,,,,,,,,,,,,,,,,,,,,,,,,,,,
,,,,,,,,,,,,,,,,,,,,,,,,,,,,,,,,,,,,,,,,,,,,,,,,,,,,,,,,,,,,,,,,,,,,,,,,,,,,,,,,,,,,,,,,,,,,,,,,,,,,,,,,,,,,,,,,,,,,,,,,,,,,,,,,,,,,,,,,,,,,,,,,,,,,,,,,,,,,,,,,,,,,,,,,,,,,,,,,,,,,,,,,,,,,,,,,,,,,,,,,,,,,,,,,,,,,,,,,,,,,,,,,,,,,,,,,,,,,,,,,,,,,,,,,,,,,,,,,,,,,,,,,,,,,,,,,,,,,,,,,,,,,,,,,,,,,,,,,,,,,,,,,,,,,,,,,,,,,,,,,,,,,,,,,,,,,,,,,,,,,,,,,,,,,,,,,,,,,,,,,,,,,,,,,,,,,,,,,,,,,,,,,,,,,,,,,,,,,,,,,,,,,,,,,,,,,,,,,,,,,,,,,,,,,,,,,,,,,,,,,,,,,,,,,,,,,,,,,,,,,,,,,,,,,,,,,,,,,,,,,,,,,,,,,,,,,,,,,,,,,,,,,,,,,,,,,,,,,,,,,,,,,,,,,,,,,,
,,,,,,,,,,,,,,,,,,,,,,,,,,,,,,,,,,,,,,,,,,,,,,,,,,,,,,,,,,,,,,,,,,,,,,,,,,,,,,,,,,,,,,,,,,,,,,,,,,,,,,,,,,,,,,,,,,,,,,,,,,,,,,,,,,,,,,,,,,,,,,,,,,,,,,,,,,,,,,,,,,,,,,,,,,,,,,,,,,,,,,,,,,,,,,,,,,,,,,,,,,,,,,,,,,,,,,,,,,,,,,,,,,,,,,,,,,,,,,,,,,,,,,,,,,,,,,,,,,,,,,,,,,,,,,,,,,,,,,,,,,,,,,,,,,,,,,,,,,,,,,,,,,,,,,,,,,,,,,,,,,,,,,,,,,,,,,,,,,,,,,,,,,,,,,,,,,,,,,,,,,,,,,,,,,,,,,,,,,,,,,,,,,,,,,,,,,,,,,,,,,,,,,,,,,,,,,,,,,,,,,,,,,,,,,,,,,,,,,,,,,,,,,,,,,,,,,,,,,,,,,,,,,,,,,,,,,,,,,,,,,,,,,,,,,,,,,,,,,,,,,,,,,,,,,,,,,,,,,,,,,,,,,,,,,,,,
,,,,,,,,,,,,,,,,,,,,,,,,,,,,,,,,,,,,,,,,,,,,,,,,,,,,,,,,,,,,,,,,,,,,,,,,,,,,,,,,,,,,,,,,,,,,,,,,,,,,,,,,,,,,,,,,,,,,,,,,,,,,,,,,,,,,,,,,,,,,,,,,,,,,,,,,,,,,,,,,,,,,,,,,,,,,,,,,,,,,,,,,,,,,,,,,,,,,,,,,,,,,,,,,,,,,,,,,,,,,,,,,,,,,,,,,,,,,,,,,,,,,,,,,,,,,,,,,,,,,,,,,,,,,,,,,,,,,,,,,,,,,,,,,,,,,,,,,,,,,,,,,,,,,,,,,,,,,,,,,,,,,,,,,,,,,,,,,,,,,,,,,,,,,,,,,,,,,,,,,,,,,,,,,,,,,,,,,,,,,,,,,,,,,,,,,,,,,,,,,,,,,,,,,,,,,,,,,,,,,,,,,,,,,,,,,,,,,,,,,,,,,,,,,,,,,,,,,,,,,,,,,,,,,,,,,,,,,,,,,,,,,,,,,,,,,,,,,,,,,,,,,,,,,,,,,,,,,,,,,,,,,,,,,,,,,,
,,,,,,,,,,,,,,,,,,,,,,,,,,,,,,,,,,,,,,,,,,,,,,,,,,,,,,,,,,,,,,,,,,,,,,,,,,,,,,,,,,,,,,,,,,,,,,,,,,,,,,,,,,,,,,,,,,,,,,,,,,,,,,,,,,,,,,,,,,,,,,,,,,,,,,,,,,,,,,,,,,,,,,,,,,,,,,,,,,,,,,,,,,,,,,,,,,,,,,,,,,,,,,,,,,,,,,,,,,,,,,,,,,,,,,,,,,,,,,,,,,,,,,,,,,,,,,,,,,,,,,,,,,,,,,,,,,,,,,,,,,,,,,,,,,,,,,,,,,,,,,,,,,,,,,,,,,,,,,,,,,,,,,,,,,,,,,,,,,,,,,,,,,,,,,,,,,,,,,,,,,,,,,,,,,,,,,,,,,,,,,,,,,,,,,,,,,,,,,,,,,,,,,,,,,,,,,,,,,,,,,,,,,,,,,,,,,,,,,,,,,,,,,,,,,,,,,,,,,,,,,,,,,,,,,,,,,,,,,,,,,,,,,,,,,,,,,,,,,,,,,,,,,,,,,,,,,,,,,,,,,,,,,,,,,,,,
,,,,,,,,,,,,,,,,,,,,,,,,,,,,,,,,,,,,,,,,,,,,,,,,,,,,,,,,,,,,,,,,,,,,,,,,,,,,,,,,,,,,,,,,,,,,,,,,,,,,,,,,,,,,,,,,,,,,,,,,,,,,,,,,,,,,,,,,,,,,,,,,,,,,,,,,,,,,,,,,,,,,,,,,,,,,,,,,,,,,,,,,,,,,,,,,,,,,,,,,,,,,,,,,,,,,,,,,,,,,,,,,,,,,,,,,,,,,,,,,,,,,,,,,,,,,,,,,,,,,,,,,,,,,,,,,,,,,,,,,,,,,,,,,,,,,,,,,,,,,,,,,,,,,,,,,,,,,,,,,,,,,,,,,,,,,,,,,,,,,,,,,,,,,,,,,,,,,,,,,,,,,,,,,,,,,,,,,,,,,,,,,,,,,,,,,,,,,,,,,,,,,,,,,,,,,,,,,,,,,,,,,,,,,,,,,,,,,,,,,,,,,,,,,,,,,,,,,,,,,,,,,,,,,,,,,,,,,,,,,,,,,,,,,,,,,,,,,,,,,,,,,,,,,,,,,,,,,,,,,,,,,,,,,,,,,,
,,,,,,,,,,,,,,,,,,,,,,,,,,,,,,,,,,,,,,,,,,,,,,,,,,,,,,,,,,,,,,,,,,,,,,,,,,,,,,,,,,,,,,,,,,,,,,,,,,,,,,,,,,,,,,,,,,,,,,,,,,,,,,,,,,,,,,,,,,,,,,,,,,,,,,,,,,,,,,,,,,,,,,,,,,,,,,,,,,,,,,,,,,,,,,,,,,,,,,,,,,,,,,,,,,,,,,,,,,,,,,,,,,,,,,,,,,,,,,,,,,,,,,,,,,,,,,,,,,,,,,,,,,,,,,,,,,,,,,,,,,,,,,,,,,,,,,,,,,,,,,,,,,,,,,,,,,,,,,,,,,,,,,,,,,,,,,,,,,,,,,,,,,,,,,,,,,,,,,,,,,,,,,,,,,,,,,,,,,,,,,,,,,,,,,,,,,,,,,,,,,,,,,,,,,,,,,,,,,,,,,,,,,,,,,,,,,,,,,,,,,,,,,,,,,,,,,,,,,,,,,,,,,,,,,,,,,,,,,,,,,,,,,,,,,,,,,,,,,,,,,,,,,,,,,,,,,,,,,,,,,,,,,,,,,,,,
,,,,,,,,,,,,,,,,,,,,,,,,,,,,,,,,,,,,,,,,,,,,,,,,,,,,,,,,,,,,,,,,,,,,,,,,,,,,,,,,,,,,,,,,,,,,,,,,,,,,,,,,,,,,,,,,,,,,,,,,,,,,,,,,,,,,,,,,,,,,,,,,,,,,,,,,,,,,,,,,,,,,,,,,,,,,,,,,,,,,,,,,,,,,,,,,,,,,,,,,,,,,,,,,,,,,,,,,,,,,,,,,,,,,,,,,,,,,,,,,,,,,,,,,,,,,,,,,,,,,,,,,,,,,,,,,,,,,,,,,,,,,,,,,,,,,,,,,,,,,,,,,,,,,,,,,,,,,,,,,,,,,,,,,,,,,,,,,,,,,,,,,,,,,,,,,,,,,,,,,,,,,,,,,,,,,,,,,,,,,,,,,,,,,,,,,,,,,,,,,,,,,,,,,,,,,,,,,,,,,,,,,,,,,,,,,,,,,,,,,,,,,,,,,,,,,,,,,,,,,,,,,,,,,,,,,,,,,,,,,,,,,,,,,,,,,,,,,,,,,,,,,,,,,,,,,,,,,,,,,,,,,,,,,,,,,,
,,,,,,,,,,,,,,,,,,,,,,,,,,,,,,,,,,,,,,,,,,,,,,,,,,,,,,,,,,,,,,,,,,,,,,,,,,,,,,,,,,,,,,,,,,,,,,,,,,,,,,,,,,,,,,,,,,,,,,,,,,,,,,,,,,,,,,,,,,,,,,,,,,,,,,,,,,,,,,,,,,,,,,,,,,,,,,,,,,,,,,,,,,,,,,,,,,,,,,,,,,,,,,,,,,,,,,,,,,,,,,,,,,,,,,,,,,,,,,,,,,,,,,,,,,,,,,,,,,,,,,,,,,,,,,,,,,,,,,,,,,,,,,,,,,,,,,,,,,,,,,,,,,,,,,,,,,,,,,,,,,,,,,,,,,,,,,,,,,,,,,,,,,,,,,,,,,,,,,,,,,,,,,,,,,,,,,,,,,,,,,,,,,,,,,,,,,,,,,,,,,,,,,,,,,,,,,,,,,,,,,,,,,,,,,,,,,,,,,,,,,,,,,,,,,,,,,,,,,,,,,,,,,,,,,,,,,,,,,,,,,,,,,,,,,,,,,,,,,,,,,,,,,,,,,,,,,,,,,,,,,,,,,,,,,,,,
,,,,,,,,,,,,,,,,,,,,,,,,,,,,,,,,,,,,,,,,,,,,,,,,,,,,,,,,,,,,,,,,,,,,,,,,,,,,,,,,,,,,,,,,,,,,,,,,,,,,,,,,,,,,,,,,,,,,,,,,,,,,,,,,,,,,,,,,,,,,,,,,,,,,,,,,,,,,,,,,,,,,,,,,,,,,,,,,,,,,,,,,,,,,,,,,,,,,,,,,,,,,,,,,,,,,,,,,,,,,,,,,,,,,,,,,,,,,,,,,,,,,,,,,,,,,,,,,,,,,,,,,,,,,,,,,,,,,,,,,,,,,,,,,,,,,,,,,,,,,,,,,,,,,,,,,,,,,,,,,,,,,,,,,,,,,,,,,,,,,,,,,,,,,,,,,,,,,,,,,,,,,,,,,,,,,,,,,,,,,,,,,,,,,,,,,,,,,,,,,,,,,,,,,,,,,,,,,,,,,,,,,,,,,,,,,,,,,,,,,,,,,,,,,,,,,,,,,,,,,,,,,,,,,,,,,,,,,,,,,,,,,,,,,,,,,,,,,,,,,,,,,,,,,,,,,,,,,,,,,,,,,,,,,,,,,,
,,,,,,,,,,,,,,,,,,,,,,,,,,,,,,,,,,,,,,,,,,,,,,,,,,,,,,,,,,,,,,,,,,,,,,,,,,,,,,,,,,,,,,,,,,,,,,,,,,,,,,,,,,,,,,,,,,,,,,,,,,,,,,,,,,,,,,,,,,,,,,,,,,,,,,,,,,,,,,,,,,,,,,,,,,,,,,,,,,,,,,,,,,,,,,,,,,,,,,,,,,,,,,,,,,,,,,,,,,,,,,,,,,,,,,,,,,,,,,,,,,,,,,,,,,,,,,,,,,,,,,,,,,,,,,,,,,,,,,,,,,,,,,,,,,,,,,,,,,,,,,,,,,,,,,,,,,,,,,,,,,,,,,,,,,,,,,,,,,,,,,,,,,,,,,,,,,,,,,,,,,,,,,,,,,,,,,,,,,,,,,,,,,,,,,,,,,,,,,,,,,,,,,,,,,,,,,,,,,,,,,,,,,,,,,,,,,,,,,,,,,,,,,,,,,,,,,,,,,,,,,,,,,,,,,,,,,,,,,,,,,,,,,,,,,,,,,,,,,,,,,,,,,,,,,,,,,,,,,,,,,,,,,,,,,,,,
,,,,,,,,,,,,,,,,,,,,,,,,,,,,,,,,,,,,,,,,,,,,,,,,,,,,,,,,,,,,,,,,,,,,,,,,,,,,,,,,,,,,,,,,,,,,,,,,,,,,,,,,,,,,,,,,,,,,,,,,,,,,,,,,,,,,,,,,,,,,,,,,,,,,,,,,,,,,,,,,,,,,,,,,,,,,,,,,,,,,,,,,,,,,,,,,,,,,,,,,,,,,,,,,,,,,,,,,,,,,,,,,,,,,,,,,,,,,,,,,,,,,,,,,,,,,,,,,,,,,,,,,,,,,,,,,,,,,,,,,,,,,,,,,,,,,,,,,,,,,,,,,,,,,,,,,,,,,,,,,,,,,,,,,,,,,,,,,,,,,,,,,,,,,,,,,,,,,,,,,,,,,,,,,,,,,,,,,,,,,,,,,,,,,,,,,,,,,,,,,,,,,,,,,,,,,,,,,,,,,,,,,,,,,,,,,,,,,,,,,,,,,,,,,,,,,,,,,,,,,,,,,,,,,,,,,,,,,,,,,,,,,,,,,,,,,,,,,,,,,,,,,,,,,,,,,,,,,,,,,,,,,,,,,,,,,,
,,,,,,,,,,,,,,,,,,,,,,,,,,,,,,,,,,,,,,,,,,,,,,,,,,,,,,,,,,,,,,,,,,,,,,,,,,,,,,,,,,,,,,,,,,,,,,,,,,,,,,,,,,,,,,,,,,,,,,,,,,,,,,,,,,,,,,,,,,,,,,,,,,,,,,,,,,,,,,,,,,,,,,,,,,,,,,,,,,,,,,,,,,,,,,,,,,,,,,,,,,,,,,,,,,,,,,,,,,,,,,,,,,,,,,,,,,,,,,,,,,,,,,,,,,,,,,,,,,,,,,,,,,,,,,,,,,,,,,,,,,,,,,,,,,,,,,,,,,,,,,,,,,,,,,,,,,,,,,,,,,,,,,,,,,,,,,,,,,,,,,,,,,,,,,,,,,,,,,,,,,,,,,,,,,,,,,,,,,,,,,,,,,,,,,,,,,,,,,,,,,,,,,,,,,,,,,,,,,,,,,,,,,,,,,,,,,,,,,,,,,,,,,,,,,,,,,,,,,,,,,,,,,,,,,,,,,,,,,,,,,,,,,,,,,,,,,,,,,,,,,,,,,,,,,,,,,,,,,,,,,,,,,,,,,,,,
,,,,,,,,,,,,,,,,,,,,,,,,,,,,,,,,,,,,,,,,,,,,,,,,,,,,,,,,,,,,,,,,,,,,,,,,,,,,,,,,,,,,,,,,,,,,,,,,,,,,,,,,,,,,,,,,,,,,,,,,,,,,,,,,,,,,,,,,,,,,,,,,,,,,,,,,,,,,,,,,,,,,,,,,,,,,,,,,,,,,,,,,,,,,,,,,,,,,,,,,,,,,,,,,,,,,,,,,,,,,,,,,,,,,,,,,,,,,,,,,,,,,,,,,,,,,,,,,,,,,,,,,,,,,,,,,,,,,,,,,,,,,,,,,,,,,,,,,,,,,,,,,,,,,,,,,,,,,,,,,,,,,,,,,,,,,,,,,,,,,,,,,,,,,,,,,,,,,,,,,,,,,,,,,,,,,,,,,,,,,,,,,,,,,,,,,,,,,,,,,,,,,,,,,,,,,,,,,,,,,,,,,,,,,,,,,,,,,,,,,,,,,,,,,,,,,,,,,,,,,,,,,,,,,,,,,,,,,,,,,,,,,,,,,,,,,,,,,,,,,,,,,,,,,,,,,,,,,,,,,,,,,,,,,,,,,,
,,,,,,,,,,,,,,,,,,,,,,,,,,,,,,,,,,,,,,,,,,,,,,,,,,,,,,,,,,,,,,,,,,,,,,,,,,,,,,,,,,,,,,,,,,,,,,,,,,,,,,,,,,,,,,,,,,,,,,,,,,,,,,,,,,,,,,,,,,,,,,,,,,,,,,,,,,,,,,,,,,,,,,,,,,,,,,,,,,,,,,,,,,,,,,,,,,,,,,,,,,,,,,,,,,,,,,,,,,,,,,,,,,,,,,,,,,,,,,,,,,,,,,,,,,,,,,,,,,,,,,,,,,,,,,,,,,,,,,,,,,,,,,,,,,,,,,,,,,,,,,,,,,,,,,,,,,,,,,,,,,,,,,,,,,,,,,,,,,,,,,,,,,,,,,,,,,,,,,,,,,,,,,,,,,,,,,,,,,,,,,,,,,,,,,,,,,,,,,,,,,,,,,,,,,,,,,,,,,,,,,,,,,,,,,,,,,,,,,,,,,,,,,,,,,,,,,,,,,,,,,,,,,,,,,,,,,,,,,,,,,,,,,,,,,,,,,,,,,,,,,,,,,,,,,,,,,,,,,,,,,,,,,,,,,,,,
,,,,,,,,,,,,,,,,,,,,,,,,,,,,,,,,,,,,,,,,,,,,,,,,,,,,,,,,,,,,,,,,,,,,,,,,,,,,,,,,,,,,,,,,,,,,,,,,,,,,,,,,,,,,,,,,,,,,,,,,,,,,,,,,,,,,,,,,,,,,,,,,,,,,,,,,,,,,,,,,,,,,,,,,,,,,,,,,,,,,,,,,,,,,,,,,,,,,,,,,,,,,,,,,,,,,,,,,,,,,,,,,,,,,,,,,,,,,,,,,,,,,,,,,,,,,,,,,,,,,,,,,,,,,,,,,,,,,,,,,,,,,,,,,,,,,,,,,,,,,,,,,,,,,,,,,,,,,,,,,,,,,,,,,,,,,,,,,,,,,,,,,,,,,,,,,,,,,,,,,,,,,,,,,,,,,,,,,,,,,,,,,,,,,,,,,,,,,,,,,,,,,,,,,,,,,,,,,,,,,,,,,,,,,,,,,,,,,,,,,,,,,,,,,,,,,,,,,,,,,,,,,,,,,,,,,,,,,,,,,,,,,,,,,,,,,,,,,,,,,,,,,,,,,,,,,,,,,,,,,,,,,,,,,,,,,,
,,,,,,,,,,,,,,,,,,,,,,,,,,,,,,,,,,,,,,,,,,,,,,,,,,,,,,,,,,,,,,,,,,,,,,,,,,,,,,,,,,,,,,,,,,,,,,,,,,,,,,,,,,,,,,,,,,,,,,,,,,,,,,,,,,,,,,,,,,,,,,,,,,,,,,,,,,,,,,,,,,,,,,,,,,,,,,,,,,,,,,,,,,,,,,,,,,,,,,,,,,,,,,,,,,,,,,,,,,,,,,,,,,,,,,,,,,,,,,,,,,,,,,,,,,,,,,,,,,,,,,,,,,,,,,,,,,,,,,,,,,,,,,,,,,,,,,,,,,,,,,,,,,,,,,,,,,,,,,,,,,,,,,,,,,,,,,,,,,,,,,,,,,,,,,,,,,,,,,,,,,,,,,,,,,,,,,,,,,,,,,,,,,,,,,,,,,,,,,,,,,,,,,,,,,,,,,,,,,,,,,,,,,,,,,,,,,,,,,,,,,,,,,,,,,,,,,,,,,,,,,,,,,,,,,,,,,,,,,,,,,,,,,,,,,,,,,,,,,,,,,,,,,,,,,,,,,,,,,,,,,,,,,,,,,,,,
,,,,,,,,,,,,,,,,,,,,,,,,,,,,,,,,,,,,,,,,,,,,,,,,,,,,,,,,,,,,,,,,,,,,,,,,,,,,,,,,,,,,,,,,,,,,,,,,,,,,,,,,,,,,,,,,,,,,,,,,,,,,,,,,,,,,,,,,,,,,,,,,,,,,,,,,,,,,,,,,,,,,,,,,,,,,,,,,,,,,,,,,,,,,,,,,,,,,,,,,,,,,,,,,,,,,,,,,,,,,,,,,,,,,,,,,,,,,,,,,,,,,,,,,,,,,,,,,,,,,,,,,,,,,,,,,,,,,,,,,,,,,,,,,,,,,,,,,,,,,,,,,,,,,,,,,,,,,,,,,,,,,,,,,,,,,,,,,,,,,,,,,,,,,,,,,,,,,,,,,,,,,,,,,,,,,,,,,,,,,,,,,,,,,,,,,,,,,,,,,,,,,,,,,,,,,,,,,,,,,,,,,,,,,,,,,,,,,,,,,,,,,,,,,,,,,,,,,,,,,,,,,,,,,,,,,,,,,,,,,,,,,,,,,,,,,,,,,,,,,,,,,,,,,,,,,,,,,,,,,,,,,,,,,,,,,,
,,,,,,,,,,,,,,,,,,,,,,,,,,,,,,,,,,,,,,,,,,,,,,,,,,,,,,,,,,,,,,,,,,,,,,,,,,,,,,,,,,,,,,,,,,,,,,,,,,,,,,,,,,,,,,,,,,,,,,,,,,,,,,,,,,,,,,,,,,,,,,,,,,,,,,,,,,,,,,,,,,,,,,,,,,,,,,,,,,,,,,,,,,,,,,,,,,,,,,,,,,,,,,,,,,,,,,,,,,,,,,,,,,,,,,,,,,,,,,,,,,,,,,,,,,,,,,,,,,,,,,,,,,,,,,,,,,,,,,,,,,,,,,,,,,,,,,,,,,,,,,,,,,,,,,,,,,,,,,,,,,,,,,,,,,,,,,,,,,,,,,,,,,,,,,,,,,,,,,,,,,,,,,,,,,,,,,,,,,,,,,,,,,,,,,,,,,,,,,,,,,,,,,,,,,,,,,,,,,,,,,,,,,,,,,,,,,,,,,,,,,,,,,,,,,,,,,,,,,,,,,,,,,,,,,,,,,,,,,,,,,,,,,,,,,,,,,,,,,,,,,,,,,,,,,,,,,,,,,,,,,,,,,,,,,,,,
,,,,,,,,,,,,,,,,,,,,,,,,,,,,,,,,,,,,,,,,,,,,,,,,,,,,,,,,,,,,,,,,,,,,,,,,,,,,,,,,,,,,,,,,,,,,,,,,,,,,,,,,,,,,,,,,,,,,,,,,,,,,,,,,,,,,,,,,,,,,,,,,,,,,,,,,,,,,,,,,,,,,,,,,,,,,,,,,,,,,,,,,,,,,,,,,,,,,,,,,,,,,,,,,,,,,,,,,,,,,,,,,,,,,,,,,,,,,,,,,,,,,,,,,,,,,,,,,,,,,,,,,,,,,,,,,,,,,,,,,,,,,,,,,,,,,,,,,,,,,,,,,,,,,,,,,,,,,,,,,,,,,,,,,,,,,,,,,,,,,,,,,,,,,,,,,,,,,,,,,,,,,,,,,,,,,,,,,,,,,,,,,,,,,,,,,,,,,,,,,,,,,,,,,,,,,,,,,,,,,,,,,,,,,,,,,,,,,,,,,,,,,,,,,,,,,,,,,,,,,,,,,,,,,,,,,,,,,,,,,,,,,,,,,,,,,,,,,,,,,,,,,,,,,,,,,,,,,,,,,,,,,,,,,,,,,,
,,,,,,,,,,,,,,,,,,,,,,,,,,,,,,,,,,,,,,,,,,,,,,,,,,,,,,,,,,,,,,,,,,,,,,,,,,,,,,,,,,,,,,,,,,,,,,,,,,,,,,,,,,,,,,,,,,,,,,,,,,,,,,,,,,,,,,,,,,,,,,,,,,,,,,,,,,,,,,,,,,,,,,,,,,,,,,,,,,,,,,,,,,,,,,,,,,,,,,,,,,,,,,,,,,,,,,,,,,,,,,,,,,,,,,,,,,,,,,,,,,,,,,,,,,,,,,,,,,,,,,,,,,,,,,,,,,,,,,,,,,,,,,,,,,,,,,,,,,,,,,,,,,,,,,,,,,,,,,,,,,,,,,,,,,,,,,,,,,,,,,,,,,,,,,,,,,,,,,,,,,,,,,,,,,,,,,,,,,,,,,,,,,,,,,,,,,,,,,,,,,,,,,,,,,,,,,,,,,,,,,,,,,,,,,,,,,,,,,,,,,,,,,,,,,,,,,,,,,,,,,,,,,,,,,,,,,,,,,,,,,,,,,,,,,,,,,,,,,,,,,,,,,,,,,,,,,,,,,,,,,,,,,,,,,,,,
,,,,,,,,,,,,,,,,,,,,,,,,,,,,,,,,,,,,,,,,,,,,,,,,,,,,,,,,,,,,,,,,,,,,,,,,,,,,,,,,,,,,,,,,,,,,,,,,,,,,,,,,,,,,,,,,,,,,,,,,,,,,,,,,,,,,,,,,,,,,,,,,,,,,,,,,,,,,,,,,,,,,,,,,,,,,,,,,,,,,,,,,,,,,,,,,,,,,,,,,,,,,,,,,,,,,,,,,,,,,,,,,,,,,,,,,,,,,,,,,,,,,,,,,,,,,,,,,,,,,,,,,,,,,,,,,,,,,,,,,,,,,,,,,,,,,,,,,,,,,,,,,,,,,,,,,,,,,,,,,,,,,,,,,,,,,,,,,,,,,,,,,,,,,,,,,,,,,,,,,,,,,,,,,,,,,,,,,,,,,,,,,,,,,,,,,,,,,,,,,,,,,,,,,,,,,,,,,,,,,,,,,,,,,,,,,,,,,,,,,,,,,,,,,,,,,,,,,,,,,,,,,,,,,,,,,,,,,,,,,,,,,,,,,,,,,,,,,,,,,,,,,,,,,,,,,,,,,,,,,,,,,,,,,,,,,,
,,,,,,,,,,,,,,,,,,,,,,,,,,,,,,,,,,,,,,,,,,,,,,,,,,,,,,,,,,,,,,,,,,,,,,,,,,,,,,,,,,,,,,,,,,,,,,,,,,,,,,,,,,,,,,,,,,,,,,,,,,,,,,,,,,,,,,,,,,,,,,,,,,,,,,,,,,,,,,,,,,,,,,,,,,,,,,,,,,,,,,,,,,,,,,,,,,,,,,,,,,,,,,,,,,,,,,,,,,,,,,,,,,,,,,,,,,,,,,,,,,,,,,,,,,,,,,,,,,,,,,,,,,,,,,,,,,,,,,,,,,,,,,,,,,,,,,,,,,,,,,,,,,,,,,,,,,,,,,,,,,,,,,,,,,,,,,,,,,,,,,,,,,,,,,,,,,,,,,,,,,,,,,,,,,,,,,,,,,,,,,,,,,,,,,,,,,,,,,,,,,,,,,,,,,,,,,,,,,,,,,,,,,,,,,,,,,,,,,,,,,,,,,,,,,,,,,,,,,,,,,,,,,,,,,,,,,,,,,,,,,,,,,,,,,,,,,,,,,,,,,,,,,,,,,,,,,,,,,,,,,,,,,,,,,,,,
,,,,,,,,,,,,,,,,,,,,,,,,,,,,,,,,,,,,,,,,,,,,,,,,,,,,,,,,,,,,,,,,,,,,,,,,,,,,,,,,,,,,,,,,,,,,,,,,,,,,,,,,,,,,,,,,,,,,,,,,,,,,,,,,,,,,,,,,,,,,,,,,,,,,,,,,,,,,,,,,,,,,,,,,,,,,,,,,,,,,,,,,,,,,,,,,,,,,,,,,,,,,,,,,,,,,,,,,,,,,,,,,,,,,,,,,,,,,,,,,,,,,,,,,,,,,,,,,,,,,,,,,,,,,,,,,,,,,,,,,,,,,,,,,,,,,,,,,,,,,,,,,,,,,,,,,,,,,,,,,,,,,,,,,,,,,,,,,,,,,,,,,,,,,,,,,,,,,,,,,,,,,,,,,,,,,,,,,,,,,,,,,,,,,,,,,,,,,,,,,,,,,,,,,,,,,,,,,,,,,,,,,,,,,,,,,,,,,,,,,,,,,,,,,,,,,,,,,,,,,,,,,,,,,,,,,,,,,,,,,,,,,,,,,,,,,,,,,,,,,,,,,,,,,,,,,,,,,,,,,,,,,,,,,,,,,,
,,,,,,,,,,,,,,,,,,,,,,,,,,,,,,,,,,,,,,,,,,,,,,,,,,,,,,,,,,,,,,,,,,,,,,,,,,,,,,,,,,,,,,,,,,,,,,,,,,,,,,,,,,,,,,,,,,,,,,,,,,,,,,,,,,,,,,,,,,,,,,,,,,,,,,,,,,,,,,,,,,,,,,,,,,,,,,,,,,,,,,,,,,,,,,,,,,,,,,,,,,,,,,,,,,,,,,,,,,,,,,,,,,,,,,,,,,,,,,,,,,,,,,,,,,,,,,,,,,,,,,,,,,,,,,,,,,,,,,,,,,,,,,,,,,,,,,,,,,,,,,,,,,,,,,,,,,,,,,,,,,,,,,,,,,,,,,,,,,,,,,,,,,,,,,,,,,,,,,,,,,,,,,,,,,,,,,,,,,,,,,,,,,,,,,,,,,,,,,,,,,,,,,,,,,,,,,,,,,,,,,,,,,,,,,,,,,,,,,,,,,,,,,,,,,,,,,,,,,,,,,,,,,,,,,,,,,,,,,,,,,,,,,,,,,,,,,,,,,,,,,,,,,,,,,,,,,,,,,,,,,,,,,,,,,,,,
,,,,,,,,,,,,,,,,,,,,,,,,,,,,,,,,,,,,,,,,,,,,,,,,,,,,,,,,,,,,,,,,,,,,,,,,,,,,,,,,,,,,,,,,,,,,,,,,,,,,,,,,,,,,,,,,,,,,,,,,,,,,,,,,,,,,,,,,,,,,,,,,,,,,,,,,,,,,,,,,,,,,,,,,,,,,,,,,,,,,,,,,,,,,,,,,,,,,,,,,,,,,,,,,,,,,,,,,,,,,,,,,,,,,,,,,,,,,,,,,,,,,,,,,,,,,,,,,,,,,,,,,,,,,,,,,,,,,,,,,,,,,,,,,,,,,,,,,,,,,,,,,,,,,,,,,,,,,,,,,,,,,,,,,,,,,,,,,,,,,,,,,,,,,,,,,,,,,,,,,,,,,,,,,,,,,,,,,,,,,,,,,,,,,,,,,,,,,,,,,,,,,,,,,,,,,,,,,,,,,,,,,,,,,,,,,,,,,,,,,,,,,,,,,,,,,,,,,,,,,,,,,,,,,,,,,,,,,,,,,,,,,,,,,,,,,,,,,,,,,,,,,,,,,,,,,,,,,,,,,,,,,,,,,,,,,,
,,,,,,,,,,,,,,,,,,,,,,,,,,,,,,,,,,,,,,,,,,,,,,,,,,,,,,,,,,,,,,,,,,,,,,,,,,,,,,,,,,,,,,,,,,,,,,,,,,,,,,,,,,,,,,,,,,,,,,,,,,,,,,,,,,,,,,,,,,,,,,,,,,,,,,,,,,,,,,,,,,,,,,,,,,,,,,,,,,,,,,,,,,,,,,,,,,,,,,,,,,,,,,,,,,,,,,,,,,,,,,,,,,,,,,,,,,,,,,,,,,,,,,,,,,,,,,,,,,,,,,,,,,,,,,,,,,,,,,,,,,,,,,,,,,,,,,,,,,,,,,,,,,,,,,,,,,,,,,,,,,,,,,,,,,,,,,,,,,,,,,,,,,,,,,,,,,,,,,,,,,,,,,,,,,,,,,,,,,,,,,,,,,,,,,,,,,,,,,,,,,,,,,,,,,,,,,,,,,,,,,,,,,,,,,,,,,,,,,,,,,,,,,,,,,,,,,,,,,,,,,,,,,,,,,,,,,,,,,,,,,,,,,,,,,,,,,,,,,,,,,,,,,,,,,,,,,,,,,,,,,,,,,,,,,,,,
,,,,,,,,,,,,,,,,,,,,,,,,,,,,,,,,,,,,,,,,,,,,,,,,,,,,,,,,,,,,,,,,,,,,,,,,,,,,,,,,,,,,,,,,,,,,,,,,,,,,,,,,,,,,,,,,,,,,,,,,,,,,,,,,,,,,,,,,,,,,,,,,,,,,,,,,,,,,,,,,,,,,,,,,,,,,,,,,,,,,,,,,,,,,,,,,,,,,,,,,,,,,,,,,,,,,,,,,,,,,,,,,,,,,,,,,,,,,,,,,,,,,,,,,,,,,,,,,,,,,,,,,,,,,,,,,,,,,,,,,,,,,,,,,,,,,,,,,,,,,,,,,,,,,,,,,,,,,,,,,,,,,,,,,,,,,,,,,,,,,,,,,,,,,,,,,,,,,,,,,,,,,,,,,,,,,,,,,,,,,,,,,,,,,,,,,,,,,,,,,,,,,,,,,,,,,,,,,,,,,,,,,,,,,,,,,,,,,,,,,,,,,,,,,,,,,,,,,,,,,,,,,,,,,,,,,,,,,,,,,,,,,,,,,,,,,,,,,,,,,,,,,,,,,,,,,,,,,,,,,,,,,,,,,,,,,,
,,,,,,,,,,,,,,,,,,,,,,,,,,,,,,,,,,,,,,,,,,,,,,,,,,,,,,,,,,,,,,,,,,,,,,,,,,,,,,,,,,,,,,,,,,,,,,,,,,,,,,,,,,,,,,,,,,,,,,,,,,,,,,,,,,,,,,,,,,,,,,,,,,,,,,,,,,,,,,,,,,,,,,,,,,,,,,,,,,,,,,,,,,,,,,,,,,,,,,,,,,,,,,,,,,,,,,,,,,,,,,,,,,,,,,,,,,,,,,,,,,,,,,,,,,,,,,,,,,,,,,,,,,,,,,,,,,,,,,,,,,,,,,,,,,,,,,,,,,,,,,,,,,,,,,,,,,,,,,,,,,,,,,,,,,,,,,,,,,,,,,,,,,,,,,,,,,,,,,,,,,,,,,,,,,,,,,,,,,,,,,,,,,,,,,,,,,,,,,,,,,,,,,,,,,,,,,,,,,,,,,,,,,,,,,,,,,,,,,,,,,,,,,,,,,,,,,,,,,,,,,,,,,,,,,,,,,,,,,,,,,,,,,,,,,,,,,,,,,,,,,,,,,,,,,,,,,,,,,,,,,,,,,,,,,,,,
,,,,,,,,,,,,,,,,,,,,,,,,,,,,,,,,,,,,,,,,,,,,,,,,,,,,,,,,,,,,,,,,,,,,,,,,,,,,,,,,,,,,,,,,,,,,,,,,,,,,,,,,,,,,,,,,,,,,,,,,,,,,,,,,,,,,,,,,,,,,,,,,,,,,,,,,,,,,,,,,,,,,,,,,,,,,,,,,,,,,,,,,,,,,,,,,,,,,,,,,,,,,,,,,,,,,,,,,,,,,,,,,,,,,,,,,,,,,,,,,,,,,,,,,,,,,,,,,,,,,,,,,,,,,,,,,,,,,,,,,,,,,,,,,,,,,,,,,,,,,,,,,,,,,,,,,,,,,,,,,,,,,,,,,,,,,,,,,,,,,,,,,,,,,,,,,,,,,,,,,,,,,,,,,,,,,,,,,,,,,,,,,,,,,,,,,,,,,,,,,,,,,,,,,,,,,,,,,,,,,,,,,,,,,,,,,,,,,,,,,,,,,,,,,,,,,,,,,,,,,,,,,,,,,,,,,,,,,,,,,,,,,,,,,,,,,,,,,,,,,,,,,,,,,,,,,,,,,,,,,,,,,,,,,,,,,,
,,,,,,,,,,,,,,,,,,,,,,,,,,,,,,,,,,,,,,,,,,,,,,,,,,,,,,,,,,,,,,,,,,,,,,,,,,,,,,,,,,,,,,,,,,,,,,,,,,,,,,,,,,,,,,,,,,,,,,,,,,,,,,,,,,,,,,,,,,,,,,,,,,,,,,,,,,,,,,,,,,,,,,,,,,,,,,,,,,,,,,,,,,,,,,,,,,,,,,,,,,,,,,,,,,,,,,,,,,,,,,,,,,,,,,,,,,,,,,,,,,,,,,,,,,,,,,,,,,,,,,,,,,,,,,,,,,,,,,,,,,,,,,,,,,,,,,,,,,,,,,,,,,,,,,,,,,,,,,,,,,,,,,,,,,,,,,,,,,,,,,,,,,,,,,,,,,,,,,,,,,,,,,,,,,,,,,,,,,,,,,,,,,,,,,,,,,,,,,,,,,,,,,,,,,,,,,,,,,,,,,,,,,,,,,,,,,,,,,,,,,,,,,,,,,,,,,,,,,,,,,,,,,,,,,,,,,,,,,,,,,,,,,,,,,,,,,,,,,,,,,,,,,,,,,,,,,,,,,,,,,,,,,,,,,,,,
,,,,,,,,,,,,,,,,,,,,,,,,,,,,,,,,,,,,,,,,,,,,,,,,,,,,,,,,,,,,,,,,,,,,,,,,,,,,,,,,,,,,,,,,,,,,,,,,,,,,,,,,,,,,,,,,,,,,,,,,,,,,,,,,,,,,,,,,,,,,,,,,,,,,,,,,,,,,,,,,,,,,,,,,,,,,,,,,,,,,,,,,,,,,,,,,,,,,,,,,,,,,,,,,,,,,,,,,,,,,,,,,,,,,,,,,,,,,,,,,,,,,,,,,,,,,,,,,,,,,,,,,,,,,,,,,,,,,,,,,,,,,,,,,,,,,,,,,,,,,,,,,,,,,,,,,,,,,,,,,,,,,,,,,,,,,,,,,,,,,,,,,,,,,,,,,,,,,,,,,,,,,,,,,,,,,,,,,,,,,,,,,,,,,,,,,,,,,,,,,,,,,,,,,,,,,,,,,,,,,,,,,,,,,,,,,,,,,,,,,,,,,,,,,,,,,,,,,,,,,,,,,,,,,,,,,,,,,,,,,,,,,,,,,,,,,,,,,,,,,,,,,,,,,,,,,,,,,,,,,,,,,,,,,,,,,,
,,,,,,,,,,,,,,,,,,,,,,,,,,,,,,,,,,,,,,,,,,,,,,,,,,,,,,,,,,,,,,,,,,,,,,,,,,,,,,,,,,,,,,,,,,,,,,,,,,,,,,,,,,,,,,,,,,,,,,,,,,,,,,,,,,,,,,,,,,,,,,,,,,,,,,,,,,,,,,,,,,,,,,,,,,,,,,,,,,,,,,,,,,,,,,,,,,,,,,,,,,,,,,,,,,,,,,,,,,,,,,,,,,,,,,,,,,,,,,,,,,,,,,,,,,,,,,,,,,,,,,,,,,,,,,,,,,,,,,,,,,,,,,,,,,,,,,,,,,,,,,,,,,,,,,,,,,,,,,,,,,,,,,,,,,,,,,,,,,,,,,,,,,,,,,,,,,,,,,,,,,,,,,,,,,,,,,,,,,,,,,,,,,,,,,,,,,,,,,,,,,,,,,,,,,,,,,,,,,,,,,,,,,,,,,,,,,,,,,,,,,,,,,,,,,,,,,,,,,,,,,,,,,,,,,,,,,,,,,,,,,,,,,,,,,,,,,,,,,,,,,,,,,,,,,,,,,,,,,,,,,,,,,,,,,,,,
,,,,,,,,,,,,,,,,,,,,,,,,,,,,,,,,,,,,,,,,,,,,,,,,,,,,,,,,,,,,,,,,,,,,,,,,,,,,,,,,,,,,,,,,,,,,,,,,,,,,,,,,,,,,,,,,,,,,,,,,,,,,,,,,,,,,,,,,,,,,,,,,,,,,,,,,,,,,,,,,,,,,,,,,,,,,,,,,,,,,,,,,,,,,,,,,,,,,,,,,,,,,,,,,,,,,,,,,,,,,,,,,,,,,,,,,,,,,,,,,,,,,,,,,,,,,,,,,,,,,,,,,,,,,,,,,,,,,,,,,,,,,,,,,,,,,,,,,,,,,,,,,,,,,,,,,,,,,,,,,,,,,,,,,,,,,,,,,,,,,,,,,,,,,,,,,,,,,,,,,,,,,,,,,,,,,,,,,,,,,,,,,,,,,,,,,,,,,,,,,,,,,,,,,,,,,,,,,,,,,,,,,,,,,,,,,,,,,,,,,,,,,,,,,,,,,,,,,,,,,,,,,,,,,,,,,,,,,,,,,,,,,,,,,,,,,,,,,,,,,,,,,,,,,,,,,,,,,,,,,,,,,,,,,,,,,,
,,,,,,,,,,,,,,,,,,,,,,,,,,,,,,,,,,,,,,,,,,,,,,,,,,,,,,,,,,,,,,,,,,,,,,,,,,,,,,,,,,,,,,,,,,,,,,,,,,,,,,,,,,,,,,,,,,,,,,,,,,,,,,,,,,,,,,,,,,,,,,,,,,,,,,,,,,,,,,,,,,,,,,,,,,,,,,,,,,,,,,,,,,,,,,,,,,,,,,,,,,,,,,,,,,,,,,,,,,,,,,,,,,,,,,,,,,,,,,,,,,,,,,,,,,,,,,,,,,,,,,,,,,,,,,,,,,,,,,,,,,,,,,,,,,,,,,,,,,,,,,,,,,,,,,,,,,,,,,,,,,,,,,,,,,,,,,,,,,,,,,,,,,,,,,,,,,,,,,,,,,,,,,,,,,,,,,,,,,,,,,,,,,,,,,,,,,,,,,,,,,,,,,,,,,,,,,,,,,,,,,,,,,,,,,,,,,,,,,,,,,,,,,,,,,,,,,,,,,,,,,,,,,,,,,,,,,,,,,,,,,,,,,,,,,,,,,,,,,,,,,,,,,,,,,,,,,,,,,,,,,,,,,,,,,,,,
,,,,,,,,,,,,,,,,,,,,,,,,,,,,,,,,,,,,,,,,,,,,,,,,,,,,,,,,,,,,,,,,,,,,,,,,,,,,,,,,,,,,,,,,,,,,,,,,,,,,,,,,,,,,,,,,,,,,,,,,,,,,,,,,,,,,,,,,,,,,,,,,,,,,,,,,,,,,,,,,,,,,,,,,,,,,,,,,,,,,,,,,,,,,,,,,,,,,,,,,,,,,,,,,,,,,,,,,,,,,,,,,,,,,,,,,,,,,,,,,,,,,,,,,,,,,,,,,,,,,,,,,,,,,,,,,,,,,,,,,,,,,,,,,,,,,,,,,,,,,,,,,,,,,,,,,,,,,,,,,,,,,,,,,,,,,,,,,,,,,,,,,,,,,,,,,,,,,,,,,,,,,,,,,,,,,,,,,,,,,,,,,,,,,,,,,,,,,,,,,,,,,,,,,,,,,,,,,,,,,,,,,,,,,,,,,,,,,,,,,,,,,,,,,,,,,,,,,,,,,,,,,,,,,,,,,,,,,,,,,,,,,,,,,,,,,,,,,,,,,,,,,,,,,,,,,,,,,,,,,,,,,,,,,,,,,,
,,,,,,,,,,,,,,,,,,,,,,,,,,,,,,,,,,,,,,,,,,,,,,,,,,,,,,,,,,,,,,,,,,,,,,,,,,,,,,,,,,,,,,,,,,,,,,,,,,,,,,,,,,,,,,,,,,,,,,,,,,,,,,,,,,,,,,,,,,,,,,,,,,,,,,,,,,,,,,,,,,,,,,,,,,,,,,,,,,,,,,,,,,,,,,,,,,,,,,,,,,,,,,,,,,,,,,,,,,,,,,,,,,,,,,,,,,,,,,,,,,,,,,,,,,,,,,,,,,,,,,,,,,,,,,,,,,,,,,,,,,,,,,,,,,,,,,,,,,,,,,,,,,,,,,,,,,,,,,,,,,,,,,,,,,,,,,,,,,,,,,,,,,,,,,,,,,,,,,,,,,,,,,,,,,,,,,,,,,,,,,,,,,,,,,,,,,,,,,,,,,,,,,,,,,,,,,,,,,,,,,,,,,,,,,,,,,,,,,,,,,,,,,,,,,,,,,,,,,,,,,,,,,,,,,,,,,,,,,,,,,,,,,,,,,,,,,,,,,,,,,,,,,,,,,,,,,,,,,,,,,,,,,,,,,,,,
,,,,,,,,,,,,,,,,,,,,,,,,,,,,,,,,,,,,,,,,,,,,,,,,,,,,,,,,,,,,,,,,,,,,,,,,,,,,,,,,,,,,,,,,,,,,,,,,,,,,,,,,,,,,,,,,,,,,,,,,,,,,,,,,,,,,,,,,,,,,,,,,,,,,,,,,,,,,,,,,,,,,,,,,,,,,,,,,,,,,,,,,,,,,,,,,,,,,,,,,,,,,,,,,,,,,,,,,,,,,,,,,,,,,,,,,,,,,,,,,,,,,,,,,,,,,,,,,,,,,,,,,,,,,,,,,,,,,,,,,,,,,,,,,,,,,,,,,,,,,,,,,,,,,,,,,,,,,,,,,,,,,,,,,,,,,,,,,,,,,,,,,,,,,,,,,,,,,,,,,,,,,,,,,,,,,,,,,,,,,,,,,,,,,,,,,,,,,,,,,,,,,,,,,,,,,,,,,,,,,,,,,,,,,,,,,,,,,,,,,,,,,,,,,,,,,,,,,,,,,,,,,,,,,,,,,,,,,,,,,,,,,,,,,,,,,,,,,,,,,,,,,,,,,,,,,,,,,,,,,,,,,,,,,,,,,,
,,,,,,,,,,,,,,,,,,,,,,,,,,,,,,,,,,,,,,,,,,,,,,,,,,,,,,,,,,,,,,,,,,,,,,,,,,,,,,,,,,,,,,,,,,,,,,,,,,,,,,,,,,,,,,,,,,,,,,,,,,,,,,,,,,,,,,,,,,,,,,,,,,,,,,,,,,,,,,,,,,,,,,,,,,,,,,,,,,,,,,,,,,,,,,,,,,,,,,,,,,,,,,,,,,,,,,,,,,,,,,,,,,,,,,,,,,,,,,,,,,,,,,,,,,,,,,,,,,,,,,,,,,,,,,,,,,,,,,,,,,,,,,,,,,,,,,,,,,,,,,,,,,,,,,,,,,,,,,,,,,,,,,,,,,,,,,,,,,,,,,,,,,,,,,,,,,,,,,,,,,,,,,,,,,,,,,,,,,,,,,,,,,,,,,,,,,,,,,,,,,,,,,,,,,,,,,,,,,,,,,,,,,,,,,,,,,,,,,,,,,,,,,,,,,,,,,,,,,,,,,,,,,,,,,,,,,,,,,,,,,,,,,,,,,,,,,,,,,,,,,,,,,,,,,,,,,,,,,,,,,,,,,,,,,,,,
,,,,,,,,,,,,,,,,,,,,,,,,,,,,,,,,,,,,,,,,,,,,,,,,,,,,,,,,,,,,,,,,,,,,,,,,,,,,,,,,,,,,,,,,,,,,,,,,,,,,,,,,,,,,,,,,,,,,,,,,,,,,,,,,,,,,,,,,,,,,,,,,,,,,,,,,,,,,,,,,,,,,,,,,,,,,,,,,,,,,,,,,,,,,,,,,,,,,,,,,,,,,,,,,,,,,,,,,,,,,,,,,,,,,,,,,,,,,,,,,,,,,,,,,,,,,,,,,,,,,,,,,,,,,,,,,,,,,,,,,,,,,,,,,,,,,,,,,,,,,,,,,,,,,,,,,,,,,,,,,,,,,,,,,,,,,,,,,,,,,,,,,,,,,,,,,,,,,,,,,,,,,,,,,,,,,,,,,,,,,,,,,,,,,,,,,,,,,,,,,,,,,,,,,,,,,,,,,,,,,,,,,,,,,,,,,,,,,,,,,,,,,,,,,,,,,,,,,,,,,,,,,,,,,,,,,,,,,,,,,,,,,,,,,,,,,,,,,,,,,,,,,,,,,,,,,,,,,,,,,,,,,,,,,,,,,,
,,,,,,,,,,,,,,,,,,,,,,,,,,,,,,,,,,,,,,,,,,,,,,,,,,,,,,,,,,,,,,,,,,,,,,,,,,,,,,,,,,,,,,,,,,,,,,,,,,,,,,,,,,,,,,,,,,,,,,,,,,,,,,,,,,,,,,,,,,,,,,,,,,,,,,,,,,,,,,,,,,,,,,,,,,,,,,,,,,,,,,,,,,,,,,,,,,,,,,,,,,,,,,,,,,,,,,,,,,,,,,,,,,,,,,,,,,,,,,,,,,,,,,,,,,,,,,,,,,,,,,,,,,,,,,,,,,,,,,,,,,,,,,,,,,,,,,,,,,,,,,,,,,,,,,,,,,,,,,,,,,,,,,,,,,,,,,,,,,,,,,,,,,,,,,,,,,,,,,,,,,,,,,,,,,,,,,,,,,,,,,,,,,,,,,,,,,,,,,,,,,,,,,,,,,,,,,,,,,,,,,,,,,,,,,,,,,,,,,,,,,,,,,,,,,,,,,,,,,,,,,,,,,,,,,,,,,,,,,,,,,,,,,,,,,,,,,,,,,,,,,,,,,,,,,,,,,,,,,,,,,,,,,,,,,,,,
,,,,,,,,,,,,,,,,,,,,,,,,,,,,,,,,,,,,,,,,,,,,,,,,,,,,,,,,,,,,,,,,,,,,,,,,,,,,,,,,,,,,,,,,,,,,,,,,,,,,,,,,,,,,,,,,,,,,,,,,,,,,,,,,,,,,,,,,,,,,,,,,,,,,,,,,,,,,,,,,,,,,,,,,,,,,,,,,,,,,,,,,,,,,,,,,,,,,,,,,,,,,,,,,,,,,,,,,,,,,,,,,,,,,,,,,,,,,,,,,,,,,,,,,,,,,,,,,,,,,,,,,,,,,,,,,,,,,,,,,,,,,,,,,,,,,,,,,,,,,,,,,,,,,,,,,,,,,,,,,,,,,,,,,,,,,,,,,,,,,,,,,,,,,,,,,,,,,,,,,,,,,,,,,,,,,,,,,,,,,,,,,,,,,,,,,,,,,,,,,,,,,,,,,,,,,,,,,,,,,,,,,,,,,,,,,,,,,,,,,,,,,,,,,,,,,,,,,,,,,,,,,,,,,,,,,,,,,,,,,,,,,,,,,,,,,,,,,,,,,,,,,,,,,,,,,,,,,,,,,,,,,,,,,,,,,,
,,,,,,,,,,,,,,,,,,,,,,,,,,,,,,,,,,,,,,,,,,,,,,,,,,,,,,,,,,,,,,,,,,,,,,,,,,,,,,,,,,,,,,,,,,,,,,,,,,,,,,,,,,,,,,,,,,,,,,,,,,,,,,,,,,,,,,,,,,,,,,,,,,,,,,,,,,,,,,,,,,,,,,,,,,,,,,,,,,,,,,,,,,,,,,,,,,,,,,,,,,,,,,,,,,,,,,,,,,,,,,,,,,,,,,,,,,,,,,,,,,,,,,,,,,,,,,,,,,,,,,,,,,,,,,,,,,,,,,,,,,,,,,,,,,,,,,,,,,,,,,,,,,,,,,,,,,,,,,,,,,,,,,,,,,,,,,,,,,,,,,,,,,,,,,,,,,,,,,,,,,,,,,,,,,,,,,,,,,,,,,,,,,,,,,,,,,,,,,,,,,,,,,,,,,,,,,,,,,,,,,,,,,,,,,,,,,,,,,,,,,,,,,,,,,,,,,,,,,,,,,,,,,,,,,,,,,,,,,,,,,,,,,,,,,,,,,,,,,,,,,,,,,,,,,,,,,,,,,,,,,,,,,,,,,,,,
,,,,,,,,,,,,,,,,,,,,,,,,,,,,,,,,,,,,,,,,,,,,,,,,,,,,,,,,,,,,,,,,,,,,,,,,,,,,,,,,,,,,,,,,,,,,,,,,,,,,,,,,,,,,,,,,,,,,,,,,,,,,,,,,,,,,,,,,,,,,,,,,,,,,,,,,,,,,,,,,,,,,,,,,,,,,,,,,,,,,,,,,,,,,,,,,,,,,,,,,,,,,,,,,,,,,,,,,,,,,,,,,,,,,,,,,,,,,,,,,,,,,,,,,,,,,,,,,,,,,,,,,,,,,,,,,,,,,,,,,,,,,,,,,,,,,,,,,,,,,,,,,,,,,,,,,,,,,,,,,,,,,,,,,,,,,,,,,,,,,,,,,,,,,,,,,,,,,,,,,,,,,,,,,,,,,,,,,,,,,,,,,,,,,,,,,,,,,,,,,,,,,,,,,,,,,,,,,,,,,,,,,,,,,,,,,,,,,,,,,,,,,,,,,,,,,,,,,,,,,,,,,,,,,,,,,,,,,,,,,,,,,,,,,,,,,,,,,,,,,,,,,,,,,,,,,,,,,,,,,,,,,,,,,,,,,,
,,,,,,,,,,,,,,,,,,,,,,,,,,,,,,,,,,,,,,,,,,,,,,,,,,,,,,,,,,,,,,,,,,,,,,,,,,,,,,,,,,,,,,,,,,,,,,,,,,,,,,,,,,,,,,,,,,,,,,,,,,,,,,,,,,,,,,,,,,,,,,,,,,,,,,,,,,,,,,,,,,,,,,,,,,,,,,,,,,,,,,,,,,,,,,,,,,,,,,,,,,,,,,,,,,,,,,,,,,,,,,,,,,,,,,,,,,,,,,,,,,,,,,,,,,,,,,,,,,,,,,,,,,,,,,,,,,,,,,,,,,,,,,,,,,,,,,,,,,,,,,,,,,,,,,,,,,,,,,,,,,,,,,,,,,,,,,,,,,,,,,,,,,,,,,,,,,,,,,,,,,,,,,,,,,,,,,,,,,,,,,,,,,,,,,,,,,,,,,,,,,,,,,,,,,,,,,,,,,,,,,,,,,,,,,,,,,,,,,,,,,,,,,,,,,,,,,,,,,,,,,,,,,,,,,,,,,,,,,,,,,,,,,,,,,,,,,,,,,,,,,,,,,,,,,,,,,,,,,,,,,,,,,,,,,,,,
,,,,,,,,,,,,,,,,,,,,,,,,,,,,,,,,,,,,,,,,,,,,,,,,,,,,,,,,,,,,,,,,,,,,,,,,,,,,,,,,,,,,,,,,,,,,,,,,,,,,,,,,,,,,,,,,,,,,,,,,,,,,,,,,,,,,,,,,,,,,,,,,,,,,,,,,,,,,,,,,,,,,,,,,,,,,,,,,,,,,,,,,,,,,,,,,,,,,,,,,,,,,,,,,,,,,,,,,,,,,,,,,,,,,,,,,,,,,,,,,,,,,,,,,,,,,,,,,,,,,,,,,,,,,,,,,,,,,,,,,,,,,,,,,,,,,,,,,,,,,,,,,,,,,,,,,,,,,,,,,,,,,,,,,,,,,,,,,,,,,,,,,,,,,,,,,,,,,,,,,,,,,,,,,,,,,,,,,,,,,,,,,,,,,,,,,,,,,,,,,,,,,,,,,,,,,,,,,,,,,,,,,,,,,,,,,,,,,,,,,,,,,,,,,,,,,,,,,,,,,,,,,,,,,,,,,,,,,,,,,,,,,,,,,,,,,,,,,,,,,,,,,,,,,,,,,,,,,,,,,,,,,,,,,,,,,,
,,,,,,,,,,,,,,,,,,,,,,,,,,,,,,,,,,,,,,,,,,,,,,,,,,,,,,,,,,,,,,,,,,,,,,,,,,,,,,,,,,,,,,,,,,,,,,,,,,,,,,,,,,,,,,,,,,,,,,,,,,,,,,,,,,,,,,,,,,,,,,,,,,,,,,,,,,,,,,,,,,,,,,,,,,,,,,,,,,,,,,,,,,,,,,,,,,,,,,,,,,,,,,,,,,,,,,,,,,,,,,,,,,,,,,,,,,,,,,,,,,,,,,,,,,,,,,,,,,,,,,,,,,,,,,,,,,,,,,,,,,,,,,,,,,,,,,,,,,,,,,,,,,,,,,,,,,,,,,,,,,,,,,,,,,,,,,,,,,,,,,,,,,,,,,,,,,,,,,,,,,,,,,,,,,,,,,,,,,,,,,,,,,,,,,,,,,,,,,,,,,,,,,,,,,,,,,,,,,,,,,,,,,,,,,,,,,,,,,,,,,,,,,,,,,,,,,,,,,,,,,,,,,,,,,,,,,,,,,,,,,,,,,,,,,,,,,,,,,,,,,,,,,,,,,,,,,,,,,,,,,,,,,,,,,,,,
,,,,,,,,,,,,,,,,,,,,,,,,,,,,,,,,,,,,,,,,,,,,,,,,,,,,,,,,,,,,,,,,,,,,,,,,,,,,,,,,,,,,,,,,,,,,,,,,,,,,,,,,,,,,,,,,,,,,,,,,,,,,,,,,,,,,,,,,,,,,,,,,,,,,,,,,,,,,,,,,,,,,,,,,,,,,,,,,,,,,,,,,,,,,,,,,,,,,,,,,,,,,,,,,,,,,,,,,,,,,,,,,,,,,,,,,,,,,,,,,,,,,,,,,,,,,,,,,,,,,,,,,,,,,,,,,,,,,,,,,,,,,,,,,,,,,,,,,,,,,,,,,,,,,,,,,,,,,,,,,,,,,,,,,,,,,,,,,,,,,,,,,,,,,,,,,,,,,,,,,,,,,,,,,,,,,,,,,,,,,,,,,,,,,,,,,,,,,,,,,,,,,,,,,,,,,,,,,,,,,,,,,,,,,,,,,,,,,,,,,,,,,,,,,,,,,,,,,,,,,,,,,,,,,,,,,,,,,,,,,,,,,,,,,,,,,,,,,,,,,,,,,,,,,,,,,,,,,,,,,,,,,,,,,,,,,,
,,,,,,,,,,,,,,,,,,,,,,,,,,,,,,,,,,,,,,,,,,,,,,,,,,,,,,,,,,,,,,,,,,,,,,,,,,,,,,,,,,,,,,,,,,,,,,,,,,,,,,,,,,,,,,,,,,,,,,,,,,,,,,,,,,,,,,,,,,,,,,,,,,,,,,,,,,,,,,,,,,,,,,,,,,,,,,,,,,,,,,,,,,,,,,,,,,,,,,,,,,,,,,,,,,,,,,,,,,,,,,,,,,,,,,,,,,,,,,,,,,,,,,,,,,,,,,,,,,,,,,,,,,,,,,,,,,,,,,,,,,,,,,,,,,,,,,,,,,,,,,,,,,,,,,,,,,,,,,,,,,,,,,,,,,,,,,,,,,,,,,,,,,,,,,,,,,,,,,,,,,,,,,,,,,,,,,,,,,,,,,,,,,,,,,,,,,,,,,,,,,,,,,,,,,,,,,,,,,,,,,,,,,,,,,,,,,,,,,,,,,,,,,,,,,,,,,,,,,,,,,,,,,,,,,,,,,,,,,,,,,,,,,,,,,,,,,,,,,,,,,,,,,,,,,,,,,,,,,,,,,,,,,,,,,,,,
,,,,,,,,,,,,,,,,,,,,,,,,,,,,,,,,,,,,,,,,,,,,,,,,,,,,,,,,,,,,,,,,,,,,,,,,,,,,,,,,,,,,,,,,,,,,,,,,,,,,,,,,,,,,,,,,,,,,,,,,,,,,,,,,,,,,,,,,,,,,,,,,,,,,,,,,,,,,,,,,,,,,,,,,,,,,,,,,,,,,,,,,,,,,,,,,,,,,,,,,,,,,,,,,,,,,,,,,,,,,,,,,,,,,,,,,,,,,,,,,,,,,,,,,,,,,,,,,,,,,,,,,,,,,,,,,,,,,,,,,,,,,,,,,,,,,,,,,,,,,,,,,,,,,,,,,,,,,,,,,,,,,,,,,,,,,,,,,,,,,,,,,,,,,,,,,,,,,,,,,,,,,,,,,,,,,,,,,,,,,,,,,,,,,,,,,,,,,,,,,,,,,,,,,,,,,,,,,,,,,,,,,,,,,,,,,,,,,,,,,,,,,,,,,,,,,,,,,,,,,,,,,,,,,,,,,,,,,,,,,,,,,,,,,,,,,,,,,,,,,,,,,,,,,,,,,,,,,,,,,,,,,,,,,,,,,,
,,,,,,,,,,,,,,,,,,,,,,,,,,,,,,,,,,,,,,,,,,,,,,,,,,,,,,,,,,,,,,,,,,,,,,,,,,,,,,,,,,,,,,,,,,,,,,,,,,,,,,,,,,,,,,,,,,,,,,,,,,,,,,,,,,,,,,,,,,,,,,,,,,,,,,,,,,,,,,,,,,,,,,,,,,,,,,,,,,,,,,,,,,,,,,,,,,,,,,,,,,,,,,,,,,,,,,,,,,,,,,,,,,,,,,,,,,,,,,,,,,,,,,,,,,,,,,,,,,,,,,,,,,,,,,,,,,,,,,,,,,,,,,,,,,,,,,,,,,,,,,,,,,,,,,,,,,,,,,,,,,,,,,,,,,,,,,,,,,,,,,,,,,,,,,,,,,,,,,,,,,,,,,,,,,,,,,,,,,,,,,,,,,,,,,,,,,,,,,,,,,,,,,,,,,,,,,,,,,,,,,,,,,,,,,,,,,,,,,,,,,,,,,,,,,,,,,,,,,,,,,,,,,,,,,,,,,,,,,,,,,,,,,,,,,,,,,,,,,,,,,,,,,,,,,,,,,,,,,,,,,,,,,,,,,,,,
,,,,,,,,,,,,,,,,,,,,,,,,,,,,,,,,,,,,,,,,,,,,,,,,,,,,,,,,,,,,,,,,,,,,,,,,,,,,,,,,,,,,,,,,,,,,,,,,,,,,,,,,,,,,,,,,,,,,,,,,,,,,,,,,,,,,,,,,,,,,,,,,,,,,,,,,,,,,,,,,,,,,,,,,,,,,,,,,,,,,,,,,,,,,,,,,,,,,,,,,,,,,,,,,,,,,,,,,,,,,,,,,,,,,,,,,,,,,,,,,,,,,,,,,,,,,,,,,,,,,,,,,,,,,,,,,,,,,,,,,,,,,,,,,,,,,,,,,,,,,,,,,,,,,,,,,,,,,,,,,,,,,,,,,,,,,,,,,,,,,,,,,,,,,,,,,,,,,,,,,,,,,,,,,,,,,,,,,,,,,,,,,,,,,,,,,,,,,,,,,,,,,,,,,,,,,,,,,,,,,,,,,,,,,,,,,,,,,,,,,,,,,,,,,,,,,,,,,,,,,,,,,,,,,,,,,,,,,,,,,,,,,,,,,,,,,,,,,,,,,,,,,,,,,,,,,,,,,,,,,,,,,,,,,,,,,,
,,,,,,,,,,,,,,,,,,,,,,,,,,,,,,,,,,,,,,,,,,,,,,,,,,,,,,,,,,,,,,,,,,,,,,,,,,,,,,,,,,,,,,,,,,,,,,,,,,,,,,,,,,,,,,,,,,,,,,,,,,,,,,,,,,,,,,,,,,,,,,,,,,,,,,,,,,,,,,,,,,,,,,,,,,,,,,,,,,,,,,,,,,,,,,,,,,,,,,,,,,,,,,,,,,,,,,,,,,,,,,,,,,,,,,,,,,,,,,,,,,,,,,,,,,,,,,,,,,,,,,,,,,,,,,,,,,,,,,,,,,,,,,,,,,,,,,,,,,,,,,,,,,,,,,,,,,,,,,,,,,,,,,,,,,,,,,,,,,,,,,,,,,,,,,,,,,,,,,,,,,,,,,,,,,,,,,,,,,,,,,,,,,,,,,,,,,,,,,,,,,,,,,,,,,,,,,,,,,,,,,,,,,,,,,,,,,,,,,,,,,,,,,,,,,,,,,,,,,,,,,,,,,,,,,,,,,,,,,,,,,,,,,,,,,,,,,,,,,,,,,,,,,,,,,,,,,,,,,,,,,,,,,,,,,,,,
,,,,,,,,,,,,,,,,,,,,,,,,,,,,,,,,,,,,,,,,,,,,,,,,,,,,,,,,,,,,,,,,,,,,,,,,,,,,,,,,,,,,,,,,,,,,,,,,,,,,,,,,,,,,,,,,,,,,,,,,,,,,,,,,,,,,,,,,,,,,,,,,,,,,,,,,,,,,,,,,,,,,,,,,,,,,,,,,,,,,,,,,,,,,,,,,,,,,,,,,,,,,,,,,,,,,,,,,,,,,,,,,,,,,,,,,,,,,,,,,,,,,,,,,,,,,,,,,,,,,,,,,,,,,,,,,,,,,,,,,,,,,,,,,,,,,,,,,,,,,,,,,,,,,,,,,,,,,,,,,,,,,,,,,,,,,,,,,,,,,,,,,,,,,,,,,,,,,,,,,,,,,,,,,,,,,,,,,,,,,,,,,,,,,,,,,,,,,,,,,,,,,,,,,,,,,,,,,,,,,,,,,,,,,,,,,,,,,,,,,,,,,,,,,,,,,,,,,,,,,,,,,,,,,,,,,,,,,,,,,,,,,,,,,,,,,,,,,,,,,,,,,,,,,,,,,,,,,,,,,,,,,,,,,,,,,,
,,,,,,,,,,,,,,,,,,,,,,,,,,,,,,,,,,,,,,,,,,,,,,,,,,,,,,,,,,,,,,,,,,,,,,,,,,,,,,,,,,,,,,,,,,,,,,,,,,,,,,,,,,,,,,,,,,,,,,,,,,,,,,,,,,,,,,,,,,,,,,,,,,,,,,,,,,,,,,,,,,,,,,,,,,,,,,,,,,,,,,,,,,,,,,,,,,,,,,,,,,,,,,,,,,,,,,,,,,,,,,,,,,,,,,,,,,,,,,,,,,,,,,,,,,,,,,,,,,,,,,,,,,,,,,,,,,,,,,,,,,,,,,,,,,,,,,,,,,,,,,,,,,,,,,,,,,,,,,,,,,,,,,,,,,,,,,,,,,,,,,,,,,,,,,,,,,,,,,,,,,,,,,,,,,,,,,,,,,,,,,,,,,,,,,,,,,,,,,,,,,,,,,,,,,,,,,,,,,,,,,,,,,,,,,,,,,,,,,,,,,,,,,,,,,,,,,,,,,,,,,,,,,,,,,,,,,,,,,,,,,,,,,,,,,,,,,,,,,,,,,,,,,,,,,,,,,,,,,,,,,,,,,,,,,,,,
,,,,,,,,,,,,,,,,,,,,,,,,,,,,,,,,,,,,,,,,,,,,,,,,,,,,,,,,,,,,,,,,,,,,,,,,,,,,,,,,,,,,,,,,,,,,,,,,,,,,,,,,,,,,,,,,,,,,,,,,,,,,,,,,,,,,,,,,,,,,,,,,,,,,,,,,,,,,,,,,,,,,,,,,,,,,,,,,,,,,,,,,,,,,,,,,,,,,,,,,,,,,,,,,,,,,,,,,,,,,,,,,,,,,,,,,,,,,,,,,,,,,,,,,,,,,,,,,,,,,,,,,,,,,,,,,,,,,,,,,,,,,,,,,,,,,,,,,,,,,,,,,,,,,,,,,,,,,,,,,,,,,,,,,,,,,,,,,,,,,,,,,,,,,,,,,,,,,,,,,,,,,,,,,,,,,,,,,,,,,,,,,,,,,,,,,,,,,,,,,,,,,,,,,,,,,,,,,,,,,,,,,,,,,,,,,,,,,,,,,,,,,,,,,,,,,,,,,,,,,,,,,,,,,,,,,,,,,,,,,,,,,,,,,,,,,,,,,,,,,,,,,,,,,,,,,,,,,,,,,,,,,,,,,,,,,,
,,,,,,,,,,,,,,,,,,,,,,,,,,,,,,,,,,,,,,,,,,,,,,,,,,,,,,,,,,,,,,,,,,,,,,,,,,,,,,,,,,,,,,,,,,,,,,,,,,,,,,,,,,,,,,,,,,,,,,,,,,,,,,,,,,,,,,,,,,,,,,,,,,,,,,,,,,,,,,,,,,,,,,,,,,,,,,,,,,,,,,,,,,,,,,,,,,,,,,,,,,,,,,,,,,,,,,,,,,,,,,,,,,,,,,,,,,,,,,,,,,,,,,,,,,,,,,,,,,,,,,,,,,,,,,,,,,,,,,,,,,,,,,,,,,,,,,,,,,,,,,,,,,,,,,,,,,,,,,,,,,,,,,,,,,,,,,,,,,,,,,,,,,,,,,,,,,,,,,,,,,,,,,,,,,,,,,,,,,,,,,,,,,,,,,,,,,,,,,,,,,,,,,,,,,,,,,,,,,,,,,,,,,,,,,,,,,,,,,,,,,,,,,,,,,,,,,,,,,,,,,,,,,,,,,,,,,,,,,,,,,,,,,,,,,,,,,,,,,,,,,,,,,,,,,,,,,,,,,,,,,,,,,,,,,,,,
,,,,,,,,,,,,,,,,,,,,,,,,,,,,,,,,,,,,,,,,,,,,,,,,,,,,,,,,,,,,,,,,,,,,,,,,,,,,,,,,,,,,,,,,,,,,,,,,,,,,,,,,,,,,,,,,,,,,,,,,,,,,,,,,,,,,,,,,,,,,,,,,,,,,,,,,,,,,,,,,,,,,,,,,,,,,,,,,,,,,,,,,,,,,,,,,,,,,,,,,,,,,,,,,,,,,,,,,,,,,,,,,,,,,,,,,,,,,,,,,,,,,,,,,,,,,,,,,,,,,,,,,,,,,,,,,,,,,,,,,,,,,,,,,,,,,,,,,,,,,,,,,,,,,,,,,,,,,,,,,,,,,,,,,,,,,,,,,,,,,,,,,,,,,,,,,,,,,,,,,,,,,,,,,,,,,,,,,,,,,,,,,,,,,,,,,,,,,,,,,,,,,,,,,,,,,,,,,,,,,,,,,,,,,,,,,,,,,,,,,,,,,,,,,,,,,,,,,,,,,,,,,,,,,,,,,,,,,,,,,,,,,,,,,,,,,,,,,,,,,,,,,,,,,,,,,,,,,,,,,,,,,,,,,,,,,,
,,,,,,,,,,,,,,,,,,,,,,,,,,,,,,,,,,,,,,,,,,,,,,,,,,,,,,,,,,,,,,,,,,,,,,,,,,,,,,,,,,,,,,,,,,,,,,,,,,,,,,,,,,,,,,,,,,,,,,,,,,,,,,,,,,,,,,,,,,,,,,,,,,,,,,,,,,,,,,,,,,,,,,,,,,,,,,,,,,,,,,,,,,,,,,,,,,,,,,,,,,,,,,,,,,,,,,,,,,,,,,,,,,,,,,,,,,,,,,,,,,,,,,,,,,,,,,,,,,,,,,,,,,,,,,,,,,,,,,,,,,,,,,,,,,,,,,,,,,,,,,,,,,,,,,,,,,,,,,,,,,,,,,,,,,,,,,,,,,,,,,,,,,,,,,,,,,,,,,,,,,,,,,,,,,,,,,,,,,,,,,,,,,,,,,,,,,,,,,,,,,,,,,,,,,,,,,,,,,,,,,,,,,,,,,,,,,,,,,,,,,,,,,,,,,,,,,,,,,,,,,,,,,,,,,,,,,,,,,,,,,,,,,,,,,,,,,,,,,,,,,,,,,,,,,,,,,,,,,,,,,,,,,,,,,,,,
,,,,,,,,,,,,,,,,,,,,,,,,,,,,,,,,,,,,,,,,,,,,,,,,,,,,,,,,,,,,,,,,,,,,,,,,,,,,,,,,,,,,,,,,,,,,,,,,,,,,,,,,,,,,,,,,,,,,,,,,,,,,,,,,,,,,,,,,,,,,,,,,,,,,,,,,,,,,,,,,,,,,,,,,,,,,,,,,,,,,,,,,,,,,,,,,,,,,,,,,,,,,,,,,,,,,,,,,,,,,,,,,,,,,,,,,,,,,,,,,,,,,,,,,,,,,,,,,,,,,,,,,,,,,,,,,,,,,,,,,,,,,,,,,,,,,,,,,,,,,,,,,,,,,,,,,,,,,,,,,,,,,,,,,,,,,,,,,,,,,,,,,,,,,,,,,,,,,,,,,,,,,,,,,,,,,,,,,,,,,,,,,,,,,,,,,,,,,,,,,,,,,,,,,,,,,,,,,,,,,,,,,,,,,,,,,,,,,,,,,,,,,,,,,,,,,,,,,,,,,,,,,,,,,,,,,,,,,,,,,,,,,,,,,,,,,,,,,,,,,,,,,,,,,,,,,,,,,,,,,,,,,,,,,,,,,,
,,,,,,,,,,,,,,,,,,,,,,,,,,,,,,,,,,,,,,,,,,,,,,,,,,,,,,,,,,,,,,,,,,,,,,,,,,,,,,,,,,,,,,,,,,,,,,,,,,,,,,,,,,,,,,,,,,,,,,,,,,,,,,,,,,,,,,,,,,,,,,,,,,,,,,,,,,,,,,,,,,,,,,,,,,,,,,,,,,,,,,,,,,,,,,,,,,,,,,,,,,,,,,,,,,,,,,,,,,,,,,,,,,,,,,,,,,,,,,,,,,,,,,,,,,,,,,,,,,,,,,,,,,,,,,,,,,,,,,,,,,,,,,,,,,,,,,,,,,,,,,,,,,,,,,,,,,,,,,,,,,,,,,,,,,,,,,,,,,,,,,,,,,,,,,,,,,,,,,,,,,,,,,,,,,,,,,,,,,,,,,,,,,,,,,,,,,,,,,,,,,,,,,,,,,,,,,,,,,,,,,,,,,,,,,,,,,,,,,,,,,,,,,,,,,,,,,,,,,,,,,,,,,,,,,,,,,,,,,,,,,,,,,,,,,,,,,,,,,,,,,,,,,,,,,,,,,,,,,,,,,,,,,,,,,,,,
,,,,,,,,,,,,,,,,,,,,,,,,,,,,,,,,,,,,,,,,,,,,,,,,,,,,,,,,,,,,,,,,,,,,,,,,,,,,,,,,,,,,,,,,,,,,,,,,,,,,,,,,,,,,,,,,,,,,,,,,,,,,,,,,,,,,,,,,,,,,,,,,,,,,,,,,,,,,,,,,,,,,,,,,,,,,,,,,,,,,,,,,,,,,,,,,,,,,,,,,,,,,,,,,,,,,,,,,,,,,,,,,,,,,,,,,,,,,,,,,,,,,,,,,,,,,,,,,,,,,,,,,,,,,,,,,,,,,,,,,,,,,,,,,,,,,,,,,,,,,,,,,,,,,,,,,,,,,,,,,,,,,,,,,,,,,,,,,,,,,,,,,,,,,,,,,,,,,,,,,,,,,,,,,,,,,,,,,,,,,,,,,,,,,,,,,,,,,,,,,,,,,,,,,,,,,,,,,,,,,,,,,,,,,,,,,,,,,,,,,,,,,,,,,,,,,,,,,,,,,,,,,,,,,,,,,,,,,,,,,,,,,,,,,,,,,,,,,,,,,,,,,,,,,,,,,,,,,,,,,,,,,,,,,,,,,,
,,,,,,,,,,,,,,,,,,,,,,,,,,,,,,,,,,,,,,,,,,,,,,,,,,,,,,,,,,,,,,,,,,,,,,,,,,,,,,,,,,,,,,,,,,,,,,,,,,,,,,,,,,,,,,,,,,,,,,,,,,,,,,,,,,,,,,,,,,,,,,,,,,,,,,,,,,,,,,,,,,,,,,,,,,,,,,,,,,,,,,,,,,,,,,,,,,,,,,,,,,,,,,,,,,,,,,,,,,,,,,,,,,,,,,,,,,,,,,,,,,,,,,,,,,,,,,,,,,,,,,,,,,,,,,,,,,,,,,,,,,,,,,,,,,,,,,,,,,,,,,,,,,,,,,,,,,,,,,,,,,,,,,,,,,,,,,,,,,,,,,,,,,,,,,,,,,,,,,,,,,,,,,,,,,,,,,,,,,,,,,,,,,,,,,,,,,,,,,,,,,,,,,,,,,,,,,,,,,,,,,,,,,,,,,,,,,,,,,,,,,,,,,,,,,,,,,,,,,,,,,,,,,,,,,,,,,,,,,,,,,,,,,,,,,,,,,,,,,,,,,,,,,,,,,,,,,,,,,,,,,,,,,,,,,,,,
,,,,,,,,,,,,,,,,,,,,,,,,,,,,,,,,,,,,,,,,,,,,,,,,,,,,,,,,,,,,,,,,,,,,,,,,,,,,,,,,,,,,,,,,,,,,,,,,,,,,,,,,,,,,,,,,,,,,,,,,,,,,,,,,,,,,,,,,,,,,,,,,,,,,,,,,,,,,,,,,,,,,,,,,,,,,,,,,,,,,,,,,,,,,,,,,,,,,,,,,,,,,,,,,,,,,,,,,,,,,,,,,,,,,,,,,,,,,,,,,,,,,,,,,,,,,,,,,,,,,,,,,,,,,,,,,,,,,,,,,,,,,,,,,,,,,,,,,,,,,,,,,,,,,,,,,,,,,,,,,,,,,,,,,,,,,,,,,,,,,,,,,,,,,,,,,,,,,,,,,,,,,,,,,,,,,,,,,,,,,,,,,,,,,,,,,,,,,,,,,,,,,,,,,,,,,,,,,,,,,,,,,,,,,,,,,,,,,,,,,,,,,,,,,,,,,,,,,,,,,,,,,,,,,,,,,,,,,,,,,,,,,,,,,,,,,,,,,,,,,,,,,,,,,,,,,,,,,,,,,,,,,,,,,,,,,,
,,,,,,,,,,,,,,,,,,,,,,,,,,,,,,,,,,,,,,,,,,,,,,,,,,,,,,,,,,,,,,,,,,,,,,,,,,,,,,,,,,,,,,,,,,,,,,,,,,,,,,,,,,,,,,,,,,,,,,,,,,,,,,,,,,,,,,,,,,,,,,,,,,,,,,,,,,,,,,,,,,,,,,,,,,,,,,,,,,,,,,,,,,,,,,,,,,,,,,,,,,,,,,,,,,,,,,,,,,,,,,,,,,,,,,,,,,,,,,,,,,,,,,,,,,,,,,,,,,,,,,,,,,,,,,,,,,,,,,,,,,,,,,,,,,,,,,,,,,,,,,,,,,,,,,,,,,,,,,,,,,,,,,,,,,,,,,,,,,,,,,,,,,,,,,,,,,,,,,,,,,,,,,,,,,,,,,,,,,,,,,,,,,,,,,,,,,,,,,,,,,,,,,,,,,,,,,,,,,,,,,,,,,,,,,,,,,,,,,,,,,,,,,,,,,,,,,,,,,,,,,,,,,,,,,,,,,,,,,,,,,,,,,,,,,,,,,,,,,,,,,,,,,,,,,,,,,,,,,,,,,,,,,,,,,,,,
,,,,,,,,,,,,,,,,,,,,,,,,,,,,,,,,,,,,,,,,,,,,,,,,,,,,,,,,,,,,,,,,,,,,,,,,,,,,,,,,,,,,,,,,,,,,,,,,,,,,,,,,,,,,,,,,,,,,,,,,,,,,,,,,,,,,,,,,,,,,,,,,,,,,,,,,,,,,,,,,,,,,,,,,,,,,,,,,,,,,,,,,,,,,,,,,,,,,,,,,,,,,,,,,,,,,,,,,,,,,,,,,,,,,,,,,,,,,,,,,,,,,,,,,,,,,,,,,,,,,,,,,,,,,,,,,,,,,,,,,,,,,,,,,,,,,,,,,,,,,,,,,,,,,,,,,,,,,,,,,,,,,,,,,,,,,,,,,,,,,,,,,,,,,,,,,,,,,,,,,,,,,,,,,,,,,,,,,,,,,,,,,,,,,,,,,,,,,,,,,,,,,,,,,,,,,,,,,,,,,,,,,,,,,,,,,,,,,,,,,,,,,,,,,,,,,,,,,,,,,,,,,,,,,,,,,,,,,,,,,,,,,,,,,,,,,,,,,,,,,,,,,,,,,,,,,,,,,,,,,,,,,,,,,,,,,,
,,,,,,,,,,,,,,,,,,,,,,,,,,,,,,,,,,,,,,,,,,,,,,,,,,,,,,,,,,,,,,,,,,,,,,,,,,,,,,,,,,,,,,,,,,,,,,,,,,,,,,,,,,,,,,,,,,,,,,,,,,,,,,,,,,,,,,,,,,,,,,,,,,,,,,,,,,,,,,,,,,,,,,,,,,,,,,,,,,,,,,,,,,,,,,,,,,,,,,,,,,,,,,,,,,,,,,,,,,,,,,,,,,,,,,,,,,,,,,,,,,,,,,,,,,,,,,,,,,,,,,,,,,,,,,,,,,,,,,,,,,,,,,,,,,,,,,,,,,,,,,,,,,,,,,,,,,,,,,,,,,,,,,,,,,,,,,,,,,,,,,,,,,,,,,,,,,,,,,,,,,,,,,,,,,,,,,,,,,,,,,,,,,,,,,,,,,,,,,,,,,,,,,,,,,,,,,,,,,,,,,,,,,,,,,,,,,,,,,,,,,,,,,,,,,,,,,,,,,,,,,,,,,,,,,,,,,,,,,,,,,,,,,,,,,,,,,,,,,,,,,,,,,,,,,,,,,,,,,,,,,,,,,,,,,,,,
,,,,,,,,,,,,,,,,,,,,,,,,,,,,,,,,,,,,,,,,,,,,,,,,,,,,,,,,,,,,,,,,,,,,,,,,,,,,,,,,,,,,,,,,,,,,,,,,,,,,,,,,,,,,,,,,,,,,,,,,,,,,,,,,,,,,,,,,,,,,,,,,,,,,,,,,,,,,,,,,,,,,,,,,,,,,,,,,,,,,,,,,,,,,,,,,,,,,,,,,,,,,,,,,,,,,,,,,,,,,,,,,,,,,,,,,,,,,,,,,,,,,,,,,,,,,,,,,,,,,,,,,,,,,,,,,,,,,,,,,,,,,,,,,,,,,,,,,,,,,,,,,,,,,,,,,,,,,,,,,,,,,,,,,,,,,,,,,,,,,,,,,,,,,,,,,,,,,,,,,,,,,,,,,,,,,,,,,,,,,,,,,,,,,,,,,,,,,,,,,,,,,,,,,,,,,,,,,,,,,,,,,,,,,,,,,,,,,,,,,,,,,,,,,,,,,,,,,,,,,,,,,,,,,,,,,,,,,,,,,,,,,,,,,,,,,,,,,,,,,,,,,,,,,,,,,,,,,,,,,,,,,,,,,,,,,,
,,,,,,,,,,,,,,,,,,,,,,,,,,,,,,,,,,,,,,,,,,,,,,,,,,,,,,,,,,,,,,,,,,,,,,,,,,,,,,,,,,,,,,,,,,,,,,,,,,,,,,,,,,,,,,,,,,,,,,,,,,,,,,,,,,,,,,,,,,,,,,,,,,,,,,,,,,,,,,,,,,,,,,,,,,,,,,,,,,,,,,,,,,,,,,,,,,,,,,,,,,,,,,,,,,,,,,,,,,,,,,,,,,,,,,,,,,,,,,,,,,,,,,,,,,,,,,,,,,,,,,,,,,,,,,,,,,,,,,,,,,,,,,,,,,,,,,,,,,,,,,,,,,,,,,,,,,,,,,,,,,,,,,,,,,,,,,,,,,,,,,,,,,,,,,,,,,,,,,,,,,,,,,,,,,,,,,,,,,,,,,,,,,,,,,,,,,,,,,,,,,,,,,,,,,,,,,,,,,,,,,,,,,,,,,,,,,,,,,,,,,,,,,,,,,,,,,,,,,,,,,,,,,,,,,,,,,,,,,,,,,,,,,,,,,,,,,,,,,,,,,,,,,,,,,,,,,,,,,,,,,,,,,,,,,,,,
,,,,,,,,,,,,,,,,,,,,,,,,,,,,,,,,,,,,,,,,,,,,,,,,,,,,,,,,,,,,,,,,,,,,,,,,,,,,,,,,,,,,,,,,,,,,,,,,,,,,,,,,,,,,,,,,,,,,,,,,,,,,,,,,,,,,,,,,,,,,,,,,,,,,,,,,,,,,,,,,,,,,,,,,,,,,,,,,,,,,,,,,,,,,,,,,,,,,,,,,,,,,,,,,,,,,,,,,,,,,,,,,,,,,,,,,,,,,,,,,,,,,,,,,,,,,,,,,,,,,,,,,,,,,,,,,,,,,,,,,,,,,,,,,,,,,,,,,,,,,,,,,,,,,,,,,,,,,,,,,,,,,,,,,,,,,,,,,,,,,,,,,,,,,,,,,,,,,,,,,,,,,,,,,,,,,,,,,,,,,,,,,,,,,,,,,,,,,,,,,,,,,,,,,,,,,,,,,,,,,,,,,,,,,,,,,,,,,,,,,,,,,,,,,,,,,,,,,,,,,,,,,,,,,,,,,,,,,,,,,,,,,,,,,,,,,,,,,,,,,,,,,,,,,,,,,,,,,,,,,,,,,,,,,,,,,,
,,,,,,,,,,,,,,,,,,,,,,,,,,,,,,,,,,,,,,,,,,,,,,,,,,,,,,,,,,,,,,,,,,,,,,,,,,,,,,,,,,,,,,,,,,,,,,,,,,,,,,,,,,,,,,,,,,,,,,,,,,,,,,,,,,,,,,,,,,,,,,,,,,,,,,,,,,,,,,,,,,,,,,,,,,,,,,,,,,,,,,,,,,,,,,,,,,,,,,,,,,,,,,,,,,,,,,,,,,,,,,,,,,,,,,,,,,,,,,,,,,,,,,,,,,,,,,,,,,,,,,,,,,,,,,,,,,,,,,,,,,,,,,,,,,,,,,,,,,,,,,,,,,,,,,,,,,,,,,,,,,,,,,,,,,,,,,,,,,,,,,,,,,,,,,,,,,,,,,,,,,,,,,,,,,,,,,,,,,,,,,,,,,,,,,,,,,,,,,,,,,,,,,,,,,,,,,,,,,,,,,,,,,,,,,,,,,,,,,,,,,,,,,,,,,,,,,,,,,,,,,,,,,,,,,,,,,,,,,,,,,,,,,,,,,,,,,,,,,,,,,,,,,,,,,,,,,,,,,,,,,,,,,,,,,,,,
,,,,,,,,,,,,,,,,,,,,,,,,,,,,,,,,,,,,,,,,,,,,,,,,,,,,,,,,,,,,,,,,,,,,,,,,,,,,,,,,,,,,,,,,,,,,,,,,,,,,,,,,,,,,,,,,,,,,,,,,,,,,,,,,,,,,,,,,,,,,,,,,,,,,,,,,,,,,,,,,,,,,,,,,,,,,,,,,,,,,,,,,,,,,,,,,,,,,,,,,,,,,,,,,,,,,,,,,,,,,,,,,,,,,,,,,,,,,,,,,,,,,,,,,,,,,,,,,,,,,,,,,,,,,,,,,,,,,,,,,,,,,,,,,,,,,,,,,,,,,,,,,,,,,,,,,,,,,,,,,,,,,,,,,,,,,,,,,,,,,,,,,,,,,,,,,,,,,,,,,,,,,,,,,,,,,,,,,,,,,,,,,,,,,,,,,,,,,,,,,,,,,,,,,,,,,,,,,,,,,,,,,,,,,,,,,,,,,,,,,,,,,,,,,,,,,,,,,,,,,,,,,,,,,,,,,,,,,,,,,,,,,,,,,,,,,,,,,,,,,,,,,,,,,,,,,,,,,,,,,,,,,,,,,,,,,,
,,,,,,,,,,,,,,,,,,,,,,,,,,,,,,,,,,,,,,,,,,,,,,,,,,,,,,,,,,,,,,,,,,,,,,,,,,,,,,,,,,,,,,,,,,,,,,,,,,,,,,,,,,,,,,,,,,,,,,,,,,,,,,,,,,,,,,,,,,,,,,,,,,,,,,,,,,,,,,,,,,,,,,,,,,,,,,,,,,,,,,,,,,,,,,,,,,,,,,,,,,,,,,,,,,,,,,,,,,,,,,,,,,,,,,,,,,,,,,,,,,,,,,,,,,,,,,,,,,,,,,,,,,,,,,,,,,,,,,,,,,,,,,,,,,,,,,,,,,,,,,,,,,,,,,,,,,,,,,,,,,,,,,,,,,,,,,,,,,,,,,,,,,,,,,,,,,,,,,,,,,,,,,,,,,,,,,,,,,,,,,,,,,,,,,,,,,,,,,,,,,,,,,,,,,,,,,,,,,,,,,,,,,,,,,,,,,,,,,,,,,,,,,,,,,,,,,,,,,,,,,,,,,,,,,,,,,,,,,,,,,,,,,,,,,,,,,,,,,,,,,,,,,,,,,,,,,,,,,,,,,,,,,,,,,,,,
,,,,,,,,,,,,,,,,,,,,,,,,,,,,,,,,,,,,,,,,,,,,,,,,,,,,,,,,,,,,,,,,,,,,,,,,,,,,,,,,,,,,,,,,,,,,,,,,,,,,,,,,,,,,,,,,,,,,,,,,,,,,,,,,,,,,,,,,,,,,,,,,,,,,,,,,,,,,,,,,,,,,,,,,,,,,,,,,,,,,,,,,,,,,,,,,,,,,,,,,,,,,,,,,,,,,,,,,,,,,,,,,,,,,,,,,,,,,,,,,,,,,,,,,,,,,,,,,,,,,,,,,,,,,,,,,,,,,,,,,,,,,,,,,,,,,,,,,,,,,,,,,,,,,,,,,,,,,,,,,,,,,,,,,,,,,,,,,,,,,,,,,,,,,,,,,,,,,,,,,,,,,,,,,,,,,,,,,,,,,,,,,,,,,,,,,,,,,,,,,,,,,,,,,,,,,,,,,,,,,,,,,,,,,,,,,,,,,,,,,,,,,,,,,,,,,,,,,,,,,,,,,,,,,,,,,,,,,,,,,,,,,,,,,,,,,,,,,,,,,,,,,,,,,,,,,,,,,,,,,,,,,,,,,,,,,,
,,,,,,,,,,,,,,,,,,,,,,,,,,,,,,,,,,,,,,,,,,,,,,,,,,,,,,,,,,,,,,,,,,,,,,,,,,,,,,,,,,,,,,,,,,,,,,,,,,,,,,,,,,,,,,,,,,,,,,,,,,,,,,,,,,,,,,,,,,,,,,,,,,,,,,,,,,,,,,,,,,,,,,,,,,,,,,,,,,,,,,,,,,,,,,,,,,,,,,,,,,,,,,,,,,,,,,,,,,,,,,,,,,,,,,,,,,,,,,,,,,,,,,,,,,,,,,,,,,,,,,,,,,,,,,,,,,,,,,,,,,,,,,,,,,,,,,,,,,,,,,,,,,,,,,,,,,,,,,,,,,,,,,,,,,,,,,,,,,,,,,,,,,,,,,,,,,,,,,,,,,,,,,,,,,,,,,,,,,,,,,,,,,,,,,,,,,,,,,,,,,,,,,,,,,,,,,,,,,,,,,,,,,,,,,,,,,,,,,,,,,,,,,,,,,,,,,,,,,,,,,,,,,,,,,,,,,,,,,,,,,,,,,,,,,,,,,,,,,,,,,,,,,,,,,,,,,,,,,,,,,,,,,,,,,,,,
,,,,,,,,,,,,,,,,,,,,,,,,,,,,,,,,,,,,,,,,,,,,,,,,,,,,,,,,,,,,,,,,,,,,,,,,,,,,,,,,,,,,,,,,,,,,,,,,,,,,,,,,,,,,,,,,,,,,,,,,,,,,,,,,,,,,,,,,,,,,,,,,,,,,,,,,,,,,,,,,,,,,,,,,,,,,,,,,,,,,,,,,,,,,,,,,,,,,,,,,,,,,,,,,,,,,,,,,,,,,,,,,,,,,,,,,,,,,,,,,,,,,,,,,,,,,,,,,,,,,,,,,,,,,,,,,,,,,,,,,,,,,,,,,,,,,,,,,,,,,,,,,,,,,,,,,,,,,,,,,,,,,,,,,,,,,,,,,,,,,,,,,,,,,,,,,,,,,,,,,,,,,,,,,,,,,,,,,,,,,,,,,,,,,,,,,,,,,,,,,,,,,,,,,,,,,,,,,,,,,,,,,,,,,,,,,,,,,,,,,,,,,,,,,,,,,,,,,,,,,,,,,,,,,,,,,,,,,,,,,,,,,,,,,,,,,,,,,,,,,,,,,,,,,,,,,,,,,,,,,,,,,,,,,,,,,,
,,,,,,,,,,,,,,,,,,,,,,,,,,,,,,,,,,,,,,,,,,,,,,,,,,,,,,,,,,,,,,,,,,,,,,,,,,,,,,,,,,,,,,,,,,,,,,,,,,,,,,,,,,,,,,,,,,,,,,,,,,,,,,,,,,,,,,,,,,,,,,,,,,,,,,,,,,,,,,,,,,,,,,,,,,,,,,,,,,,,,,,,,,,,,,,,,,,,,,,,,,,,,,,,,,,,,,,,,,,,,,,,,,,,,,,,,,,,,,,,,,,,,,,,,,,,,,,,,,,,,,,,,,,,,,,,,,,,,,,,,,,,,,,,,,,,,,,,,,,,,,,,,,,,,,,,,,,,,,,,,,,,,,,,,,,,,,,,,,,,,,,,,,,,,,,,,,,,,,,,,,,,,,,,,,,,,,,,,,,,,,,,,,,,,,,,,,,,,,,,,,,,,,,,,,,,,,,,,,,,,,,,,,,,,,,,,,,,,,,,,,,,,,,,,,,,,,,,,,,,,,,,,,,,,,,,,,,,,,,,,,,,,,,,,,,,,,,,,,,,,,,,,,,,,,,,,,,,,,,,,,,,,,,,,,,,,
,,,,,,,,,,,,,,,,,,,,,,,,,,,,,,,,,,,,,,,,,,,,,,,,,,,,,,,,,,,,,,,,,,,,,,,,,,,,,,,,,,,,,,,,,,,,,,,,,,,,,,,,,,,,,,,,,,,,,,,,,,,,,,,,,,,,,,,,,,,,,,,,,,,,,,,,,,,,,,,,,,,,,,,,,,,,,,,,,,,,,,,,,,,,,,,,,,,,,,,,,,,,,,,,,,,,,,,,,,,,,,,,,,,,,,,,,,,,,,,,,,,,,,,,,,,,,,,,,,,,,,,,,,,,,,,,,,,,,,,,,,,,,,,,,,,,,,,,,,,,,,,,,,,,,,,,,,,,,,,,,,,,,,,,,,,,,,,,,,,,,,,,,,,,,,,,,,,,,,,,,,,,,,,,,,,,,,,,,,,,,,,,,,,,,,,,,,,,,,,,,,,,,,,,,,,,,,,,,,,,,,,,,,,,,,,,,,,,,,,,,,,,,,,,,,,,,,,,,,,,,,,,,,,,,,,,,,,,,,,,,,,,,,,,,,,,,,,,,,,,,,,,,,,,,,,,,,,,,,,,,,,,,,,,,,,,,
,,,,,,,,,,,,,,,,,,,,,,,,,,,,,,,,,,,,,,,,,,,,,,,,,,,,,,,,,,,,,,,,,,,,,,,,,,,,,,,,,,,,,,,,,,,,,,,,,,,,,,,,,,,,,,,,,,,,,,,,,,,,,,,,,,,,,,,,,,,,,,,,,,,,,,,,,,,,,,,,,,,,,,,,,,,,,,,,,,,,,,,,,,,,,,,,,,,,,,,,,,,,,,,,,,,,,,,,,,,,,,,,,,,,,,,,,,,,,,,,,,,,,,,,,,,,,,,,,,,,,,,,,,,,,,,,,,,,,,,,,,,,,,,,,,,,,,,,,,,,,,,,,,,,,,,,,,,,,,,,,,,,,,,,,,,,,,,,,,,,,,,,,,,,,,,,,,,,,,,,,,,,,,,,,,,,,,,,,,,,,,,,,,,,,,,,,,,,,,,,,,,,,,,,,,,,,,,,,,,,,,,,,,,,,,,,,,,,,,,,,,,,,,,,,,,,,,,,,,,,,,,,,,,,,,,,,,,,,,,,,,,,,,,,,,,,,,,,,,,,,,,,,,,,,,,,,,,,,,,,,,,,,,,,,,,,,
,,,,,,,,,,,,,,,,,,,,,,,,,,,,,,,,,,,,,,,,,,,,,,,,,,,,,,,,,,,,,,,,,,,,,,,,,,,,,,,,,,,,,,,,,,,,,,,,,,,,,,,,,,,,,,,,,,,,,,,,,,,,,,,,,,,,,,,,,,,,,,,,,,,,,,,,,,,,,,,,,,,,,,,,,,,,,,,,,,,,,,,,,,,,,,,,,,,,,,,,,,,,,,,,,,,,,,,,,,,,,,,,,,,,,,,,,,,,,,,,,,,,,,,,,,,,,,,,,,,,,,,,,,,,,,,,,,,,,,,,,,,,,,,,,,,,,,,,,,,,,,,,,,,,,,,,,,,,,,,,,,,,,,,,,,,,,,,,,,,,,,,,,,,,,,,,,,,,,,,,,,,,,,,,,,,,,,,,,,,,,,,,,,,,,,,,,,,,,,,,,,,,,,,,,,,,,,,,,,,,,,,,,,,,,,,,,,,,,,,,,,,,,,,,,,,,,,,,,,,,,,,,,,,,,,,,,,,,,,,,,,,,,,,,,,,,,,,,,,,,,,,,,,,,,,,,,,,,,,,,,,,,,,,,,,,,,
,,,,,,,,,,,,,,,,,,,,,,,,,,,,,,,,,,,,,,,,,,,,,,,,,,,,,,,,,,,,,,,,,,,,,,,,,,,,,,,,,,,,,,,,,,,,,,,,,,,,,,,,,,,,,,,,,,,,,,,,,,,,,,,,,,,,,,,,,,,,,,,,,,,,,,,,,,,,,,,,,,,,,,,,,,,,,,,,,,,,,,,,,,,,,,,,,,,,,,,,,,,,,,,,,,,,,,,,,,,,,,,,,,,,,,,,,,,,,,,,,,,,,,,,,,,,,,,,,,,,,,,,,,,,,,,,,,,,,,,,,,,,,,,,,,,,,,,,,,,,,,,,,,,,,,,,,,,,,,,,,,,,,,,,,,,,,,,,,,,,,,,,,,,,,,,,,,,,,,,,,,,,,,,,,,,,,,,,,,,,,,,,,,,,,,,,,,,,,,,,,,,,,,,,,,,,,,,,,,,,,,,,,,,,,,,,,,,,,,,,,,,,,,,,,,,,,,,,,,,,,,,,,,,,,,,,,,,,,,,,,,,,,,,,,,,,,,,,,,,,,,,,,,,,,,,,,,,,,,,,,,,,,,,,,,,,,
,,,,,,,,,,,,,,,,,,,,,,,,,,,,,,,,,,,,,,,,,,,,,,,,,,,,,,,,,,,,,,,,,,,,,,,,,,,,,,,,,,,,,,,,,,,,,,,,,,,,,,,,,,,,,,,,,,,,,,,,,,,,,,,,,,,,,,,,,,,,,,,,,,,,,,,,,,,,,,,,,,,,,,,,,,,,,,,,,,,,,,,,,,,,,,,,,,,,,,,,,,,,,,,,,,,,,,,,,,,,,,,,,,,,,,,,,,,,,,,,,,,,,,,,,,,,,,,,,,,,,,,,,,,,,,,,,,,,,,,,,,,,,,,,,,,,,,,,,,,,,,,,,,,,,,,,,,,,,,,,,,,,,,,,,,,,,,,,,,,,,,,,,,,,,,,,,,,,,,,,,,,,,,,,,,,,,,,,,,,,,,,,,,,,,,,,,,,,,,,,,,,,,,,,,,,,,,,,,,,,,,,,,,,,,,,,,,,,,,,,,,,,,,,,,,,,,,,,,,,,,,,,,,,,,,,,,,,,,,,,,,,,,,,,,,,,,,,,,,,,,,,,,,,,,,,,,,,,,,,,,,,,,,,,,,,,,
,,,,,,,,,,,,,,,,,,,,,,,,,,,,,,,,,,,,,,,,,,,,,,,,,,,,,,,,,,,,,,,,,,,,,,,,,,,,,,,,,,,,,,,,,,,,,,,,,,,,,,,,,,,,,,,,,,,,,,,,,,,,,,,,,,,,,,,,,,,,,,,,,,,,,,,,,,,,,,,,,,,,,,,,,,,,,,,,,,,,,,,,,,,,,,,,,,,,,,,,,,,,,,,,,,,,,,,,,,,,,,,,,,,,,,,,,,,,,,,,,,,,,,,,,,,,,,,,,,,,,,,,,,,,,,,,,,,,,,,,,,,,,,,,,,,,,,,,,,,,,,,,,,,,,,,,,,,,,,,,,,,,,,,,,,,,,,,,,,,,,,,,,,,,,,,,,,,,,,,,,,,,,,,,,,,,,,,,,,,,,,,,,,,,,,,,,,,,,,,,,,,,,,,,,,,,,,,,,,,,,,,,,,,,,,,,,,,,,,,,,,,,,,,,,,,,,,,,,,,,,,,,,,,,,,,,,,,,,,,,,,,,,,,,,,,,,,,,,,,,,,,,,,,,,,,,,,,,,,,,,,,,,,,,,,,,,
,,,,,,,,,,,,,,,,,,,,,,,,,,,,,,,,,,,,,,,,,,,,,,,,,,,,,,,,,,,,,,,,,,,,,,,,,,,,,,,,,,,,,,,,,,,,,,,,,,,,,,,,,,,,,,,,,,,,,,,,,,,,,,,,,,,,,,,,,,,,,,,,,,,,,,,,,,,,,,,,,,,,,,,,,,,,,,,,,,,,,,,,,,,,,,,,,,,,,,,,,,,,,,,,,,,,,,,,,,,,,,,,,,,,,,,,,,,,,,,,,,,,,,,,,,,,,,,,,,,,,,,,,,,,,,,,,,,,,,,,,,,,,,,,,,,,,,,,,,,,,,,,,,,,,,,,,,,,,,,,,,,,,,,,,,,,,,,,,,,,,,,,,,,,,,,,,,,,,,,,,,,,,,,,,,,,,,,,,,,,,,,,,,,,,,,,,,,,,,,,,,,,,,,,,,,,,,,,,,,,,,,,,,,,,,,,,,,,,,,,,,,,,,,,,,,,,,,,,,,,,,,,,,,,,,,,,,,,,,,,,,,,,,,,,,,,,,,,,,,,,,,,,,,,,,,,,,,,,,,,,,,,,,,,,,,,,
,,,,,,,,,,,,,,,,,,,,,,,,,,,,,,,,,,,,,,,,,,,,,,,,,,,,,,,,,,,,,,,,,,,,,,,,,,,,,,,,,,,,,,,,,,,,,,,,,,,,,,,,,,,,,,,,,,,,,,,,,,,,,,,,,,,,,,,,,,,,,,,,,,,,,,,,,,,,,,,,,,,,,,,,,,,,,,,,,,,,,,,,,,,,,,,,,,,,,,,,,,,,,,,,,,,,,,,,,,,,,,,,,,,,,,,,,,,,,,,,,,,,,,,,,,,,,,,,,,,,,,,,,,,,,,,,,,,,,,,,,,,,,,,,,,,,,,,,,,,,,,,,,,,,,,,,,,,,,,,,,,,,,,,,,,,,,,,,,,,,,,,,,,,,,,,,,,,,,,,,,,,,,,,,,,,,,,,,,,,,,,,,,,,,,,,,,,,,,,,,,,,,,,,,,,,,,,,,,,,,,,,,,,,,,,,,,,,,,,,,,,,,,,,,,,,,,,,,,,,,,,,,,,,,,,,,,,,,,,,,,,,,,,,,,,,,,,,,,,,,,,,,,,,,,,,,,,,,,,,,,,,,,,,,,,,,,
,,,,,,,,,,,,,,,,,,,,,,,,,,,,,,,,,,,,,,,,,,,,,,,,,,,,,,,,,,,,,,,,,,,,,,,,,,,,,,,,,,,,,,,,,,,,,,,,,,,,,,,,,,,,,,,,,,,,,,,,,,,,,,,,,,,,,,,,,,,,,,,,,,,,,,,,,,,,,,,,,,,,,,,,,,,,,,,,,,,,,,,,,,,,,,,,,,,,,,,,,,,,,,,,,,,,,,,,,,,,,,,,,,,,,,,,,,,,,,,,,,,,,,,,,,,,,,,,,,,,,,,,,,,,,,,,,,,,,,,,,,,,,,,,,,,,,,,,,,,,,,,,,,,,,,,,,,,,,,,,,,,,,,,,,,,,,,,,,,,,,,,,,,,,,,,,,,,,,,,,,,,,,,,,,,,,,,,,,,,,,,,,,,,,,,,,,,,,,,,,,,,,,,,,,,,,,,,,,,,,,,,,,,,,,,,,,,,,,,,,,,,,,,,,,,,,,,,,,,,,,,,,,,,,,,,,,,,,,,,,,,,,,,,,,,,,,,,,,,,,,,,,,,,,,,,,,,,,,,,,,,,,,,,,,,,,,
,,,,,,,,,,,,,,,,,,,,,,,,,,,,,,,,,,,,,,,,,,,,,,,,,,,,,,,,,,,,,,,,,,,,,,,,,,,,,,,,,,,,,,,,,,,,,,,,,,,,,,,,,,,,,,,,,,,,,,,,,,,,,,,,,,,,,,,,,,,,,,,,,,,,,,,,,,,,,,,,,,,,,,,,,,,,,,,,,,,,,,,,,,,,,,,,,,,,,,,,,,,,,,,,,,,,,,,,,,,,,,,,,,,,,,,,,,,,,,,,,,,,,,,,,,,,,,,,,,,,,,,,,,,,,,,,,,,,,,,,,,,,,,,,,,,,,,,,,,,,,,,,,,,,,,,,,,,,,,,,,,,,,,,,,,,,,,,,,,,,,,,,,,,,,,,,,,,,,,,,,,,,,,,,,,,,,,,,,,,,,,,,,,,,,,,,,,,,,,,,,,,,,,,,,,,,,,,,,,,,,,,,,,,,,,,,,,,,,,,,,,,,,,,,,,,,,,,,,,,,,,,,,,,,,,,,,,,,,,,,,,,,,,,,,,,,,,,,,,,,,,,,,,,,,,,,,,,,,,,,,,,,,,,,,,,,,
,,,,,,,,,,,,,,,,,,,,,,,,,,,,,,,,,,,,,,,,,,,,,,,,,,,,,,,,,,,,,,,,,,,,,,,,,,,,,,,,,,,,,,,,,,,,,,,,,,,,,,,,,,,,,,,,,,,,,,,,,,,,,,,,,,,,,,,,,,,,,,,,,,,,,,,,,,,,,,,,,,,,,,,,,,,,,,,,,,,,,,,,,,,,,,,,,,,,,,,,,,,,,,,,,,,,,,,,,,,,,,,,,,,,,,,,,,,,,,,,,,,,,,,,,,,,,,,,,,,,,,,,,,,,,,,,,,,,,,,,,,,,,,,,,,,,,,,,,,,,,,,,,,,,,,,,,,,,,,,,,,,,,,,,,,,,,,,,,,,,,,,,,,,,,,,,,,,,,,,,,,,,,,,,,,,,,,,,,,,,,,,,,,,,,,,,,,,,,,,,,,,,,,,,,,,,,,,,,,,,,,,,,,,,,,,,,,,,,,,,,,,,,,,,,,,,,,,,,,,,,,,,,,,,,,,,,,,,,,,,,,,,,,,,,,,,,,,,,,,,,,,,,,,,,,,,,,,,,,,,,,,,,,,,,,,,,
,,,,,,,,,,,,,,,,,,,,,,,,,,,,,,,,,,,,,,,,,,,,,,,,,,,,,,,,,,,,,,,,,,,,,,,,,,,,,,,,,,,,,,,,,,,,,,,,,,,,,,,,,,,,,,,,,,,,,,,,,,,,,,,,,,,,,,,,,,,,,,,,,,,,,,,,,,,,,,,,,,,,,,,,,,,,,,,,,,,,,,,,,,,,,,,,,,,,,,,,,,,,,,,,,,,,,,,,,,,,,,,,,,,,,,,,,,,,,,,,,,,,,,,,,,,,,,,,,,,,,,,,,,,,,,,,,,,,,,,,,,,,,,,,,,,,,,,,,,,,,,,,,,,,,,,,,,,,,,,,,,,,,,,,,,,,,,,,,,,,,,,,,,,,,,,,,,,,,,,,,,,,,,,,,,,,,,,,,,,,,,,,,,,,,,,,,,,,,,,,,,,,,,,,,,,,,,,,,,,,,,,,,,,,,,,,,,,,,,,,,,,,,,,,,,,,,,,,,,,,,,,,,,,,,,,,,,,,,,,,,,,,,,,,,,,,,,,,,,,,,,,,,,,,,,,,,,,,,,,,,,,,,,,,,,,,,
,,,,,,,,,,,,,,,,,,,,,,,,,,,,,,,,,,,,,,,,,,,,,,,,,,,,,,,,,,,,,,,,,,,,,,,,,,,,,,,,,,,,,,,,,,,,,,,,,,,,,,,,,,,,,,,,,,,,,,,,,,,,,,,,,,,,,,,,,,,,,,,,,,,,,,,,,,,,,,,,,,,,,,,,,,,,,,,,,,,,,,,,,,,,,,,,,,,,,,,,,,,,,,,,,,,,,,,,,,,,,,,,,,,,,,,,,,,,,,,,,,,,,,,,,,,,,,,,,,,,,,,,,,,,,,,,,,,,,,,,,,,,,,,,,,,,,,,,,,,,,,,,,,,,,,,,,,,,,,,,,,,,,,,,,,,,,,,,,,,,,,,,,,,,,,,,,,,,,,,,,,,,,,,,,,,,,,,,,,,,,,,,,,,,,,,,,,,,,,,,,,,,,,,,,,,,,,,,,,,,,,,,,,,,,,,,,,,,,,,,,,,,,,,,,,,,,,,,,,,,,,,,,,,,,,,,,,,,,,,,,,,,,,,,,,,,,,,,,,,,,,,,,,,,,,,,,,,,,,,,,,,,,,,,,,,,,
,,,,,,,,,,,,,,,,,,,,,,,,,,,,,,,,,,,,,,,,,,,,,,,,,,,,,,,,,,,,,,,,,,,,,,,,,,,,,,,,,,,,,,,,,,,,,,,,,,,,,,,,,,,,,,,,,,,,,,,,,,,,,,,,,,,,,,,,,,,,,,,,,,,,,,,,,,,,,,,,,,,,,,,,,,,,,,,,,,,,,,,,,,,,,,,,,,,,,,,,,,,,,,,,,,,,,,,,,,,,,,,,,,,,,,,,,,,,,,,,,,,,,,,,,,,,,,,,,,,,,,,,,,,,,,,,,,,,,,,,,,,,,,,,,,,,,,,,,,,,,,,,,,,,,,,,,,,,,,,,,,,,,,,,,,,,,,,,,,,,,,,,,,,,,,,,,,,,,,,,,,,,,,,,,,,,,,,,,,,,,,,,,,,,,,,,,,,,,,,,,,,,,,,,,,,,,,,,,,,,,,,,,,,,,,,,,,,,,,,,,,,,,,,,,,,,,,,,,,,,,,,,,,,,,,,,,,,,,,,,,,,,,,,,,,,,,,,,,,,,,,,,,,,,,,,,,,,,,,,,,,,,,,,,,,,,,
,,,,,,,,,,,,,,,,,,,,,,,,,,,,,,,,,,,,,,,,,,,,,,,,,,,,,,,,,,,,,,,,,,,,,,,,,,,,,,,,,,,,,,,,,,,,,,,,,,,,,,,,,,,,,,,,,,,,,,,,,,,,,,,,,,,,,,,,,,,,,,,,,,,,,,,,,,,,,,,,,,,,,,,,,,,,,,,,,,,,,,,,,,,,,,,,,,,,,,,,,,,,,,,,,,,,,,,,,,,,,,,,,,,,,,,,,,,,,,,,,,,,,,,,,,,,,,,,,,,,,,,,,,,,,,,,,,,,,,,,,,,,,,,,,,,,,,,,,,,,,,,,,,,,,,,,,,,,,,,,,,,,,,,,,,,,,,,,,,,,,,,,,,,,,,,,,,,,,,,,,,,,,,,,,,,,,,,,,,,,,,,,,,,,,,,,,,,,,,,,,,,,,,,,,,,,,,,,,,,,,,,,,,,,,,,,,,,,,,,,,,,,,,,,,,,,,,,,,,,,,,,,,,,,,,,,,,,,,,,,,,,,,,,,,,,,,,,,,,,,,,,,,,,,,,,,,,,,,,,,,,,,,,,,,,,,,
,,,,,,,,,,,,,,,,,,,,,,,,,,,,,,,,,,,,,,,,,,,,,,,,,,,,,,,,,,,,,,,,,,,,,,,,,,,,,,,,,,,,,,,,,,,,,,,,,,,,,,,,,,,,,,,,,,,,,,,,,,,,,,,,,,,,,,,,,,,,,,,,,,,,,,,,,,,,,,,,,,,,,,,,,,,,,,,,,,,,,,,,,,,,,,,,,,,,,,,,,,,,,,,,,,,,,,,,,,,,,,,,,,,,,,,,,,,,,,,,,,,,,,,,,,,,,,,,,,,,,,,,,,,,,,,,,,,,,,,,,,,,,,,,,,,,,,,,,,,,,,,,,,,,,,,,,,,,,,,,,,,,,,,,,,,,,,,,,,,,,,,,,,,,,,,,,,,,,,,,,,,,,,,,,,,,,,,,,,,,,,,,,,,,,,,,,,,,,,,,,,,,,,,,,,,,,,,,,,,,,,,,,,,,,,,,,,,,,,,,,,,,,,,,,,,,,,,,,,,,,,,,,,,,,,,,,,,,,,,,,,,,,,,,,,,,,,,,,,,,,,,,,,,,,,,,,,,,,,,,,,,,,,,,,,,,,
,,,,,,,,,,,,,,,,,,,,,,,,,,,,,,,,,,,,,,,,,,,,,,,,,,,,,,,,,,,,,,,,,,,,,,,,,,,,,,,,,,,,,,,,,,,,,,,,,,,,,,,,,,,,,,,,,,,,,,,,,,,,,,,,,,,,,,,,,,,,,,,,,,,,,,,,,,,,,,,,,,,,,,,,,,,,,,,,,,,,,,,,,,,,,,,,,,,,,,,,,,,,,,,,,,,,,,,,,,,,,,,,,,,,,,,,,,,,,,,,,,,,,,,,,,,,,,,,,,,,,,,,,,,,,,,,,,,,,,,,,,,,,,,,,,,,,,,,,,,,,,,,,,,,,,,,,,,,,,,,,,,,,,,,,,,,,,,,,,,,,,,,,,,,,,,,,,,,,,,,,,,,,,,,,,,,,,,,,,,,,,,,,,,,,,,,,,,,,,,,,,,,,,,,,,,,,,,,,,,,,,,,,,,,,,,,,,,,,,,,,,,,,,,,,,,,,,,,,,,,,,,,,,,,,,,,,,,,,,,,,,,,,,,,,,,,,,,,,,,,,,,,,,,,,,,,,,,,,,,,,,,,,,,,,,,,,
,,,,,,,,,,,,,,,,,,,,,,,,,,,,,,,,,,,,,,,,,,,,,,,,,,,,,,,,,,,,,,,,,,,,,,,,,,,,,,,,,,,,,,,,,,,,,,,,,,,,,,,,,,,,,,,,,,,,,,,,,,,,,,,,,,,,,,,,,,,,,,,,,,,,,,,,,,,,,,,,,,,,,,,,,,,,,,,,,,,,,,,,,,,,,,,,,,,,,,,,,,,,,,,,,,,,,,,,,,,,,,,,,,,,,,,,,,,,,,,,,,,,,,,,,,,,,,,,,,,,,,,,,,,,,,,,,,,,,,,,,,,,,,,,,,,,,,,,,,,,,,,,,,,,,,,,,,,,,,,,,,,,,,,,,,,,,,,,,,,,,,,,,,,,,,,,,,,,,,,,,,,,,,,,,,,,,,,,,,,,,,,,,,,,,,,,,,,,,,,,,,,,,,,,,,,,,,,,,,,,,,,,,,,,,,,,,,,,,,,,,,,,,,,,,,,,,,,,,,,,,,,,,,,,,,,,,,,,,,,,,,,,,,,,,,,,,,,,,,,,,,,,,,,,,,,,,,,,,,,,,,,,,,,,,,,,,
,,,,,,,,,,,,,,,,,,,,,,,,,,,,,,,,,,,,,,,,,,,,,,,,,,,,,,,,,,,,,,,,,,,,,,,,,,,,,,,,,,,,,,,,,,,,,,,,,,,,,,,,,,,,,,,,,,,,,,,,,,,,,,,,,,,,,,,,,,,,,,,,,,,,,,,,,,,,,,,,,,,,,,,,,,,,,,,,,,,,,,,,,,,,,,,,,,,,,,,,,,,,,,,,,,,,,,,,,,,,,,,,,,,,,,,,,,,,,,,,,,,,,,,,,,,,,,,,,,,,,,,,,,,,,,,,,,,,,,,,,,,,,,,,,,,,,,,,,,,,,,,,,,,,,,,,,,,,,,,,,,,,,,,,,,,,,,,,,,,,,,,,,,,,,,,,,,,,,,,,,,,,,,,,,,,,,,,,,,,,,,,,,,,,,,,,,,,,,,,,,,,,,,,,,,,,,,,,,,,,,,,,,,,,,,,,,,,,,,,,,,,,,,,,,,,,,,,,,,,,,,,,,,,,,,,,,,,,,,,,,,,,,,,,,,,,,,,,,,,,,,,,,,,,,,,,,,,,,,,,,,,,,,,,,,,,,
,,,,,,,,,,,,,,,,,,,,,,,,,,,,,,,,,,,,,,,,,,,,,,,,,,,,,,,,,,,,,,,,,,,,,,,,,,,,,,,,,,,,,,,,,,,,,,,,,,,,,,,,,,,,,,,,,,,,,,,,,,,,,,,,,,,,,,,,,,,,,,,,,,,,,,,,,,,,,,,,,,,,,,,,,,,,,,,,,,,,,,,,,,,,,,,,,,,,,,,,,,,,,,,,,,,,,,,,,,,,,,,,,,,,,,,,,,,,,,,,,,,,,,,,,,,,,,,,,,,,,,,,,,,,,,,,,,,,,,,,,,,,,,,,,,,,,,,,,,,,,,,,,,,,,,,,,,,,,,,,,,,,,,,,,,,,,,,,,,,,,,,,,,,,,,,,,,,,,,,,,,,,,,,,,,,,,,,,,,,,,,,,,,,,,,,,,,,,,,,,,,,,,,,,,,,,,,,,,,,,,,,,,,,,,,,,,,,,,,,,,,,,,,,,,,,,,,,,,,,,,,,,,,,,,,,,,,,,,,,,,,,,,,,,,,,,,,,,,,,,,,,,,,,,,,,,,,,,,,,,,,,,,,,,,,,,,
,,,,,,,,,,,,,,,,,,,,,,,,,,,,,,,,,,,,,,,,,,,,,,,,,,,,,,,,,,,,,,,,,,,,,,,,,,,,,,,,,,,,,,,,,,,,,,,,,,,,,,,,,,,,,,,,,,,,,,,,,,,,,,,,,,,,,,,,,,,,,,,,,,,,,,,,,,,,,,,,,,,,,,,,,,,,,,,,,,,,,,,,,,,,,,,,,,,,,,,,,,,,,,,,,,,,,,,,,,,,,,,,,,,,,,,,,,,,,,,,,,,,,,,,,,,,,,,,,,,,,,,,,,,,,,,,,,,,,,,,,,,,,,,,,,,,,,,,,,,,,,,,,,,,,,,,,,,,,,,,,,,,,,,,,,,,,,,,,,,,,,,,,,,,,,,,,,,,,,,,,,,,,,,,,,,,,,,,,,,,,,,,,,,,,,,,,,,,,,,,,,,,,,,,,,,,,,,,,,,,,,,,,,,,,,,,,,,,,,,,,,,,,,,,,,,,,,,,,,,,,,,,,,,,,,,,,,,,,,,,,,,,,,,,,,,,,,,,,,,,,,,,,,,,,,,,,,,,,,,,,,,,,,,,,,,,,
,,,,,,,,,,,,,,,,,,,,,,,,,,,,,,,,,,,,,,,,,,,,,,,,,,,,,,,,,,,,,,,,,,,,,,,,,,,,,,,,,,,,,,,,,,,,,,,,,,,,,,,,,,,,,,,,,,,,,,,,,,,,,,,,,,,,,,,,,,,,,,,,,,,,,,,,,,,,,,,,,,,,,,,,,,,,,,,,,,,,,,,,,,,,,,,,,,,,,,,,,,,,,,,,,,,,,,,,,,,,,,,,,,,,,,,,,,,,,,,,,,,,,,,,,,,,,,,,,,,,,,,,,,,,,,,,,,,,,,,,,,,,,,,,,,,,,,,,,,,,,,,,,,,,,,,,,,,,,,,,,,,,,,,,,,,,,,,,,,,,,,,,,,,,,,,,,,,,,,,,,,,,,,,,,,,,,,,,,,,,,,,,,,,,,,,,,,,,,,,,,,,,,,,,,,,,,,,,,,,,,,,,,,,,,,,,,,,,,,,,,,,,,,,,,,,,,,,,,,,,,,,,,,,,,,,,,,,,,,,,,,,,,,,,,,,,,,,,,,,,,,,,,,,,,,,,,,,,,,,,,,,,,,,,,,,,,
,,,,,,,,,,,,,,,,,,,,,,,,,,,,,,,,,,,,,,,,,,,,,,,,,,,,,,,,,,,,,,,,,,,,,,,,,,,,,,,,,,,,,,,,,,,,,,,,,,,,,,,,,,,,,,,,,,,,,,,,,,,,,,,,,,,,,,,,,,,,,,,,,,,,,,,,,,,,,,,,,,,,,,,,,,,,,,,,,,,,,,,,,,,,,,,,,,,,,,,,,,,,,,,,,,,,,,,,,,,,,,,,,,,,,,,,,,,,,,,,,,,,,,,,,,,,,,,,,,,,,,,,,,,,,,,,,,,,,,,,,,,,,,,,,,,,,,,,,,,,,,,,,,,,,,,,,,,,,,,,,,,,,,,,,,,,,,,,,,,,,,,,,,,,,,,,,,,,,,,,,,,,,,,,,,,,,,,,,,,,,,,,,,,,,,,,,,,,,,,,,,,,,,,,,,,,,,,,,,,,,,,,,,,,,,,,,,,,,,,,,,,,,,,,,,,,,,,,,,,,,,,,,,,,,,,,,,,,,,,,,,,,,,,,,,,,,,,,,,,,,,,,,,,,,,,,,,,,,,,,,,,,,,,,,,,,,
,,,,,,,,,,,,,,,,,,,,,,,,,,,,,,,,,,,,,,,,,,,,,,,,,,,,,,,,,,,,,,,,,,,,,,,,,,,,,,,,,,,,,,,,,,,,,,,,,,,,,,,,,,,,,,,,,,,,,,,,,,,,,,,,,,,,,,,,,,,,,,,,,,,,,,,,,,,,,,,,,,,,,,,,,,,,,,,,,,,,,,,,,,,,,,,,,,,,,,,,,,,,,,,,,,,,,,,,,,,,,,,,,,,,,,,,,,,,,,,,,,,,,,,,,,,,,,,,,,,,,,,,,,,,,,,,,,,,,,,,,,,,,,,,,,,,,,,,,,,,,,,,,,,,,,,,,,,,,,,,,,,,,,,,,,,,,,,,,,,,,,,,,,,,,,,,,,,,,,,,,,,,,,,,,,,,,,,,,,,,,,,,,,,,,,,,,,,,,,,,,,,,,,,,,,,,,,,,,,,,,,,,,,,,,,,,,,,,,,,,,,,,,,,,,,,,,,,,,,,,,,,,,,,,,,,,,,,,,,,,,,,,,,,,,,,,,,,,,,,,,,,,,,,,,,,,,,,,,,,,,,,,,,,,,,,,,
,,,,,,,,,,,,,,,,,,,,,,,,,,,,,,,,,,,,,,,,,,,,,,,,,,,,,,,,,,,,,,,,,,,,,,,,,,,,,,,,,,,,,,,,,,,,,,,,,,,,,,,,,,,,,,,,,,,,,,,,,,,,,,,,,,,,,,,,,,,,,,,,,,,,,,,,,,,,,,,,,,,,,,,,,,,,,,,,,,,,,,,,,,,,,,,,,,,,,,,,,,,,,,,,,,,,,,,,,,,,,,,,,,,,,,,,,,,,,,,,,,,,,,,,,,,,,,,,,,,,,,,,,,,,,,,,,,,,,,,,,,,,,,,,,,,,,,,,,,,,,,,,,,,,,,,,,,,,,,,,,,,,,,,,,,,,,,,,,,,,,,,,,,,,,,,,,,,,,,,,,,,,,,,,,,,,,,,,,,,,,,,,,,,,,,,,,,,,,,,,,,,,,,,,,,,,,,,,,,,,,,,,,,,,,,,,,,,,,,,,,,,,,,,,,,,,,,,,,,,,,,,,,,,,,,,,,,,,,,,,,,,,,,,,,,,,,,,,,,,,,,,,,,,,,,,,,,,,,,,,,,,,,,,,,,,,,
,,,,,,,,,,,,,,,,,,,,,,,,,,,,,,,,,,,,,,,,,,,,,,,,,,,,,,,,,,,,,,,,,,,,,,,,,,,,,,,,,,,,,,,,,,,,,,,,,,,,,,,,,,,,,,,,,,,,,,,,,,,,,,,,,,,,,,,,,,,,,,,,,,,,,,,,,,,,,,,,,,,,,,,,,,,,,,,,,,,,,,,,,,,,,,,,,,,,,,,,,,,,,,,,,,,,,,,,,,,,,,,,,,,,,,,,,,,,,,,,,,,,,,,,,,,,,,,,,,,,,,,,,,,,,,,,,,,,,,,,,,,,,,,,,,,,,,,,,,,,,,,,,,,,,,,,,,,,,,,,,,,,,,,,,,,,,,,,,,,,,,,,,,,,,,,,,,,,,,,,,,,,,,,,,,,,,,,,,,,,,,,,,,,,,,,,,,,,,,,,,,,,,,,,,,,,,,,,,,,,,,,,,,,,,,,,,,,,,,,,,,,,,,,,,,,,,,,,,,,,,,,,,,,,,,,,,,,,,,,,,,,,,,,,,,,,,,,,,,,,,,,,,,,,,,,,,,,,,,,,,,,,,,,,,,,,,
,,,,,,,,,,,,,,,,,,,,,,,,,,,,,,,,,,,,,,,,,,,,,,,,,,,,,,,,,,,,,,,,,,,,,,,,,,,,,,,,,,,,,,,,,,,,,,,,,,,,,,,,,,,,,,,,,,,,,,,,,,,,,,,,,,,,,,,,,,,,,,,,,,,,,,,,,,,,,,,,,,,,,,,,,,,,,,,,,,,,,,,,,,,,,,,,,,,,,,,,,,,,,,,,,,,,,,,,,,,,,,,,,,,,,,,,,,,,,,,,,,,,,,,,,,,,,,,,,,,,,,,,,,,,,,,,,,,,,,,,,,,,,,,,,,,,,,,,,,,,,,,,,,,,,,,,,,,,,,,,,,,,,,,,,,,,,,,,,,,,,,,,,,,,,,,,,,,,,,,,,,,,,,,,,,,,,,,,,,,,,,,,,,,,,,,,,,,,,,,,,,,,,,,,,,,,,,,,,,,,,,,,,,,,,,,,,,,,,,,,,,,,,,,,,,,,,,,,,,,,,,,,,,,,,,,,,,,,,,,,,,,,,,,,,,,,,,,,,,,,,,,,,,,,,,,,,,,,,,,,,,,,,,,,,,,,,
,,,,,,,,,,,,,,,,,,,,,,,,,,,,,,,,,,,,,,,,,,,,,,,,,,,,,,,,,,,,,,,,,,,,,,,,,,,,,,,,,,,,,,,,,,,,,,,,,,,,,,,,,,,,,,,,,,,,,,,,,,,,,,,,,,,,,,,,,,,,,,,,,,,,,,,,,,,,,,,,,,,,,,,,,,,,,,,,,,,,,,,,,,,,,,,,,,,,,,,,,,,,,,,,,,,,,,,,,,,,,,,,,,,,,,,,,,,,,,,,,,,,,,,,,,,,,,,,,,,,,,,,,,,,,,,,,,,,,,,,,,,,,,,,,,,,,,,,,,,,,,,,,,,,,,,,,,,,,,,,,,,,,,,,,,,,,,,,,,,,,,,,,,,,,,,,,,,,,,,,,,,,,,,,,,,,,,,,,,,,,,,,,,,,,,,,,,,,,,,,,,,,,,,,,,,,,,,,,,,,,,,,,,,,,,,,,,,,,,,,,,,,,,,,,,,,,,,,,,,,,,,,,,,,,,,,,,,,,,,,,,,,,,,,,,,,,,,,,,,,,,,,,,,,,,,,,,,,,,,,,,,,,,,,,,,,,
,,,,,,,,,,,,,,,,,,,,,,,,,,,,,,,,,,,,,,,,,,,,,,,,,,,,,,,,,,,,,,,,,,,,,,,,,,,,,,,,,,,,,,,,,,,,,,,,,,,,,,,,,,,,,,,,,,,,,,,,,,,,,,,,,,,,,,,,,,,,,,,,,,,,,,,,,,,,,,,,,,,,,,,,,,,,,,,,,,,,,,,,,,,,,,,,,,,,,,,,,,,,,,,,,,,,,,,,,,,,,,,,,,,,,,,,,,,,,,,,,,,,,,,,,,,,,,,,,,,,,,,,,,,,,,,,,,,,,,,,,,,,,,,,,,,,,,,,,,,,,,,,,,,,,,,,,,,,,,,,,,,,,,,,,,,,,,,,,,,,,,,,,,,,,,,,,,,,,,,,,,,,,,,,,,,,,,,,,,,,,,,,,,,,,,,,,,,,,,,,,,,,,,,,,,,,,,,,,,,,,,,,,,,,,,,,,,,,,,,,,,,,,,,,,,,,,,,,,,,,,,,,,,,,,,,,,,,,,,,,,,,,,,,,,,,,,,,,,,,,,,,,,,,,,,,,,,,,,,,,,,,,,,,,,,,,,
,,,,,,,,,,,,,,,,,,,,,,,,,,,,,,,,,,,,,,,,,,,,,,,,,,,,,,,,,,,,,,,,,,,,,,,,,,,,,,,,,,,,,,,,,,,,,,,,,,,,,,,,,,,,,,,,,,,,,,,,,,,,,,,,,,,,,,,,,,,,,,,,,,,,,,,,,,,,,,,,,,,,,,,,,,,,,,,,,,,,,,,,,,,,,,,,,,,,,,,,,,,,,,,,,,,,,,,,,,,,,,,,,,,,,,,,,,,,,,,,,,,,,,,,,,,,,,,,,,,,,,,,,,,,,,,,,,,,,,,,,,,,,,,,,,,,,,,,,,,,,,,,,,,,,,,,,,,,,,,,,,,,,,,,,,,,,,,,,,,,,,,,,,,,,,,,,,,,,,,,,,,,,,,,,,,,,,,,,,,,,,,,,,,,,,,,,,,,,,,,,,,,,,,,,,,,,,,,,,,,,,,,,,,,,,,,,,,,,,,,,,,,,,,,,,,,,,,,,,,,,,,,,,,,,,,,,,,,,,,,,,,,,,,,,,,,,,,,,,,,,,,,,,,,,,,,,,,,,,,,,,,,,,,,,,,,,
,,,,,,,,,,,,,,,,,,,,,,,,,,,,,,,,,,,,,,,,,,,,,,,,,,,,,,,,,,,,,,,,,,,,,,,,,,,,,,,,,,,,,,,,,,,,,,,,,,,,,,,,,,,,,,,,,,,,,,,,,,,,,,,,,,,,,,,,,,,,,,,,,,,,,,,,,,,,,,,,,,,,,,,,,,,,,,,,,,,,,,,,,,,,,,,,,,,,,,,,,,,,,,,,,,,,,,,,,,,,,,,,,,,,,,,,,,,,,,,,,,,,,,,,,,,,,,,,,,,,,,,,,,,,,,,,,,,,,,,,,,,,,,,,,,,,,,,,,,,,,,,,,,,,,,,,,,,,,,,,,,,,,,,,,,,,,,,,,,,,,,,,,,,,,,,,,,,,,,,,,,,,,,,,,,,,,,,,,,,,,,,,,,,,,,,,,,,,,,,,,,,,,,,,,,,,,,,,,,,,,,,,,,,,,,,,,,,,,,,,,,,,,,,,,,,,,,,,,,,,,,,,,,,,,,,,,,,,,,,,,,,,,,,,,,,,,,,,,,,,,,,,,,,,,,,,,,,,,,,,,,,,,,,,,,,,,
,,,,,,,,,,,,,,,,,,,,,,,,,,,,,,,,,,,,,,,,,,,,,,,,,,,,,,,,,,,,,,,,,,,,,,,,,,,,,,,,,,,,,,,,,,,,,,,,,,,,,,,,,,,,,,,,,,,,,,,,,,,,,,,,,,,,,,,,,,,,,,,,,,,,,,,,,,,,,,,,,,,,,,,,,,,,,,,,,,,,,,,,,,,,,,,,,,,,,,,,,,,,,,,,,,,,,,,,,,,,,,,,,,,,,,,,,,,,,,,,,,,,,,,,,,,,,,,,,,,,,,,,,,,,,,,,,,,,,,,,,,,,,,,,,,,,,,,,,,,,,,,,,,,,,,,,,,,,,,,,,,,,,,,,,,,,,,,,,,,,,,,,,,,,,,,,,,,,,,,,,,,,,,,,,,,,,,,,,,,,,,,,,,,,,,,,,,,,,,,,,,,,,,,,,,,,,,,,,,,,,,,,,,,,,,,,,,,,,,,,,,,,,,,,,,,,,,,,,,,,,,,,,,,,,,,,,,,,,,,,,,,,,,,,,,,,,,,,,,,,,,,,,,,,,,,,,,,,,,,,,,,,,,,,,,,,,
,,,,,,,,,,,,,,,,,,,,,,,,,,,,,,,,,,,,,,,,,,,,,,,,,,,,,,,,,,,,,,,,,,,,,,,,,,,,,,,,,,,,,,,,,,,,,,,,,,,,,,,,,,,,,,,,,,,,,,,,,,,,,,,,,,,,,,,,,,,,,,,,,,,,,,,,,,,,,,,,,,,,,,,,,,,,,,,,,,,,,,,,,,,,,,,,,,,,,,,,,,,,,,,,,,,,,,,,,,,,,,,,,,,,,,,,,,,,,,,,,,,,,,,,,,,,,,,,,,,,,,,,,,,,,,,,,,,,,,,,,,,,,,,,,,,,,,,,,,,,,,,,,,,,,,,,,,,,,,,,,,,,,,,,,,,,,,,,,,,,,,,,,,,,,,,,,,,,,,,,,,,,,,,,,,,,,,,,,,,,,,,,,,,,,,,,,,,,,,,,,,,,,,,,,,,,,,,,,,,,,,,,,,,,,,,,,,,,,,,,,,,,,,,,,,,,,,,,,,,,,,,,,,,,,,,,,,,,,,,,,,,,,,,,,,,,,,,,,,,,,,,,,,,,,,,,,,,,,,,,,,,,,,,,,,,,,
,,,,,,,,,,,,,,,,,,,,,,,,,,,,,,,,,,,,,,,,,,,,,,,,,,,,,,,,,,,,,,,,,,,,,,,,,,,,,,,,,,,,,,,,,,,,,,,,,,,,,,,,,,,,,,,,,,,,,,,,,,,,,,,,,,,,,,,,,,,,,,,,,,,,,,,,,,,,,,,,,,,,,,,,,,,,,,,,,,,,,,,,,,,,,,,,,,,,,,,,,,,,,,,,,,,,,,,,,,,,,,,,,,,,,,,,,,,,,,,,,,,,,,,,,,,,,,,,,,,,,,,,,,,,,,,,,,,,,,,,,,,,,,,,,,,,,,,,,,,,,,,,,,,,,,,,,,,,,,,,,,,,,,,,,,,,,,,,,,,,,,,,,,,,,,,,,,,,,,,,,,,,,,,,,,,,,,,,,,,,,,,,,,,,,,,,,,,,,,,,,,,,,,,,,,,,,,,,,,,,,,,,,,,,,,,,,,,,,,,,,,,,,,,,,,,,,,,,,,,,,,,,,,,,,,,,,,,,,,,,,,,,,,,,,,,,,,,,,,,,,,,,,,,,,,,,,,,,,,,,,,,,,,,,,,,,,
,,,,,,,,,,,,,,,,,,,,,,,,,,,,,,,,,,,,,,,,,,,,,,,,,,,,,,,,,,,,,,,,,,,,,,,,,,,,,,,,,,,,,,,,,,,,,,,,,,,,,,,,,,,,,,,,,,,,,,,,,,,,,,,,,,,,,,,,,,,,,,,,,,,,,,,,,,,,,,,,,,,,,,,,,,,,,,,,,,,,,,,,,,,,,,,,,,,,,,,,,,,,,,,,,,,,,,,,,,,,,,,,,,,,,,,,,,,,,,,,,,,,,,,,,,,,,,,,,,,,,,,,,,,,,,,,,,,,,,,,,,,,,,,,,,,,,,,,,,,,,,,,,,,,,,,,,,,,,,,,,,,,,,,,,,,,,,,,,,,,,,,,,,,,,,,,,,,,,,,,,,,,,,,,,,,,,,,,,,,,,,,,,,,,,,,,,,,,,,,,,,,,,,,,,,,,,,,,,,,,,,,,,,,,,,,,,,,,,,,,,,,,,,,,,,,,,,,,,,,,,,,,,,,,,,,,,,,,,,,,,,,,,,,,,,,,,,,,,,,,,,,,,,,,,,,,,,,,,,,,,,,,,,,,,,,,,
,,,,,,,,,,,,,,,,,,,,,,,,,,,,,,,,,,,,,,,,,,,,,,,,,,,,,,,,,,,,,,,,,,,,,,,,,,,,,,,,,,,,,,,,,,,,,,,,,,,,,,,,,,,,,,,,,,,,,,,,,,,,,,,,,,,,,,,,,,,,,,,,,,,,,,,,,,,,,,,,,,,,,,,,,,,,,,,,,,,,,,,,,,,,,,,,,,,,,,,,,,,,,,,,,,,,,,,,,,,,,,,,,,,,,,,,,,,,,,,,,,,,,,,,,,,,,,,,,,,,,,,,,,,,,,,,,,,,,,,,,,,,,,,,,,,,,,,,,,,,,,,,,,,,,,,,,,,,,,,,,,,,,,,,,,,,,,,,,,,,,,,,,,,,,,,,,,,,,,,,,,,,,,,,,,,,,,,,,,,,,,,,,,,,,,,,,,,,,,,,,,,,,,,,,,,,,,,,,,,,,,,,,,,,,,,,,,,,,,,,,,,,,,,,,,,,,,,,,,,,,,,,,,,,,,,,,,,,,,,,,,,,,,,,,,,,,,,,,,,,,,,,,,,,,,,,,,,,,,,,,,,,,,,,,,,,,
,,,,,,,,,,,,,,,,,,,,,,,,,,,,,,,,,,,,,,,,,,,,,,,,,,,,,,,,,,,,,,,,,,,,,,,,,,,,,,,,,,,,,,,,,,,,,,,,,,,,,,,,,,,,,,,,,,,,,,,,,,,,,,,,,,,,,,,,,,,,,,,,,,,,,,,,,,,,,,,,,,,,,,,,,,,,,,,,,,,,,,,,,,,,,,,,,,,,,,,,,,,,,,,,,,,,,,,,,,,,,,,,,,,,,,,,,,,,,,,,,,,,,,,,,,,,,,,,,,,,,,,,,,,,,,,,,,,,,,,,,,,,,,,,,,,,,,,,,,,,,,,,,,,,,,,,,,,,,,,,,,,,,,,,,,,,,,,,,,,,,,,,,,,,,,,,,,,,,,,,,,,,,,,,,,,,,,,,,,,,,,,,,,,,,,,,,,,,,,,,,,,,,,,,,,,,,,,,,,,,,,,,,,,,,,,,,,,,,,,,,,,,,,,,,,,,,,,,,,,,,,,,,,,,,,,,,,,,,,,,,,,,,,,,,,,,,,,,,,,,,,,,,,,,,,,,,,,,,,,,,,,,,,,,,,,,,
,,,,,,,,,,,,,,,,,,,,,,,,,,,,,,,,,,,,,,,,,,,,,,,,,,,,,,,,,,,,,,,,,,,,,,,,,,,,,,,,,,,,,,,,,,,,,,,,,,,,,,,,,,,,,,,,,,,,,,,,,,,,,,,,,,,,,,,,,,,,,,,,,,,,,,,,,,,,,,,,,,,,,,,,,,,,,,,,,,,,,,,,,,,,,,,,,,,,,,,,,,,,,,,,,,,,,,,,,,,,,,,,,,,,,,,,,,,,,,,,,,,,,,,,,,,,,,,,,,,,,,,,,,,,,,,,,,,,,,,,,,,,,,,,,,,,,,,,,,,,,,,,,,,,,,,,,,,,,,,,,,,,,,,,,,,,,,,,,,,,,,,,,,,,,,,,,,,,,,,,,,,,,,,,,,,,,,,,,,,,,,,,,,,,,,,,,,,,,,,,,,,,,,,,,,,,,,,,,,,,,,,,,,,,,,,,,,,,,,,,,,,,,,,,,,,,,,,,,,,,,,,,,,,,,,,,,,,,,,,,,,,,,,,,,,,,,,,,,,,,,,,,,,,,,,,,,,,,,,,,,,,,,,,,,,,,,
,,,,,,,,,,,,,,,,,,,,,,,,,,,,,,,,,,,,,,,,,,,,,,,,,,,,,,,,,,,,,,,,,,,,,,,,,,,,,,,,,,,,,,,,,,,,,,,,,,,,,,,,,,,,,,,,,,,,,,,,,,,,,,,,,,,,,,,,,,,,,,,,,,,,,,,,,,,,,,,,,,,,,,,,,,,,,,,,,,,,,,,,,,,,,,,,,,,,,,,,,,,,,,,,,,,,,,,,,,,,,,,,,,,,,,,,,,,,,,,,,,,,,,,,,,,,,,,,,,,,,,,,,,,,,,,,,,,,,,,,,,,,,,,,,,,,,,,,,,,,,,,,,,,,,,,,,,,,,,,,,,,,,,,,,,,,,,,,,,,,,,,,,,,,,,,,,,,,,,,,,,,,,,,,,,,,,,,,,,,,,,,,,,,,,,,,,,,,,,,,,,,,,,,,,,,,,,,,,,,,,,,,,,,,,,,,,,,,,,,,,,,,,,,,,,,,,,,,,,,,,,,,,,,,,,,,,,,,,,,,,,,,,,,,,,,,,,,,,,,,,,,,,,,,,,,,,,,,,,,,,,,,,,,,,,,,,
,,,,,,,,,,,,,,,,,,,,,,,,,,,,,,,,,,,,,,,,,,,,,,,,,,,,,,,,,,,,,,,,,,,,,,,,,,,,,,,,,,,,,,,,,,,,,,,,,,,,,,,,,,,,,,,,,,,,,,,,,,,,,,,,,,,,,,,,,,,,,,,,,,,,,,,,,,,,,,,,,,,,,,,,,,,,,,,,,,,,,,,,,,,,,,,,,,,,,,,,,,,,,,,,,,,,,,,,,,,,,,,,,,,,,,,,,,,,,,,,,,,,,,,,,,,,,,,,,,,,,,,,,,,,,,,,,,,,,,,,,,,,,,,,,,,,,,,,,,,,,,,,,,,,,,,,,,,,,,,,,,,,,,,,,,,,,,,,,,,,,,,,,,,,,,,,,,,,,,,,,,,,,,,,,,,,,,,,,,,,,,,,,,,,,,,,,,,,,,,,,,,,,,,,,,,,,,,,,,,,,,,,,,,,,,,,,,,,,,,,,,,,,,,,,,,,,,,,,,,,,,,,,,,,,,,,,,,,,,,,,,,,,,,,,,,,,,,,,,,,,,,,,,,,,,,,,,,,,,,,,,,,,,,,,,,,,
,,,,,,,,,,,,,,,,,,,,,,,,,,,,,,,,,,,,,,,,,,,,,,,,,,,,,,,,,,,,,,,,,,,,,,,,,,,,,,,,,,,,,,,,,,,,,,,,,,,,,,,,,,,,,,,,,,,,,,,,,,,,,,,,,,,,,,,,,,,,,,,,,,,,,,,,,,,,,,,,,,,,,,,,,,,,,,,,,,,,,,,,,,,,,,,,,,,,,,,,,,,,,,,,,,,,,,,,,,,,,,,,,,,,,,,,,,,,,,,,,,,,,,,,,,,,,,,,,,,,,,,,,,,,,,,,,,,,,,,,,,,,,,,,,,,,,,,,,,,,,,,,,,,,,,,,,,,,,,,,,,,,,,,,,,,,,,,,,,,,,,,,,,,,,,,,,,,,,,,,,,,,,,,,,,,,,,,,,,,,,,,,,,,,,,,,,,,,,,,,,,,,,,,,,,,,,,,,,,,,,,,,,,,,,,,,,,,,,,,,,,,,,,,,,,,,,,,,,,,,,,,,,,,,,,,,,,,,,,,,,,,,,,,,,,,,,,,,,,,,,,,,,,,,,,,,,,,,,,,,,,,,,,,,,,,,,
,,,,,,,,,,,,,,,,,,,,,,,,,,,,,,,,,,,,,,,,,,,,,,,,,,,,,,,,,,,,,,,,,,,,,,,,,,,,,,,,,,,,,,,,,,,,,,,,,,,,,,,,,,,,,,,,,,,,,,,,,,,,,,,,,,,,,,,,,,,,,,,,,,,,,,,,,,,,,,,,,,,,,,,,,,,,,,,,,,,,,,,,,,,,,,,,,,,,,,,,,,,,,,,,,,,,,,,,,,,,,,,,,,,,,,,,,,,,,,,,,,,,,,,,,,,,,,,,,,,,,,,,,,,,,,,,,,,,,,,,,,,,,,,,,,,,,,,,,,,,,,,,,,,,,,,,,,,,,,,,,,,,,,,,,,,,,,,,,,,,,,,,,,,,,,,,,,,,,,,,,,,,,,,,,,,,,,,,,,,,,,,,,,,,,,,,,,,,,,,,,,,,,,,,,,,,,,,,,,,,,,,,,,,,,,,,,,,,,,,,,,,,,,,,,,,,,,,,,,,,,,,,,,,,,,,,,,,,,,,,,,,,,,,,,,,,,,,,,,,,,,,,,,,,,,,,,,,,,,,,,,,,,,,,,,,,,
,,,,,,,,,,,,,,,,,,,,,,,,,,,,,,,,,,,,,,,,,,,,,,,,,,,,,,,,,,,,,,,,,,,,,,,,,,,,,,,,,,,,,,,,,,,,,,,,,,,,,,,,,,,,,,,,,,,,,,,,,,,,,,,,,,,,,,,,,,,,,,,,,,,,,,,,,,,,,,,,,,,,,,,,,,,,,,,,,,,,,,,,,,,,,,,,,,,,,,,,,,,,,,,,,,,,,,,,,,,,,,,,,,,,,,,,,,,,,,,,,,,,,,,,,,,,,,,,,,,,,,,,,,,,,,,,,,,,,,,,,,,,,,,,,,,,,,,,,,,,,,,,,,,,,,,,,,,,,,,,,,,,,,,,,,,,,,,,,,,,,,,,,,,,,,,,,,,,,,,,,,,,,,,,,,,,,,,,,,,,,,,,,,,,,,,,,,,,,,,,,,,,,,,,,,,,,,,,,,,,,,,,,,,,,,,,,,,,,,,,,,,,,,,,,,,,,,,,,,,,,,,,,,,,,,,,,,,,,,,,,,,,,,,,,,,,,,,,,,,,,,,,,,,,,,,,,,,,,,,,,,,,,,,,,,,,,
,,,,,,,,,,,,,,,,,,,,,,,,,,,,,,,,,,,,,,,,,,,,,,,,,,,,,,,,,,,,,,,,,,,,,,,,,,,,,,,,,,,,,,,,,,,,,,,,,,,,,,,,,,,,,,,,,,,,,,,,,,,,,,,,,,,,,,,,,,,,,,,,,,,,,,,,,,,,,,,,,,,,,,,,,,,,,,,,,,,,,,,,,,,,,,,,,,,,,,,,,,,,,,,,,,,,,,,,,,,,,,,,,,,,,,,,,,,,,,,,,,,,,,,,,,,,,,,,,,,,,,,,,,,,,,,,,,,,,,,,,,,,,,,,,,,,,,,,,,,,,,,,,,,,,,,,,,,,,,,,,,,,,,,,,,,,,,,,,,,,,,,,,,,,,,,,,,,,,,,,,,,,,,,,,,,,,,,,,,,,,,,,,,,,,,,,,,,,,,,,,,,,,,,,,,,,,,,,,,,,,,,,,,,,,,,,,,,,,,,,,,,,,,,,,,,,,,,,,,,,,,,,,,,,,,,,,,,,,,,,,,,,,,,,,,,,,,,,,,,,,,,,,,,,,,,,,,,,,,,,,,,,,,,,,,,,,
,,,,,,,,,,,,,,,,,,,,,,,,,,,,,,,,,,,,,,,,,,,,,,,,,,,,,,,,,,,,,,,,,,,,,,,,,,,,,,,,,,,,,,,,,,,,,,,,,,,,,,,,,,,,,,,,,,,,,,,,,,,,,,,,,,,,,,,,,,,,,,,,,,,,,,,,,,,,,,,,,,,,,,,,,,,,,,,,,,,,,,,,,,,,,,,,,,,,,,,,,,,,,,,,,,,,,,,,,,,,,,,,,,,,,,,,,,,,,,,,,,,,,,,,,,,,,,,,,,,,,,,,,,,,,,,,,,,,,,,,,,,,,,,,,,,,,,,,,,,,,,,,,,,,,,,,,,,,,,,,,,,,,,,,,,,,,,,,,,,,,,,,,,,,,,,,,,,,,,,,,,,,,,,,,,,,,,,,,,,,,,,,,,,,,,,,,,,,,,,,,,,,,,,,,,,,,,,,,,,,,,,,,,,,,,,,,,,,,,,,,,,,,,,,,,,,,,,,,,,,,,,,,,,,,,,,,,,,,,,,,,,,,,,,,,,,,,,,,,,,,,,,,,,,,,,,,,,,,,,,,,,,,,,,,,,,,
,,,,,,,,,,,,,,,,,,,,,,,,,,,,,,,,,,,,,,,,,,,,,,,,,,,,,,,,,,,,,,,,,,,,,,,,,,,,,,,,,,,,,,,,,,,,,,,,,,,,,,,,,,,,,,,,,,,,,,,,,,,,,,,,,,,,,,,,,,,,,,,,,,,,,,,,,,,,,,,,,,,,,,,,,,,,,,,,,,,,,,,,,,,,,,,,,,,,,,,,,,,,,,,,,,,,,,,,,,,,,,,,,,,,,,,,,,,,,,,,,,,,,,,,,,,,,,,,,,,,,,,,,,,,,,,,,,,,,,,,,,,,,,,,,,,,,,,,,,,,,,,,,,,,,,,,,,,,,,,,,,,,,,,,,,,,,,,,,,,,,,,,,,,,,,,,,,,,,,,,,,,,,,,,,,,,,,,,,,,,,,,,,,,,,,,,,,,,,,,,,,,,,,,,,,,,,,,,,,,,,,,,,,,,,,,,,,,,,,,,,,,,,,,,,,,,,,,,,,,,,,,,,,,,,,,,,,,,,,,,,,,,,,,,,,,,,,,,,,,,,,,,,,,,,,,,,,,,,,,,,,,,,,,,,,,,,
,,,,,,,,,,,,,,,,,,,,,,,,,,,,,,,,,,,,,,,,,,,,,,,,,,,,,,,,,,,,,,,,,,,,,,,,,,,,,,,,,,,,,,,,,,,,,,,,,,,,,,,,,,,,,,,,,,,,,,,,,,,,,,,,,,,,,,,,,,,,,,,,,,,,,,,,,,,,,,,,,,,,,,,,,,,,,,,,,,,,,,,,,,,,,,,,,,,,,,,,,,,,,,,,,,,,,,,,,,,,,,,,,,,,,,,,,,,,,,,,,,,,,,,,,,,,,,,,,,,,,,,,,,,,,,,,,,,,,,,,,,,,,,,,,,,,,,,,,,,,,,,,,,,,,,,,,,,,,,,,,,,,,,,,,,,,,,,,,,,,,,,,,,,,,,,,,,,,,,,,,,,,,,,,,,,,,,,,,,,,,,,,,,,,,,,,,,,,,,,,,,,,,,,,,,,,,,,,,,,,,,,,,,,,,,,,,,,,,,,,,,,,,,,,,,,,,,,,,,,,,,,,,,,,,,,,,,,,,,,,,,,,,,,,,,,,,,,,,,,,,,,,,,,,,,,,,,,,,,,,,,,,,,,,,,,,,
,,,,,,,,,,,,,,,,,,,,,,,,,,,,,,,,,,,,,,,,,,,,,,,,,,,,,,,,,,,,,,,,,,,,,,,,,,,,,,,,,,,,,,,,,,,,,,,,,,,,,,,,,,,,,,,,,,,,,,,,,,,,,,,,,,,,,,,,,,,,,,,,,,,,,,,,,,,,,,,,,,,,,,,,,,,,,,,,,,,,,,,,,,,,,,,,,,,,,,,,,,,,,,,,,,,,,,,,,,,,,,,,,,,,,,,,,,,,,,,,,,,,,,,,,,,,,,,,,,,,,,,,,,,,,,,,,,,,,,,,,,,,,,,,,,,,,,,,,,,,,,,,,,,,,,,,,,,,,,,,,,,,,,,,,,,,,,,,,,,,,,,,,,,,,,,,,,,,,,,,,,,,,,,,,,,,,,,,,,,,,,,,,,,,,,,,,,,,,,,,,,,,,,,,,,,,,,,,,,,,,,,,,,,,,,,,,,,,,,,,,,,,,,,,,,,,,,,,,,,,,,,,,,,,,,,,,,,,,,,,,,,,,,,,,,,,,,,,,,,,,,,,,,,,,,,,,,,,,,,,,,,,,,,,,,,,,
,,,,,,,,,,,,,,,,,,,,,,,,,,,,,,,,,,,,,,,,,,,,,,,,,,,,,,,,,,,,,,,,,,,,,,,,,,,,,,,,,,,,,,,,,,,,,,,,,,,,,,,,,,,,,,,,,,,,,,,,,,,,,,,,,,,,,,,,,,,,,,,,,,,,,,,,,,,,,,,,,,,,,,,,,,,,,,,,,,,,,,,,,,,,,,,,,,,,,,,,,,,,,,,,,,,,,,,,,,,,,,,,,,,,,,,,,,,,,,,,,,,,,,,,,,,,,,,,,,,,,,,,,,,,,,,,,,,,,,,,,,,,,,,,,,,,,,,,,,,,,,,,,,,,,,,,,,,,,,,,,,,,,,,,,,,,,,,,,,,,,,,,,,,,,,,,,,,,,,,,,,,,,,,,,,,,,,,,,,,,,,,,,,,,,,,,,,,,,,,,,,,,,,,,,,,,,,,,,,,,,,,,,,,,,,,,,,,,,,,,,,,,,,,,,,,,,,,,,,,,,,,,,,,,,,,,,,,,,,,,,,,,,,,,,,,,,,,,,,,,,,,,,,,,,,,,,,,,,,,,,,,,,,,,,,,,,
,,,,,,,,,,,,,,,,,,,,,,,,,,,,,,,,,,,,,,,,,,,,,,,,,,,,,,,,,,,,,,,,,,,,,,,,,,,,,,,,,,,,,,,,,,,,,,,,,,,,,,,,,,,,,,,,,,,,,,,,,,,,,,,,,,,,,,,,,,,,,,,,,,,,,,,,,,,,,,,,,,,,,,,,,,,,,,,,,,,,,,,,,,,,,,,,,,,,,,,,,,,,,,,,,,,,,,,,,,,,,,,,,,,,,,,,,,,,,,,,,,,,,,,,,,,,,,,,,,,,,,,,,,,,,,,,,,,,,,,,,,,,,,,,,,,,,,,,,,,,,,,,,,,,,,,,,,,,,,,,,,,,,,,,,,,,,,,,,,,,,,,,,,,,,,,,,,,,,,,,,,,,,,,,,,,,,,,,,,,,,,,,,,,,,,,,,,,,,,,,,,,,,,,,,,,,,,,,,,,,,,,,,,,,,,,,,,,,,,,,,,,,,,,,,,,,,,,,,,,,,,,,,,,,,,,,,,,,,,,,,,,,,,,,,,,,,,,,,,,,,,,,,,,,,,,,,,,,,,,,,,,,,,,,,,,,,
,,,,,,,,,,,,,,,,,,,,,,,,,,,,,,,,,,,,,,,,,,,,,,,,,,,,,,,,,,,,,,,,,,,,,,,,,,,,,,,,,,,,,,,,,,,,,,,,,,,,,,,,,,,,,,,,,,,,,,,,,,,,,,,,,,,,,,,,,,,,,,,,,,,,,,,,,,,,,,,,,,,,,,,,,,,,,,,,,,,,,,,,,,,,,,,,,,,,,,,,,,,,,,,,,,,,,,,,,,,,,,,,,,,,,,,,,,,,,,,,,,,,,,,,,,,,,,,,,,,,,,,,,,,,,,,,,,,,,,,,,,,,,,,,,,,,,,,,,,,,,,,,,,,,,,,,,,,,,,,,,,,,,,,,,,,,,,,,,,,,,,,,,,,,,,,,,,,,,,,,,,,,,,,,,,,,,,,,,,,,,,,,,,,,,,,,,,,,,,,,,,,,,,,,,,,,,,,,,,,,,,,,,,,,,,,,,,,,,,,,,,,,,,,,,,,,,,,,,,,,,,,,,,,,,,,,,,,,,,,,,,,,,,,,,,,,,,,,,,,,,,,,,,,,,,,,,,,,,,,,,,,,,,,,,,,,,
,,,,,,,,,,,,,,,,,,,,,,,,,,,,,,,,,,,,,,,,,,,,,,,,,,,,,,,,,,,,,,,,,,,,,,,,,,,,,,,,,,,,,,,,,,,,,,,,,,,,,,,,,,,,,,,,,,,,,,,,,,,,,,,,,,,,,,,,,,,,,,,,,,,,,,,,,,,,,,,,,,,,,,,,,,,,,,,,,,,,,,,,,,,,,,,,,,,,,,,,,,,,,,,,,,,,,,,,,,,,,,,,,,,,,,,,,,,,,,,,,,,,,,,,,,,,,,,,,,,,,,,,,,,,,,,,,,,,,,,,,,,,,,,,,,,,,,,,,,,,,,,,,,,,,,,,,,,,,,,,,,,,,,,,,,,,,,,,,,,,,,,,,,,,,,,,,,,,,,,,,,,,,,,,,,,,,,,,,,,,,,,,,,,,,,,,,,,,,,,,,,,,,,,,,,,,,,,,,,,,,,,,,,,,,,,,,,,,,,,,,,,,,,,,,,,,,,,,,,,,,,,,,,,,,,,,,,,,,,,,,,,,,,,,,,,,,,,,,,,,,,,,,,,,,,,,,,,,,,,,,,,,,,,,,,,,,
,,,,,,,,,,,,,,,,,,,,,,,,,,,,,,,,,,,,,,,,,,,,,,,,,,,,,,,,,,,,,,,,,,,,,,,,,,,,,,,,,,,,,,,,,,,,,,,,,,,,,,,,,,,,,,,,,,,,,,,,,,,,,,,,,,,,,,,,,,,,,,,,,,,,,,,,,,,,,,,,,,,,,,,,,,,,,,,,,,,,,,,,,,,,,,,,,,,,,,,,,,,,,,,,,,,,,,,,,,,,,,,,,,,,,,,,,,,,,,,,,,,,,,,,,,,,,,,,,,,,,,,,,,,,,,,,,,,,,,,,,,,,,,,,,,,,,,,,,,,,,,,,,,,,,,,,,,,,,,,,,,,,,,,,,,,,,,,,,,,,,,,,,,,,,,,,,,,,,,,,,,,,,,,,,,,,,,,,,,,,,,,,,,,,,,,,,,,,,,,,,,,,,,,,,,,,,,,,,,,,,,,,,,,,,,,,,,,,,,,,,,,,,,,,,,,,,,,,,,,,,,,,,,,,,,,,,,,,,,,,,,,,,,,,,,,,,,,,,,,,,,,,,,,,,,,,,,,,,,,,,,,,,,,,,,,,,
,,,,,,,,,,,,,,,,,,,,,,,,,,,,,,,,,,,,,,,,,,,,,,,,,,,,,,,,,,,,,,,,,,,,,,,,,,,,,,,,,,,,,,,,,,,,,,,,,,,,,,,,,,,,,,,,,,,,,,,,,,,,,,,,,,,,,,,,,,,,,,,,,,,,,,,,,,,,,,,,,,,,,,,,,,,,,,,,,,,,,,,,,,,,,,,,,,,,,,,,,,,,,,,,,,,,,,,,,,,,,,,,,,,,,,,,,,,,,,,,,,,,,,,,,,,,,,,,,,,,,,,,,,,,,,,,,,,,,,,,,,,,,,,,,,,,,,,,,,,,,,,,,,,,,,,,,,,,,,,,,,,,,,,,,,,,,,,,,,,,,,,,,,,,,,,,,,,,,,,,,,,,,,,,,,,,,,,,,,,,,,,,,,,,,,,,,,,,,,,,,,,,,,,,,,,,,,,,,,,,,,,,,,,,,,,,,,,,,,,,,,,,,,,,,,,,,,,,,,,,,,,,,,,,,,,,,,,,,,,,,,,,,,,,,,,,,,,,,,,,,,,,,,,,,,,,,,,,,,,,,,,,,,,,,,,,,
,,,,,,,,,,,,,,,,,,,,,,,,,,,,,,,,,,,,,,,,,,,,,,,,,,,,,,,,,,,,,,,,,,,,,,,,,,,,,,,,,,,,,,,,,,,,,,,,,,,,,,,,,,,,,,,,,,,,,,,,,,,,,,,,,,,,,,,,,,,,,,,,,,,,,,,,,,,,,,,,,,,,,,,,,,,,,,,,,,,,,,,,,,,,,,,,,,,,,,,,,,,,,,,,,,,,,,,,,,,,,,,,,,,,,,,,,,,,,,,,,,,,,,,,,,,,,,,,,,,,,,,,,,,,,,,,,,,,,,,,,,,,,,,,,,,,,,,,,,,,,,,,,,,,,,,,,,,,,,,,,,,,,,,,,,,,,,,,,,,,,,,,,,,,,,,,,,,,,,,,,,,,,,,,,,,,,,,,,,,,,,,,,,,,,,,,,,,,,,,,,,,,,,,,,,,,,,,,,,,,,,,,,,,,,,,,,,,,,,,,,,,,,,,,,,,,,,,,,,,,,,,,,,,,,,,,,,,,,,,,,,,,,,,,,,,,,,,,,,,,,,,,,,,,,,,,,,,,,,,,,,,,,,,,,,,,,
,,,,,,,,,,,,,,,,,,,,,,,,,,,,,,,,,,,,,,,,,,,,,,,,,,,,,,,,,,,,,,,,,,,,,,,,,,,,,,,,,,,,,,,,,,,,,,,,,,,,,,,,,,,,,,,,,,,,,,,,,,,,,,,,,,,,,,,,,,,,,,,,,,,,,,,,,,,,,,,,,,,,,,,,,,,,,,,,,,,,,,,,,,,,,,,,,,,,,,,,,,,,,,,,,,,,,,,,,,,,,,,,,,,,,,,,,,,,,,,,,,,,,,,,,,,,,,,,,,,,,,,,,,,,,,,,,,,,,,,,,,,,,,,,,,,,,,,,,,,,,,,,,,,,,,,,,,,,,,,,,,,,,,,,,,,,,,,,,,,,,,,,,,,,,,,,,,,,,,,,,,,,,,,,,,,,,,,,,,,,,,,,,,,,,,,,,,,,,,,,,,,,,,,,,,,,,,,,,,,,,,,,,,,,,,,,,,,,,,,,,,,,,,,,,,,,,,,,,,,,,,,,,,,,,,,,,,,,,,,,,,,,,,,,,,,,,,,,,,,,,,,,,,,,,,,,,,,,,,,,,,,,,,,,,,,,,
,,,,,,,,,,,,,,,,,,,,,,,,,,,,,,,,,,,,,,,,,,,,,,,,,,,,,,,,,,,,,,,,,,,,,,,,,,,,,,,,,,,,,,,,,,,,,,,,,,,,,,,,,,,,,,,,,,,,,,,,,,,,,,,,,,,,,,,,,,,,,,,,,,,,,,,,,,,,,,,,,,,,,,,,,,,,,,,,,,,,,,,,,,,,,,,,,,,,,,,,,,,,,,,,,,,,,,,,,,,,,,,,,,,,,,,,,,,,,,,,,,,,,,,,,,,,,,,,,,,,,,,,,,,,,,,,,,,,,,,,,,,,,,,,,,,,,,,,,,,,,,,,,,,,,,,,,,,,,,,,,,,,,,,,,,,,,,,,,,,,,,,,,,,,,,,,,,,,,,,,,,,,,,,,,,,,,,,,,,,,,,,,,,,,,,,,,,,,,,,,,,,,,,,,,,,,,,,,,,,,,,,,,,,,,,,,,,,,,,,,,,,,,,,,,,,,,,,,,,,,,,,,,,,,,,,,,,,,,,,,,,,,,,,,,,,,,,,,,,,,,,,,,,,,,,,,,,,,,,,,,,,,,,,,,,,,,
,,,,,,,,,,,,,,,,,,,,,,,,,,,,,,,,,,,,,,,,,,,,,,,,,,,,,,,,,,,,,,,,,,,,,,,,,,,,,,,,,,,,,,,,,,,,,,,,,,,,,,,,,,,,,,,,,,,,,,,,,,,,,,,,,,,,,,,,,,,,,,,,,,,,,,,,,,,,,,,,,,,,,,,,,,,,,,,,,,,,,,,,,,,,,,,,,,,,,,,,,,,,,,,,,,,,,,,,,,,,,,,,,,,,,,,,,,,,,,,,,,,,,,,,,,,,,,,,,,,,,,,,,,,,,,,,,,,,,,,,,,,,,,,,,,,,,,,,,,,,,,,,,,,,,,,,,,,,,,,,,,,,,,,,,,,,,,,,,,,,,,,,,,,,,,,,,,,,,,,,,,,,,,,,,,,,,,,,,,,,,,,,,,,,,,,,,,,,,,,,,,,,,,,,,,,,,,,,,,,,,,,,,,,,,,,,,,,,,,,,,,,,,,,,,,,,,,,,,,,,,,,,,,,,,,,,,,,,,,,,,,,,,,,,,,,,,,,,,,,,,,,,,,,,,,,,,,,,,,,,,,,,,,,,,,,,,
,,,,,,,,,,,,,,,,,,,,,,,,,,,,,,,,,,,,,,,,,,,,,,,,,,,,,,,,,,,,,,,,,,,,,,,,,,,,,,,,,,,,,,,,,,,,,,,,,,,,,,,,,,,,,,,,,,,,,,,,,,,,,,,,,,,,,,,,,,,,,,,,,,,,,,,,,,,,,,,,,,,,,,,,,,,,,,,,,,,,,,,,,,,,,,,,,,,,,,,,,,,,,,,,,,,,,,,,,,,,,,,,,,,,,,,,,,,,,,,,,,,,,,,,,,,,,,,,,,,,,,,,,,,,,,,,,,,,,,,,,,,,,,,,,,,,,,,,,,,,,,,,,,,,,,,,,,,,,,,,,,,,,,,,,,,,,,,,,,,,,,,,,,,,,,,,,,,,,,,,,,,,,,,,,,,,,,,,,,,,,,,,,,,,,,,,,,,,,,,,,,,,,,,,,,,,,,,,,,,,,,,,,,,,,,,,,,,,,,,,,,,,,,,,,,,,,,,,,,,,,,,,,,,,,,,,,,,,,,,,,,,,,,,,,,,,,,,,,,,,,,,,,,,,,,,,,,,,,,,,,,,,,,,,,,,,,
,,,,,,,,,,,,,,,,,,,,,,,,,,,,,,,,,,,,,,,,,,,,,,,,,,,,,,,,,,,,,,,,,,,,,,,,,,,,,,,,,,,,,,,,,,,,,,,,,,,,,,,,,,,,,,,,,,,,,,,,,,,,,,,,,,,,,,,,,,,,,,,,,,,,,,,,,,,,,,,,,,,,,,,,,,,,,,,,,,,,,,,,,,,,,,,,,,,,,,,,,,,,,,,,,,,,,,,,,,,,,,,,,,,,,,,,,,,,,,,,,,,,,,,,,,,,,,,,,,,,,,,,,,,,,,,,,,,,,,,,,,,,,,,,,,,,,,,,,,,,,,,,,,,,,,,,,,,,,,,,,,,,,,,,,,,,,,,,,,,,,,,,,,,,,,,,,,,,,,,,,,,,,,,,,,,,,,,,,,,,,,,,,,,,,,,,,,,,,,,,,,,,,,,,,,,,,,,,,,,,,,,,,,,,,,,,,,,,,,,,,,,,,,,,,,,,,,,,,,,,,,,,,,,,,,,,,,,,,,,,,,,,,,,,,,,,,,,,,,,,,,,,,,,,,,,,,,,,,,,,,,,,,,,,,,,,,
,,,,,,,,,,,,,,,,,,,,,,,,,,,,,,,,,,,,,,,,,,,,,,,,,,,,,,,,,,,,,,,,,,,,,,,,,,,,,,,,,,,,,,,,,,,,,,,,,,,,,,,,,,,,,,,,,,,,,,,,,,,,,,,,,,,,,,,,,,,,,,,,,,,,,,,,,,,,,,,,,,,,,,,,,,,,,,,,,,,,,,,,,,,,,,,,,,,,,,,,,,,,,,,,,,,,,,,,,,,,,,,,,,,,,,,,,,,,,,,,,,,,,,,,,,,,,,,,,,,,,,,,,,,,,,,,,,,,,,,,,,,,,,,,,,,,,,,,,,,,,,,,,,,,,,,,,,,,,,,,,,,,,,,,,,,,,,,,,,,,,,,,,,,,,,,,,,,,,,,,,,,,,,,,,,,,,,,,,,,,,,,,,,,,,,,,,,,,,,,,,,,,,,,,,,,,,,,,,,,,,,,,,,,,,,,,,,,,,,,,,,,,,,,,,,,,,,,,,,,,,,,,,,,,,,,,,,,,,,,,,,,,,,,,,,,,,,,,,,,,,,,,,,,,,,,,,,,,,,,,,,,,,,,,,,,,,
,,,,,,,,,,,,,,,,,,,,,,,,,,,,,,,,,,,,,,,,,,,,,,,,,,,,,,,,,,,,,,,,,,,,,,,,,,,,,,,,,,,,,,,,,,,,,,,,,,,,,,,,,,,,,,,,,,,,,,,,,,,,,,,,,,,,,,,,,,,,,,,,,,,,,,,,,,,,,,,,,,,,,,,,,,,,,,,,,,,,,,,,,,,,,,,,,,,,,,,,,,,,,,,,,,,,,,,,,,,,,,,,,,,,,,,,,,,,,,,,,,,,,,,,,,,,,,,,,,,,,,,,,,,,,,,,,,,,,,,,,,,,,,,,,,,,,,,,,,,,,,,,,,,,,,,,,,,,,,,,,,,,,,,,,,,,,,,,,,,,,,,,,,,,,,,,,,,,,,,,,,,,,,,,,,,,,,,,,,,,,,,,,,,,,,,,,,,,,,,,,,,,,,,,,,,,,,,,,,,,,,,,,,,,,,,,,,,,,,,,,,,,,,,,,,,,,,,,,,,,,,,,,,,,,,,,,,,,,,,,,,,,,,,,,,,,,,,,,,,,,,,,,,,,,,,,,,,,,,,,,,,,,,,,,,,,,
,,,,,,,,,,,,,,,,,,,,,,,,,,,,,,,,,,,,,,,,,,,,,,,,,,,,,,,,,,,,,,,,,,,,,,,,,,,,,,,,,,,,,,,,,,,,,,,,,,,,,,,,,,,,,,,,,,,,,,,,,,,,,,,,,,,,,,,,,,,,,,,,,,,,,,,,,,,,,,,,,,,,,,,,,,,,,,,,,,,,,,,,,,,,,,,,,,,,,,,,,,,,,,,,,,,,,,,,,,,,,,,,,,,,,,,,,,,,,,,,,,,,,,,,,,,,,,,,,,,,,,,,,,,,,,,,,,,,,,,,,,,,,,,,,,,,,,,,,,,,,,,,,,,,,,,,,,,,,,,,,,,,,,,,,,,,,,,,,,,,,,,,,,,,,,,,,,,,,,,,,,,,,,,,,,,,,,,,,,,,,,,,,,,,,,,,,,,,,,,,,,,,,,,,,,,,,,,,,,,,,,,,,,,,,,,,,,,,,,,,,,,,,,,,,,,,,,,,,,,,,,,,,,,,,,,,,,,,,,,,,,,,,,,,,,,,,,,,,,,,,,,,,,,,,,,,,,,,,,,,,,,,,,,,,,,,,
,,,,,,,,,,,,,,,,,,,,,,,,,,,,,,,,,,,,,,,,,,,,,,,,,,,,,,,,,,,,,,,,,,,,,,,,,,,,,,,,,,,,,,,,,,,,,,,,,,,,,,,,,,,,,,,,,,,,,,,,,,,,,,,,,,,,,,,,,,,,,,,,,,,,,,,,,,,,,,,,,,,,,,,,,,,,,,,,,,,,,,,,,,,,,,,,,,,,,,,,,,,,,,,,,,,,,,,,,,,,,,,,,,,,,,,,,,,,,,,,,,,,,,,,,,,,,,,,,,,,,,,,,,,,,,,,,,,,,,,,,,,,,,,,,,,,,,,,,,,,,,,,,,,,,,,,,,,,,,,,,,,,,,,,,,,,,,,,,,,,,,,,,,,,,,,,,,,,,,,,,,,,,,,,,,,,,,,,,,,,,,,,,,,,,,,,,,,,,,,,,,,,,,,,,,,,,,,,,,,,,,,,,,,,,,,,,,,,,,,,,,,,,,,,,,,,,,,,,,,,,,,,,,,,,,,,,,,,,,,,,,,,,,,,,,,,,,,,,,,,,,,,,,,,,,,,,,,,,,,,,,,,,,,,,,,,,
,,,,,,,,,,,,,,,,,,,,,,,,,,,,,,,,,,,,,,,,,,,,,,,,,,,,,,,,,,,,,,,,,,,,,,,,,,,,,,,,,,,,,,,,,,,,,,,,,,,,,,,,,,,,,,,,,,,,,,,,,,,,,,,,,,,,,,,,,,,,,,,,,,,,,,,,,,,,,,,,,,,,,,,,,,,,,,,,,,,,,,,,,,,,,,,,,,,,,,,,,,,,,,,,,,,,,,,,,,,,,,,,,,,,,,,,,,,,,,,,,,,,,,,,,,,,,,,,,,,,,,,,,,,,,,,,,,,,,,,,,,,,,,,,,,,,,,,,,,,,,,,,,,,,,,,,,,,,,,,,,,,,,,,,,,,,,,,,,,,,,,,,,,,,,,,,,,,,,,,,,,,,,,,,,,,,,,,,,,,,,,,,,,,,,,,,,,,,,,,,,,,,,,,,,,,,,,,,,,,,,,,,,,,,,,,,,,,,,,,,,,,,,,,,,,,,,,,,,,,,,,,,,,,,,,,,,,,,,,,,,,,,,,,,,,,,,,,,,,,,,,,,,,,,,,,,,,,,,,,,,,,,,,,,,,,,,
,,,,,,,,,,,,,,,,,,,,,,,,,,,,,,,,,,,,,,,,,,,,,,,,,,,,,,,,,,,,,,,,,,,,,,,,,,,,,,,,,,,,,,,,,,,,,,,,,,,,,,,,,,,,,,,,,,,,,,,,,,,,,,,,,,,,,,,,,,,,,,,,,,,,,,,,,,,,,,,,,,,,,,,,,,,,,,,,,,,,,,,,,,,,,,,,,,,,,,,,,,,,,,,,,,,,,,,,,,,,,,,,,,,,,,,,,,,,,,,,,,,,,,,,,,,,,,,,,,,,,,,,,,,,,,,,,,,,,,,,,,,,,,,,,,,,,,,,,,,,,,,,,,,,,,,,,,,,,,,,,,,,,,,,,,,,,,,,,,,,,,,,,,,,,,,,,,,,,,,,,,,,,,,,,,,,,,,,,,,,,,,,,,,,,,,,,,,,,,,,,,,,,,,,,,,,,,,,,,,,,,,,,,,,,,,,,,,,,,,,,,,,,,,,,,,,,,,,,,,,,,,,,,,,,,,,,,,,,,,,,,,,,,,,,,,,,,,,,,,,,,,,,,,,,,,,,,,,,,,,,,,,,,,,,,,,,
,,,,,,,,,,,,,,,,,,,,,,,,,,,,,,,,,,,,,,,,,,,,,,,,,,,,,,,,,,,,,,,,,,,,,,,,,,,,,,,,,,,,,,,,,,,,,,,,,,,,,,,,,,,,,,,,,,,,,,,,,,,,,,,,,,,,,,,,,,,,,,,,,,,,,,,,,,,,,,,,,,,,,,,,,,,,,,,,,,,,,,,,,,,,,,,,,,,,,,,,,,,,,,,,,,,,,,,,,,,,,,,,,,,,,,,,,,,,,,,,,,,,,,,,,,,,,,,,,,,,,,,,,,,,,,,,,,,,,,,,,,,,,,,,,,,,,,,,,,,,,,,,,,,,,,,,,,,,,,,,,,,,,,,,,,,,,,,,,,,,,,,,,,,,,,,,,,,,,,,,,,,,,,,,,,,,,,,,,,,,,,,,,,,,,,,,,,,,,,,,,,,,,,,,,,,,,,,,,,,,,,,,,,,,,,,,,,,,,,,,,,,,,,,,,,,,,,,,,,,,,,,,,,,,,,,,,,,,,,,,,,,,,,,,,,,,,,,,,,,,,,,,,,,,,,,,,,,,,,,,,,,,,,,,,,,,,
,,,,,,,,,,,,,,,,,,,,,,,,,,,,,,,,,,,,,,,,,,,,,,,,,,,,,,,,,,,,,,,,,,,,,,,,,,,,,,,,,,,,,,,,,,,,,,,,,,,,,,,,,,,,,,,,,,,,,,,,,,,,,,,,,,,,,,,,,,,,,,,,,,,,,,,,,,,,,,,,,,,,,,,,,,,,,,,,,,,,,,,,,,,,,,,,,,,,,,,,,,,,,,,,,,,,,,,,,,,,,,,,,,,,,,,,,,,,,,,,,,,,,,,,,,,,,,,,,,,,,,,,,,,,,,,,,,,,,,,,,,,,,,,,,,,,,,,,,,,,,,,,,,,,,,,,,,,,,,,,,,,,,,,,,,,,,,,,,,,,,,,,,,,,,,,,,,,,,,,,,,,,,,,,,,,,,,,,,,,,,,,,,,,,,,,,,,,,,,,,,,,,,,,,,,,,,,,,,,,,,,,,,,,,,,,,,,,,,,,,,,,,,,,,,,,,,,,,,,,,,,,,,,,,,,,,,,,,,,,,,,,,,,,,,,,,,,,,,,,,,,,,,,,,,,,,,,,,,,,,,,,,,,,,,,,,,
,,,,,,,,,,,,,,,,,,,,,,,,,,,,,,,,,,,,,,,,,,,,,,,,,,,,,,,,,,,,,,,,,,,,,,,,,,,,,,,,,,,,,,,,,,,,,,,,,,,,,,,,,,,,,,,,,,,,,,,,,,,,,,,,,,,,,,,,,,,,,,,,,,,,,,,,,,,,,,,,,,,,,,,,,,,,,,,,,,,,,,,,,,,,,,,,,,,,,,,,,,,,,,,,,,,,,,,,,,,,,,,,,,,,,,,,,,,,,,,,,,,,,,,,,,,,,,,,,,,,,,,,,,,,,,,,,,,,,,,,,,,,,,,,,,,,,,,,,,,,,,,,,,,,,,,,,,,,,,,,,,,,,,,,,,,,,,,,,,,,,,,,,,,,,,,,,,,,,,,,,,,,,,,,,,,,,,,,,,,,,,,,,,,,,,,,,,,,,,,,,,,,,,,,,,,,,,,,,,,,,,,,,,,,,,,,,,,,,,,,,,,,,,,,,,,,,,,,,,,,,,,,,,,,,,,,,,,,,,,,,,,,,,,,,,,,,,,,,,,,,,,,,,,,,,,,,,,,,,,,,,,,,,,,,,,,,
,,,,,,,,,,,,,,,,,,,,,,,,,,,,,,,,,,,,,,,,,,,,,,,,,,,,,,,,,,,,,,,,,,,,,,,,,,,,,,,,,,,,,,,,,,,,,,,,,,,,,,,,,,,,,,,,,,,,,,,,,,,,,,,,,,,,,,,,,,,,,,,,,,,,,,,,,,,,,,,,,,,,,,,,,,,,,,,,,,,,,,,,,,,,,,,,,,,,,,,,,,,,,,,,,,,,,,,,,,,,,,,,,,,,,,,,,,,,,,,,,,,,,,,,,,,,,,,,,,,,,,,,,,,,,,,,,,,,,,,,,,,,,,,,,,,,,,,,,,,,,,,,,,,,,,,,,,,,,,,,,,,,,,,,,,,,,,,,,,,,,,,,,,,,,,,,,,,,,,,,,,,,,,,,,,,,,,,,,,,,,,,,,,,,,,,,,,,,,,,,,,,,,,,,,,,,,,,,,,,,,,,,,,,,,,,,,,,,,,,,,,,,,,,,,,,,,,,,,,,,,,,,,,,,,,,,,,,,,,,,,,,,,,,,,,,,,,,,,,,,,,,,,,,,,,,,,,,,,,,,,,,,,,,,,,,,,
,,,,,,,,,,,,,,,,,,,,,,,,,,,,,,,,,,,,,,,,,,,,,,,,,,,,,,,,,,,,,,,,,,,,,,,,,,,,,,,,,,,,,,,,,,,,,,,,,,,,,,,,,,,,,,,,,,,,,,,,,,,,,,,,,,,,,,,,,,,,,,,,,,,,,,,,,,,,,,,,,,,,,,,,,,,,,,,,,,,,,,,,,,,,,,,,,,,,,,,,,,,,,,,,,,,,,,,,,,,,,,,,,,,,,,,,,,,,,,,,,,,,,,,,,,,,,,,,,,,,,,,,,,,,,,,,,,,,,,,,,,,,,,,,,,,,,,,,,,,,,,,,,,,,,,,,,,,,,,,,,,,,,,,,,,,,,,,,,,,,,,,,,,,,,,,,,,,,,,,,,,,,,,,,,,,,,,,,,,,,,,,,,,,,,,,,,,,,,,,,,,,,,,,,,,,,,,,,,,,,,,,,,,,,,,,,,,,,,,,,,,,,,,,,,,,,,,,,,,,,,,,,,,,,,,,,,,,,,,,,,,,,,,,,,,,,,,,,,,,,,,,,,,,,,,,,,,,,,,,,,,,,,,,,,,,,,
,,,,,,,,,,,,,,,,,,,,,,,,,,,,,,,,,,,,,,,,,,,,,,,,,,,,,,,,,,,,,,,,,,,,,,,,,,,,,,,,,,,,,,,,,,,,,,,,,,,,,,,,,,,,,,,,,,,,,,,,,,,,,,,,,,,,,,,,,,,,,,,,,,,,,,,,,,,,,,,,,,,,,,,,,,,,,,,,,,,,,,,,,,,,,,,,,,,,,,,,,,,,,,,,,,,,,,,,,,,,,,,,,,,,,,,,,,,,,,,,,,,,,,,,,,,,,,,,,,,,,,,,,,,,,,,,,,,,,,,,,,,,,,,,,,,,,,,,,,,,,,,,,,,,,,,,,,,,,,,,,,,,,,,,,,,,,,,,,,,,,,,,,,,,,,,,,,,,,,,,,,,,,,,,,,,,,,,,,,,,,,,,,,,,,,,,,,,,,,,,,,,,,,,,,,,,,,,,,,,,,,,,,,,,,,,,,,,,,,,,,,,,,,,,,,,,,,,,,,,,,,,,,,,,,,,,,,,,,,,,,,,,,,,,,,,,,,,,,,,,,,,,,,,,,,,,,,,,,,,,,,,,,,,,,,,,,
,,,,,,,,,,,,,,,,,,,,,,,,,,,,,,,,,,,,,,,,,,,,,,,,,,,,,,,,,,,,,,,,,,,,,,,,,,,,,,,,,,,,,,,,,,,,,,,,,,,,,,,,,,,,,,,,,,,,,,,,,,,,,,,,,,,,,,,,,,,,,,,,,,,,,,,,,,,,,,,,,,,,,,,,,,,,,,,,,,,,,,,,,,,,,,,,,,,,,,,,,,,,,,,,,,,,,,,,,,,,,,,,,,,,,,,,,,,,,,,,,,,,,,,,,,,,,,,,,,,,,,,,,,,,,,,,,,,,,,,,,,,,,,,,,,,,,,,,,,,,,,,,,,,,,,,,,,,,,,,,,,,,,,,,,,,,,,,,,,,,,,,,,,,,,,,,,,,,,,,,,,,,,,,,,,,,,,,,,,,,,,,,,,,,,,,,,,,,,,,,,,,,,,,,,,,,,,,,,,,,,,,,,,,,,,,,,,,,,,,,,,,,,,,,,,,,,,,,,,,,,,,,,,,,,,,,,,,,,,,,,,,,,,,,,,,,,,,,,,,,,,,,,,,,,,,,,,,,,,,,,,,,,,,,,,,,,
,,,,,,,,,,,,,,,,,,,,,,,,,,,,,,,,,,,,,,,,,,,,,,,,,,,,,,,,,,,,,,,,,,,,,,,,,,,,,,,,,,,,,,,,,,,,,,,,,,,,,,,,,,,,,,,,,,,,,,,,,,,,,,,,,,,,,,,,,,,,,,,,,,,,,,,,,,,,,,,,,,,,,,,,,,,,,,,,,,,,,,,,,,,,,,,,,,,,,,,,,,,,,,,,,,,,,,,,,,,,,,,,,,,,,,,,,,,,,,,,,,,,,,,,,,,,,,,,,,,,,,,,,,,,,,,,,,,,,,,,,,,,,,,,,,,,,,,,,,,,,,,,,,,,,,,,,,,,,,,,,,,,,,,,,,,,,,,,,,,,,,,,,,,,,,,,,,,,,,,,,,,,,,,,,,,,,,,,,,,,,,,,,,,,,,,,,,,,,,,,,,,,,,,,,,,,,,,,,,,,,,,,,,,,,,,,,,,,,,,,,,,,,,,,,,,,,,,,,,,,,,,,,,,,,,,,,,,,,,,,,,,,,,,,,,,,,,,,,,,,,,,,,,,,,,,,,,,,,,,,,,,,,,,,,,,,,
,,,,,,,,,,,,,,,,,,,,,,,,,,,,,,,,,,,,,,,,,,,,,,,,,,,,,,,,,,,,,,,,,,,,,,,,,,,,,,,,,,,,,,,,,,,,,,,,,,,,,,,,,,,,,,,,,,,,,,,,,,,,,,,,,,,,,,,,,,,,,,,,,,,,,,,,,,,,,,,,,,,,,,,,,,,,,,,,,,,,,,,,,,,,,,,,,,,,,,,,,,,,,,,,,,,,,,,,,,,,,,,,,,,,,,,,,,,,,,,,,,,,,,,,,,,,,,,,,,,,,,,,,,,,,,,,,,,,,,,,,,,,,,,,,,,,,,,,,,,,,,,,,,,,,,,,,,,,,,,,,,,,,,,,,,,,,,,,,,,,,,,,,,,,,,,,,,,,,,,,,,,,,,,,,,,,,,,,,,,,,,,,,,,,,,,,,,,,,,,,,,,,,,,,,,,,,,,,,,,,,,,,,,,,,,,,,,,,,,,,,,,,,,,,,,,,,,,,,,,,,,,,,,,,,,,,,,,,,,,,,,,,,,,,,,,,,,,,,,,,,,,,,,,,,,,,,,,,,,,,,,,,,,,,,,,,,
,,,,,,,,,,,,,,,,,,,,,,,,,,,,,,,,,,,,,,,,,,,,,,,,,,,,,,,,,,,,,,,,,,,,,,,,,,,,,,,,,,,,,,,,,,,,,,,,,,,,,,,,,,,,,,,,,,,,,,,,,,,,,,,,,,,,,,,,,,,,,,,,,,,,,,,,,,,,,,,,,,,,,,,,,,,,,,,,,,,,,,,,,,,,,,,,,,,,,,,,,,,,,,,,,,,,,,,,,,,,,,,,,,,,,,,,,,,,,,,,,,,,,,,,,,,,,,,,,,,,,,,,,,,,,,,,,,,,,,,,,,,,,,,,,,,,,,,,,,,,,,,,,,,,,,,,,,,,,,,,,,,,,,,,,,,,,,,,,,,,,,,,,,,,,,,,,,,,,,,,,,,,,,,,,,,,,,,,,,,,,,,,,,,,,,,,,,,,,,,,,,,,,,,,,,,,,,,,,,,,,,,,,,,,,,,,,,,,,,,,,,,,,,,,,,,,,,,,,,,,,,,,,,,,,,,,,,,,,,,,,,,,,,,,,,,,,,,,,,,,,,,,,,,,,,,,,,,,,,,,,,,,,,,,,,,,,
,,,,,,,,,,,,,,,,,,,,,,,,,,,,,,,,,,,,,,,,,,,,,,,,,,,,,,,,,,,,,,,,,,,,,,,,,,,,,,,,,,,,,,,,,,,,,,,,,,,,,,,,,,,,,,,,,,,,,,,,,,,,,,,,,,,,,,,,,,,,,,,,,,,,,,,,,,,,,,,,,,,,,,,,,,,,,,,,,,,,,,,,,,,,,,,,,,,,,,,,,,,,,,,,,,,,,,,,,,,,,,,,,,,,,,,,,,,,,,,,,,,,,,,,,,,,,,,,,,,,,,,,,,,,,,,,,,,,,,,,,,,,,,,,,,,,,,,,,,,,,,,,,,,,,,,,,,,,,,,,,,,,,,,,,,,,,,,,,,,,,,,,,,,,,,,,,,,,,,,,,,,,,,,,,,,,,,,,,,,,,,,,,,,,,,,,,,,,,,,,,,,,,,,,,,,,,,,,,,,,,,,,,,,,,,,,,,,,,,,,,,,,,,,,,,,,,,,,,,,,,,,,,,,,,,,,,,,,,,,,,,,,,,,,,,,,,,,,,,,,,,,,,,,,,,,,,,,,,,,,,,,,,,,,,,,,,
,,,,,,,,,,,,,,,,,,,,,,,,,,,,,,,,,,,,,,,,,,,,,,,,,,,,,,,,,,,,,,,,,,,,,,,,,,,,,,,,,,,,,,,,,,,,,,,,,,,,,,,,,,,,,,,,,,,,,,,,,,,,,,,,,,,,,,,,,,,,,,,,,,,,,,,,,,,,,,,,,,,,,,,,,,,,,,,,,,,,,,,,,,,,,,,,,,,,,,,,,,,,,,,,,,,,,,,,,,,,,,,,,,,,,,,,,,,,,,,,,,,,,,,,,,,,,,,,,,,,,,,,,,,,,,,,,,,,,,,,,,,,,,,,,,,,,,,,,,,,,,,,,,,,,,,,,,,,,,,,,,,,,,,,,,,,,,,,,,,,,,,,,,,,,,,,,,,,,,,,,,,,,,,,,,,,,,,,,,,,,,,,,,,,,,,,,,,,,,,,,,,,,,,,,,,,,,,,,,,,,,,,,,,,,,,,,,,,,,,,,,,,,,,,,,,,,,,,,,,,,,,,,,,,,,,,,,,,,,,,,,,,,,,,,,,,,,,,,,,,,,,,,,,,,,,,,,,,,,,,,,,,,,,,,,,,,
