,days,len_day,Period_T,R,length_macroperiod,length_microperiod_energy,J,n_scenario,"D(0, 0)","D(0, 1)","D(0, 2)","D(0, 3)","D(0, 4)","D(0, 5)","D(0, 6)","D(0, 7)","D(0, 8)","D(0, 9)","D(0, 10)","D(0, 11)","D(0, 12)","D(0, 13)","D(0, 14)","D(0, 15)","D(0, 16)","D(0, 17)","D(0, 18)","D(0, 19)","D(0, 20)","D(0, 21)","D(0, 22)","D(0, 23)","D(0, 24)","D(0, 25)","D(0, 26)","D(0, 27)","D(0, 28)","D(0, 29)","D(0, 30)","D(0, 31)","D(0, 32)","D(0, 33)","D(0, 34)","D(0, 35)","D(0, 36)","D(0, 37)","D(0, 38)","D(0, 39)","D(0, 40)","D(0, 41)","D(0, 42)","D(0, 43)","D(0, 44)","D(0, 45)","D(0, 46)","D(0, 47)","D(0, 48)","D(0, 49)","D(0, 50)","D(0, 51)","D(0, 52)","D(0, 53)","D(0, 54)","D(0, 55)","D(0, 56)","D(0, 57)","D(0, 58)","D(0, 59)","D(0, 60)","D(0, 61)","D(0, 62)","D(0, 63)","D(0, 64)","D(0, 65)","D(0, 66)","D(0, 67)","D(0, 68)","D(0, 69)","D(0, 70)","D(0, 71)","D(0, 72)","D(0, 73)","D(0, 74)","D(0, 75)","D(0, 76)","D(0, 77)","D(0, 78)","D(0, 79)","D(0, 80)","D(0, 81)","D(0, 82)","D(0, 83)","D(0, 84)","D(0, 85)","D(0, 86)","D(0, 87)","D(0, 88)","D(0, 89)","D(0, 90)","D(0, 91)","D(0, 92)","D(0, 93)","D(0, 94)","D(0, 95)","D(0, 96)","D(0, 97)","D(0, 98)","D(0, 99)","D(1, 0)","D(1, 1)","D(1, 2)","D(1, 3)","D(1, 4)","D(1, 5)","D(1, 6)","D(1, 7)","D(1, 8)","D(1, 9)","D(1, 10)","D(1, 11)","D(1, 12)","D(1, 13)","D(1, 14)","D(1, 15)","D(1, 16)","D(1, 17)","D(1, 18)","D(1, 19)","D(1, 20)","D(1, 21)","D(1, 22)","D(1, 23)","D(1, 24)","D(1, 25)","D(1, 26)","D(1, 27)","D(1, 28)","D(1, 29)","D(1, 30)","D(1, 31)","D(1, 32)","D(1, 33)","D(1, 34)","D(1, 35)","D(1, 36)","D(1, 37)","D(1, 38)","D(1, 39)","D(1, 40)","D(1, 41)","D(1, 42)","D(1, 43)","D(1, 44)","D(1, 45)","D(1, 46)","D(1, 47)","D(1, 48)","D(1, 49)","D(1, 50)","D(1, 51)","D(1, 52)","D(1, 53)","D(1, 54)","D(1, 55)","D(1, 56)","D(1, 57)","D(1, 58)","D(1, 59)","D(1, 60)","D(1, 61)","D(1, 62)","D(1, 63)","D(1, 64)","D(1, 65)","D(1, 66)","D(1, 67)","D(1, 68)","D(1, 69)","D(1, 70)","D(1, 71)","D(1, 72)","D(1, 73)","D(1, 74)","D(1, 75)","D(1, 76)","D(1, 77)","D(1, 78)","D(1, 79)","D(1, 80)","D(1, 81)","D(1, 82)","D(1, 83)","D(1, 84)","D(1, 85)","D(1, 86)","D(1, 87)","D(1, 88)","D(1, 89)","D(1, 90)","D(1, 91)","D(1, 92)","D(1, 93)","D(1, 94)","D(1, 95)","D(1, 96)","D(1, 97)","D(1, 98)","D(1, 99)","D(2, 0)","D(2, 1)","D(2, 2)","D(2, 3)","D(2, 4)","D(2, 5)","D(2, 6)","D(2, 7)","D(2, 8)","D(2, 9)","D(2, 10)","D(2, 11)","D(2, 12)","D(2, 13)","D(2, 14)","D(2, 15)","D(2, 16)","D(2, 17)","D(2, 18)","D(2, 19)","D(2, 20)","D(2, 21)","D(2, 22)","D(2, 23)","D(2, 24)","D(2, 25)","D(2, 26)","D(2, 27)","D(2, 28)","D(2, 29)","D(2, 30)","D(2, 31)","D(2, 32)","D(2, 33)","D(2, 34)","D(2, 35)","D(2, 36)","D(2, 37)","D(2, 38)","D(2, 39)","D(2, 40)","D(2, 41)","D(2, 42)","D(2, 43)","D(2, 44)","D(2, 45)","D(2, 46)","D(2, 47)","D(2, 48)","D(2, 49)","D(2, 50)","D(2, 51)","D(2, 52)","D(2, 53)","D(2, 54)","D(2, 55)","D(2, 56)","D(2, 57)","D(2, 58)","D(2, 59)","D(2, 60)","D(2, 61)","D(2, 62)","D(2, 63)","D(2, 64)","D(2, 65)","D(2, 66)","D(2, 67)","D(2, 68)","D(2, 69)","D(2, 70)","D(2, 71)","D(2, 72)","D(2, 73)","D(2, 74)","D(2, 75)","D(2, 76)","D(2, 77)","D(2, 78)","D(2, 79)","D(2, 80)","D(2, 81)","D(2, 82)","D(2, 83)","D(2, 84)","D(2, 85)","D(2, 86)","D(2, 87)","D(2, 88)","D(2, 89)","D(2, 90)","D(2, 91)","D(2, 92)","D(2, 93)","D(2, 94)","D(2, 95)","D(2, 96)","D(2, 97)","D(2, 98)","D(2, 99)",startup_cost,startup_time,initial_stock,capacity_unit,holding_cost,energy_startup,energy_product,scenario0,scenario1,scenario2,scenario3,scenario4,scenario5,scenario6,scenario7,scenario8,scenario9,scenario10,scenario11,scenario12,scenario13,scenario14,scenario15,scenario16,scenario17,scenario18,scenario19,scenario20,scenario21,scenario22,scenario23,scenario24,scenario25,scenario26,scenario27,scenario28,scenario29,scenario30,scenario31,scenario32,scenario33,scenario34,scenario35,scenario36,scenario37,scenario38,scenario39,scenario40,scenario41,scenario42,scenario43,scenario44,scenario45,scenario46,scenario47,scenario48,scenario49,scenario50,scenario51,scenario52,scenario53,scenario54,scenario55,scenario56,scenario57,scenario58,scenario59,scenario60,scenario61,scenario62,scenario63,scenario64,scenario65,scenario66,scenario67,scenario68,scenario69,scenario70,scenario71,scenario72,scenario73,scenario74,scenario75,scenario76,scenario77,scenario78,scenario79,scenario80,scenario81,scenario82,scenario83,scenario84,scenario85,scenario86,scenario87,scenario88,scenario89,scenario90,scenario91,scenario92,scenario93,scenario94,scenario95,scenario96,scenario97,scenario98,scenario99,battery_cap,charge_lim,discharge_lim,charge_efficiency,discharge_efficiency,trans_efficiency,energy_purchase_price,energy_offer_price
0,4.0,16.0,8.0,64.0,480.0,60.0,3.0,100.0,2229.0,2444.0,1616.0,1408.0,1175.0,1647.0,2685.0,2137.0,682.0,936.0,1099.0,2691.0,2411.0,2143.0,2332.0,793.0,1551.0,1851.0,2235.0,2100.0,1950.0,1442.0,1959.0,2660.0,1638.0,1224.0,1685.0,2465.0,2153.0,2066.0,1913.0,2655.0,1759.0,2272.0,1938.0,2176.0,1664.0,1575.0,952.0,1465.0,2148.0,2652.0,1681.0,1843.0,1727.0,2013.0,1927.0,1249.0,1822.0,2303.0,2444.0,1512.0,3182.0,1165.0,1794.0,3159.0,1813.0,1730.0,2109.0,1480.0,2261.0,2897.0,2520.0,2196.0,1838.0,2413.0,2139.0,2355.0,2741.0,1689.0,1873.0,1859.0,2366.0,2291.0,1018.0,1067.0,1583.0,1878.0,2079.0,2266.0,2538.0,1851.0,1666.0,2333.0,2160.0,1552.0,2114.0,1375.0,1461.0,2575.0,1768.0,2514.0,1689.0,2233.0,1981.0,2218.0,1950.0,1425.0,2508.0,1027.0,1916.0,2470.0,1862.0,2381.0,1424.0,1251.0,2038.0,1298.0,2274.0,2765.0,2320.0,2308.0,1802.0,1461.0,2246.0,1955.0,1561.0,1987.0,1581.0,3119.0,2112.0,1858.0,2609.0,2307.0,1615.0,2242.0,1446.0,1150.0,2011.0,2068.0,2060.0,1431.0,2127.0,1430.0,2300.0,2035.0,1768.0,2448.0,2840.0,1795.0,3101.0,1855.0,1456.0,1642.0,1245.0,1527.0,2278.0,2151.0,1354.0,2316.0,2189.0,2655.0,2359.0,1619.0,2075.0,1972.0,2654.0,1859.0,1612.0,1876.0,2078.0,2040.0,1609.0,2487.0,1661.0,1910.0,1349.0,1451.0,1380.0,1661.0,1583.0,1567.0,1455.0,1685.0,1349.0,3276.0,1874.0,2074.0,2385.0,1583.0,1059.0,1497.0,1071.0,2016.0,1956.0,2751.0,2146.0,2091.0,1837.0,2277.0,2208.0,2726.0,1503.0,793.0,2366.0,2270.0,1377.0,1136.0,1863.0,1371.0,1912.0,2001.0,1381.0,1468.0,2321.0,2139.0,2836.0,2041.0,1454.0,2152.0,1778.0,1458.0,1485.0,1271.0,1741.0,2530.0,2438.0,1862.0,2071.0,1336.0,2326.0,2095.0,2389.0,1808.0,1887.0,1831.0,1698.0,1841.0,741.0,2173.0,2623.0,1487.0,1468.0,2140.0,1643.0,1514.0,1557.0,1446.0,1361.0,2087.0,2518.0,1662.0,2298.0,2222.0,2279.0,1838.0,1549.0,1559.0,2163.0,1843.0,2434.0,1096.0,2316.0,2400.0,1817.0,2166.0,1403.0,1989.0,1282.0,845.0,1998.0,1963.0,2270.0,2785.0,2601.0,2710.0,1315.0,754.0,1469.0,1430.0,2122.0,2643.0,2275.0,2236.0,1512.0,883.0,1479.0,1792.0,2443.0,2061.0,2257.0,2580.0,2012.0,1870.0,2089.0,1540.0,1840.0,2514.0,3260.0,1519.0,1573.0,1393.0,2782.0,1916.0,1222.0,2375.0,1602.0,2153.0,1964.0,1033.0,200.0,60.0,1964.0,0.05,0.05,10.0,0.05,0.0,1.3144242343735522,1.0128691516419601,0.13010688865796372,0.43414401199543595,0.0,2.556774578995939,0.07870947101808812,1.8244163398194793,1.5334706143161836,0.3188094709604812,1.1596158207300484,0.6659548816098064,0.8156170626787717,1.4495750841081467,0.3729919407307767,1.6113853527232909,1.546742993892475,0.6955635270079352,1.7326889098133647,0.7785207170670982,2.572841428879685,0.5571785986325009,1.9926997691810893,1.1304647801705368,0.0,1.156110806963991,1.841344574855651,1.6609299640166724,0.8703956841989581,3.0007795258446337,0.43903487170109745,0.0,1.8884844561175735,1.731050523985588,1.5729185195994844,2.4241166489517347,1.2191344407635774,2.573977422815762,1.4676234317911823,1.8404555920157195,1.8404500683674834,1.2957850520601555,1.6319495743022217,1.3892314669465697,1.7027160433612278,0.7322649509491262,0.10010724773707003,1.260231719848261,0.9564117637604536,1.458666595230708,0.0,0.817078989919857,0.0,0.927325814341704,1.0290930483824823,0.10075422619183705,2.4877071958098886,0.4451197725654271,0.0,1.5635139602563197,1.4835587486958108,0.0,0.679581629751796,1.1270558992776862,0.23333124763933377,1.2695415297003605,1.134933773992231,0.9989633327202202,1.954673220639212,0.5114681247631809,0.7697953058188762,1.1421381403796462,0.9198610010278576,0.9187997078598009,0.8511650489689009,1.0285920441797765,2.326851448524055,1.3331359734861985,1.3494785186869211,0.0,1.6241403054612435,2.3999795690965073,1.0032028160696653,1.6741198678358549,1.3721761831815533,1.0374960690043662,0.9800938449885941,0.0,0.0,0.0,1.5805770114423963,1.2821565168508862,1.0850645451859018,0.5478501717857925,1.1268849401559384,0.9531515948125245,0.0,1.0459678298385413,1.3993241137931447,100.0,250.0,250.0,0.95,0.95,0.95,4.8,4.779
1,,,,,,,,,2274.0,2363.0,1615.0,2478.0,3036.0,1929.0,1414.0,1484.0,2456.0,2857.0,975.0,1992.0,2112.0,1293.0,2734.0,2158.0,664.0,2896.0,1951.0,2639.0,1658.0,1969.0,1682.0,1344.0,1999.0,1899.0,2336.0,2773.0,732.0,2149.0,1835.0,1956.0,2050.0,1905.0,1379.0,1732.0,2087.0,2036.0,2037.0,1763.0,2160.0,2344.0,1372.0,1834.0,2594.0,2152.0,1448.0,1493.0,2030.0,2808.0,1038.0,1654.0,2057.0,2947.0,2280.0,2413.0,1913.0,1784.0,1563.0,1969.0,882.0,1342.0,1304.0,1961.0,1136.0,1733.0,1637.0,2686.0,2295.0,2483.0,1913.0,3096.0,2034.0,1977.0,1937.0,1894.0,1235.0,2435.0,1103.0,2053.0,2156.0,2155.0,2479.0,1797.0,2550.0,1081.0,1672.0,2105.0,3046.0,2044.0,2452.0,2801.0,1288.0,1592.0,2536.0,1952.0,1638.0,1960.0,1120.0,1991.0,1999.0,1562.0,1096.0,1527.0,2604.0,1661.0,2518.0,2039.0,1954.0,2579.0,2642.0,2005.0,954.0,1959.0,2475.0,2201.0,2216.0,1898.0,1727.0,2084.0,2148.0,1704.0,2265.0,2560.0,3021.0,1177.0,2231.0,1676.0,1310.0,1788.0,2687.0,2168.0,2494.0,1359.0,1377.0,1814.0,823.0,1627.0,2306.0,2099.0,2534.0,1481.0,1958.0,1395.0,2016.0,1499.0,2402.0,2845.0,2194.0,1658.0,2562.0,2330.0,1714.0,1671.0,2154.0,604.0,1725.0,1187.0,822.0,2901.0,2290.0,2518.0,1647.0,2529.0,1465.0,870.0,854.0,2088.0,2254.0,1136.0,2383.0,1623.0,1983.0,2181.0,2526.0,2150.0,1771.0,2146.0,833.0,2160.0,1544.0,1797.0,1473.0,2218.0,2081.0,1329.0,2353.0,1546.0,1045.0,1828.0,1364.0,1527.0,1730.0,2236.0,1545.0,3067.0,1633.0,1670.0,2343.0,2330.0,1947.0,1976.0,1874.0,2078.0,1584.0,2348.0,1881.0,1337.0,2570.0,2470.0,2291.0,2145.0,1786.0,2326.0,2455.0,2871.0,1917.0,1675.0,825.0,2342.0,1843.0,2038.0,1895.0,1244.0,887.0,2010.0,1774.0,1608.0,1548.0,1697.0,3067.0,2190.0,1996.0,2273.0,1439.0,2006.0,1794.0,2319.0,1871.0,1905.0,2396.0,2425.0,2031.0,1412.0,1957.0,2112.0,1617.0,2273.0,1543.0,1446.0,1835.0,2547.0,1107.0,2688.0,2516.0,2565.0,1702.0,1213.0,860.0,1482.0,1131.0,2678.0,1198.0,1070.0,1717.0,2088.0,2179.0,1764.0,1796.0,3007.0,1909.0,2122.0,2028.0,1369.0,1268.0,2709.0,2084.0,2257.0,464.0,1962.0,1726.0,1387.0,2117.0,2169.0,1323.0,2507.0,1615.0,1551.0,1819.0,1647.0,1449.0,1034.0,1248.0,2125.0,1872.0,2272.0,923.0,1695.0,914.0,2052.0,200.0,60.0,1544.0,0.05,0.05,10.0,0.13,0.27727925081185933,5.438510953238976,3.6498955265256017,0.5426934108648878,1.9578016802982798,0.11333923312712768,9.918247645446236,0.7262071801398315,6.339769303031623,6.221292865890069,1.7308914587132067,4.72845215500408,3.2872639744363776,3.108954061801824,5.912654282970399,2.3122474913697215,5.255440382402289,5.002037534062705,2.7846711738892926,7.071374623295464,2.918741823300438,8.393051986897166,3.682792647732306,6.662765784707039,4.1937795532324955,0.16105570042209294,4.36309907670535,6.44082713932343,6.120603993730171,3.359959522139998,10.493617636133738,1.8270767476324163,0.539921574029016,7.770559335367584,6.4937321442374545,5.999622483462963,8.264559938761408,5.153325551857682,8.958509556968224,5.921246002381933,7.18078635161027,6.336428213627844,4.487474355592058,6.589892394544609,5.647043431330563,6.242123381520491,3.5587153510193428,0.9933325870488519,6.027270011573653,3.505717566778746,5.530062370790676,0.7144859981855838,3.811747031144562,0.0,2.925486510459515,4.153430999784309,1.5344223463072417,8.466395800438352,1.1977181872413354,0.0,5.888674245251186,6.206172777297786,0.364919227929033,3.4081792340894648,4.515275242629817,1.555884343727393,4.862203509876611,4.503305104515233,3.6091345131645243,6.659208661275422,2.615590811292396,4.089372491168799,4.298374706672505,3.3068270506045745,3.097752303319134,3.9191560267940013,3.6198812239327025,8.782442048946102,5.648333963518641,5.696734008394069,0.024884559495734315,6.140602967716364,8.888724704728375,3.8057400846998255,5.870162334437937,4.9217335095712365,4.6824858486419725,4.234221395583005,0.03391461409574692,0.0,0.0,5.841620457412112,5.228222589978474,3.709711980128715,3.4960870020316026,3.7169093036619123,4.094363135466837,0.28872011277033094,4.419588081631969,5.32500992692553,,,,,,,6.1,6.079
2,,,,,,,,,1318.0,2389.0,1513.0,2400.0,1359.0,2142.0,1824.0,2607.0,2374.0,1666.0,1641.0,2537.0,2186.0,1864.0,1629.0,3227.0,2418.0,1624.0,1633.0,2628.0,1708.0,2284.0,1467.0,2722.0,1955.0,1847.0,1984.0,1261.0,2389.0,2199.0,1090.0,2564.0,1996.0,2531.0,2192.0,1998.0,2259.0,1079.0,2312.0,2541.0,1987.0,2707.0,2057.0,1583.0,867.0,1419.0,2913.0,1848.0,2809.0,1841.0,2365.0,1694.0,1824.0,1772.0,1286.0,2375.0,1972.0,1931.0,2038.0,1056.0,2428.0,974.0,2562.0,1854.0,2053.0,2630.0,1783.0,1641.0,2012.0,1812.0,1753.0,2537.0,1539.0,1465.0,1691.0,2947.0,1572.0,1620.0,1746.0,2595.0,2143.0,1095.0,2144.0,1585.0,2027.0,1018.0,1849.0,1310.0,2256.0,2665.0,1614.0,1839.0,1882.0,1385.0,2902.0,2398.0,2150.0,3105.0,1282.0,1752.0,1407.0,1938.0,1793.0,2517.0,2108.0,1942.0,1958.0,1803.0,2117.0,1359.0,2023.0,2253.0,2068.0,1968.0,1504.0,2219.0,1718.0,2063.0,1796.0,1657.0,1578.0,1700.0,1753.0,2281.0,1443.0,2206.0,2020.0,2020.0,1854.0,1508.0,1575.0,1688.0,2680.0,1875.0,1693.0,1534.0,1928.0,2767.0,2204.0,1134.0,1456.0,1328.0,2688.0,1391.0,2150.0,2016.0,1454.0,2197.0,1385.0,2386.0,1236.0,2121.0,1835.0,1483.0,1932.0,1805.0,1664.0,2830.0,2502.0,1768.0,1716.0,3100.0,1839.0,2092.0,1255.0,1235.0,2750.0,1732.0,1635.0,1953.0,1904.0,2207.0,2170.0,3134.0,1809.0,899.0,1476.0,1986.0,704.0,2375.0,1742.0,2039.0,2042.0,1300.0,1987.0,1180.0,1266.0,1305.0,1714.0,1294.0,1010.0,1994.0,1484.0,2375.0,1365.0,1786.0,2188.0,1466.0,1480.0,1682.0,1551.0,1848.0,1029.0,1342.0,1567.0,1428.0,2461.0,2314.0,1613.0,1636.0,2088.0,2455.0,1305.0,1924.0,2231.0,2489.0,1424.0,2036.0,1985.0,1392.0,1773.0,1284.0,1589.0,2456.0,2168.0,523.0,3003.0,1806.0,1724.0,2148.0,1689.0,1804.0,2292.0,2070.0,2490.0,1356.0,1368.0,1142.0,1769.0,2498.0,1388.0,701.0,2268.0,2660.0,1757.0,1631.0,1636.0,2171.0,2126.0,1367.0,1651.0,2018.0,2477.0,1082.0,2313.0,2049.0,1829.0,1031.0,1973.0,2819.0,1998.0,1960.0,2342.0,1415.0,1713.0,2122.0,2235.0,1987.0,2050.0,1456.0,2836.0,1017.0,2462.0,1076.0,2782.0,1647.0,1019.0,2989.0,1709.0,1728.0,1994.0,1147.0,2311.0,2273.0,2241.0,2395.0,2560.0,2016.0,1821.0,1970.0,1985.0,1611.0,2110.0,1654.0,2171.0,1059.0,1731.0,1182.0,1943.0,2276.0,200.0,60.0,1052.0,0.05,0.05,10.0,0.2,2.4323847634348503,14.258251057608305,6.780560009603398,0.8783195918178666,8.822238277573554,2.4091054387193136,20.706760472658416,2.620012035873842,13.325368025402337,14.528733816824356,5.873267544033576,12.851718517457149,7.765882033476041,8.103550934099587,13.672523981715903,7.598750009032057,13.118738905241948,12.184937213066803,6.697342976338572,17.797718172134335,9.056100300363212,17.598791117676022,9.646727734703246,15.158414677297113,10.269911387546436,1.0838379111663043,10.165404293098469,12.558682807711442,11.61322570921384,7.786796901216074,23.688708494861995,4.5935652985367215,4.0944663049396315,19.123359535931243,13.908045400665445,13.833040686588278,18.263884634828734,12.582128142899105,19.737419648857593,13.89875344687059,16.878008897093583,13.488388089354778,9.737189720751054,15.218299689823125,14.90451849920653,14.618810238457328,8.925634656563771,5.430196888836236,14.580091489801433,9.203616246114427,11.167112134151884,4.057996210897812,9.314218963370577,0.0,6.221915411867771,8.704680876154253,3.9779320957793365,18.954502115589705,5.583133184483509,0.3817522819882879,14.946200982333512,15.140026668232434,0.7724342867357281,9.826886579148177,11.035801881965098,5.94289412075619,12.536963422157367,12.76025884620601,8.736564136989857,15.212082801016283,6.638829872723791,9.800788310705391,11.118191190788536,8.25460809408562,6.549318396168122,10.485002652756917,8.712734194942001,19.606674655539102,15.423949645788134,13.081517322678632,2.1729222074039987,13.973579545386997,20.82284371621465,11.05911465410377,14.817160368638929,10.669201680110145,12.582100338720254,11.54030910352763,1.4938632737564794,0.0,0.0,13.539255297370739,12.416189285547308,9.58900234567556,10.506650684214565,8.850416972658458,9.426684932763013,2.8007143946318545,11.701161983835435,11.875754881387039,,,,,,,6.3,6.279
3,,,,,,,,,2206.0,1400.0,2124.0,2097.0,1109.0,1303.0,1698.0,1749.0,2370.0,1342.0,2598.0,1738.0,1679.0,1425.0,1567.0,2398.0,1511.0,1767.0,2795.0,2486.0,2305.0,1080.0,2725.0,2256.0,1625.0,1750.0,1864.0,1373.0,1396.0,2219.0,1775.0,1265.0,2209.0,2425.0,1905.0,2181.0,2735.0,2293.0,1442.0,1637.0,2140.0,2067.0,2938.0,2782.0,2216.0,2289.0,2735.0,1950.0,2193.0,506.0,895.0,2587.0,2087.0,2605.0,2563.0,1760.0,1999.0,1696.0,1229.0,2064.0,1655.0,2281.0,873.0,1602.0,1416.0,2537.0,1680.0,2301.0,1916.0,1218.0,1967.0,1838.0,1891.0,2393.0,2358.0,1648.0,1603.0,1640.0,1939.0,2100.0,1909.0,2277.0,1384.0,1750.0,1427.0,1616.0,2145.0,2050.0,2133.0,2724.0,2168.0,1312.0,2739.0,2333.0,1664.0,2325.0,1789.0,1554.0,2019.0,1664.0,2007.0,2692.0,1245.0,1862.0,2557.0,2525.0,1885.0,1304.0,1567.0,2613.0,2305.0,1349.0,2078.0,2941.0,2002.0,1604.0,2115.0,1409.0,1467.0,1629.0,1690.0,2154.0,2342.0,2005.0,1795.0,1811.0,2175.0,1575.0,1739.0,1813.0,1087.0,2194.0,1865.0,2853.0,1652.0,2252.0,2249.0,1747.0,1426.0,2248.0,1657.0,2023.0,2208.0,1593.0,1436.0,1550.0,2732.0,2503.0,1833.0,1208.0,2336.0,2287.0,1883.0,1215.0,2688.0,2611.0,1223.0,2284.0,1287.0,2135.0,2202.0,1709.0,1628.0,1377.0,2494.0,2116.0,1824.0,2176.0,1121.0,1900.0,1582.0,1052.0,1723.0,1325.0,2055.0,860.0,2072.0,2540.0,1633.0,1164.0,1846.0,2645.0,2110.0,1513.0,2444.0,1452.0,1796.0,1966.0,1381.0,1103.0,2021.0,1190.0,1872.0,2048.0,2682.0,1140.0,1514.0,742.0,1782.0,1691.0,1789.0,1959.0,2111.0,2492.0,1311.0,2458.0,1617.0,2195.0,2281.0,1510.0,2704.0,985.0,2115.0,2149.0,1238.0,956.0,1948.0,1638.0,2123.0,2661.0,1086.0,2344.0,1536.0,1304.0,2025.0,1787.0,1744.0,2342.0,2583.0,1516.0,2498.0,1962.0,2405.0,1446.0,2245.0,2219.0,1901.0,1536.0,1786.0,1961.0,1472.0,1583.0,3519.0,1811.0,1591.0,1783.0,2479.0,2267.0,2653.0,1582.0,2000.0,1648.0,2225.0,1087.0,1411.0,1404.0,1434.0,2465.0,2815.0,1954.0,1741.0,2068.0,1671.0,1141.0,1038.0,1915.0,1582.0,2372.0,2223.0,2117.0,1770.0,2276.0,1420.0,1947.0,1886.0,2546.0,2079.0,2216.0,2633.0,2589.0,2510.0,1486.0,2147.0,1999.0,1407.0,1804.0,1507.0,2518.0,1895.0,2357.0,2534.0,1942.0,1873.0,2022.0,905.0,489.0,1893.0,1694.0,1664.0,2024.0,,,,,,,,7.523819260925632,27.215487943393125,12.913456017645432,8.750189424430307,16.682686188404034,5.6291668084156905,31.702431921610003,7.947174278490437,23.492001226585014,23.6113949723725,13.115790357429617,21.80314689016261,10.742982338628593,15.12552437143979,23.606434476708053,12.672300228789629,22.905926885826716,18.988573714202463,10.960309222630501,30.888723537107882,18.316428541873652,29.960725212409404,20.014405638669786,27.443231244206082,20.76574757432411,4.757437623602751,16.727285630381125,19.528347344697398,22.799080145435695,14.539531307999265,37.942008078699516,8.808084368457965,9.639387157193534,31.983302625950273,22.511927712163725,26.33869338043484,29.77241588671641,21.939591470158526,30.81361445390585,25.14122708036853,28.95906856130872,22.90115736328262,20.95559063919691,26.03192209658801,26.23689015623466,24.304143994921738,15.507743192516115,14.495724693047004,24.05528313494768,14.365219093815043,22.008102974215646,11.124496138298598,16.365396651660678,1.3874708799212907,13.317900701638003,16.362543335266878,7.640393643049472,33.24200995950756,10.542343073325387,1.4736123714542186,26.431307773338457,28.44999848433974,3.8131523514672594,16.71355888475483,22.707608541217393,11.928037399793421,24.869183429623977,21.32158927273588,15.057555529679666,23.49729220505281,13.804809479251874,19.614503524970146,19.105405983940823,15.726355068185441,11.334881979892709,22.149910253994747,17.160521195220433,33.460719010145525,26.2929551058014,23.497599648755806,8.47624558362027,23.713478975470768,31.584050052863724,21.01588778496606,23.868055343422842,21.851710271503805,21.10256030212968,17.517580370336937,4.364110233760572,0.0,0.0,25.559186943482167,24.084655127766464,19.603619748470773,19.436150399787067,14.038985288057614,16.843752506055672,8.939198199955387,23.423159533111214,21.463554595129622,,,,,,,6.0,5.979
4,,,,,,,,,1774.0,1994.0,1732.0,1886.0,3267.0,1735.0,1795.0,1910.0,1767.0,1509.0,2068.0,1645.0,1981.0,2403.0,2277.0,2704.0,1913.0,1540.0,1834.0,2056.0,2234.0,1355.0,2681.0,674.0,1988.0,2339.0,2458.0,1799.0,1792.0,2496.0,2053.0,1030.0,1776.0,1630.0,1197.0,2441.0,3313.0,1196.0,2440.0,2215.0,2522.0,2158.0,2695.0,2633.0,2604.0,1458.0,1983.0,2064.0,1397.0,1454.0,2431.0,2134.0,1148.0,2537.0,2638.0,1508.0,2086.0,2563.0,2181.0,1703.0,2284.0,1895.0,2157.0,1619.0,2362.0,2354.0,1435.0,1749.0,1667.0,1507.0,1491.0,2520.0,2150.0,2538.0,2057.0,1963.0,1186.0,1253.0,2707.0,2088.0,2277.0,1673.0,1223.0,1821.0,1066.0,1852.0,1921.0,1824.0,1558.0,1981.0,2179.0,2026.0,1930.0,1763.0,1060.0,2346.0,912.0,1959.0,3104.0,2517.0,1819.0,1452.0,1908.0,2029.0,1666.0,1094.0,1694.0,2176.0,2449.0,851.0,1637.0,2266.0,1583.0,1568.0,1636.0,2104.0,2544.0,1542.0,2551.0,2456.0,1641.0,803.0,1543.0,1801.0,2309.0,1824.0,1675.0,1803.0,2157.0,909.0,2147.0,1750.0,2285.0,2396.0,930.0,2427.0,1435.0,1964.0,1752.0,1269.0,2669.0,1945.0,1980.0,2260.0,2041.0,1597.0,2024.0,1880.0,2667.0,1866.0,2564.0,2077.0,1926.0,2110.0,2592.0,2629.0,1867.0,1965.0,1981.0,1271.0,2340.0,2912.0,2163.0,1291.0,2341.0,2519.0,1097.0,1784.0,2063.0,1261.0,1945.0,2458.0,1554.0,1658.0,1300.0,1732.0,1391.0,2124.0,2217.0,1386.0,1274.0,1219.0,2581.0,1539.0,1622.0,2766.0,1818.0,1375.0,1787.0,1767.0,1945.0,969.0,1855.0,1584.0,2374.0,1426.0,2391.0,2970.0,578.0,1628.0,1549.0,2408.0,2191.0,2065.0,1889.0,1042.0,2749.0,1783.0,1669.0,1436.0,2120.0,2023.0,1590.0,2607.0,2266.0,2130.0,1594.0,1843.0,2166.0,1972.0,2236.0,1994.0,1656.0,2116.0,1547.0,2339.0,2228.0,2631.0,1980.0,2581.0,2016.0,2726.0,1396.0,1150.0,1902.0,2619.0,2382.0,2200.0,1851.0,2240.0,1607.0,1589.0,2005.0,1973.0,1855.0,1705.0,1384.0,2466.0,2519.0,1366.0,1829.0,1969.0,1841.0,1337.0,2462.0,1152.0,2272.0,1657.0,2519.0,1551.0,2762.0,1774.0,2279.0,2026.0,1844.0,1958.0,1717.0,1371.0,1954.0,2954.0,2255.0,2836.0,1702.0,2262.0,723.0,1892.0,2291.0,2145.0,1964.0,2663.0,1934.0,2023.0,2110.0,1771.0,2431.0,2032.0,1578.0,2317.0,2466.0,2288.0,2239.0,2040.0,2790.0,2347.0,2277.0,1534.0,2940.0,1316.0,1931.0,1638.0,,,,,,,,10.175303296427574,40.64285689568462,18.070712552572516,15.355155536791967,22.131458023343782,12.197712121745289,42.81274657211903,10.601819246501337,31.08229549519607,29.31783017921679,19.328515600381373,25.95970300191369,14.086395973153449,20.318222296137534,34.094530154533544,16.941080663255804,28.73277222413848,28.545109702691196,11.597564657604146,38.37561113159378,27.694437464593218,41.79469037235968,23.742550744563985,35.00008966669414,27.488617255995706,10.723923381052881,21.434638128887716,24.113779572196584,33.88100697688145,18.300072685721712,51.028527129400345,13.036447452076422,18.739448296817983,39.82418621712276,29.008327332189022,36.14608631648157,35.11847158491565,31.863763371410375,41.893445772735184,31.33284965651383,40.440703443572055,30.64836462714743,30.202689092637907,33.361164001456785,31.876990449547186,28.448146927065764,23.261534815939168,27.217131225053148,30.49447959500072,19.178975216161863,27.224064496684754,18.438417998770973,26.135967257332016,5.919228771318464,19.743086017070937,23.210596555290557,12.512011658584838,42.192554059973574,20.277159423905413,4.8528249669625625,36.816317299845444,39.6611619562739,6.537368760057963,23.586449018477943,27.048763043409878,15.153352067204178,37.68934489901935,32.65454063019281,20.896661967627477,34.09096387136038,20.389993398687576,24.617525773372023,28.68109707414502,22.221861282617354,17.04165441869289,27.442612098562414,20.17299289848733,40.12027651452741,35.23181063768571,35.45181714903507,14.935021353027436,31.983979038500664,43.02058184681392,33.8304008647863,31.66588384830828,30.471327460624202,26.343865957490554,19.124407431904878,9.91588927758436,0.0,1.3528064770077703,38.6845001042616,34.032732619847174,23.784486094980817,27.90218903089663,22.022128339806514,21.01654621246029,17.77539815425036,35.170508520249534,28.322362735580807,,,,,,,5.6,5.579
5,,,,,,,,,2109.0,2220.0,1899.0,1582.0,2038.0,1765.0,2401.0,1645.0,2083.0,1196.0,2336.0,1688.0,1064.0,1225.0,2466.0,1299.0,2223.0,1825.0,2475.0,2295.0,2351.0,3318.0,2583.0,1856.0,2364.0,1825.0,1810.0,1259.0,2039.0,1592.0,2051.0,1772.0,2301.0,2143.0,1233.0,1488.0,2760.0,1895.0,2186.0,1832.0,1761.0,1642.0,2081.0,1651.0,1792.0,2753.0,1850.0,1363.0,2225.0,1944.0,1514.0,2669.0,2974.0,1811.0,2023.0,1877.0,2045.0,2570.0,3420.0,2015.0,2587.0,1804.0,1567.0,2228.0,2564.0,2002.0,2152.0,1490.0,1779.0,1932.0,1849.0,2145.0,1556.0,1720.0,1989.0,3020.0,2619.0,971.0,2078.0,1122.0,2208.0,1431.0,2235.0,2393.0,2397.0,1467.0,2273.0,2028.0,2194.0,1662.0,2209.0,2893.0,2910.0,2183.0,2248.0,1101.0,2092.0,2577.0,2511.0,2674.0,2116.0,2047.0,2336.0,2495.0,2372.0,2178.0,1720.0,1901.0,2307.0,1754.0,1327.0,2338.0,2019.0,1745.0,2384.0,2818.0,1234.0,2029.0,1854.0,1430.0,1217.0,1500.0,2601.0,1410.0,2055.0,1765.0,2776.0,2028.0,1328.0,1871.0,1689.0,1837.0,2738.0,926.0,2495.0,2831.0,2160.0,1788.0,1649.0,1968.0,1584.0,1705.0,1112.0,2108.0,1697.0,1973.0,1500.0,2007.0,2301.0,2041.0,2375.0,2532.0,1932.0,1882.0,1225.0,1309.0,1727.0,1682.0,2177.0,1931.0,980.0,1210.0,2113.0,2292.0,1782.0,1774.0,1982.0,2048.0,1580.0,2162.0,1640.0,1974.0,2120.0,1811.0,2186.0,1949.0,2222.0,2517.0,1525.0,2073.0,2694.0,2205.0,1660.0,1743.0,1611.0,1771.0,2505.0,1678.0,1663.0,2003.0,1523.0,2579.0,1536.0,1891.0,1693.0,1662.0,2394.0,1865.0,2623.0,1369.0,2255.0,848.0,1733.0,1350.0,1625.0,1842.0,2791.0,1574.0,1250.0,2473.0,2739.0,2132.0,1989.0,2074.0,2208.0,1477.0,1348.0,1782.0,2761.0,1909.0,1274.0,1388.0,1998.0,1519.0,2771.0,2248.0,2083.0,1844.0,1574.0,2028.0,2079.0,1616.0,2012.0,2070.0,2882.0,1988.0,2153.0,2122.0,2115.0,1866.0,711.0,779.0,1817.0,1588.0,1683.0,2459.0,1409.0,1490.0,1803.0,1189.0,2133.0,1875.0,1600.0,2432.0,2277.0,2576.0,1763.0,2478.0,1946.0,2247.0,2367.0,1254.0,1405.0,1249.0,2172.0,2608.0,1785.0,2145.0,1843.0,1658.0,2272.0,2956.0,2042.0,1866.0,1988.0,2262.0,2190.0,2049.0,1674.0,1651.0,2460.0,1879.0,2101.0,1529.0,1756.0,2111.0,1894.0,1765.0,1603.0,1423.0,2099.0,2038.0,1151.0,2109.0,1633.0,1997.0,2002.0,1237.0,2360.0,1725.0,,,,,,,,14.96117571685177,43.98542286383362,19.712424332072544,14.15202424361117,21.28927011891701,17.159122107444166,43.88958660220607,14.084947307281762,34.06440104298749,29.672173560321756,22.72705760910335,29.051116602579775,15.728303707941047,23.718880676650052,38.76557027744023,24.9717825186182,24.804331134638232,29.65395889294717,9.285234188977633,41.95140485418883,27.91032785023544,43.366516979698346,22.311815580024675,34.90000432411341,29.164694863684307,13.356879508332133,19.46539196038433,28.15082308882074,35.507533648803125,17.457877207302456,53.36235259061786,15.89596215341648,18.767036118471164,43.10085304496276,27.67408542811857,36.40883334617655,33.57264985461134,33.681471601226065,41.10948302550145,31.517240483933794,41.6863435856794,38.134401611781705,32.51233841287455,34.3470477461788,29.037981382854802,31.068899501223136,25.166795401031273,29.27115693958084,28.493690287247418,21.553528966814294,32.77207517678911,22.78160044478188,25.235133516153343,8.600626312298948,21.012766637721516,26.364563670436965,19.796185476561593,42.21068042948455,26.072958493203615,10.983377583211665,41.310613326448944,40.327242361131894,10.908629685175873,25.082784961321792,27.791286630646248,17.621696806005946,36.55432184566019,29.84551039164714,22.59222089565447,32.76162453926742,22.25015879523287,22.163861515885145,31.128843639447403,23.610311262767,21.431143196981548,28.002457168562845,19.558793050325107,42.62201338954498,35.934351297100996,39.42500317171454,21.346035231274797,35.47180269968602,42.30790148868461,34.70475288985172,36.04532252844753,30.10807098284936,26.511691136693408,20.41567474314614,11.317025054056323,0.0,12.567926258215676,44.94248701990228,34.19609538721926,25.61798137759537,28.340512260249035,23.217839389459392,25.96302516252833,21.2158755778312,35.542706473987415,27.176647021142927,,,,,,,4.0,3.979
6,,,,,,,,,1719.0,2238.0,1465.0,1982.0,2400.0,1905.0,2599.0,2159.0,1820.0,1815.0,2406.0,1190.0,1844.0,2305.0,2376.0,2875.0,2513.0,1841.0,1704.0,2102.0,2479.0,1504.0,2067.0,1940.0,1833.0,1646.0,766.0,2113.0,1881.0,1688.0,2480.0,2466.0,824.0,1070.0,1921.0,1790.0,2025.0,1492.0,1756.0,1573.0,1896.0,2716.0,2383.0,961.0,2057.0,857.0,648.0,1666.0,1846.0,314.0,2049.0,2412.0,1549.0,3002.0,945.0,2372.0,1355.0,1673.0,3373.0,2254.0,2536.0,1337.0,1498.0,1571.0,1926.0,2646.0,1980.0,1517.0,1203.0,1908.0,2024.0,1037.0,1576.0,2710.0,1643.0,2235.0,1714.0,2499.0,2099.0,1975.0,1756.0,2236.0,1843.0,2344.0,1018.0,1450.0,1485.0,1539.0,2613.0,1497.0,2011.0,1784.0,2214.0,2340.0,2779.0,2731.0,2465.0,1682.0,2495.0,2904.0,1693.0,2276.0,1320.0,2875.0,1875.0,1979.0,1848.0,922.0,2931.0,2154.0,2469.0,1837.0,2090.0,1581.0,2103.0,1854.0,2042.0,1910.0,2039.0,2250.0,1971.0,1050.0,1751.0,2892.0,1535.0,2040.0,1958.0,1648.0,2818.0,1789.0,2301.0,1103.0,2964.0,2304.0,1285.0,1842.0,1023.0,2514.0,2228.0,2144.0,2114.0,2063.0,1667.0,2143.0,2151.0,1836.0,1882.0,2165.0,1109.0,2251.0,1729.0,1750.0,1639.0,2007.0,2505.0,2773.0,1530.0,971.0,1992.0,2045.0,2127.0,1960.0,2601.0,2560.0,1664.0,1331.0,1420.0,2367.0,1793.0,2240.0,2425.0,1798.0,2097.0,2926.0,1914.0,1712.0,2487.0,1543.0,2761.0,2057.0,1126.0,1453.0,2223.0,1270.0,2209.0,2261.0,2018.0,269.0,2292.0,1865.0,2383.0,1102.0,2390.0,1746.0,2247.0,1855.0,2179.0,1710.0,1116.0,1241.0,2301.0,1832.0,2541.0,1330.0,2129.0,1682.0,1182.0,2625.0,1881.0,1943.0,1745.0,2000.0,1988.0,1345.0,2189.0,1622.0,2154.0,1778.0,2345.0,1948.0,2489.0,1895.0,1363.0,1307.0,2204.0,2387.0,1612.0,1551.0,1716.0,1681.0,2085.0,2043.0,1488.0,2600.0,2805.0,1601.0,2959.0,1789.0,1514.0,2695.0,1743.0,1397.0,1475.0,2049.0,1618.0,1309.0,1823.0,2157.0,1425.0,1285.0,1610.0,1617.0,1599.0,1374.0,1388.0,2299.0,2201.0,1483.0,885.0,3311.0,2785.0,2032.0,1627.0,2711.0,1410.0,2087.0,1839.0,1500.0,939.0,2307.0,1669.0,1910.0,1016.0,1923.0,1570.0,1961.0,1771.0,2187.0,472.0,2228.0,2603.0,2665.0,2744.0,1863.0,2244.0,2303.0,2779.0,2632.0,1636.0,2648.0,1795.0,1817.0,2068.0,1859.0,1594.0,2291.0,1876.0,1675.0,1607.0,2399.0,,,,,,,,16.47383653547399,46.213902143529964,27.966136695055845,18.29806798700045,30.36186804364004,24.513292263590788,45.27156718714645,19.72678127895858,35.84534114054034,34.13779048050018,24.785361901317376,30.998843621925168,23.883725684141996,24.968895671533406,39.10017123912018,30.48184622402153,25.934662373624356,36.39453355485578,8.99594461241572,44.168448663282305,36.2288100602143,51.356733344948786,22.6768903071237,35.74267568515832,34.71075901841691,15.174167795208216,20.03701942447612,30.26420845399221,42.66198590724001,21.011104726348663,50.50101836963416,22.241186645392897,24.852062630663685,48.94383951299207,23.23812856235198,39.83379486928464,35.77218713181114,33.75212486454825,44.68048186073495,31.154161248789972,35.970097499923526,41.588212988187195,37.62552012542979,40.460872090055844,33.39679809578141,28.529925863973187,28.413102659246277,29.256427906205673,33.27454174992571,26.265496297766425,34.54148912512367,24.918080372833803,25.9388736605289,11.465183848189568,23.209549116361607,29.25989416614513,23.81941924355106,47.30147394779619,28.58464624470753,16.06635858686964,45.46487833337511,39.93619020410169,19.5751098945539,26.259713479418053,37.08621058383086,19.398635566989952,41.789320011353595,34.99281021012384,29.751870624874396,33.06717426875394,25.93755628490736,28.12323673697054,35.078492474057605,23.67188571520228,31.05347553574393,32.576137404269765,20.634439241213226,49.773401107794584,43.78200429453514,43.1387015378984,21.443419846873695,39.020257888800266,45.18189184283898,34.69872929319684,37.731328192705874,33.46145914301735,26.56654353651804,26.487679622800897,16.76107484997497,2.798039996926902,20.987403499762515,46.25301203255065,33.05860867712661,32.667726550752406,32.85751402101569,29.754974170421065,26.200520264744977,28.256619206794248,38.57281735502848,28.803703087611375,,,,,,,3.7,3.6790000000000003
7,,,,,,,,,1963.0,1676.0,1744.0,1982.0,1797.0,2500.0,1055.0,1419.0,1767.0,2376.0,2732.0,2122.0,1977.0,2573.0,3231.0,2240.0,1332.0,2282.0,2268.0,595.0,1568.0,2217.0,1755.0,1764.0,1650.0,2407.0,2555.0,2941.0,1854.0,1812.0,2174.0,2291.0,1643.0,1867.0,2056.0,2521.0,2165.0,1573.0,2144.0,1617.0,2119.0,1375.0,2647.0,2139.0,2229.0,2401.0,2590.0,1524.0,2601.0,1495.0,1407.0,1689.0,1803.0,1964.0,1633.0,2010.0,2082.0,2544.0,2130.0,2558.0,1583.0,1919.0,892.0,605.0,1491.0,1376.0,1814.0,2387.0,2799.0,1886.0,3322.0,2046.0,1531.0,1405.0,1397.0,1321.0,1705.0,2378.0,2528.0,1906.0,1590.0,2357.0,1462.0,1881.0,2640.0,2859.0,1986.0,1668.0,2197.0,2108.0,1040.0,2449.0,1297.0,1895.0,1557.0,1831.0,1936.0,1346.0,1758.0,1798.0,1858.0,1411.0,1859.0,1814.0,1424.0,2044.0,2784.0,1739.0,1273.0,2001.0,2332.0,1394.0,2235.0,1087.0,1572.0,1964.0,2000.0,2026.0,1742.0,1608.0,2028.0,1818.0,2270.0,2201.0,1899.0,1964.0,2157.0,2148.0,2573.0,2155.0,2090.0,2552.0,1752.0,1797.0,1580.0,2215.0,1995.0,1539.0,2273.0,1525.0,1291.0,2126.0,1708.0,1592.0,2654.0,1584.0,949.0,2166.0,2100.0,2318.0,2345.0,2026.0,2388.0,2860.0,2604.0,2332.0,1190.0,2156.0,2509.0,1531.0,1985.0,2047.0,1709.0,1242.0,1471.0,1526.0,1874.0,2101.0,1959.0,745.0,1741.0,2608.0,2141.0,2535.0,1325.0,2289.0,2275.0,1711.0,1143.0,1498.0,1332.0,1937.0,2609.0,1880.0,2694.0,2648.0,1650.0,1707.0,1683.0,1875.0,1661.0,1497.0,1310.0,1359.0,1638.0,1786.0,1677.0,2396.0,1823.0,1398.0,1337.0,1856.0,1355.0,2397.0,1359.0,1779.0,1427.0,1790.0,3006.0,1569.0,2066.0,1964.0,2353.0,2277.0,2433.0,1395.0,2659.0,3015.0,1156.0,1580.0,3311.0,1809.0,2026.0,1950.0,1622.0,1790.0,1991.0,2104.0,1999.0,1870.0,1765.0,1663.0,1740.0,1762.0,1800.0,1797.0,1781.0,2965.0,1292.0,2964.0,1681.0,2960.0,1814.0,1766.0,2117.0,2283.0,1148.0,1401.0,2326.0,2808.0,2470.0,1083.0,2486.0,2055.0,2170.0,3094.0,1375.0,1725.0,1896.0,2309.0,2130.0,1630.0,2052.0,1852.0,1949.0,1254.0,1125.0,2033.0,2230.0,2381.0,2642.0,2265.0,2268.0,1501.0,1929.0,2443.0,1528.0,1076.0,2614.0,939.0,2149.0,1564.0,2743.0,2381.0,2192.0,2367.0,1939.0,1852.0,991.0,2088.0,2020.0,1327.0,2464.0,1777.0,1016.0,1420.0,1233.0,2363.0,2054.0,1678.0,,,,,,,,16.85952306358951,41.647736767772884,29.6577141908369,22.30024848637931,29.040869143662228,27.306127437696855,39.61125850040368,23.220336540115596,32.811926956378734,36.49866113913331,23.15349670064392,26.42247473293974,33.85005378265497,26.200090663564037,40.095312750578266,26.897705760190465,25.778363743113655,31.95929301488382,12.868856128045842,42.20606713098445,37.300686418272115,45.65285775477437,23.756536670198336,35.77889673383587,31.38122364724397,15.787088340759428,26.93299110787157,31.129719352212458,41.7904323481242,27.28826949647955,42.66805449557547,20.525679826214006,23.47731317744746,51.66777127818616,23.189315741229898,40.873558055553175,33.11797038932282,31.074646061916013,44.53088997748501,27.14445234683926,36.38577729436051,37.50609071677343,34.61491088759527,34.17074529849212,28.44332156833357,27.5801045821162,26.89002908826102,31.591711906708934,35.987834262993516,26.689696822993305,32.35895955965434,23.447114014028163,27.39808862775369,16.83017058410211,23.15354590682234,31.41992558466168,23.981985702668776,41.831984033196804,33.20089740179407,18.110690228853656,46.759391610990505,36.58194213149086,23.448170699822793,21.910094088372322,35.922696992754574,20.956826423506996,43.665607661413205,32.667012966168436,29.39134033128579,33.883887129494816,28.867931556021706,26.902078528515258,32.86802392787069,21.8823168754356,29.98236719627591,30.827381415066306,17.741440913862537,52.182683110595754,41.89574847803366,44.4331685612879,17.428890580848577,36.900374749514334,44.33068967154536,34.885937188264705,31.033421898309083,38.25623646581057,32.23192656594344,28.80140753582707,20.294466822252282,7.474476946024148,15.921494279875294,44.300954563635145,31.538556996749026,33.06945840534075,31.00262895331027,28.134603156464184,22.316709837809505,38.468427779239576,35.75075503521463,29.412609080714912,,,,,,,3.8,3.779
8,,,,,,,,,,,,,,,,,,,,,,,,,,,,,,,,,,,,,,,,,,,,,,,,,,,,,,,,,,,,,,,,,,,,,,,,,,,,,,,,,,,,,,,,,,,,,,,,,,,,,,,,,,,,,,,,,,,,,,,,,,,,,,,,,,,,,,,,,,,,,,,,,,,,,,,,,,,,,,,,,,,,,,,,,,,,,,,,,,,,,,,,,,,,,,,,,,,,,,,,,,,,,,,,,,,,,,,,,,,,,,,,,,,,,,,,,,,,,,,,,,,,,,,,,,,,,,,,,,,,,,,,,,,,,,,,,,,,,,,,,,,,,,,,,,,,,,,,,,,,,,,,,,,,,,,,,,,,12.905961049085713,31.530867629191324,26.19767156555175,23.117255322686304,23.028979701267147,29.84004449200751,35.71601131116502,18.7717516625791,24.99322447687232,29.461067759820725,24.661619485330398,21.63935242537566,28.196736038382543,20.67989110622372,30.788955419769266,23.590615651873662,20.025361736770297,22.1930738172191,15.272217934807875,32.2120102281958,28.532828046108666,37.686169510283065,17.089596693778226,31.734469190353394,26.575600855405725,13.69082092468869,24.602960196966457,27.087894693590346,32.268921516459635,19.998507528487565,34.13608775176032,16.839247318066633,20.09911827819707,44.44222148407187,18.848906325926972,29.275036764997527,30.535815146186884,26.685932021504215,34.63488554292611,25.42667862709726,29.369853365374617,24.646133176012334,31.85615515834091,25.25561338262673,19.707188848120065,25.933431991449446,24.609912157146823,25.380482727726918,29.376951028733107,28.15708657885572,26.019154291755946,16.604940228886154,22.500790184885723,13.82533364713861,16.55746037414177,28.024003968787557,22.81134569479896,35.232684927605305,31.135868143165773,12.891558454078794,40.404147053695525,29.333125466441736,19.65388372477959,13.938941147491246,28.294944377165287,19.64580392685594,34.212074049466246,29.069964989601573,21.942382496652098,27.54063355887214,27.23216798596994,22.86425265593725,23.69741762970476,24.93703223062336,24.449824280182302,22.865113233127857,20.534847153534518,42.73174214620379,33.45893867246376,33.93117229768183,13.891280642653376,26.035524010343046,36.363895538743705,29.66986580044779,24.44108909206547,30.66009398257777,28.411114502160995,24.66191002344458,16.388056108871556,11.484608205176016,16.057094884323224,39.243182187622125,26.83637200262023,25.990684847094474,26.27668750549506,23.758894239702784,20.394758441194778,33.06763843115572,29.244607572546943,25.00748619370356,,,,,,,4.5,4.479
9,,,,,,,,,,,,,,,,,,,,,,,,,,,,,,,,,,,,,,,,,,,,,,,,,,,,,,,,,,,,,,,,,,,,,,,,,,,,,,,,,,,,,,,,,,,,,,,,,,,,,,,,,,,,,,,,,,,,,,,,,,,,,,,,,,,,,,,,,,,,,,,,,,,,,,,,,,,,,,,,,,,,,,,,,,,,,,,,,,,,,,,,,,,,,,,,,,,,,,,,,,,,,,,,,,,,,,,,,,,,,,,,,,,,,,,,,,,,,,,,,,,,,,,,,,,,,,,,,,,,,,,,,,,,,,,,,,,,,,,,,,,,,,,,,,,,,,,,,,,,,,,,,,,,,,,,,,,,9.24723554008654,18.707204347295978,13.721758847607424,13.845500726740514,14.820335679532285,19.843912139550717,19.1022894866574,11.974329296153899,16.060082967619948,15.553024323598041,14.293361058058796,11.471184851772055,14.164912613392701,12.090246176580942,17.018663463815148,16.186060844314305,13.210441651205674,12.39539653838105,11.462396532325554,19.250094525445895,16.016288517042362,20.909242673126947,10.128383996129678,18.776341061291248,12.88171972600165,8.658764417941644,16.013114771784522,16.963309147530783,20.965938336551403,11.0579803858721,18.758399935896207,13.538116368103614,12.898994545523607,24.331345031657765,12.900904067681223,14.47390147345478,18.6910489686281,16.68081165546434,18.86214781412976,13.891844867930223,15.818000510333862,14.245041209800217,21.45856569728759,13.4026854969474,12.464252017935436,16.154779166475244,16.240048727218536,13.723201444472078,14.813541813710348,16.45373189408525,12.361109445221446,8.545185118837585,14.644168284206978,6.994288199714514,12.806563104469655,14.135037906431492,14.764040329238503,19.468282542959916,21.367205248798513,8.089446714120943,22.71494005583657,16.218953036187774,14.56601232009826,11.666392044927603,17.741217752774894,11.82012117971277,18.79890566920765,16.07266204018236,15.362031179494936,16.056752426872198,17.052011304948202,11.362294562511016,12.275075825507301,13.408248310004756,13.200980768669702,14.485071106296834,14.809950487406972,23.22472074261417,20.143075475129688,17.339458632938218,10.526864090649985,13.770703031898778,20.43556940976138,18.633620883555878,13.554244147331767,21.22825267032221,15.347615076764363,15.590613519089453,12.767040919358168,6.998883665728982,9.531245681546183,21.674928647944384,14.21314047167015,14.858657589044086,16.912685949418133,13.172693988470453,10.748333262639546,20.553328332555683,17.39944060885477,15.572862972200216,,,,,,,5.1,5.079
10,,,,,,,,,,,,,,,,,,,,,,,,,,,,,,,,,,,,,,,,,,,,,,,,,,,,,,,,,,,,,,,,,,,,,,,,,,,,,,,,,,,,,,,,,,,,,,,,,,,,,,,,,,,,,,,,,,,,,,,,,,,,,,,,,,,,,,,,,,,,,,,,,,,,,,,,,,,,,,,,,,,,,,,,,,,,,,,,,,,,,,,,,,,,,,,,,,,,,,,,,,,,,,,,,,,,,,,,,,,,,,,,,,,,,,,,,,,,,,,,,,,,,,,,,,,,,,,,,,,,,,,,,,,,,,,,,,,,,,,,,,,,,,,,,,,,,,,,,,,,,,,,,,,,,,,,,,,,3.2058279349291583,5.310309348503082,4.288802019284889,5.036556106946936,4.1127474281754,6.436918798773514,5.779050632464436,3.8101283860102635,4.421570358880336,4.855664393915554,4.208237073682235,4.729688617936658,4.082857420552362,3.5345711296237625,5.169014959341384,5.791712914651457,4.932296429546266,4.000868754972341,4.490020502827534,6.280551841104631,5.025513930499244,6.51569555154132,3.6249514043621427,6.344155942959043,4.436544247884205,3.4599923603164817,5.28683499517102,5.842068567459337,6.930056755791028,3.5830464034835385,6.403109636347304,4.628437575757812,3.672104314947479,7.465981351180381,4.343209261106922,5.556782838772404,5.9203356513144225,4.0393320509428845,5.1141268431840095,4.1652148630661125,4.495516012328067,5.577988361906487,6.704427227215327,4.1679982100502775,3.3887317154986896,5.430562837421109,5.785373264553884,4.389853721524178,4.070671548669434,5.129545205903368,4.978155923256829,3.348675620533105,4.801212684921214,3.5257925418861804,4.621437921172006,4.464192030873481,4.314214772139861,5.951458964031335,7.193758045969149,3.891186797471757,6.482771620747842,4.472696463857102,4.486742785989678,4.493680617253139,5.3275554581230455,4.544799656401688,5.105852813334986,5.2311859277010235,5.681898262743959,5.533209460966546,5.694835811994183,3.4973350226671784,3.0928830880800318,4.180828912963609,4.267648701948929,5.830730650717446,4.293352964508649,7.854123444908852,7.159747371787097,4.931555922791072,3.9569729597551824,4.110699495811167,5.963569479230493,6.2166237771532575,3.988959739342781,7.172833831208461,5.254331829677378,5.338008510544054,4.013415779269068,2.887476267201042,3.1781973392693166,6.778457074745376,4.454159979645713,5.424460230040992,5.3840518891242155,3.543188761090324,3.435857964013445,6.472662484728382,5.640572677596989,4.809122875049232,,,,,,,5.4,5.3790000000000004
11,,,,,,,,,,,,,,,,,,,,,,,,,,,,,,,,,,,,,,,,,,,,,,,,,,,,,,,,,,,,,,,,,,,,,,,,,,,,,,,,,,,,,,,,,,,,,,,,,,,,,,,,,,,,,,,,,,,,,,,,,,,,,,,,,,,,,,,,,,,,,,,,,,,,,,,,,,,,,,,,,,,,,,,,,,,,,,,,,,,,,,,,,,,,,,,,,,,,,,,,,,,,,,,,,,,,,,,,,,,,,,,,,,,,,,,,,,,,,,,,,,,,,,,,,,,,,,,,,,,,,,,,,,,,,,,,,,,,,,,,,,,,,,,,,,,,,,,,,,,,,,,,,,,,,,,,,,,,1.4872020017354863,1.9690239153816407,1.6339001434537543,2.2645954512996065,1.7347988755095327,2.2945335465689585,2.2970694483444287,1.7765224487398596,1.4209533815485016,2.2327745674882644,1.749510842175781,1.8674404160825802,1.7490183869468154,1.673132148400683,2.259216152470647,2.2172916757790624,1.9157908908737449,2.034296515803472,2.1874406830609394,2.6447742518444306,1.689021635490784,2.4868129545457167,1.8568536491705743,2.0899252109985547,1.6906430023415093,1.1771876647411468,2.425726131263066,2.437744874828007,2.8405351893892643,1.3577639495815992,2.6209338248794265,1.6551542850513699,1.4629908497358424,2.5249811666014184,1.8255572362114039,2.4509931138776375,2.2961374481008985,1.3655742845989003,1.5656090725034753,1.6119838362223005,1.7446210423144275,2.1353513630509666,2.412844372263419,1.8767144703511482,1.2175235406872162,2.02392853707121,2.182719163248267,1.7375012726699315,1.8468252615240037,2.2218608237465,1.963974024324625,1.4115872907397096,1.9737186984421031,1.6309627396867925,1.7284954802603583,2.063698951726337,1.4386806063404174,2.058142905844898,2.836647121644105,1.9745760810199404,2.678451282529581,1.5710161898228037,1.1006162570019458,1.8549253619268293,2.0664713761179816,1.8092031576607495,1.7925255469878287,2.368338179829638,2.168864032338539,2.2334085030739868,2.4722737582315886,1.6006821755683476,1.1100559614879995,1.8218093270731972,2.0841236399945213,2.3146174293084556,1.7977686792865404,3.2764668242579638,2.900226186504515,2.0201439396503322,1.750241343362199,1.5845554153601271,2.169936949377529,2.4744364379351342,1.4163205149016078,2.637350005181791,2.2298773641375678,1.6765405239970221,1.6783444732435722,1.1066356097689616,1.2792278562444315,2.554276709847819,1.9046805937333309,1.7920447431109763,2.14240167309576,1.0186550578963238,1.5156715408930173,2.710575245922131,2.107288944433542,2.263003623561967,,,,,,,5.9,5.8790000000000004
12,,,,,,,,,,,,,,,,,,,,,,,,,,,,,,,,,,,,,,,,,,,,,,,,,,,,,,,,,,,,,,,,,,,,,,,,,,,,,,,,,,,,,,,,,,,,,,,,,,,,,,,,,,,,,,,,,,,,,,,,,,,,,,,,,,,,,,,,,,,,,,,,,,,,,,,,,,,,,,,,,,,,,,,,,,,,,,,,,,,,,,,,,,,,,,,,,,,,,,,,,,,,,,,,,,,,,,,,,,,,,,,,,,,,,,,,,,,,,,,,,,,,,,,,,,,,,,,,,,,,,,,,,,,,,,,,,,,,,,,,,,,,,,,,,,,,,,,,,,,,,,,,,,,,,,,,,,,,0.0,0.0,0.0,0.0,0.0,0.0,0.0,0.0,0.0,0.0,0.0,0.0,0.0,0.0,0.0,0.0,0.0,0.0,0.0,0.0,0.0,0.0,0.0,0.0,0.0,0.0,0.0,0.0,0.0,0.0,0.0,0.0,0.0,0.0,0.0,0.0,0.0,0.0,0.0,0.0,0.0,0.0,0.0,0.0,0.0,0.0,0.0,0.0,0.0,0.0,0.0,0.0,0.0,0.0,0.0,0.0,0.0,0.0,0.0,0.0,0.0,0.0,0.0,0.0,0.0,0.0,0.0,0.0,0.0,0.0,0.0,0.0,0.0,0.0,0.0,0.0,0.0,0.0,0.0,0.0,0.0,0.0,0.0,0.0,0.0,0.0,0.0,0.0,0.0,0.0,0.0,0.0,0.0,0.0,0.0,0.0,0.0,0.0,0.0,0.0,,,,,,,6.4,6.3790000000000004
13,,,,,,,,,,,,,,,,,,,,,,,,,,,,,,,,,,,,,,,,,,,,,,,,,,,,,,,,,,,,,,,,,,,,,,,,,,,,,,,,,,,,,,,,,,,,,,,,,,,,,,,,,,,,,,,,,,,,,,,,,,,,,,,,,,,,,,,,,,,,,,,,,,,,,,,,,,,,,,,,,,,,,,,,,,,,,,,,,,,,,,,,,,,,,,,,,,,,,,,,,,,,,,,,,,,,,,,,,,,,,,,,,,,,,,,,,,,,,,,,,,,,,,,,,,,,,,,,,,,,,,,,,,,,,,,,,,,,,,,,,,,,,,,,,,,,,,,,,,,,,,,,,,,,,,,,,,,,0.0,0.0,0.0,0.0,0.0,0.0,0.0,0.0,0.0,0.0,0.0,0.0,0.0,0.0,0.0,0.0,0.0,0.0,0.0,0.0,0.0,0.0,0.0,0.0,0.0,0.0,0.0,0.0,0.0,0.0,0.0,0.0,0.0,0.0,0.0,0.0,0.0,0.0,0.0,0.0,0.0,0.0,0.0,0.0,0.0,0.0,0.0,0.0,0.0,0.0,0.0,0.0,0.0,0.0,0.0,0.0,0.0,0.0,0.0,0.0,0.0,0.0,0.0,0.0,0.0,0.0,0.0,0.0,0.0,0.0,0.0,0.0,0.0,0.0,0.0,0.0,0.0,0.0,0.0,0.0,0.0,0.0,0.0,0.0,0.0,0.0,0.0,0.0,0.0,0.0,0.0,0.0,0.0,0.0,0.0,0.0,0.0,0.0,0.0,0.0,,,,,,,6.3,6.279
14,,,,,,,,,,,,,,,,,,,,,,,,,,,,,,,,,,,,,,,,,,,,,,,,,,,,,,,,,,,,,,,,,,,,,,,,,,,,,,,,,,,,,,,,,,,,,,,,,,,,,,,,,,,,,,,,,,,,,,,,,,,,,,,,,,,,,,,,,,,,,,,,,,,,,,,,,,,,,,,,,,,,,,,,,,,,,,,,,,,,,,,,,,,,,,,,,,,,,,,,,,,,,,,,,,,,,,,,,,,,,,,,,,,,,,,,,,,,,,,,,,,,,,,,,,,,,,,,,,,,,,,,,,,,,,,,,,,,,,,,,,,,,,,,,,,,,,,,,,,,,,,,,,,,,,,,,,,,0.0,0.0,0.0,0.0,0.0,0.0,0.0,0.0,0.0,0.0,0.0,0.0,0.0,0.0,0.0,0.0,0.0,0.0,0.0,0.0,0.0,0.0,0.0,0.0,0.0,0.0,0.0,0.0,0.0,0.0,0.0,0.0,0.0,0.0,0.0,0.0,0.0,0.0,0.0,0.0,0.0,0.0,0.0,0.0,0.0,0.0,0.0,0.0,0.0,0.0,0.0,0.0,0.0,0.0,0.0,0.0,0.0,0.0,0.0,0.0,0.0,0.0,0.0,0.0,0.0,0.0,0.0,0.0,0.0,0.0,0.0,0.0,0.0,0.0,0.0,0.0,0.0,0.0,0.0,0.0,0.0,0.0,0.0,0.0,0.0,0.0,0.0,0.0,0.0,0.0,0.0,0.0,0.0,0.0,0.0,0.0,0.0,0.0,0.0,0.0,,,,,,,5.5,5.479
15,,,,,,,,,,,,,,,,,,,,,,,,,,,,,,,,,,,,,,,,,,,,,,,,,,,,,,,,,,,,,,,,,,,,,,,,,,,,,,,,,,,,,,,,,,,,,,,,,,,,,,,,,,,,,,,,,,,,,,,,,,,,,,,,,,,,,,,,,,,,,,,,,,,,,,,,,,,,,,,,,,,,,,,,,,,,,,,,,,,,,,,,,,,,,,,,,,,,,,,,,,,,,,,,,,,,,,,,,,,,,,,,,,,,,,,,,,,,,,,,,,,,,,,,,,,,,,,,,,,,,,,,,,,,,,,,,,,,,,,,,,,,,,,,,,,,,,,,,,,,,,,,,,,,,,,,,,,,0.0,0.0,0.0,0.0,0.0,0.0,0.0,0.0,0.0,0.0,0.0,0.0,0.0,0.0,0.0,0.0,0.0,0.0,0.0,0.0,0.0,0.0,0.0,0.0,0.0,0.0,0.0,0.0,0.0,0.0,0.0,0.0,0.0,0.0,0.0,0.0,0.0,0.0,0.0,0.0,0.0,0.0,0.0,0.0,0.0,0.0,0.0,0.0,0.0,0.0,0.0,0.0,0.0,0.0,0.0,0.0,0.0,0.0,0.0,0.0,0.0,0.0,0.0,0.0,0.0,0.0,0.0,0.0,0.0,0.0,0.0,0.0,0.0,0.0,0.0,0.0,0.0,0.0,0.0,0.0,0.0,0.0,0.0,0.0,0.0,0.0,0.0,0.0,0.0,0.0,0.0,0.0,0.0,0.0,0.0,0.0,0.0,0.0,0.0,0.0,,,,,,,4.5,4.479
16,,,,,,,,,,,,,,,,,,,,,,,,,,,,,,,,,,,,,,,,,,,,,,,,,,,,,,,,,,,,,,,,,,,,,,,,,,,,,,,,,,,,,,,,,,,,,,,,,,,,,,,,,,,,,,,,,,,,,,,,,,,,,,,,,,,,,,,,,,,,,,,,,,,,,,,,,,,,,,,,,,,,,,,,,,,,,,,,,,,,,,,,,,,,,,,,,,,,,,,,,,,,,,,,,,,,,,,,,,,,,,,,,,,,,,,,,,,,,,,,,,,,,,,,,,,,,,,,,,,,,,,,,,,,,,,,,,,,,,,,,,,,,,,,,,,,,,,,,,,,,,,,,,,,,,,,,,,,0.7012063891676665,2.072698278993715,1.080029544440119,0.174438140405905,1.5956276138313767,0.05830103158212441,0.0,1.0319149163393402,1.2673624971542532,0.22779276201175025,1.5977433413758018,0.050431049074212364,0.8709236220381772,0.8520620418756166,1.889393579821744,0.0,0.9557089997569574,1.6008798341142252,0.39095616361187424,1.418593438507253,1.67330486814405,1.4898931949021976,1.1207344211011847,0.9977991442521945,0.4563004762562436,1.0755910050856832,1.5496022102899816,2.6860321198084036,0.6709639143852955,0.5375071767672535,1.3909720173847502,0.0,1.1285969441431885,0.38465436167989075,2.4227051442261542,1.7311081437292222,0.9681839035767656,1.9762495405482579,1.4169494325248844,1.994653807606263,0.8102094522258692,1.0720961417226238,0.6451902614776037,1.1520461665318837,0.39685150145462345,0.6327387178454917,1.9259034000537538,0.6854970485726963,1.0741664658850407,0.0,3.0792638516819912,1.3271627550654206,1.0869124573724198,0.0,0.030976489393633733,0.0,0.7536262980245287,1.3229752474591465,0.78083082687497,0.0,1.0310092260631762,1.383326912350077,1.2082763732349855,1.4578903414261062,0.3803365790550115,0.6998955115555203,0.5319206085261474,0.9316172837834206,1.5487560182826372,0.6493609075673126,1.404830779790412,2.2483292932503254,1.2708255188105306,1.0943247881380427,0.47686940632233576,0.8752431464612868,0.481039209109842,1.2421392860590434,0.18232832411038302,1.3729050592806153,1.362590604832978,1.277183741745606,0.9789865929444916,1.1260009938464435,0.5499365676978385,0.0,2.3141995555352706,1.0121052405016506,0.829783335997976,1.048167620949869,0.599628030821812,0.0,0.29471174045520654,0.532701655231786,0.8252856024708726,0.1289465241143366,2.00085252507961,1.250823266692737,1.3852351682332449,1.590860469456978,,,,,,,4.8,4.779
17,,,,,,,,,,,,,,,,,,,,,,,,,,,,,,,,,,,,,,,,,,,,,,,,,,,,,,,,,,,,,,,,,,,,,,,,,,,,,,,,,,,,,,,,,,,,,,,,,,,,,,,,,,,,,,,,,,,,,,,,,,,,,,,,,,,,,,,,,,,,,,,,,,,,,,,,,,,,,,,,,,,,,,,,,,,,,,,,,,,,,,,,,,,,,,,,,,,,,,,,,,,,,,,,,,,,,,,,,,,,,,,,,,,,,,,,,,,,,,,,,,,,,,,,,,,,,,,,,,,,,,,,,,,,,,,,,,,,,,,,,,,,,,,,,,,,,,,,,,,,,,,,,,,,,,,,,,,,2.807639355601113,7.34063181041361,4.36700843067504,1.2650121559785168,5.326310835638293,0.7677653646269564,0.5575992845260389,4.770399848402332,5.718478906945386,1.0387882522210612,4.610648156120108,0.9449088366962775,3.6482317641121584,3.543405605422913,7.126980647149802,0.0,4.101020184564854,6.149332966017961,2.900208231952373,5.371745633839264,6.221595431648284,5.7621516512743325,4.102094634928464,3.8087919410126276,2.8447587127584573,4.499774816741182,5.523929878215776,8.94728510904676,2.718810843966633,3.2150095404336985,5.150019959863122,0.4410948613280805,4.399773904605745,1.7227779316318266,7.932954191917915,6.087005158050255,4.1515517401799515,7.571731955557491,5.131686106963184,7.061307829934191,3.7930661892839606,4.3479101847561505,3.5411981856322203,4.0548626087883095,1.975549672540673,2.9589288462570567,7.658055780801206,2.841695547159575,3.535146996556259,0.6437169020137041,11.30105696295517,5.680606407422938,4.257759188400036,0.0,0.7307194320893302,0.0,3.486907805584447,5.572610793971417,3.028091345269866,0.574552688046924,3.7009587022581925,5.0752656616865535,4.7756764645532614,5.741653660513254,0.8103818146605635,3.788165780078122,2.3551598616030898,3.567025523695277,5.446489223166828,2.9861167382341116,5.670216414235226,8.757332874897575,4.141550898798652,3.9689235880597122,2.7388442937541124,3.6097739747644413,1.9469415692528709,4.909029340985541,2.1158843033257297,4.917979546931285,5.324450340109468,5.184350598654883,3.9235994172326416,4.801373659812231,2.7820205476517046,0.0,8.244655578750994,3.661596790523756,3.348056408198559,3.869623566917884,2.793103952074847,0.33828994145521873,1.9183457244217168,2.224039968510188,3.3671019111496325,1.7212744497087868,7.933566201315777,4.981573482712444,5.286757794787294,6.337747551078526,,,,,,,6.1,6.079
18,,,,,,,,,,,,,,,,,,,,,,,,,,,,,,,,,,,,,,,,,,,,,,,,,,,,,,,,,,,,,,,,,,,,,,,,,,,,,,,,,,,,,,,,,,,,,,,,,,,,,,,,,,,,,,,,,,,,,,,,,,,,,,,,,,,,,,,,,,,,,,,,,,,,,,,,,,,,,,,,,,,,,,,,,,,,,,,,,,,,,,,,,,,,,,,,,,,,,,,,,,,,,,,,,,,,,,,,,,,,,,,,,,,,,,,,,,,,,,,,,,,,,,,,,,,,,,,,,,,,,,,,,,,,,,,,,,,,,,,,,,,,,,,,,,,,,,,,,,,,,,,,,,,,,,,,,,,,7.088850744826852,16.98743043249262,10.70197828160852,5.00547334815673,14.9585816367353,4.539837334289708,3.698940455094253,12.620953435477114,15.57412698899763,4.956949369323612,9.103328641002479,3.6072078440780473,9.260679426125176,7.808377226391374,18.648079969532795,0.0,8.9326868444346,13.222267289074791,7.254623651281679,13.642404885822865,14.955851798204659,13.38971010243993,10.627860320618872,9.891543885654762,8.991147947735978,11.454963011265695,12.999324244669426,22.018263042887696,6.234036627112577,8.918773280454545,12.516830775656484,3.9223562929607225,10.688227937634803,5.808147954182853,18.964817143895417,14.08916247854199,9.786358425737134,16.79278657335932,11.787840415335575,16.908058465745164,10.802853176384586,10.69942830477309,9.23896224771557,9.425205620233594,5.866181870741023,8.785811646798338,20.21121151609926,8.405204662867172,7.955789097800132,4.018017519777022,24.07249749353354,15.807125939937677,10.016636950772,1.1491634850206245,4.55827490619603,0.0,9.558853396939327,13.971671413325824,8.052990858436704,3.382050572502029,9.898741953508774,12.952382108957464,12.061436011875596,13.638066066843637,1.5015187439701305,9.987760939743076,7.53331446528575,8.786060187853543,12.12410201442745,9.469132206639777,13.181948811543837,20.197620853911815,8.70746525786803,9.011026259908894,7.619881695642743,9.37109062468561,4.974656581723357,12.170875597678407,6.109389021723418,12.449237997212032,11.72917793436999,13.658227495822837,9.676972014123809,11.653554439164402,6.897690354060614,1.831177534013183,19.81646073689834,7.809448871635213,9.564173835961974,8.840370064179709,6.669600572654555,1.7579457302732782,7.081769623008256,5.112369846779825,7.447091272766122,6.7867724416025546,16.171499477773295,10.563366997203683,11.916429417643894,14.649091638790676,,,,,,,6.3,6.279
19,,,,,,,,,,,,,,,,,,,,,,,,,,,,,,,,,,,,,,,,,,,,,,,,,,,,,,,,,,,,,,,,,,,,,,,,,,,,,,,,,,,,,,,,,,,,,,,,,,,,,,,,,,,,,,,,,,,,,,,,,,,,,,,,,,,,,,,,,,,,,,,,,,,,,,,,,,,,,,,,,,,,,,,,,,,,,,,,,,,,,,,,,,,,,,,,,,,,,,,,,,,,,,,,,,,,,,,,,,,,,,,,,,,,,,,,,,,,,,,,,,,,,,,,,,,,,,,,,,,,,,,,,,,,,,,,,,,,,,,,,,,,,,,,,,,,,,,,,,,,,,,,,,,,,,,,,,,,16.21435375404392,27.278434487579496,14.455021196473771,12.52532987482567,23.91563570646875,12.495977748059342,7.766316004987013,19.587790385781414,28.17139777560343,10.011148414855642,17.884342085110944,11.168512553513558,16.709769148097028,13.178482061962054,32.06616021038181,0.39231512859413353,15.398447267685707,19.45622178639183,13.24170213444544,21.921919195392544,26.312028860475927,21.64038958262993,20.82818389970529,19.640912662871095,13.698823534745364,21.564425517582677,20.455990392287934,36.470056517977,11.474601979872848,17.21191317968267,24.060622289247707,12.463724350130386,19.69477649185204,8.853915593435685,29.786491161231417,24.99087688845546,15.936823626360779,29.75277291451358,17.533737166322805,26.148592613658153,20.072789632567236,19.1358478320038,19.238418325034036,17.11522376321252,11.152163262959334,17.79171322834223,35.57292119712754,17.51172734700124,16.662798555223496,9.891725879594079,38.901532613646495,30.37762979900063,15.793112142473449,1.833347699379762,10.475117355015836,0.0,13.446565162403326,24.307005666609914,22.046351813625236,8.365311697551203,18.990879826332513,25.376613791654265,22.364815863560974,23.10578834513572,5.790686704847514,17.548849331582048,15.030157049694902,14.53039449528194,20.328418503792285,16.073789849854613,21.648537453465458,33.28413207172809,17.700790995556552,17.865844882666263,13.977639715310811,17.764468624220278,8.090322592154063,21.909015482178546,11.10670879192718,23.408372811133898,17.131861057607498,23.252109906911855,14.391817484422669,18.3596958120726,14.366324329681744,9.020326601407566,33.58140656529683,11.583914238429204,18.09028476242709,14.32857573531332,13.240506371941061,6.23482179120081,14.149645015340617,9.802920716114993,17.78585755450789,10.72074959086467,26.099398653945304,18.823671295871762,19.808633647154704,23.71143548628423,,,,,,,6.0,5.979
20,,,,,,,,,,,,,,,,,,,,,,,,,,,,,,,,,,,,,,,,,,,,,,,,,,,,,,,,,,,,,,,,,,,,,,,,,,,,,,,,,,,,,,,,,,,,,,,,,,,,,,,,,,,,,,,,,,,,,,,,,,,,,,,,,,,,,,,,,,,,,,,,,,,,,,,,,,,,,,,,,,,,,,,,,,,,,,,,,,,,,,,,,,,,,,,,,,,,,,,,,,,,,,,,,,,,,,,,,,,,,,,,,,,,,,,,,,,,,,,,,,,,,,,,,,,,,,,,,,,,,,,,,,,,,,,,,,,,,,,,,,,,,,,,,,,,,,,,,,,,,,,,,,,,,,,,,,,,21.379698435222988,34.36172877013435,17.65868911127246,22.19581193070538,29.953533733453657,15.17110006127241,11.80994499153955,22.14764950922044,33.985282090987354,13.465218869928187,24.203681433826024,17.253217209375144,21.303448289256366,22.26492185586228,41.20019518259889,6.18703623366843,21.721901856870996,30.84887136486078,18.671589103765996,28.15546434991013,35.16221993023419,28.44400935407921,26.345528526804006,21.727730310887257,18.541932875806378,26.86157213172492,22.36927613527264,41.212146009662895,20.687933933230475,24.253079908231847,36.16688001542773,21.04554671152134,23.68840875717077,11.67390926224111,36.65228156705596,35.12719007337753,19.858388181047033,43.33106092760905,25.402387986572585,35.085051695263026,27.256529173105488,23.475676390191555,27.55673154633893,26.144938265481834,17.71516118441372,24.693353852289984,42.9196474070759,24.073866201579996,22.920216588452856,15.187296379648096,49.383153014361014,41.14095540080393,24.076431709844698,7.173087439460724,17.075856668219576,3.0849867064349863,16.500639480172584,30.416667333308954,31.813348421132215,11.830333903749915,29.487744149083984,33.8808370196916,28.263564938033525,31.60851857777326,10.830722821834659,21.658299894424587,22.508791238016595,21.362605477238368,29.07524899746961,24.49559092134388,32.8423069532354,39.76987261328689,32.327271018017726,27.477765186083936,21.903532198294705,25.46096781968333,13.374757691248613,25.855990201917074,14.316723566133078,31.01434458095234,21.49065056050611,31.508170156992232,21.107205907559763,23.85061216713032,20.27857473690625,16.26829324856028,41.991689181024746,17.823570469819334,27.645147496943217,15.07691689172654,16.737770076376385,11.07949893442296,22.80267269354848,18.11050040856172,25.040447143480126,12.543263260064252,36.497346886185646,28.68672006463724,28.866063070675597,26.27021128458052,,,,,,,5.6,5.579
21,,,,,,,,,,,,,,,,,,,,,,,,,,,,,,,,,,,,,,,,,,,,,,,,,,,,,,,,,,,,,,,,,,,,,,,,,,,,,,,,,,,,,,,,,,,,,,,,,,,,,,,,,,,,,,,,,,,,,,,,,,,,,,,,,,,,,,,,,,,,,,,,,,,,,,,,,,,,,,,,,,,,,,,,,,,,,,,,,,,,,,,,,,,,,,,,,,,,,,,,,,,,,,,,,,,,,,,,,,,,,,,,,,,,,,,,,,,,,,,,,,,,,,,,,,,,,,,,,,,,,,,,,,,,,,,,,,,,,,,,,,,,,,,,,,,,,,,,,,,,,,,,,,,,,,,,,,,,21.10230568915668,27.407984187805525,16.623056594443398,23.896752978097116,33.01091104319347,16.691239501135396,10.914260745525679,29.329816105305994,37.15943680179206,21.694460171694182,25.868554437634376,23.819192543832063,23.97460991149925,21.23019638926575,40.725542453994436,9.831164309256073,22.203733423692466,34.82757523159885,20.41676115813812,30.691529207360485,36.90437382184279,30.43300721077865,26.902880182363035,21.53184339544531,22.025572181598985,24.07508005436799,24.300504823555524,39.43704969667266,24.34507083611919,26.15481160544418,36.9974247442386,24.037000569694506,18.571843747885715,15.586038058535246,35.3323984472743,38.10734284039858,26.319708590233517,44.057307253624934,24.43691021845713,35.75908948353295,27.394213711058214,25.534830952698293,33.524108680446304,27.705826207996218,24.44326092584018,24.64844825583711,42.78099777134096,29.00964666802975,24.55766319026104,14.321660939991157,46.78474769155874,39.4097097108487,23.99512835708205,16.17458102048678,25.193855993566782,11.04534739183644,21.229839116881685,31.51154462675345,30.183496025643898,15.08696058132339,31.94694745227355,34.96832866346456,27.7456948682758,35.92390571225272,17.814194974958323,23.492878184625436,22.222751019047582,23.677434148096093,33.93444214944003,29.92438411265398,34.07555325871744,37.953434047587955,30.052212908716776,29.860062704988188,26.37490598252233,28.269066604706236,18.34576749607703,21.684699808783286,19.54912696496287,29.559699470186963,21.0007505862031,31.06053813176011,21.41162084572066,26.348226868606755,21.804087408821566,14.51328635300494,39.136136897158025,22.307442110965937,28.891978653977812,15.056107336655787,16.3387717095188,16.493996847815637,26.078014057570254,27.95028976988259,28.648315046190028,20.276274534090962,34.05364876471689,28.55900017911565,28.69884166507038,24.975655899989846,,,,,,,4.0,3.979
22,,,,,,,,,,,,,,,,,,,,,,,,,,,,,,,,,,,,,,,,,,,,,,,,,,,,,,,,,,,,,,,,,,,,,,,,,,,,,,,,,,,,,,,,,,,,,,,,,,,,,,,,,,,,,,,,,,,,,,,,,,,,,,,,,,,,,,,,,,,,,,,,,,,,,,,,,,,,,,,,,,,,,,,,,,,,,,,,,,,,,,,,,,,,,,,,,,,,,,,,,,,,,,,,,,,,,,,,,,,,,,,,,,,,,,,,,,,,,,,,,,,,,,,,,,,,,,,,,,,,,,,,,,,,,,,,,,,,,,,,,,,,,,,,,,,,,,,,,,,,,,,,,,,,,,,,,,,,25.141812477946225,27.565953848985288,20.759654317591433,24.00905954357794,34.52719228569752,24.190064489237717,16.422569406439077,39.044621101363326,41.91309410992359,27.667108557683726,29.794019688747554,26.854535824518464,29.324190287737693,23.626417539823763,41.99356793094774,14.205572090709124,18.257608424534297,39.67299524206302,24.78486083852653,32.8268501764894,39.86350791267432,31.145771747118552,29.50549500300279,24.217204445962885,22.125592340465317,28.572523039726626,29.703716224758043,41.76500872500654,26.70423318406537,29.20853015889594,38.775661710984885,30.446892241390483,18.196108706938904,19.756346386002303,36.58706477944388,42.539009970398986,35.878121070273195,48.02575340151754,24.692402503223203,40.60933625596156,27.68740836152871,31.823887222553402,41.285510057500176,32.80897861460732,27.063670351636826,31.74863162890436,45.44625279925373,30.594590530720403,25.165391060136873,16.717715755200118,42.636253954694816,44.49512072952156,23.6447940207986,21.604978187675272,29.84200769266057,21.336669591262684,24.01115205885595,32.52504794713138,31.75226141494715,11.934076820039888,32.59588956592246,40.74193486641497,28.56666490626516,42.61105960673828,25.096903132103368,26.04052264604087,25.183740343872014,29.71188507115886,32.88508655757042,33.861764509331366,35.27394122983567,40.176165317251765,35.27292710284263,28.637970266675268,22.250992576250944,27.903416809569286,26.24033963638765,19.349117161458377,23.025977123019096,32.493688577318395,20.6887799677488,32.52322873470233,23.701303864203922,32.940172787752644,18.049452295666406,19.37997525865982,46.467345776629145,29.328701099979348,36.6197791790885,17.240854169933673,17.861431734160192,27.685287315483098,33.35532910737056,35.72872014150563,37.78640575544959,22.93590577515019,31.16643799699194,31.683244161371196,35.265223453077844,27.545150333030037,,,,,,,3.7,3.6790000000000003
23,,,,,,,,,,,,,,,,,,,,,,,,,,,,,,,,,,,,,,,,,,,,,,,,,,,,,,,,,,,,,,,,,,,,,,,,,,,,,,,,,,,,,,,,,,,,,,,,,,,,,,,,,,,,,,,,,,,,,,,,,,,,,,,,,,,,,,,,,,,,,,,,,,,,,,,,,,,,,,,,,,,,,,,,,,,,,,,,,,,,,,,,,,,,,,,,,,,,,,,,,,,,,,,,,,,,,,,,,,,,,,,,,,,,,,,,,,,,,,,,,,,,,,,,,,,,,,,,,,,,,,,,,,,,,,,,,,,,,,,,,,,,,,,,,,,,,,,,,,,,,,,,,,,,,,,,,,,,28.54343157210051,28.857632676598275,19.504971673347676,22.242919630133866,42.20210191799935,25.662727167262197,13.497612170695062,37.618151151959836,43.076131515459444,24.905035889707104,29.51262795430282,24.00928538302451,28.352406778694924,28.542190189882856,34.013770043464085,20.77707700045094,17.976194668694706,39.41212285725687,20.21681288177117,30.74955275407662,37.88883288976891,27.99632354277994,31.309118635483173,21.816116995440996,20.789690254546898,29.843729021139577,30.076599947267898,40.01282540263156,26.28220965052705,32.50990371970183,32.65801876932116,26.415728405577383,21.285637548045003,19.866764795514335,35.725300882808874,41.38147808511863,33.614228306463424,48.09349841523391,32.76293753995713,40.86585106747112,30.014497817239608,27.90105926125201,40.757882931977065,31.39309476804379,28.42834568983603,31.5946343266394,44.43513673760415,31.725376906509965,25.183901169080094,16.302612714412675,35.40021830586676,46.63777602826114,26.67290055094604,24.847402721352772,27.182827070721995,26.353748333449623,27.244250653422938,33.00173887930245,29.151933247103944,15.149104301012496,25.258820420460363,42.46193038914606,26.28462461955889,44.22020681554693,25.833541235777794,22.543505985350965,25.311235590498864,32.7610604839258,27.876296467037786,33.46734074573741,32.21738861524284,36.85615512185936,35.217020344600144,24.809990044531794,18.104785317024465,25.443859689383558,29.83769719816526,23.821846876465933,21.637398357056636,32.864429000210976,16.083731153375993,34.717119867263484,28.099350199602103,31.121386829497617,20.657954177550227,24.464403794910794,45.028295102103044,26.039487435360694,35.71761998255011,18.85108944102665,22.299405807293166,29.06539520832637,31.943091317280835,31.02907485394816,36.663471073791584,16.943577797433992,34.34405165671121,28.695970907287432,40.688292802812285,23.039768180444636,,,,,,,3.8,3.779
24,,,,,,,,,,,,,,,,,,,,,,,,,,,,,,,,,,,,,,,,,,,,,,,,,,,,,,,,,,,,,,,,,,,,,,,,,,,,,,,,,,,,,,,,,,,,,,,,,,,,,,,,,,,,,,,,,,,,,,,,,,,,,,,,,,,,,,,,,,,,,,,,,,,,,,,,,,,,,,,,,,,,,,,,,,,,,,,,,,,,,,,,,,,,,,,,,,,,,,,,,,,,,,,,,,,,,,,,,,,,,,,,,,,,,,,,,,,,,,,,,,,,,,,,,,,,,,,,,,,,,,,,,,,,,,,,,,,,,,,,,,,,,,,,,,,,,,,,,,,,,,,,,,,,,,,,,,,,28.790755709053677,21.894427211647873,15.31308002362458,20.054643997733923,35.585221164970775,19.422922754215904,11.881305587765942,29.606789723768305,32.964669046413164,17.003081815597557,27.485696747161104,23.502966208254225,24.90466923520164,27.9285567162514,28.134734849850563,17.818213099419268,15.811686969694755,31.162605050016285,20.07816579307457,24.104459136773986,30.518687900162377,22.920196896114213,31.727231822269523,19.428404319271685,20.44106340814741,24.19153542148701,24.34474238349761,28.46220067138755,22.018329568937233,26.443368265307356,27.366695276086556,21.265540118140606,15.34802797008416,17.615182345547854,28.67417227000019,32.56503296576013,26.505667605896495,38.19867297715268,27.450112282484508,31.351801972575878,28.666586154964673,20.412763719685216,30.040054664517378,24.66724596549889,23.91351007675313,25.401788685761485,37.250608241857435,24.485949391909728,18.82045676540598,13.543151690059341,28.8134114569515,32.93411872048061,18.76542326429869,22.100331622176302,19.238909341826794,25.80163346582524,20.94691552897408,25.37864039536316,28.58466420422668,16.880274126544148,18.978441914571647,34.6874256637081,22.6997069047116,37.84140056384325,25.739241701450865,19.697344049969512,19.809186931045137,22.071295754866988,19.524103549289187,32.220523699467336,28.407954217984877,25.25291128517836,32.47740023722577,18.993145706527187,15.437389400433624,24.049801064426074,23.366643724369254,21.19645801118189,19.944091535159185,21.264901219070243,14.496580385043051,27.361080551544013,26.954316078774315,27.10740067057678,18.785250990492386,23.72881792027185,38.09812320707854,19.852949788946532,32.264192685979054,19.08536733053315,20.898466173605577,24.889645212966354,25.99510490241064,28.389017883676214,31.34425117543816,17.643361370181328,29.24388799841861,23.340204916902017,33.39754920737222,19.121936613364664,,,,,,,4.5,4.479
25,,,,,,,,,,,,,,,,,,,,,,,,,,,,,,,,,,,,,,,,,,,,,,,,,,,,,,,,,,,,,,,,,,,,,,,,,,,,,,,,,,,,,,,,,,,,,,,,,,,,,,,,,,,,,,,,,,,,,,,,,,,,,,,,,,,,,,,,,,,,,,,,,,,,,,,,,,,,,,,,,,,,,,,,,,,,,,,,,,,,,,,,,,,,,,,,,,,,,,,,,,,,,,,,,,,,,,,,,,,,,,,,,,,,,,,,,,,,,,,,,,,,,,,,,,,,,,,,,,,,,,,,,,,,,,,,,,,,,,,,,,,,,,,,,,,,,,,,,,,,,,,,,,,,,,,,,,,,18.342963269927427,11.359813129349018,6.10756069159104,14.226197308960367,18.78990442805979,11.537914801054946,6.20629596935059,15.619368026759998,18.39734989241338,9.742564675955819,17.141022317192007,15.154000624691895,13.543133511973734,15.952336840807103,19.447981004114666,10.81606735537299,12.554067867901452,19.337192205383023,13.342012537663662,15.856736495133356,14.910693215455208,12.842612327768515,18.171124445469736,11.265124619382565,14.6116129342532,14.38627313731136,15.82451294728913,14.802894703914681,13.913174172623268,16.629291314275733,15.662526799072822,15.203249330999421,10.41087985311492,12.256734034294428,15.156731053843087,17.919032059023856,15.687943874855488,23.056975608044638,17.026715749902703,18.433270906526065,17.744459947321115,11.092303561334313,16.09202238444725,14.714709330091843,13.321661772351607,15.154832184718146,21.60004196631191,14.90610661810486,10.19240460013455,7.600379093028636,17.490483879747725,19.290675820535814,12.756860563943373,14.833816920844543,13.129440235786968,14.75533271439583,10.451301772047124,15.880904628648317,19.22383921499337,10.170979187953208,11.605439178487226,20.1022390690406,17.874147905795883,18.334399573193874,18.518542744910157,12.8835271046366,13.932815281644483,10.593421111260252,11.931677443999396,19.408838370927302,17.600274862253023,14.866955880062854,19.26882855072057,12.544817444346394,11.046909942586788,14.171236969219066,15.387659964134935,10.960868860082076,12.924554621179546,13.982010148480143,9.443778588172888,15.579626907963354,17.204976928270085,16.083164324408084,10.477206067575759,13.752855825417136,21.87277076286549,12.507198135717344,16.940565695226514,12.851986519995021,14.112847475291959,14.273386998615592,16.8112051445074,16.86099166588426,16.335252762691677,12.812916784134229,17.146355225547392,12.248472790799829,18.00747001741774,12.644805445149307,,,,,,,5.1,5.079
26,,,,,,,,,,,,,,,,,,,,,,,,,,,,,,,,,,,,,,,,,,,,,,,,,,,,,,,,,,,,,,,,,,,,,,,,,,,,,,,,,,,,,,,,,,,,,,,,,,,,,,,,,,,,,,,,,,,,,,,,,,,,,,,,,,,,,,,,,,,,,,,,,,,,,,,,,,,,,,,,,,,,,,,,,,,,,,,,,,,,,,,,,,,,,,,,,,,,,,,,,,,,,,,,,,,,,,,,,,,,,,,,,,,,,,,,,,,,,,,,,,,,,,,,,,,,,,,,,,,,,,,,,,,,,,,,,,,,,,,,,,,,,,,,,,,,,,,,,,,,,,,,,,,,,,,,,,,,5.83227846882421,4.853747166303265,2.8218168125990384,5.254905855695192,6.088802393065746,3.9115303432235464,2.181673974752863,5.578283722008197,6.537573116755498,3.9420634450055605,5.428122194528868,5.138750172372314,5.118246308361842,5.775268206086874,7.1941313839115,3.7792769786828986,3.986342493881355,5.9726256033975265,4.418355902881817,4.968102171595612,3.818679006441363,4.7444216760313775,5.633855384513301,4.1417484573286565,5.1683011304294615,4.989381112965463,4.623103167158643,4.3028402230933365,4.2874192472221795,5.527417117929605,4.8450671765648625,5.640654423011345,3.5506507124464126,4.10774898479698,4.908930296907581,5.198091167634607,5.558499485884672,7.703161667905915,5.27712897620586,5.745785819702736,5.38912360250478,4.249452330678024,6.010816914194538,5.321670624704458,4.427236394007355,4.769690782021932,6.377627430570792,5.135761535666635,3.111835719838899,2.7742887559693763,5.178523973706836,6.479221180882819,3.8715444720795125,4.578762923694071,4.3000208420219765,3.946068710805882,3.542886819760755,5.669679556512635,6.0853633592030025,2.929973213204971,3.5206558330927553,6.327887840194602,5.201803129122076,5.48550260974035,6.043788463690186,3.912469129462628,4.059222235986699,3.7987359256631588,4.891380433972753,5.2897404859119295,5.188339845849848,4.419119207297771,6.430464524008363,4.066484777811752,3.864497940272268,4.423469177103146,4.335329129103599,4.3110228472246135,4.554852995809668,5.206109871656794,3.3225307247016778,5.009356861292678,4.199386483023781,6.054188457658237,2.9915416531191124,5.1898182138114235,6.210968207486703,4.393255528341694,4.5578826656461295,4.364550409069104,6.11266985395155,3.7357191548230437,5.095152038551781,5.295238371209611,5.129010321488929,4.339734057175404,5.832832239320095,3.9106849920618627,6.898454653056803,3.46425558965334,,,,,,,5.4,5.3790000000000004
27,,,,,,,,,,,,,,,,,,,,,,,,,,,,,,,,,,,,,,,,,,,,,,,,,,,,,,,,,,,,,,,,,,,,,,,,,,,,,,,,,,,,,,,,,,,,,,,,,,,,,,,,,,,,,,,,,,,,,,,,,,,,,,,,,,,,,,,,,,,,,,,,,,,,,,,,,,,,,,,,,,,,,,,,,,,,,,,,,,,,,,,,,,,,,,,,,,,,,,,,,,,,,,,,,,,,,,,,,,,,,,,,,,,,,,,,,,,,,,,,,,,,,,,,,,,,,,,,,,,,,,,,,,,,,,,,,,,,,,,,,,,,,,,,,,,,,,,,,,,,,,,,,,,,,,,,,,,,2.2369516773871734,2.253725333733122,1.35933453318351,2.163365924343291,2.425910628897923,1.4953417503474675,1.1852995722461652,1.9327906239777541,2.7559476338765148,1.8650018784434563,2.3154302531400495,2.1232293580596604,1.7849571692794062,2.1691402721379265,3.003099139131383,1.313010438213519,1.5614287603396468,2.2074890260931967,1.8800095004794513,1.8489201468047645,1.4964983757825383,2.249072133372242,2.354993336361478,1.5655686508989202,2.449026925371949,1.858501254575699,1.6955858480174553,1.840304777028991,1.6503662798976935,2.5540550601935994,1.7928122843856047,2.0837288824119518,1.566573344152438,1.5595545176471268,1.745942398602282,1.6669677684811548,2.4420945983344016,3.0557468578914087,1.759996657076108,2.056291381534586,2.302057602205223,1.8526489061737004,2.081126008084641,1.9183231941038987,1.7485160852446087,1.4571374410733609,2.3207375014338947,2.211855578800541,1.448027444934393,1.2556429529519053,1.9967664176237132,2.3757387805890966,1.5972562961780556,1.8140173624229123,2.112134679396444,1.5878831301939496,1.2583648046187572,2.311936829989346,2.450275869671535,1.3193398001322099,1.677636999567103,2.2985762717213123,1.9084228968009556,1.9665583790890497,2.068431973601974,1.4379328459796938,1.5725793714400713,1.6865369433525756,2.051675965252022,2.054597427398753,2.0071986528201715,1.9329157158928563,2.601010719324647,1.4364183558817738,1.6909170878061577,1.7876454092139094,1.8121490202922343,1.8323591946791136,1.708375047198872,2.366821439292589,1.3585503500972496,2.097627778277232,1.494900727426614,2.643629122987561,1.0394397213654945,1.7365727215944582,2.37342336966004,1.6041400776346904,1.5675767347082026,1.6766847268087264,2.4531128286641484,1.537519924692813,1.9443791136145039,2.274646913949355,2.026787116742721,1.8398786808165166,2.1399879176171757,1.8305781342279932,2.873994403484462,1.1069768585580009,,,,,,,5.9,5.8790000000000004
28,,,,,,,,,,,,,,,,,,,,,,,,,,,,,,,,,,,,,,,,,,,,,,,,,,,,,,,,,,,,,,,,,,,,,,,,,,,,,,,,,,,,,,,,,,,,,,,,,,,,,,,,,,,,,,,,,,,,,,,,,,,,,,,,,,,,,,,,,,,,,,,,,,,,,,,,,,,,,,,,,,,,,,,,,,,,,,,,,,,,,,,,,,,,,,,,,,,,,,,,,,,,,,,,,,,,,,,,,,,,,,,,,,,,,,,,,,,,,,,,,,,,,,,,,,,,,,,,,,,,,,,,,,,,,,,,,,,,,,,,,,,,,,,,,,,,,,,,,,,,,,,,,,,,,,,,,,,,0.0,0.0,0.0,0.0,0.0,0.0,0.0,0.0,0.0,0.0,0.0,0.0,0.0,0.0,0.0,0.0,0.0,0.0,0.0,0.0,0.0,0.0,0.0,0.0,0.0,0.0,0.0,0.0,0.0,0.0,0.0,0.0,0.0,0.0,0.0,0.0,0.0,0.0,0.0,0.0,0.0,0.0,0.0,0.0,0.0,0.0,0.0,0.0,0.0,0.0,0.0,0.0,0.0,0.0,0.0,0.0,0.0,0.0,0.0,0.0,0.0,0.0,0.0,0.0,0.0,0.0,0.0,0.0,0.0,0.0,0.0,0.0,0.0,0.0,0.0,0.0,0.0,0.0,0.0,0.0,0.0,0.0,0.0,0.0,0.0,0.0,0.0,0.0,0.0,0.0,0.0,0.0,0.0,0.0,0.0,0.0,0.0,0.0,0.0,0.0,,,,,,,6.4,6.3790000000000004
29,,,,,,,,,,,,,,,,,,,,,,,,,,,,,,,,,,,,,,,,,,,,,,,,,,,,,,,,,,,,,,,,,,,,,,,,,,,,,,,,,,,,,,,,,,,,,,,,,,,,,,,,,,,,,,,,,,,,,,,,,,,,,,,,,,,,,,,,,,,,,,,,,,,,,,,,,,,,,,,,,,,,,,,,,,,,,,,,,,,,,,,,,,,,,,,,,,,,,,,,,,,,,,,,,,,,,,,,,,,,,,,,,,,,,,,,,,,,,,,,,,,,,,,,,,,,,,,,,,,,,,,,,,,,,,,,,,,,,,,,,,,,,,,,,,,,,,,,,,,,,,,,,,,,,,,,,,,,0.0,0.0,0.0,0.0,0.0,0.0,0.0,0.0,0.0,0.0,0.0,0.0,0.0,0.0,0.0,0.0,0.0,0.0,0.0,0.0,0.0,0.0,0.0,0.0,0.0,0.0,0.0,0.0,0.0,0.0,0.0,0.0,0.0,0.0,0.0,0.0,0.0,0.0,0.0,0.0,0.0,0.0,0.0,0.0,0.0,0.0,0.0,0.0,0.0,0.0,0.0,0.0,0.0,0.0,0.0,0.0,0.0,0.0,0.0,0.0,0.0,0.0,0.0,0.0,0.0,0.0,0.0,0.0,0.0,0.0,0.0,0.0,0.0,0.0,0.0,0.0,0.0,0.0,0.0,0.0,0.0,0.0,0.0,0.0,0.0,0.0,0.0,0.0,0.0,0.0,0.0,0.0,0.0,0.0,0.0,0.0,0.0,0.0,0.0,0.0,,,,,,,6.3,6.279
30,,,,,,,,,,,,,,,,,,,,,,,,,,,,,,,,,,,,,,,,,,,,,,,,,,,,,,,,,,,,,,,,,,,,,,,,,,,,,,,,,,,,,,,,,,,,,,,,,,,,,,,,,,,,,,,,,,,,,,,,,,,,,,,,,,,,,,,,,,,,,,,,,,,,,,,,,,,,,,,,,,,,,,,,,,,,,,,,,,,,,,,,,,,,,,,,,,,,,,,,,,,,,,,,,,,,,,,,,,,,,,,,,,,,,,,,,,,,,,,,,,,,,,,,,,,,,,,,,,,,,,,,,,,,,,,,,,,,,,,,,,,,,,,,,,,,,,,,,,,,,,,,,,,,,,,,,,,,0.0,0.0,0.0,0.0,0.0,0.0,0.0,0.0,0.0,0.0,0.0,0.0,0.0,0.0,0.0,0.0,0.0,0.0,0.0,0.0,0.0,0.0,0.0,0.0,0.0,0.0,0.0,0.0,0.0,0.0,0.0,0.0,0.0,0.0,0.0,0.0,0.0,0.0,0.0,0.0,0.0,0.0,0.0,0.0,0.0,0.0,0.0,0.0,0.0,0.0,0.0,0.0,0.0,0.0,0.0,0.0,0.0,0.0,0.0,0.0,0.0,0.0,0.0,0.0,0.0,0.0,0.0,0.0,0.0,0.0,0.0,0.0,0.0,0.0,0.0,0.0,0.0,0.0,0.0,0.0,0.0,0.0,0.0,0.0,0.0,0.0,0.0,0.0,0.0,0.0,0.0,0.0,0.0,0.0,0.0,0.0,0.0,0.0,0.0,0.0,,,,,,,5.5,5.479
31,,,,,,,,,,,,,,,,,,,,,,,,,,,,,,,,,,,,,,,,,,,,,,,,,,,,,,,,,,,,,,,,,,,,,,,,,,,,,,,,,,,,,,,,,,,,,,,,,,,,,,,,,,,,,,,,,,,,,,,,,,,,,,,,,,,,,,,,,,,,,,,,,,,,,,,,,,,,,,,,,,,,,,,,,,,,,,,,,,,,,,,,,,,,,,,,,,,,,,,,,,,,,,,,,,,,,,,,,,,,,,,,,,,,,,,,,,,,,,,,,,,,,,,,,,,,,,,,,,,,,,,,,,,,,,,,,,,,,,,,,,,,,,,,,,,,,,,,,,,,,,,,,,,,,,,,,,,,0.0,0.0,0.0,0.0,0.0,0.0,0.0,0.0,0.0,0.0,0.0,0.0,0.0,0.0,0.0,0.0,0.0,0.0,0.0,0.0,0.0,0.0,0.0,0.0,0.0,0.0,0.0,0.0,0.0,0.0,0.0,0.0,0.0,0.0,0.0,0.0,0.0,0.0,0.0,0.0,0.0,0.0,0.0,0.0,0.0,0.0,0.0,0.0,0.0,0.0,0.0,0.0,0.0,0.0,0.0,0.0,0.0,0.0,0.0,0.0,0.0,0.0,0.0,0.0,0.0,0.0,0.0,0.0,0.0,0.0,0.0,0.0,0.0,0.0,0.0,0.0,0.0,0.0,0.0,0.0,0.0,0.0,0.0,0.0,0.0,0.0,0.0,0.0,0.0,0.0,0.0,0.0,0.0,0.0,0.0,0.0,0.0,0.0,0.0,0.0,,,,,,,4.5,4.479
32,,,,,,,,,,,,,,,,,,,,,,,,,,,,,,,,,,,,,,,,,,,,,,,,,,,,,,,,,,,,,,,,,,,,,,,,,,,,,,,,,,,,,,,,,,,,,,,,,,,,,,,,,,,,,,,,,,,,,,,,,,,,,,,,,,,,,,,,,,,,,,,,,,,,,,,,,,,,,,,,,,,,,,,,,,,,,,,,,,,,,,,,,,,,,,,,,,,,,,,,,,,,,,,,,,,,,,,,,,,,,,,,,,,,,,,,,,,,,,,,,,,,,,,,,,,,,,,,,,,,,,,,,,,,,,,,,,,,,,,,,,,,,,,,,,,,,,,,,,,,,,,,,,,,,,,,,,,,1.8220238202627594,1.3640301420700447,1.238346032406751,0.5911378533364442,0.7595622129508116,1.8013232800689267,1.0976859227935485,1.9801749802294097,0.17993841675448285,0.0,1.1811553328550866,0.5661404577779882,1.3854529019047896,1.200009100301929,2.1435897697865673,0.9297140810975514,0.9406841913689152,1.1383358832601933,1.4983827628122568,0.0,0.7362387827638732,0.0,0.5246092827215832,0.1719663763139121,1.1355270382976754,0.0,1.2945125426013666,0.0,1.9670198940276442,0.7411364029446026,1.889945938514043,0.6126322425686406,1.3508137162440048,0.5295423947979068,1.4156539642546904,1.4458174530458823,1.665352145928433,0.0,1.4924922370027263,2.337742660442067,0.48681677298315673,0.6636762574517542,1.5686716509049625,1.6054260192110665,2.161211415932028,1.4348237653872338,0.1266912343076595,2.4986882365138436,0.8497326490551451,0.28610656207070895,1.8091236585640864,1.4088838159448773,0.4708936801833288,1.3445017668848906,0.0,2.252548238831185,1.5244701268226388,0.5465359514272552,2.021006543289385,1.5559546250409557,0.34314497539580713,0.0076313116796256075,2.2064102899007203,1.798807471109662,0.6082521901307829,1.1530032991769497,0.0,0.0,0.0,0.17790221775561654,0.0,0.7871530109167935,0.33630776964562703,0.7483574985335442,0.3158625445224478,0.9315032011705857,1.957474459623047,0.0118642638794354,0.5989189509163891,0.47938914764256135,2.1003121010650743,0.4073447962614376,0.7795844701707428,1.90144297412705,0.0,1.1266953401535509,0.9134610504518353,0.40503767848649863,0.6443565323975048,0.24906681476945258,1.0501750072682625,0.0,0.3812518912811478,0.0,1.5940785987276544,0.31322327261438,1.7071972660226562,1.1599081811298426,0.11631361516281036,2.660288890737726,,,,,,,4.8,4.779
33,,,,,,,,,,,,,,,,,,,,,,,,,,,,,,,,,,,,,,,,,,,,,,,,,,,,,,,,,,,,,,,,,,,,,,,,,,,,,,,,,,,,,,,,,,,,,,,,,,,,,,,,,,,,,,,,,,,,,,,,,,,,,,,,,,,,,,,,,,,,,,,,,,,,,,,,,,,,,,,,,,,,,,,,,,,,,,,,,,,,,,,,,,,,,,,,,,,,,,,,,,,,,,,,,,,,,,,,,,,,,,,,,,,,,,,,,,,,,,,,,,,,,,,,,,,,,,,,,,,,,,,,,,,,,,,,,,,,,,,,,,,,,,,,,,,,,,,,,,,,,,,,,,,,,,,,,,,,6.908372954509216,5.080606524857275,5.13454032646206,3.2254238665650066,3.4547864333291125,6.362019906912083,4.8951234208635865,7.527920360750398,1.0364712536549474,0.0,3.9511391946868812,2.5951098321652903,5.677851303625168,4.241245189324995,8.005191868740974,4.305432464182904,3.3024775818792196,4.526891986483058,4.765597141412811,0.0,3.189015410251228,0.0,2.170842680603074,1.4560720089502004,4.281631726154451,1.0592899517420395,5.314660068787514,0.0,6.499277622458634,3.0485370646841106,7.195472290748246,2.7199683138471245,5.095103368244466,2.1319066515507643,4.698081508302791,5.0604634462878355,5.703049586555378,0.0,5.080380175399158,8.991210071380983,2.1317494643552504,2.5278002964322925,6.276944314367267,6.517584750471915,8.456427042133575,5.353400213637947,1.00418951094218,8.397212389076008,3.850560348115799,2.3216805107633176,6.36811969311637,5.621697751336276,2.61863358391393,5.228908753845571,0.0,7.631926628020914,5.269681264003748,2.46177680469845,7.4129256407565745,4.980876926923139,1.852658408088229,0.4619155647572484,8.268091808259673,6.089404960296379,2.8336125347488643,4.029302773598371,0.27962430860435195,0.7165644999814322,0.0,1.7445144258401784,0.0,4.095394285742965,1.245192573266038,3.2313837129223772,2.2865724524835267,4.044006052645689,6.622940113257581,0.6641069929279055,2.9397141185542752,2.329276793283425,7.292200786691236,2.592626431728692,3.274997654622189,7.060445253092858,0.0,4.2460122631185815,3.87301671549002,1.5192207831796605,2.8616055346082288,2.1534673736134256,3.8113438410617593,0.0,1.463942893096902,0.0,5.603063976827106,2.0873431469858796,6.011461673321674,3.8374134682402987,1.1322370378320596,9.374788530855371,,,,,,,6.1,6.079
34,,,,,,,,,,,,,,,,,,,,,,,,,,,,,,,,,,,,,,,,,,,,,,,,,,,,,,,,,,,,,,,,,,,,,,,,,,,,,,,,,,,,,,,,,,,,,,,,,,,,,,,,,,,,,,,,,,,,,,,,,,,,,,,,,,,,,,,,,,,,,,,,,,,,,,,,,,,,,,,,,,,,,,,,,,,,,,,,,,,,,,,,,,,,,,,,,,,,,,,,,,,,,,,,,,,,,,,,,,,,,,,,,,,,,,,,,,,,,,,,,,,,,,,,,,,,,,,,,,,,,,,,,,,,,,,,,,,,,,,,,,,,,,,,,,,,,,,,,,,,,,,,,,,,,,,,,,,,16.743609973953667,11.547497221074103,12.379115608329098,8.54797412428817,10.196520345768672,14.955301678307372,13.640947874198403,17.399359083108408,4.056649620119163,0.5491706520319672,9.969097287584086,7.97879574256487,13.831447418951688,10.766368615334406,18.5851102956179,12.505418994522689,7.257204038195619,12.340877221171148,11.125313081032717,0.0,7.852369627054382,0.0,6.097097767469791,3.4815840623932184,10.563458305769606,3.0512977323843424,11.752885325500912,2.4250984930261446,15.541225670517779,8.01289434171593,16.19850486982477,7.795492473102366,12.345297703314577,6.374206654121284,11.406384337326383,11.434647641129292,11.555655952569591,0.0,11.098252234510603,20.783493959606155,7.183399353689158,6.641067254296682,14.703662622145245,16.389552846131387,18.93708626756066,13.834555003280155,2.954064968051495,20.138116720970125,10.140802740742075,7.7853478791490005,15.08888611051065,13.523214365325153,7.259809945616251,12.4417884502069,1.516217764741029,16.442063943880925,13.792872725575416,6.6622828708863215,17.633718012633615,12.35718301241922,6.543216757828059,1.9507910411733043,20.453924080915662,14.672105157119786,6.804191024669245,11.742371505311018,1.2768241313390627,3.686580622880041,2.1618853803200286,5.392323524884123,2.330569065475654,9.65350788013896,4.62092346728509,7.094987556976646,5.155293452514184,10.943492590317508,14.957909739712703,3.272449256039216,8.47062794292517,6.398921159850712,15.5055054824718,7.363891915899492,8.821665644596917,15.338929377523481,0.8665767920846212,10.364957476662253,10.335277376219976,6.165059451842275,6.552593511452118,7.9857146035042454,9.533948439119534,0.0,4.171473473848096,0.0,12.948276435513769,6.919759996969416,12.39073676119975,9.111524640773931,5.503558460095249,19.614080742118574,,,,,,,6.3,6.279
35,,,,,,,,,,,,,,,,,,,,,,,,,,,,,,,,,,,,,,,,,,,,,,,,,,,,,,,,,,,,,,,,,,,,,,,,,,,,,,,,,,,,,,,,,,,,,,,,,,,,,,,,,,,,,,,,,,,,,,,,,,,,,,,,,,,,,,,,,,,,,,,,,,,,,,,,,,,,,,,,,,,,,,,,,,,,,,,,,,,,,,,,,,,,,,,,,,,,,,,,,,,,,,,,,,,,,,,,,,,,,,,,,,,,,,,,,,,,,,,,,,,,,,,,,,,,,,,,,,,,,,,,,,,,,,,,,,,,,,,,,,,,,,,,,,,,,,,,,,,,,,,,,,,,,,,,,,,,26.246132661352206,22.857223014965413,18.330081789576997,19.403792080317267,18.250836663545897,27.115042474973713,25.933747030759598,27.945306413750593,9.18345831006922,1.4617393510681835,15.106848932809255,15.511946467861913,24.39103117625261,19.059485611090015,31.02291931715139,21.70560449621066,18.702890644239254,22.20974806253539,20.83503805585905,0.0,14.94803980750738,1.4301337461279444,17.15917539161445,10.042821310189755,21.793605613544,6.139980216335809,20.95093677525256,9.488528597485661,25.661893620682385,12.643982171310295,25.002262272769904,15.596300681453434,26.415195695582767,12.096481944314593,18.430851665019656,21.060333881882464,19.228925750364027,0.0,21.065428579929662,35.16052555705018,12.688761963322909,14.41979026813348,26.01297072560515,27.744096312651862,27.72176245328566,23.221865706977464,7.382447509570314,33.91198311569978,19.225991807814015,16.504075922664484,28.58624953666381,23.248001737050046,9.865502728304396,21.54496412952402,8.496959648967435,28.333894054119348,21.331565468811604,13.911891415242359,26.250421401693703,26.03883867721029,12.985284440820948,4.739804849418999,36.087468322874244,23.965945504283127,15.04711991018803,17.287052261683236,3.73632760182788,7.640691071637141,3.526905157548716,13.047650346527465,6.607964707847822,17.24470028615015,6.4688693654916545,14.184183715299971,12.879442195770556,18.8446585863322,27.72532797795619,9.047844072200075,11.259699733274154,10.83307645172385,25.04388807568279,16.147141282892918,17.109566548769823,24.457657660498302,5.292094246622093,18.8752504483202,17.25815486309445,12.017458740645205,10.715948252343367,15.178954132581605,17.414185225787175,0.5802739691307546,11.051687530200619,1.8583446712282463,22.101519584822945,17.695771990210435,19.643970931328152,16.480227012445454,13.008172841251765,31.026072002019518,,,,,,,6.0,5.979
36,,,,,,,,,,,,,,,,,,,,,,,,,,,,,,,,,,,,,,,,,,,,,,,,,,,,,,,,,,,,,,,,,,,,,,,,,,,,,,,,,,,,,,,,,,,,,,,,,,,,,,,,,,,,,,,,,,,,,,,,,,,,,,,,,,,,,,,,,,,,,,,,,,,,,,,,,,,,,,,,,,,,,,,,,,,,,,,,,,,,,,,,,,,,,,,,,,,,,,,,,,,,,,,,,,,,,,,,,,,,,,,,,,,,,,,,,,,,,,,,,,,,,,,,,,,,,,,,,,,,,,,,,,,,,,,,,,,,,,,,,,,,,,,,,,,,,,,,,,,,,,,,,,,,,,,,,,,,29.90278900642476,30.178609349089008,27.04549579096824,25.51951424255786,24.38895319971983,36.578363407227634,34.581749743407734,37.19374863660122,17.42335557240593,7.9941145178420046,23.2367304890562,25.514917208159016,30.693919386339243,25.032792505235214,39.205016774483006,24.0639462357638,24.406330753896246,30.006995705385975,28.85129431088314,0.0,25.083105770865348,10.129493347408925,26.047300440972737,14.03243223500045,29.342648663112158,10.971604079968046,27.11537475902611,14.92185214492922,29.06746853187585,16.16783858105148,29.271558223453326,22.354104029022437,37.294341266577796,15.571179890475289,23.577577982595738,30.730441445000366,27.27341172800483,3.565171454303248,30.15038381838885,42.5070633717894,16.383052082926106,22.90047844267106,34.53639382585141,36.826265197474264,35.61088250344538,28.844712695954478,12.000729941437585,44.750187205621835,27.84965711106246,19.1517050852976,39.872105103105035,26.270060251562217,18.208321749106528,28.32515068163782,15.616084975966753,37.43304485674555,25.707492748209575,21.6600196890194,33.1331180178753,37.166753400747574,14.324256046225075,13.446277222689067,44.21482832707032,29.62314365187192,23.9858809767,26.08823788708976,5.849754053980371,14.755546668831881,6.277744814846686,22.891971193320497,12.031069303591277,24.71532799472682,11.918344711194113,22.440689373439422,21.891434705500654,25.662531353303837,37.31235772773003,18.055598167855084,18.16965432445543,17.14379819678556,36.36326569834376,25.60426606524249,21.816312187878477,31.638457324071222,10.8219321544187,29.012997709839322,22.666990010486565,14.318891510379967,17.486867506219617,24.19840525395519,29.90735569162814,4.556143177823923,15.598373615666311,4.824062737732376,27.770154443365747,24.48479686542453,24.424263582287864,22.747662163100678,21.242137470916905,39.07824395305565,,,,,,,5.6,5.579
37,,,,,,,,,,,,,,,,,,,,,,,,,,,,,,,,,,,,,,,,,,,,,,,,,,,,,,,,,,,,,,,,,,,,,,,,,,,,,,,,,,,,,,,,,,,,,,,,,,,,,,,,,,,,,,,,,,,,,,,,,,,,,,,,,,,,,,,,,,,,,,,,,,,,,,,,,,,,,,,,,,,,,,,,,,,,,,,,,,,,,,,,,,,,,,,,,,,,,,,,,,,,,,,,,,,,,,,,,,,,,,,,,,,,,,,,,,,,,,,,,,,,,,,,,,,,,,,,,,,,,,,,,,,,,,,,,,,,,,,,,,,,,,,,,,,,,,,,,,,,,,,,,,,,,,,,,,,,30.00611869567566,35.56361314901126,30.0742965084184,22.776470007264507,30.107301929065844,34.870074654434525,32.33809889728182,35.80048124271907,17.466871791153217,6.934081287924814,23.516847733919576,28.854172101194564,34.09117118664776,24.52168813132871,34.143445440323944,26.725260697878646,26.03642492682619,35.36076025625831,27.421575229664903,3.5387210126447712,27.046204193925327,17.17410704191844,31.57342227033491,16.87064243718151,28.30361262742011,21.77687038095785,28.054107145775674,12.941331960611208,32.74443691636821,22.94578500097374,30.276396318253582,26.734373879143224,40.85716285622469,20.188678256574782,31.944184254807826,31.285747987991833,33.00838551175832,8.875414623645929,37.372766825967524,41.386477518831036,16.61609963783838,24.778466241317144,36.5281009608651,40.163644067615216,37.654176673160876,28.31828671987764,15.103303155295484,40.884951993282414,32.83439894833789,22.432421788904666,41.71130684532211,19.062791140870214,26.158283662394158,30.18360094463214,14.326733246111965,37.32519522830475,25.58768321812798,25.935948149654052,31.08242738232019,40.466240743810104,16.14969709035447,19.991112839826993,38.53373532393511,32.13349616767267,26.35531359447314,27.678215358095258,7.023892799885644,20.365127953821712,8.766081207990766,30.870228061669163,14.291340313146103,30.12434863469,19.509405381925816,21.828923905514202,24.472959050511292,25.104684937283725,38.64127471654425,19.894897031024993,19.031039839560123,21.50728974610304,40.32540950922279,30.96179596804543,22.392276751185,34.53310400105397,16.540229598426247,28.040291930978697,24.42503306026408,14.5353267334385,22.666441660791236,27.473130642089476,37.116817639827275,11.018926604781646,16.381718568841652,5.534042906157589,31.137125765061825,26.586767558546835,26.782860599459777,25.311880398661813,23.15433267584317,38.460459283368614,,,,,,,4.0,3.979
38,,,,,,,,,,,,,,,,,,,,,,,,,,,,,,,,,,,,,,,,,,,,,,,,,,,,,,,,,,,,,,,,,,,,,,,,,,,,,,,,,,,,,,,,,,,,,,,,,,,,,,,,,,,,,,,,,,,,,,,,,,,,,,,,,,,,,,,,,,,,,,,,,,,,,,,,,,,,,,,,,,,,,,,,,,,,,,,,,,,,,,,,,,,,,,,,,,,,,,,,,,,,,,,,,,,,,,,,,,,,,,,,,,,,,,,,,,,,,,,,,,,,,,,,,,,,,,,,,,,,,,,,,,,,,,,,,,,,,,,,,,,,,,,,,,,,,,,,,,,,,,,,,,,,,,,,,,,,29.568543292843916,36.57960750207851,34.505770068156814,26.073843832552786,32.78947702331603,37.32214419077971,31.704774408141045,41.95093428700088,21.854965768492843,11.548758368336632,29.124926227056083,30.30899962244938,36.50628948196061,32.968470455753916,34.24531024807683,21.84911846370936,30.843313947885747,39.56957900113193,30.471573299704133,5.109782432824708,30.113165735266087,24.618243103754047,27.011895633359707,20.531827188892898,33.90954458144787,25.742174107034607,29.140595441759423,11.881646774450967,41.58863124533338,22.129911129017454,34.38847556882856,29.207169411478823,47.56091225471049,25.073723208611934,39.876325447666225,36.990470517381894,36.428370118747225,13.572137846693836,39.736691318649164,42.110157194706915,23.56373077811855,22.29644590715442,40.05667422501503,41.44355998098375,39.09391500140998,30.362554060649874,18.33902312317921,42.20681127128479,34.47353232580331,25.21582339709544,44.13067087511671,24.335908960870025,35.43647768016256,35.54052161741491,16.75633867867142,41.73084759358993,32.3508398565953,24.65235317379181,28.83805985729612,40.64181381009189,18.802984821953245,23.386683362683353,37.247672995341134,32.67023538258536,23.075858400650596,30.223961362869414,11.804302370251516,27.416536825643064,13.014529667530262,34.63913126996602,18.890030244814817,35.26480711172013,28.009831326389232,23.63467645836651,31.582477182215747,27.566938373406256,38.29797182448915,23.36077762977081,28.345661642879456,21.56396660032501,47.08593070151209,37.86044448800276,22.89775709763182,36.262681936627374,23.915021529492385,24.209428706364605,24.12703490640931,19.885177784324362,21.94664942393499,25.697109418590703,39.62491608550604,13.423092022824477,21.83841760206265,12.965890066386471,32.78018263646551,28.37042044609298,28.335450645798673,28.057347536785755,24.197578778457775,38.14894224765585,,,,,,,3.7,3.6790000000000003
39,,,,,,,,,,,,,,,,,,,,,,,,,,,,,,,,,,,,,,,,,,,,,,,,,,,,,,,,,,,,,,,,,,,,,,,,,,,,,,,,,,,,,,,,,,,,,,,,,,,,,,,,,,,,,,,,,,,,,,,,,,,,,,,,,,,,,,,,,,,,,,,,,,,,,,,,,,,,,,,,,,,,,,,,,,,,,,,,,,,,,,,,,,,,,,,,,,,,,,,,,,,,,,,,,,,,,,,,,,,,,,,,,,,,,,,,,,,,,,,,,,,,,,,,,,,,,,,,,,,,,,,,,,,,,,,,,,,,,,,,,,,,,,,,,,,,,,,,,,,,,,,,,,,,,,,,,,,,25.397240801417457,36.47117958731971,32.63058117226229,24.009133070280008,32.737525132965516,33.13963692612328,26.137395537855053,41.48981665068886,21.322925751441716,15.913372039790854,32.98641545469263,31.27523379161054,35.478127211885194,37.82232287668121,37.599768633228486,20.949895469162126,22.985550347560228,37.71944181523597,33.50508662494239,5.38717210020144,30.26302697332885,25.054184279251956,28.610538798819032,19.396021337000008,31.7551339632086,30.407222827288436,30.90654284709672,16.241793245531802,39.27059720040507,22.87321223954344,34.85168130115379,24.531562432801195,43.70155140759163,30.691903842497197,37.075318365730354,35.59356324355188,34.49288587475192,21.35284313087646,36.34436071685417,40.42311619307769,21.053847897210105,21.7212565710676,40.998081347970604,42.273613617067674,34.55136500422067,27.289062839921677,20.039249470652074,35.825241058907,30.93217382830663,24.90143267847236,45.08907724344483,22.024820130814422,38.55461136467902,37.57011335845114,22.38057717291185,42.27014848323777,27.494870934824515,25.269673056626132,25.769471105519415,40.9508377610675,19.80409764964528,23.4895483794678,34.46884177957703,31.179450760847512,23.327250091986077,33.31953288881186,16.397735964632716,29.34097476725714,21.900057533720606,34.491539310401286,19.36500352119152,36.04502310054854,22.991629142180468,27.191750056057565,33.214449614253134,23.3109366869707,38.56020456413455,22.731147235858998,33.40768516770781,19.97405258937551,43.29440123589256,37.47461657344066,26.3601085857647,35.199258205987626,23.371200457927838,21.889641538746623,22.68575252641712,24.516279693584423,24.09970044625053,21.264062282151876,41.3359789362928,20.618649890889483,24.29314840810848,20.83391505713395,36.161564945503876,25.32613959331939,27.4196639151574,25.632439342754125,27.385943587871374,41.18770857885617,,,,,,,3.8,3.779
40,,,,,,,,,,,,,,,,,,,,,,,,,,,,,,,,,,,,,,,,,,,,,,,,,,,,,,,,,,,,,,,,,,,,,,,,,,,,,,,,,,,,,,,,,,,,,,,,,,,,,,,,,,,,,,,,,,,,,,,,,,,,,,,,,,,,,,,,,,,,,,,,,,,,,,,,,,,,,,,,,,,,,,,,,,,,,,,,,,,,,,,,,,,,,,,,,,,,,,,,,,,,,,,,,,,,,,,,,,,,,,,,,,,,,,,,,,,,,,,,,,,,,,,,,,,,,,,,,,,,,,,,,,,,,,,,,,,,,,,,,,,,,,,,,,,,,,,,,,,,,,,,,,,,,,,,,,,,21.15887483805196,29.308625033988378,25.072105857263082,19.433057642392082,28.001709711656968,25.548590930920966,25.404582633721407,34.87354153106262,13.013402650840428,18.45622615990866,30.099181801169365,28.2668607773841,27.218384738660905,34.44588859387441,31.775331407200746,22.705955929645512,18.71261081257459,27.63130747791192,27.2762103364233,8.454497066816632,27.947674699616453,23.70531638278291,26.882676401479177,15.708980209095088,23.849389022757787,25.398306222794826,25.843624944462885,10.654968529796777,31.15911625724242,21.069198492600883,30.517057068858644,21.438132870271275,32.66804440301868,25.90393466961357,28.35856897127388,28.27786516393389,30.38761510771435,21.067668203281762,34.45052810219976,35.1478170153558,19.49012556139344,18.471714656800902,29.224994003854217,36.68461354232662,27.66871327110259,22.205737666019722,13.282458321370601,27.709518253820885,23.28436951810606,19.12970510519415,34.66139005684269,17.71437482731776,31.795310421323027,31.99829662171582,23.803377614039675,38.11166400336873,21.579128272303915,24.471200724366376,21.361224846094508,36.57212784390449,11.118015627346328,22.767580955862837,25.482098059166525,25.28211916042612,23.353397139003043,27.4031279548801,16.86497833027803,22.46488550508705,23.869848488428783,25.972457099558806,17.103762637169513,34.60790498937198,20.379080752561663,22.978105833688712,24.901713406535528,16.462785713804113,28.371400826367644,20.009990647426267,24.255946326891863,20.608849199026086,35.41141286284027,29.83309808423083,24.142084633517236,32.73597952688474,20.24311889879599,21.37877128055641,20.139793178773257,23.61796757764905,22.595775316562325,19.874866246663537,34.72416661026728,20.102310208097045,16.747415738649106,17.054802434014814,29.7249994622523,16.48108179039632,22.664916978043887,21.499846322969553,20.587113800014688,35.010214668806555,,,,,,,4.5,4.479
41,,,,,,,,,,,,,,,,,,,,,,,,,,,,,,,,,,,,,,,,,,,,,,,,,,,,,,,,,,,,,,,,,,,,,,,,,,,,,,,,,,,,,,,,,,,,,,,,,,,,,,,,,,,,,,,,,,,,,,,,,,,,,,,,,,,,,,,,,,,,,,,,,,,,,,,,,,,,,,,,,,,,,,,,,,,,,,,,,,,,,,,,,,,,,,,,,,,,,,,,,,,,,,,,,,,,,,,,,,,,,,,,,,,,,,,,,,,,,,,,,,,,,,,,,,,,,,,,,,,,,,,,,,,,,,,,,,,,,,,,,,,,,,,,,,,,,,,,,,,,,,,,,,,,,,,,,,,,12.816977719101613,16.556579955391367,11.466295033982373,11.755453939506888,18.63443320268948,14.478827400344432,15.353072142379068,19.304596815237396,9.866362577074261,13.380532507750736,18.445929386423906,15.327911800043989,17.445658208590775,19.197536201656042,19.516779205170355,13.681110490034998,12.892475943800575,14.935521670149726,15.171112103247284,7.703339391734803,16.432594031041987,15.11365456492466,15.559305255029162,11.758541987468773,12.955078543225346,14.81871690839916,15.87890863712167,7.447606571462208,17.127204964613945,13.664112161369914,17.22266551817961,13.040699858545775,19.17425633987079,15.374907354012876,14.663370991200786,15.306703837251508,17.98155848610745,11.642161482877402,20.434487894121006,21.236266513492083,12.07430682180916,8.614096694192506,15.785211558825194,21.95871004139582,16.05735068416786,13.542263256991168,10.129169896925205,16.383153682635125,11.716489151945757,12.658957595314074,16.935904734877493,12.285302045289603,20.125888917523405,18.16665179576909,16.116684024086894,20.0299038287099,16.463703941740963,16.11573965573946,12.86915261739792,19.568611486586782,7.5441617478367675,14.602956337517547,14.479715218944342,14.742570118285757,14.997107051570564,14.687429520490502,11.997119903981961,12.793878132905704,12.651081700724957,14.153137698492744,11.53006250917137,17.972065293328104,12.25888746540535,12.623686620347558,13.119613736510757,11.360367935402857,16.621735355411804,13.928296249719395,12.868238595484726,14.613911948504054,17.66566493785692,18.393740021603232,13.86124472646389,19.082484405683413,13.04355688804121,12.678468583405808,10.836999276445828,16.496144062946286,13.406110384115271,14.05283112175059,21.221952622624244,11.502357113830692,11.773152976298983,10.781580240856085,15.769985066740873,13.35866012754561,12.82853413789023,14.204670207005472,9.265337501713551,17.843931824486333,,,,,,,5.1,5.079
42,,,,,,,,,,,,,,,,,,,,,,,,,,,,,,,,,,,,,,,,,,,,,,,,,,,,,,,,,,,,,,,,,,,,,,,,,,,,,,,,,,,,,,,,,,,,,,,,,,,,,,,,,,,,,,,,,,,,,,,,,,,,,,,,,,,,,,,,,,,,,,,,,,,,,,,,,,,,,,,,,,,,,,,,,,,,,,,,,,,,,,,,,,,,,,,,,,,,,,,,,,,,,,,,,,,,,,,,,,,,,,,,,,,,,,,,,,,,,,,,,,,,,,,,,,,,,,,,,,,,,,,,,,,,,,,,,,,,,,,,,,,,,,,,,,,,,,,,,,,,,,,,,,,,,,,,,,,,3.875594040073686,5.439928494042227,3.4040996198975164,5.035299439766505,5.570272193251979,5.184122059958619,4.964759780190172,5.9904127191157475,4.211986422127191,5.183685105853889,5.807484549510205,4.6555757505657,6.0546146043690126,5.286611821457356,6.68993416681143,4.892264863567748,4.05072480818311,4.79930966418835,3.9344437708105935,2.843670299679953,5.624894076805837,4.755205359443492,5.065753765629952,4.72310749455365,4.186363474146387,5.115339881622726,5.110938044913739,2.7843562739738745,5.9291533815790896,4.420491486564057,5.575436990451971,3.9665714577963316,5.530983142900908,5.113586155952681,3.909666183188292,4.91167074530461,6.202636764333404,3.6587105588088824,6.342738414648742,6.444793644201081,3.598967894631965,3.124611422357911,4.575306786073117,7.125261971011776,5.224356306710469,4.660485937051045,3.683856647883586,5.163999083240281,4.691947665418191,3.994012142274191,4.469207976811252,4.0793050073564565,5.8319949294064255,6.890796514030476,5.891404348780727,5.79076542664462,5.81454975145709,5.2608523870775725,4.288689762392563,6.169120096690367,2.6826540895556494,3.793107798311523,4.4908209310518306,5.466486274529051,5.338054134900738,4.681642972884607,4.493784993807101,4.208786472354663,4.473771507578523,4.753748868554702,4.574089158090832,5.3004623464534,3.89074415416254,3.6732100722040495,4.024258441646719,4.1998792244076295,6.014455848089671,4.826039295655716,4.631510010424419,4.893522668200959,6.381734922220632,6.271740323571756,5.487767967710918,6.3568307955553385,4.043406920641596,5.009149658535399,3.32341660099136,5.7025357980123434,4.700784286091623,4.428535347366188,6.551027890231291,3.090792762738974,3.4804844359964235,3.4126510647777435,5.223655969146428,4.323322519292081,3.3721405957267736,4.1792355892929045,3.2574383775352174,6.000487207197493,,,,,,,5.4,5.3790000000000004
43,,,,,,,,,,,,,,,,,,,,,,,,,,,,,,,,,,,,,,,,,,,,,,,,,,,,,,,,,,,,,,,,,,,,,,,,,,,,,,,,,,,,,,,,,,,,,,,,,,,,,,,,,,,,,,,,,,,,,,,,,,,,,,,,,,,,,,,,,,,,,,,,,,,,,,,,,,,,,,,,,,,,,,,,,,,,,,,,,,,,,,,,,,,,,,,,,,,,,,,,,,,,,,,,,,,,,,,,,,,,,,,,,,,,,,,,,,,,,,,,,,,,,,,,,,,,,,,,,,,,,,,,,,,,,,,,,,,,,,,,,,,,,,,,,,,,,,,,,,,,,,,,,,,,,,,,,,,,1.6119290865782059,2.0091080113905955,1.216418809345284,2.2117665939637967,2.0794016228809085,2.4407341521477544,1.630361586527851,2.137748378279302,1.601447795016644,2.460313639457592,2.27496790186218,1.650061657030719,2.3967136100082467,1.9382517323817807,2.161424675213084,2.0957222385805188,1.872376677407283,1.9448572460706064,1.562281061086771,1.2424968161233934,2.3225805815108824,1.8948342212533154,2.078732275182315,1.7743913450836044,1.8133296259834253,1.812433845211205,2.1045073255495135,1.2117032939874455,2.5214038727309314,1.6805796543795073,2.490033601410953,1.4679720260512825,2.062765297451994,2.3632113369453362,1.5293749756169046,1.4530204587302629,2.2670379830143843,1.659047324207074,2.2631891896115257,2.0626708345135416,1.5978878669697472,1.4923620359846927,1.631816765591842,2.5043092672955787,2.243795163871477,2.0841055492481777,1.5074948414479907,1.8307956919188029,2.109622793258453,1.9588978130005887,1.7472255837758386,1.7786907423162437,2.2199494999433464,2.6258501903544875,2.6184751600373746,2.4027328755568527,2.3366715688093427,2.194371954795483,1.586135925625354,2.383598511108733,1.5661035535983525,0.9435121753899589,2.037172916472072,2.0805465420460867,2.306169298657186,1.75021502680399,1.4765976783596972,2.1469741077871736,1.8078611487553826,1.8596790927742586,1.9235998271490589,1.7343929562357459,1.7585245550420536,1.142551819455096,1.5850416301677535,2.080327276692558,2.152640204776826,2.458188321458117,2.0197766522348783,2.3065864672571625,2.1775453201528276,2.152890076818777,2.152752683537934,2.5142720336758937,1.4424839256106252,2.1843562766197673,1.2485054582907809,2.3270881120636986,1.8206435236855283,1.7277401198892046,2.3218459513229006,1.1739073007965461,1.2736742324572168,1.4620122980981662,2.032591688050917,1.885158188689105,1.2010358423057794,1.893317281444947,1.7256670716990288,2.387499765721844,,,,,,,5.9,5.8790000000000004
44,,,,,,,,,,,,,,,,,,,,,,,,,,,,,,,,,,,,,,,,,,,,,,,,,,,,,,,,,,,,,,,,,,,,,,,,,,,,,,,,,,,,,,,,,,,,,,,,,,,,,,,,,,,,,,,,,,,,,,,,,,,,,,,,,,,,,,,,,,,,,,,,,,,,,,,,,,,,,,,,,,,,,,,,,,,,,,,,,,,,,,,,,,,,,,,,,,,,,,,,,,,,,,,,,,,,,,,,,,,,,,,,,,,,,,,,,,,,,,,,,,,,,,,,,,,,,,,,,,,,,,,,,,,,,,,,,,,,,,,,,,,,,,,,,,,,,,,,,,,,,,,,,,,,,,,,,,,,0.0,0.0,0.0,0.0,0.0,0.0,0.0,0.0,0.0,0.0,0.0,0.0,0.0,0.0,0.0,0.0,0.0,0.0,0.0,0.0,0.0,0.0,0.0,0.0,0.0,0.0,0.0,0.0,0.0,0.0,0.0,0.0,0.0,0.0,0.0,0.0,0.0,0.0,0.0,0.0,0.0,0.0,0.0,0.0,0.0,0.0,0.0,0.0,0.0,0.0,0.0,0.0,0.0,0.0,0.0,0.0,0.0,0.0,0.0,0.0,0.0,0.0,0.0,0.0,0.0,0.0,0.0,0.0,0.0,0.0,0.0,0.0,0.0,0.0,0.0,0.0,0.0,0.0,0.0,0.0,0.0,0.0,0.0,0.0,0.0,0.0,0.0,0.0,0.0,0.0,0.0,0.0,0.0,0.0,0.0,0.0,0.0,0.0,0.0,0.0,,,,,,,6.4,6.3790000000000004
45,,,,,,,,,,,,,,,,,,,,,,,,,,,,,,,,,,,,,,,,,,,,,,,,,,,,,,,,,,,,,,,,,,,,,,,,,,,,,,,,,,,,,,,,,,,,,,,,,,,,,,,,,,,,,,,,,,,,,,,,,,,,,,,,,,,,,,,,,,,,,,,,,,,,,,,,,,,,,,,,,,,,,,,,,,,,,,,,,,,,,,,,,,,,,,,,,,,,,,,,,,,,,,,,,,,,,,,,,,,,,,,,,,,,,,,,,,,,,,,,,,,,,,,,,,,,,,,,,,,,,,,,,,,,,,,,,,,,,,,,,,,,,,,,,,,,,,,,,,,,,,,,,,,,,,,,,,,,0.0,0.0,0.0,0.0,0.0,0.0,0.0,0.0,0.0,0.0,0.0,0.0,0.0,0.0,0.0,0.0,0.0,0.0,0.0,0.0,0.0,0.0,0.0,0.0,0.0,0.0,0.0,0.0,0.0,0.0,0.0,0.0,0.0,0.0,0.0,0.0,0.0,0.0,0.0,0.0,0.0,0.0,0.0,0.0,0.0,0.0,0.0,0.0,0.0,0.0,0.0,0.0,0.0,0.0,0.0,0.0,0.0,0.0,0.0,0.0,0.0,0.0,0.0,0.0,0.0,0.0,0.0,0.0,0.0,0.0,0.0,0.0,0.0,0.0,0.0,0.0,0.0,0.0,0.0,0.0,0.0,0.0,0.0,0.0,0.0,0.0,0.0,0.0,0.0,0.0,0.0,0.0,0.0,0.0,0.0,0.0,0.0,0.0,0.0,0.0,,,,,,,6.3,6.279
46,,,,,,,,,,,,,,,,,,,,,,,,,,,,,,,,,,,,,,,,,,,,,,,,,,,,,,,,,,,,,,,,,,,,,,,,,,,,,,,,,,,,,,,,,,,,,,,,,,,,,,,,,,,,,,,,,,,,,,,,,,,,,,,,,,,,,,,,,,,,,,,,,,,,,,,,,,,,,,,,,,,,,,,,,,,,,,,,,,,,,,,,,,,,,,,,,,,,,,,,,,,,,,,,,,,,,,,,,,,,,,,,,,,,,,,,,,,,,,,,,,,,,,,,,,,,,,,,,,,,,,,,,,,,,,,,,,,,,,,,,,,,,,,,,,,,,,,,,,,,,,,,,,,,,,,,,,,,0.0,0.0,0.0,0.0,0.0,0.0,0.0,0.0,0.0,0.0,0.0,0.0,0.0,0.0,0.0,0.0,0.0,0.0,0.0,0.0,0.0,0.0,0.0,0.0,0.0,0.0,0.0,0.0,0.0,0.0,0.0,0.0,0.0,0.0,0.0,0.0,0.0,0.0,0.0,0.0,0.0,0.0,0.0,0.0,0.0,0.0,0.0,0.0,0.0,0.0,0.0,0.0,0.0,0.0,0.0,0.0,0.0,0.0,0.0,0.0,0.0,0.0,0.0,0.0,0.0,0.0,0.0,0.0,0.0,0.0,0.0,0.0,0.0,0.0,0.0,0.0,0.0,0.0,0.0,0.0,0.0,0.0,0.0,0.0,0.0,0.0,0.0,0.0,0.0,0.0,0.0,0.0,0.0,0.0,0.0,0.0,0.0,0.0,0.0,0.0,,,,,,,5.5,5.479
47,,,,,,,,,,,,,,,,,,,,,,,,,,,,,,,,,,,,,,,,,,,,,,,,,,,,,,,,,,,,,,,,,,,,,,,,,,,,,,,,,,,,,,,,,,,,,,,,,,,,,,,,,,,,,,,,,,,,,,,,,,,,,,,,,,,,,,,,,,,,,,,,,,,,,,,,,,,,,,,,,,,,,,,,,,,,,,,,,,,,,,,,,,,,,,,,,,,,,,,,,,,,,,,,,,,,,,,,,,,,,,,,,,,,,,,,,,,,,,,,,,,,,,,,,,,,,,,,,,,,,,,,,,,,,,,,,,,,,,,,,,,,,,,,,,,,,,,,,,,,,,,,,,,,,,,,,,,,0.0,0.0,0.0,0.0,0.0,0.0,0.0,0.0,0.0,0.0,0.0,0.0,0.0,0.0,0.0,0.0,0.0,0.0,0.0,0.0,0.0,0.0,0.0,0.0,0.0,0.0,0.0,0.0,0.0,0.0,0.0,0.0,0.0,0.0,0.0,0.0,0.0,0.0,0.0,0.0,0.0,0.0,0.0,0.0,0.0,0.0,0.0,0.0,0.0,0.0,0.0,0.0,0.0,0.0,0.0,0.0,0.0,0.0,0.0,0.0,0.0,0.0,0.0,0.0,0.0,0.0,0.0,0.0,0.0,0.0,0.0,0.0,0.0,0.0,0.0,0.0,0.0,0.0,0.0,0.0,0.0,0.0,0.0,0.0,0.0,0.0,0.0,0.0,0.0,0.0,0.0,0.0,0.0,0.0,0.0,0.0,0.0,0.0,0.0,0.0,,,,,,,4.5,4.479
48,,,,,,,,,,,,,,,,,,,,,,,,,,,,,,,,,,,,,,,,,,,,,,,,,,,,,,,,,,,,,,,,,,,,,,,,,,,,,,,,,,,,,,,,,,,,,,,,,,,,,,,,,,,,,,,,,,,,,,,,,,,,,,,,,,,,,,,,,,,,,,,,,,,,,,,,,,,,,,,,,,,,,,,,,,,,,,,,,,,,,,,,,,,,,,,,,,,,,,,,,,,,,,,,,,,,,,,,,,,,,,,,,,,,,,,,,,,,,,,,,,,,,,,,,,,,,,,,,,,,,,,,,,,,,,,,,,,,,,,,,,,,,,,,,,,,,,,,,,,,,,,,,,,,,,,,,,,,1.1333704780476466,1.3155744247583079,0.30500030298638825,2.9545510730479396,0.49481648884824514,0.47464958048349093,1.8487260541942392,0.9978862406555058,0.3926775725913294,1.168427681618504,0.48432919810728203,0.6279760472986278,0.6772076883304978,1.5374793951359824,0.0,2.0794112618387017,0.5226511762701636,1.3151145594307418,2.323243510411734,1.5186675539412748,0.0,1.1831256235678085,0.0,0.7974410137454094,1.4910076851343188,1.0932259103626234,1.1071251284354822,1.571104466511486,1.6002370031316915,1.0120872535805125,1.3997722369205061,1.38131157351459,0.7349588585880771,1.8047734977235228,0.2727891787867127,0.8192745607896211,1.4175918455554752,0.38015101619469627,0.9772647848262551,0.5051252439548759,0.0,1.3440530386712672,1.7784030743905672,1.3454271592235778,1.118886408607252,0.49025777529375025,1.527311587387051,0.3764072407172543,0.19611158665235784,0.2765643751612391,0.7594339809239887,0.0,0.03819204485661698,1.3094229520874683,0.0,0.9392500253303243,1.6607937354600941,0.982040419980715,1.0540569831860966,0.3408518651331509,0.28810802839119687,1.1377841386383245,0.0,0.0,1.4755196025827946,1.2841930585335697,0.8014431065632777,0.9598883570593233,1.2976756165123864,1.2786275545586459,0.33283819601583065,1.9082569077463751,0.0,1.9281419912205138,0.1151971489447926,1.3068910260082054,0.8558765913226476,1.045079246026422,1.3248469476078464,0.0,0.0,1.4974382475623251,0.11798194122114614,0.848337105438326,0.9735735824891084,2.4003039479612047,2.2141354951387453,1.7601420661641982,0.8924412890800248,0.0,0.9711944360349883,0.0,2.416984065130852,0.6113860281129415,1.8323718696506572,0.9610590121511541,0.20002229778307634,1.972044254146856,1.0005735982545676,2.2846224748808828,,,,,,,4.8,4.779
49,,,,,,,,,,,,,,,,,,,,,,,,,,,,,,,,,,,,,,,,,,,,,,,,,,,,,,,,,,,,,,,,,,,,,,,,,,,,,,,,,,,,,,,,,,,,,,,,,,,,,,,,,,,,,,,,,,,,,,,,,,,,,,,,,,,,,,,,,,,,,,,,,,,,,,,,,,,,,,,,,,,,,,,,,,,,,,,,,,,,,,,,,,,,,,,,,,,,,,,,,,,,,,,,,,,,,,,,,,,,,,,,,,,,,,,,,,,,,,,,,,,,,,,,,,,,,,,,,,,,,,,,,,,,,,,,,,,,,,,,,,,,,,,,,,,,,,,,,,,,,,,,,,,,,,,,,,,,3.6058170770608022,5.606785186182815,2.3190640914414775,10.035766048289442,1.9528970060770288,2.652941517352147,6.8059454618601904,3.6454705649177037,2.47808364064657,4.679926608873983,3.031383084407632,2.7859629348628605,3.5559000602575153,6.078868973622908,0.6463051273379192,7.6328982120580005,1.6862667729955625,5.286142931241158,7.750421331638039,5.3956086055571895,0.0,4.548934063438594,0.0,3.5771993187470414,5.7637483323749805,4.619822562191019,4.008696875280912,5.716782753351536,5.844126094321073,4.097732561596836,4.916086831306339,5.582138430420007,2.099594735598399,6.351674296282619,1.8318595927546966,2.797209089374278,4.494964076693741,1.5631029405220032,3.9490729555051436,2.1867928855089325,0.8015922356521861,5.3888321194649595,7.335521438878273,4.882573867087652,4.495976695122643,2.5610335824072514,5.286206547681962,2.0653282832791304,1.2651551013933502,2.0218449547888513,3.6129755176181053,0.0,0.9935125299091219,4.9830260514152505,0.0,4.015756483534633,6.314523016703369,4.0922609807752846,3.8504904336628005,1.5931339657394843,2.4619416694602707,4.25508154404022,0.0,0.5862700990486616,5.267780395499683,4.185801744206336,3.5031965569466132,3.7931236658397496,5.082917351590027,5.058436912084845,1.1316052226705837,7.5074183109185295,0.2992784862518336,7.093165116068166,1.0463413339087513,5.404509859650461,2.692207303960614,3.910778257301574,4.85380037192188,0.0,0.0,5.563473213038797,1.9062890846755915,3.5656388538951744,3.8894776965428473,8.531671954303722,8.006436327477278,6.954154088243511,3.3145524272551548,0.0,3.686739568560183,0.0,8.434371256864758,3.8958289441905034,6.308116610257253,3.8072050441339975,1.2729592103088505,7.582053620761204,4.26889470526922,7.595393874603436,,,,,,,6.1,6.079
50,,,,,,,,,,,,,,,,,,,,,,,,,,,,,,,,,,,,,,,,,,,,,,,,,,,,,,,,,,,,,,,,,,,,,,,,,,,,,,,,,,,,,,,,,,,,,,,,,,,,,,,,,,,,,,,,,,,,,,,,,,,,,,,,,,,,,,,,,,,,,,,,,,,,,,,,,,,,,,,,,,,,,,,,,,,,,,,,,,,,,,,,,,,,,,,,,,,,,,,,,,,,,,,,,,,,,,,,,,,,,,,,,,,,,,,,,,,,,,,,,,,,,,,,,,,,,,,,,,,,,,,,,,,,,,,,,,,,,,,,,,,,,,,,,,,,,,,,,,,,,,,,,,,,,,,,,,,,8.378231302713768,13.251773557671633,5.6599449883212145,21.21443599185648,4.756344273881723,7.147884928443862,16.917280346097815,10.25206810695656,7.30155517378538,12.956936016734888,11.087715398189104,4.999575130011684,10.230474524872253,15.213921053892502,0.9876083022736037,18.503768569700014,4.241896800574948,11.019128160212905,17.68944607473849,13.397985217806681,0.0,12.773211740496095,0.0,8.366784589985372,13.754276802419483,10.93747338988315,9.649624342421252,13.551707815366584,14.199255379643196,9.028744709872676,11.671810596317853,11.786228542113125,6.00563842619616,14.806521444176735,4.647904592157413,6.329077658591658,10.171346068751724,4.201986761481832,9.735854589118077,4.749111333236167,4.3547230901610625,12.547689962086535,15.908615635180352,11.421764372646559,10.737927643247879,7.245565937788999,13.752220997663006,6.309552201238914,5.0268417836641195,7.142073008344127,9.537720824661326,0.0,3.148053870282289,11.262411712132145,2.6703462719244717,10.279134575431105,14.463501468241212,9.95261813053747,10.419614529868014,2.416353792300984,7.674027397176882,11.491536662763247,0.0,4.163379973393875,13.947472965279257,10.256326491821099,9.909052872995957,9.436400173266714,11.950296940001772,12.234378229967211,3.1246761273205816,17.832723328021693,2.671594759685049,15.992080382125435,4.5263724079724845,13.396968207398682,6.821026655774193,8.395258818676986,11.022769252098678,0.9571885855497164,0.0,15.08980914355686,6.6918366711947534,8.405388758649618,10.312860776695075,18.649893812718936,17.28631160062253,15.850387290423525,9.735991808724068,0.0,8.698755630444367,0.0,20.0154253364554,11.461992070838036,13.882155380486623,9.350144707495735,4.572513552696249,16.75895767521538,10.49261879484445,16.66575273233059,,,,,,,6.3,6.279
51,,,,,,,,,,,,,,,,,,,,,,,,,,,,,,,,,,,,,,,,,,,,,,,,,,,,,,,,,,,,,,,,,,,,,,,,,,,,,,,,,,,,,,,,,,,,,,,,,,,,,,,,,,,,,,,,,,,,,,,,,,,,,,,,,,,,,,,,,,,,,,,,,,,,,,,,,,,,,,,,,,,,,,,,,,,,,,,,,,,,,,,,,,,,,,,,,,,,,,,,,,,,,,,,,,,,,,,,,,,,,,,,,,,,,,,,,,,,,,,,,,,,,,,,,,,,,,,,,,,,,,,,,,,,,,,,,,,,,,,,,,,,,,,,,,,,,,,,,,,,,,,,,,,,,,,,,,,,15.258850766995046,23.351247156122547,12.65163955283368,33.244376127773755,10.384934182361519,13.106870432836502,26.667881633876938,20.483359252458406,15.126280384585481,25.039705395263912,20.44350776285256,10.279202519973117,17.70961441282068,23.79484579118167,4.265304334587256,30.513215792515275,8.007037343895433,20.49592951481803,28.52461493954808,23.670550814218284,3.539811821915347,22.954378514882016,0.19970403845834905,15.741371017488653,25.07349000305055,17.415602666267496,17.72287410352137,22.173055665109583,21.393419517507002,19.621019477609927,25.203869369943956,22.426594840134754,9.405100458438946,24.87372682473117,10.389388437629567,11.11245936440364,18.141425704833438,7.885342088518122,18.062032795125212,10.187619758602425,11.519247877601197,19.44249192766636,25.192167712744286,17.977574269111805,19.685090662303338,16.134825159468114,24.30762376857368,11.355691949449605,13.443930508877457,13.23474077901483,14.191745488524667,1.6195944513173215,7.577456716425917,20.50605125384364,8.354157220689828,18.284027333058564,25.80723361225336,19.929968927248982,16.498701243260783,6.3600680992001095,13.8471671691665,19.6962848938867,0.0,7.44929382706946,26.785137881459168,18.84622858254117,19.93011828900167,16.839108304522803,18.318227085616357,19.485982938677083,3.602159824427025,28.736001799043315,6.034052413971912,24.72787624963017,8.9124245760166,23.81242692473607,13.760103893287793,16.265141615139576,18.065467702483282,4.5846711885391445,0.0,28.770326982582628,14.829169246532434,17.116578975586567,18.704881855345604,28.821360571674997,28.00234081665449,30.376840661584573,17.689359019146476,0.0,19.080248708464048,0.0,33.471395500064574,23.073849583838836,23.78274179174178,16.192693001500135,10.984517118161575,27.255749775370585,19.504053649973333,27.983423743089496,,,,,,,6.0,5.979
52,,,,,,,,,,,,,,,,,,,,,,,,,,,,,,,,,,,,,,,,,,,,,,,,,,,,,,,,,,,,,,,,,,,,,,,,,,,,,,,,,,,,,,,,,,,,,,,,,,,,,,,,,,,,,,,,,,,,,,,,,,,,,,,,,,,,,,,,,,,,,,,,,,,,,,,,,,,,,,,,,,,,,,,,,,,,,,,,,,,,,,,,,,,,,,,,,,,,,,,,,,,,,,,,,,,,,,,,,,,,,,,,,,,,,,,,,,,,,,,,,,,,,,,,,,,,,,,,,,,,,,,,,,,,,,,,,,,,,,,,,,,,,,,,,,,,,,,,,,,,,,,,,,,,,,,,,,,,26.172286926353095,32.92083378136253,20.478664857849324,37.77449366774513,22.742818781534805,18.22206245723245,31.836660006868822,29.491478161789807,23.45004153923357,33.062694426199606,28.458356041415655,15.663473948027823,25.224836623135594,31.842640634703496,12.260056215878024,38.115933925376495,13.1585883818881,29.55090777703124,38.20384311869739,33.991290608285006,12.724135274570253,26.37922220083565,3.8668241309282174,21.345850341757814,34.61133756707947,23.47215598910673,29.397124576882778,29.46190955529503,28.264029878071696,29.011749942580252,33.63838821706769,29.25511248320215,16.138542563634978,35.151630067536836,21.169876492318707,18.088745486140805,22.28952099303787,14.595465013655563,22.843548373080594,20.23878949594735,20.938786411132103,23.644547886171033,35.13203723371689,22.151092285331302,27.99507276685338,23.66138761628794,34.33803584018988,15.130665020987365,19.627272601086716,19.94687601710252,23.89156978381948,9.001412412675608,15.58511828631835,27.65810525419072,11.578863812798238,25.300207675264858,36.3526331392394,27.394960189477818,20.902841625926495,15.962606581758736,19.873134698292926,26.259437416567096,0.0,10.850087935540259,39.792182001396334,25.528165964718585,28.064689144353082,20.87124608704759,22.118126213657447,24.260241831424207,8.558753713151756,37.67107731464299,12.626110957772108,33.88931868546688,13.181005240416557,36.97385268115352,23.956307429190478,23.11088052413321,23.66554933575792,7.243639982413602,4.039129280490172,35.98524240535568,22.306486876329483,24.679143956888307,23.30805568601865,36.477087020561896,37.19712728087572,40.84024594472414,18.894917296398887,0.0,32.395366348116724,0.0,41.08798721282289,30.45036759887294,35.5865584001859,30.22296427569459,17.949191890782206,38.44257168185704,27.511871287596385,38.20324954793761,,,,,,,5.6,5.579
53,,,,,,,,,,,,,,,,,,,,,,,,,,,,,,,,,,,,,,,,,,,,,,,,,,,,,,,,,,,,,,,,,,,,,,,,,,,,,,,,,,,,,,,,,,,,,,,,,,,,,,,,,,,,,,,,,,,,,,,,,,,,,,,,,,,,,,,,,,,,,,,,,,,,,,,,,,,,,,,,,,,,,,,,,,,,,,,,,,,,,,,,,,,,,,,,,,,,,,,,,,,,,,,,,,,,,,,,,,,,,,,,,,,,,,,,,,,,,,,,,,,,,,,,,,,,,,,,,,,,,,,,,,,,,,,,,,,,,,,,,,,,,,,,,,,,,,,,,,,,,,,,,,,,,,,,,,,,29.525581690992578,31.585869378502473,24.47585615727547,36.61160957912574,26.940235429503836,20.880488433924146,30.61626560162206,30.033868935955553,20.90478601670589,35.74336717478904,28.69476474692047,18.795980698023435,29.631343307347873,34.34800100203973,17.218977665648286,42.14239254067745,17.303663819915904,35.56511650425449,37.88390881761587,38.702573894327024,10.379824868312006,29.871804787029145,14.781249126752057,21.464910524467587,39.814860001978715,29.991546239180725,28.807103055427163,28.155089284081615,27.49418789708181,30.970254487081693,41.87216184303421,29.88729871198471,17.75252465746648,39.3587668634874,23.634368656999023,22.61254426999077,27.880885647446576,17.26115375999053,23.35020912164609,24.167161006762687,28.426880394753816,26.41881924196241,32.19437088823321,19.84782682837448,20.810599146394022,22.73431179824061,36.69887001999314,14.13182402647803,18.714629727457897,20.184315329392632,22.59873451925278,9.882143352613824,15.682843904659105,28.702731628154574,7.6385856081719234,26.655177682791745,36.09116648647735,34.34789263108023,24.10901574184191,16.823450914882695,20.11174650287295,32.67818659147218,4.164592644389984,17.35140265976379,43.10754353609217,29.48622993738032,27.53547181991593,25.104347213130104,21.376869271721898,22.81043330152236,12.063084372168106,38.84336918687269,19.53713249719608,38.05891191912033,20.082823180981606,34.94668903238753,28.20514879346442,22.214470915572992,23.373729859224788,14.720304241480845,6.430530023993589,39.405456821921916,21.51897157841517,28.826583788519095,21.913221131959006,41.581881509225745,44.79635576373627,36.92171242914357,22.212954492624363,5.0493161511345415,32.786510501307184,0.0,39.89756088358312,26.840842590349496,33.43856058849854,37.21225404088696,19.890864075405432,37.228854192910156,30.180184678259927,39.93320892618423,,,,,,,4.0,3.979
54,,,,,,,,,,,,,,,,,,,,,,,,,,,,,,,,,,,,,,,,,,,,,,,,,,,,,,,,,,,,,,,,,,,,,,,,,,,,,,,,,,,,,,,,,,,,,,,,,,,,,,,,,,,,,,,,,,,,,,,,,,,,,,,,,,,,,,,,,,,,,,,,,,,,,,,,,,,,,,,,,,,,,,,,,,,,,,,,,,,,,,,,,,,,,,,,,,,,,,,,,,,,,,,,,,,,,,,,,,,,,,,,,,,,,,,,,,,,,,,,,,,,,,,,,,,,,,,,,,,,,,,,,,,,,,,,,,,,,,,,,,,,,,,,,,,,,,,,,,,,,,,,,,,,,,,,,,,,30.452968601885175,27.774137036025817,27.31078443713473,35.97875261899466,27.216741258205694,26.239315607692305,34.65687994934593,35.37100434965825,19.222986472549902,43.43217209588744,28.340306370682487,23.16773285819758,31.78064420329793,36.1302000875877,24.726203496576662,43.34446675135081,24.02183050999708,30.76575116136839,42.6149368570008,37.16532413152426,14.864669687414677,32.08521593389207,21.313818531618455,21.906234642237138,46.96925681297535,33.61886840302964,34.18620263138625,26.557251014693872,37.30368615896283,31.906652914284262,39.84048305343858,29.17412316177532,16.995049096073195,42.83126326735471,26.77267276699528,23.504087041431326,32.3385888833803,14.343108940361768,33.21801129046458,27.801766910911986,29.91716597990149,27.142728486161246,35.786216399615,28.05031540121316,22.316205082739057,26.522214332329582,36.97711329311267,17.018691378987384,24.772882203331974,27.283002661822128,28.18514109268874,13.31758990480423,16.191819171829998,31.845140125724534,11.533249569672163,30.696425408954074,38.36480210798085,33.71251331204462,31.613182689260096,23.22592163566462,29.011036668359708,39.77498045571299,11.297774188906232,25.61980812745123,38.79697557772521,31.897588128806362,35.345594143821515,29.655969134515093,25.17167773557952,29.030835370866487,17.47471430944237,39.124957123978135,20.495935731343746,38.96911531483748,23.163776530317584,35.67450048748437,34.0503904307937,24.184292050399126,27.66066386142252,21.474854508666056,9.332916615503017,41.76720990467045,21.270400004206824,34.70394294902181,22.618488953891454,48.19884269620567,54.66322088871947,41.31901501115629,26.964677525830105,13.880054017333967,36.81510139986941,9.949263737608876,40.35280281189923,27.975583669499184,37.00344485342245,40.013829285922384,23.46380041951873,39.23572696766173,30.777895829110765,36.99001894217572,,,,,,,3.7,3.6790000000000003
55,,,,,,,,,,,,,,,,,,,,,,,,,,,,,,,,,,,,,,,,,,,,,,,,,,,,,,,,,,,,,,,,,,,,,,,,,,,,,,,,,,,,,,,,,,,,,,,,,,,,,,,,,,,,,,,,,,,,,,,,,,,,,,,,,,,,,,,,,,,,,,,,,,,,,,,,,,,,,,,,,,,,,,,,,,,,,,,,,,,,,,,,,,,,,,,,,,,,,,,,,,,,,,,,,,,,,,,,,,,,,,,,,,,,,,,,,,,,,,,,,,,,,,,,,,,,,,,,,,,,,,,,,,,,,,,,,,,,,,,,,,,,,,,,,,,,,,,,,,,,,,,,,,,,,,,,,,,,33.444874064781786,23.327988965251087,25.51148476668202,36.46159780158811,31.82918525918883,25.333289328146684,31.98824836253845,36.586089240861845,21.653549295210716,41.5678468375144,28.638796325572365,23.03275353136528,33.01263238206904,38.28394367650991,24.654567166864414,42.81731305539485,26.096398899656016,24.6996476330207,44.10502336453019,36.16646459937476,25.0879929607553,33.55488826242948,20.48134448979761,21.364902434752896,37.0516352006808,35.301219676513384,34.15363636585555,24.190857181110044,36.972256296933345,33.5715364461928,42.26838872124044,26.510754263716546,14.711862838730577,40.52587433165932,30.740187802858575,22.13471957253826,33.671070641235744,15.583895351158697,36.11146598603128,31.04669355438181,32.67661398863292,25.68049160482433,38.12664769963612,27.975112809983408,25.760707618940636,24.68486316851327,41.85074109985898,14.355063694797913,24.85479793089865,28.041344071728883,27.080007279947086,21.957238700356076,13.996571606106878,30.491094645357364,14.84340335228881,30.45044497180502,36.35526095402173,32.638890541753995,35.73839191174182,23.73072094563731,23.713614972916762,38.76658453443146,11.243867473318488,26.539905117882196,34.67018646489982,30.58000778659658,34.82267065193339,31.392938170246044,21.995346360949075,30.71835865942161,17.88231538704054,39.75526788331343,19.143637561870676,40.467000157029545,21.692068312393353,37.37048692161568,38.198791483962815,21.5033853801246,29.462096373739147,25.242218753487517,9.55216249314548,42.41588939649162,23.649824013170022,30.285536850909203,23.703918277364995,44.73654688972238,54.220563151163766,35.8233973655629,25.814177117681,19.339906800176266,40.092360836787634,10.207060155755478,36.06882382158602,28.620171606708627,35.97097688534906,39.633164070307906,24.147042257994517,33.34116920154693,30.593674603054804,33.82188505398422,,,,,,,3.8,3.779
56,,,,,,,,,,,,,,,,,,,,,,,,,,,,,,,,,,,,,,,,,,,,,,,,,,,,,,,,,,,,,,,,,,,,,,,,,,,,,,,,,,,,,,,,,,,,,,,,,,,,,,,,,,,,,,,,,,,,,,,,,,,,,,,,,,,,,,,,,,,,,,,,,,,,,,,,,,,,,,,,,,,,,,,,,,,,,,,,,,,,,,,,,,,,,,,,,,,,,,,,,,,,,,,,,,,,,,,,,,,,,,,,,,,,,,,,,,,,,,,,,,,,,,,,,,,,,,,,,,,,,,,,,,,,,,,,,,,,,,,,,,,,,,,,,,,,,,,,,,,,,,,,,,,,,,,,,,,,30.97605488495936,19.558839151757372,20.921010013534186,33.14987863546376,28.49864113410542,19.178071343354166,22.591911460893595,31.495517562534985,17.525992204242545,30.417551895070204,23.796669842689905,19.281839289625513,31.987735305511556,30.672959998134775,17.78736481536899,32.700861976189124,22.185158388544583,17.415766143361434,31.293123154281176,27.02563176064911,24.549191654033123,29.213052902026803,18.729117238172506,20.930109493333784,32.81419036682458,26.67913346763104,26.51825818760212,20.995519996684095,28.115084382213666,27.7874988886537,37.34091260192588,21.73688344566611,14.560351773512076,33.39285949093798,23.255979398364428,18.334185109553655,25.30140337176504,10.216580088329863,28.942745460666558,25.150789319428497,30.52400363912492,23.206889514456908,28.75856435595578,26.611223350201467,23.49949808806255,20.523157589057302,38.13695773767482,12.13847163528107,23.00656409855772,23.116516439731384,23.40592743823334,20.025324117282338,18.746265263205405,23.580686186955983,22.02762546330024,24.73438256565112,31.390430682426047,28.040089281100954,27.910862251086456,19.57418580323811,21.981489103147226,30.72586061423486,12.31890408987094,22.36468202442375,24.417420160070346,22.854511902115586,28.120587896298616,29.831018251976687,18.303576598742506,24.983283422078415,19.761054062669302,30.384061646886305,17.14889820142036,33.891069482856196,18.22891420599298,32.228634414067976,25.455519866097838,19.69495427856088,23.80391273219183,18.95988879657612,7.586697611136101,39.64776092046914,21.012773365936884,22.20127511388854,23.276276325749908,33.242235294480174,42.727158750242886,28.18432920038988,20.05239877742521,19.129409249428704,33.150152363671836,8.716109479772932,24.581239524332776,28.462580336341386,27.814308497629842,35.05669489438481,25.407876654731027,27.950554027332803,28.532685925141116,30.248463406843772,,,,,,,4.5,4.479
57,,,,,,,,,,,,,,,,,,,,,,,,,,,,,,,,,,,,,,,,,,,,,,,,,,,,,,,,,,,,,,,,,,,,,,,,,,,,,,,,,,,,,,,,,,,,,,,,,,,,,,,,,,,,,,,,,,,,,,,,,,,,,,,,,,,,,,,,,,,,,,,,,,,,,,,,,,,,,,,,,,,,,,,,,,,,,,,,,,,,,,,,,,,,,,,,,,,,,,,,,,,,,,,,,,,,,,,,,,,,,,,,,,,,,,,,,,,,,,,,,,,,,,,,,,,,,,,,,,,,,,,,,,,,,,,,,,,,,,,,,,,,,,,,,,,,,,,,,,,,,,,,,,,,,,,,,,,,17.622136478457822,14.982228254998386,13.881277813445193,19.504981815623175,17.654108641887333,11.95916114436927,12.341347601913991,19.76650180040108,9.137630023933147,20.099687377760887,15.758805120980576,14.808679627195371,18.282846725712684,18.76353750145592,9.677218839014742,19.18158687028117,13.132844509249475,11.938398463140231,17.465232116955185,15.192083309326536,13.301554648965823,16.847289521623054,10.778869574649988,14.550887679130925,19.0331371849783,14.423889955782284,16.413045759558432,13.557030829927882,16.672161329375374,16.830750273828496,21.582463017218465,13.738731254912961,8.468147656766291,18.88209940068621,13.76841110926944,14.023846298523994,16.938887122057245,10.476205905290646,15.7155163587069,14.8091472756873,19.35046524248956,14.977519101471696,15.853760996775321,16.15807199643499,14.910079934229469,10.821797938459998,21.163770589702875,11.133278841538155,13.48886250786656,12.38200714967989,12.059888568621117,13.157113454104437,16.490382425989697,14.690174434377962,15.360830069775076,15.096068621939358,17.977745312641755,15.439518084331237,14.418354225058312,12.430037945982233,11.281990584601516,18.398506398872005,10.830889184043745,10.29346317416663,14.376521446597136,13.360005039293949,16.955335577728363,19.296686205892833,10.152923744164777,16.68815074674117,12.1505241959529,16.543484983170977,10.327432633544015,19.421494127333798,14.980016257284657,17.480052407106506,15.649872344838757,13.145950231615442,16.421804449933642,11.544812707294692,6.424200181988432,21.92334744417255,10.131949514778343,16.54816514369147,14.442502086696154,19.211702553237863,22.843770810894643,19.40270703770986,14.126735812788523,13.197262657006734,16.122140302622146,6.481024306198712,16.437501815715766,18.696350030714285,14.608712525097904,20.07660645894044,13.314519046662433,16.336108383259234,18.662757219934086,12.61658159528029,,,,,,,5.1,5.079
58,,,,,,,,,,,,,,,,,,,,,,,,,,,,,,,,,,,,,,,,,,,,,,,,,,,,,,,,,,,,,,,,,,,,,,,,,,,,,,,,,,,,,,,,,,,,,,,,,,,,,,,,,,,,,,,,,,,,,,,,,,,,,,,,,,,,,,,,,,,,,,,,,,,,,,,,,,,,,,,,,,,,,,,,,,,,,,,,,,,,,,,,,,,,,,,,,,,,,,,,,,,,,,,,,,,,,,,,,,,,,,,,,,,,,,,,,,,,,,,,,,,,,,,,,,,,,,,,,,,,,,,,,,,,,,,,,,,,,,,,,,,,,,,,,,,,,,,,,,,,,,,,,,,,,,,,,,,,6.047131830802742,4.780157916010392,4.679345815090496,5.350760708781767,5.836040799836331,3.9934371205265413,4.574866965435699,6.200670180714539,3.564444557015224,7.054364690559646,4.545699711445088,5.225159991425866,6.05202496140283,7.13701557575363,4.102256008029496,6.789920065470765,4.365378472252112,4.546508887855623,5.785635615221173,4.54500380512532,3.98640279125783,5.5444512783599285,4.518367454268816,5.117796692427953,6.595395558466565,5.532296106673851,5.421912277166024,5.042900561508786,5.4109449400861696,5.14529721282912,7.169140633455536,5.476340980919877,3.2412510974852395,5.020646944532237,3.955969784725919,4.850285579153426,5.629979023101187,5.103223453331261,4.916181667867681,5.190510657428012,6.969044424572637,4.638379228255493,4.790166560422523,4.517251219686048,5.547874781093477,4.647618612657053,7.116579917180523,4.269583146517883,3.173254989860462,5.060665044790982,4.313010942685759,3.975855960842549,5.243675876404663,4.169235183151061,5.813342114150179,6.176117384178302,6.2587354138679085,5.426519529100704,4.4035410156749055,4.50589308840334,3.4816266609498534,5.41162744869511,3.663507358313792,3.8650977362836607,4.835099885655013,4.5646337593685065,5.540887608334463,6.794598531038016,4.209561889565858,5.548303325170389,3.326893693919727,6.3093722820468106,4.145130165414543,6.331351103602319,4.482848783706891,4.4005395043743345,4.720938375216402,4.835332596354716,5.612436480966458,4.657018661018713,2.698796391169545,7.129640523063117,3.9563069726807805,5.568742827940224,5.363270267369769,6.303960486789153,6.6738167035289075,6.367533168499467,5.393363583420882,4.330155207273968,3.961339465221967,3.076664353866443,5.358958819200019,6.428757659091695,3.9512116667550106,6.540722631259255,4.386326758080808,5.193820713082519,7.190053750699317,4.263872372516953,,,,,,,5.4,5.3790000000000004
59,,,,,,,,,,,,,,,,,,,,,,,,,,,,,,,,,,,,,,,,,,,,,,,,,,,,,,,,,,,,,,,,,,,,,,,,,,,,,,,,,,,,,,,,,,,,,,,,,,,,,,,,,,,,,,,,,,,,,,,,,,,,,,,,,,,,,,,,,,,,,,,,,,,,,,,,,,,,,,,,,,,,,,,,,,,,,,,,,,,,,,,,,,,,,,,,,,,,,,,,,,,,,,,,,,,,,,,,,,,,,,,,,,,,,,,,,,,,,,,,,,,,,,,,,,,,,,,,,,,,,,,,,,,,,,,,,,,,,,,,,,,,,,,,,,,,,,,,,,,,,,,,,,,,,,,,,,,,2.6942026615714574,1.7981708308384399,1.7822774342481948,2.327391171234654,2.3693750385717776,1.7917213726085401,1.6969911054617772,2.290826448655583,1.3543448266607014,2.7426603546776813,1.8276940665740917,1.6814559270218936,2.4917063974240277,2.801022387355629,2.0623442154191722,2.4205388843781255,2.035738814083939,1.8403912732023398,2.164383741481684,1.5968776660187718,1.560073627737098,2.350654142122402,1.6465001662908652,1.8858881139191797,2.6005753461672656,2.3728340639079835,2.2855968899089705,1.9368077791522984,2.115159068652552,2.139773848874829,2.708929212239963,2.1170516914809383,1.3522296726826368,2.2944646829650717,1.731658952643487,2.0285222112148014,1.7880032632806864,2.311017184726908,2.2964490047320365,1.9099581059809496,2.7139253032150616,1.8125256992138703,1.8276903069925072,1.692088808987508,1.636406663644211,1.8834231601960645,2.509214106294744,1.6124714504953588,1.0194092548805886,2.06849062964676,1.749444688019203,1.4813439386681448,2.029885479934897,1.240622059050461,2.3708409620756523,2.2522939771844257,1.9367670058530044,2.2429938987526246,2.2567024494276104,2.045736199460194,1.115525931574461,2.645888649389068,1.8420403845166906,1.9126321058273932,2.134724060248587,1.7541235513202118,2.161501729437571,2.2053785706731244,1.5670546120143378,1.9134478453372452,1.2075571116029078,2.2653604260168745,1.6639665963051122,2.0169835155351143,1.727802232634632,1.867301002696103,1.9559598603249486,2.1565494089953776,1.914374880831496,2.1648294076452435,1.2697516613470141,2.9089957997568514,1.7554320348647878,2.25304127084133,2.432221212297141,2.5519491478351624,2.7140697576796544,2.5855668914773546,2.1020967421418546,1.8842586780983162,1.4871362872269442,1.3095168448842591,2.276782655487405,2.5721953167947116,1.5220994548961544,2.3341130381115978,1.770436534125513,1.9088525210603213,2.6506454968146707,1.8440078472269124,,,,,,,5.9,5.8790000000000004
60,,,,,,,,,,,,,,,,,,,,,,,,,,,,,,,,,,,,,,,,,,,,,,,,,,,,,,,,,,,,,,,,,,,,,,,,,,,,,,,,,,,,,,,,,,,,,,,,,,,,,,,,,,,,,,,,,,,,,,,,,,,,,,,,,,,,,,,,,,,,,,,,,,,,,,,,,,,,,,,,,,,,,,,,,,,,,,,,,,,,,,,,,,,,,,,,,,,,,,,,,,,,,,,,,,,,,,,,,,,,,,,,,,,,,,,,,,,,,,,,,,,,,,,,,,,,,,,,,,,,,,,,,,,,,,,,,,,,,,,,,,,,,,,,,,,,,,,,,,,,,,,,,,,,,,,,,,,,0.0,0.0,0.0,0.0,0.0,0.0,0.0,0.0,0.0,0.0,0.0,0.0,0.0,0.0,0.0,0.0,0.0,0.0,0.0,0.0,0.0,0.0,0.0,0.0,0.0,0.0,0.0,0.0,0.0,0.0,0.0,0.0,0.0,0.0,0.0,0.0,0.0,0.0,0.0,0.0,0.0,0.0,0.0,0.0,0.0,0.0,0.0,0.0,0.0,0.0,0.0,0.0,0.0,0.0,0.0,0.0,0.0,0.0,0.0,0.0,0.0,0.0,0.0,0.0,0.0,0.0,0.0,0.0,0.0,0.0,0.0,0.0,0.0,0.0,0.0,0.0,0.0,0.0,0.0,0.0,0.0,0.0,0.0,0.0,0.0,0.0,0.0,0.0,0.0,0.0,0.0,0.0,0.0,0.0,0.0,0.0,0.0,0.0,0.0,0.0,,,,,,,6.4,6.3790000000000004
61,,,,,,,,,,,,,,,,,,,,,,,,,,,,,,,,,,,,,,,,,,,,,,,,,,,,,,,,,,,,,,,,,,,,,,,,,,,,,,,,,,,,,,,,,,,,,,,,,,,,,,,,,,,,,,,,,,,,,,,,,,,,,,,,,,,,,,,,,,,,,,,,,,,,,,,,,,,,,,,,,,,,,,,,,,,,,,,,,,,,,,,,,,,,,,,,,,,,,,,,,,,,,,,,,,,,,,,,,,,,,,,,,,,,,,,,,,,,,,,,,,,,,,,,,,,,,,,,,,,,,,,,,,,,,,,,,,,,,,,,,,,,,,,,,,,,,,,,,,,,,,,,,,,,,,,,,,,,0.0,0.0,0.0,0.0,0.0,0.0,0.0,0.0,0.0,0.0,0.0,0.0,0.0,0.0,0.0,0.0,0.0,0.0,0.0,0.0,0.0,0.0,0.0,0.0,0.0,0.0,0.0,0.0,0.0,0.0,0.0,0.0,0.0,0.0,0.0,0.0,0.0,0.0,0.0,0.0,0.0,0.0,0.0,0.0,0.0,0.0,0.0,0.0,0.0,0.0,0.0,0.0,0.0,0.0,0.0,0.0,0.0,0.0,0.0,0.0,0.0,0.0,0.0,0.0,0.0,0.0,0.0,0.0,0.0,0.0,0.0,0.0,0.0,0.0,0.0,0.0,0.0,0.0,0.0,0.0,0.0,0.0,0.0,0.0,0.0,0.0,0.0,0.0,0.0,0.0,0.0,0.0,0.0,0.0,0.0,0.0,0.0,0.0,0.0,0.0,,,,,,,6.3,6.279
62,,,,,,,,,,,,,,,,,,,,,,,,,,,,,,,,,,,,,,,,,,,,,,,,,,,,,,,,,,,,,,,,,,,,,,,,,,,,,,,,,,,,,,,,,,,,,,,,,,,,,,,,,,,,,,,,,,,,,,,,,,,,,,,,,,,,,,,,,,,,,,,,,,,,,,,,,,,,,,,,,,,,,,,,,,,,,,,,,,,,,,,,,,,,,,,,,,,,,,,,,,,,,,,,,,,,,,,,,,,,,,,,,,,,,,,,,,,,,,,,,,,,,,,,,,,,,,,,,,,,,,,,,,,,,,,,,,,,,,,,,,,,,,,,,,,,,,,,,,,,,,,,,,,,,,,,,,,,0.0,0.0,0.0,0.0,0.0,0.0,0.0,0.0,0.0,0.0,0.0,0.0,0.0,0.0,0.0,0.0,0.0,0.0,0.0,0.0,0.0,0.0,0.0,0.0,0.0,0.0,0.0,0.0,0.0,0.0,0.0,0.0,0.0,0.0,0.0,0.0,0.0,0.0,0.0,0.0,0.0,0.0,0.0,0.0,0.0,0.0,0.0,0.0,0.0,0.0,0.0,0.0,0.0,0.0,0.0,0.0,0.0,0.0,0.0,0.0,0.0,0.0,0.0,0.0,0.0,0.0,0.0,0.0,0.0,0.0,0.0,0.0,0.0,0.0,0.0,0.0,0.0,0.0,0.0,0.0,0.0,0.0,0.0,0.0,0.0,0.0,0.0,0.0,0.0,0.0,0.0,0.0,0.0,0.0,0.0,0.0,0.0,0.0,0.0,0.0,,,,,,,5.5,5.479
63,,,,,,,,,,,,,,,,,,,,,,,,,,,,,,,,,,,,,,,,,,,,,,,,,,,,,,,,,,,,,,,,,,,,,,,,,,,,,,,,,,,,,,,,,,,,,,,,,,,,,,,,,,,,,,,,,,,,,,,,,,,,,,,,,,,,,,,,,,,,,,,,,,,,,,,,,,,,,,,,,,,,,,,,,,,,,,,,,,,,,,,,,,,,,,,,,,,,,,,,,,,,,,,,,,,,,,,,,,,,,,,,,,,,,,,,,,,,,,,,,,,,,,,,,,,,,,,,,,,,,,,,,,,,,,,,,,,,,,,,,,,,,,,,,,,,,,,,,,,,,,,,,,,,,,,,,,,,0.0,0.0,0.0,0.0,0.0,0.0,0.0,0.0,0.0,0.0,0.0,0.0,0.0,0.0,0.0,0.0,0.0,0.0,0.0,0.0,0.0,0.0,0.0,0.0,0.0,0.0,0.0,0.0,0.0,0.0,0.0,0.0,0.0,0.0,0.0,0.0,0.0,0.0,0.0,0.0,0.0,0.0,0.0,0.0,0.0,0.0,0.0,0.0,0.0,0.0,0.0,0.0,0.0,0.0,0.0,0.0,0.0,0.0,0.0,0.0,0.0,0.0,0.0,0.0,0.0,0.0,0.0,0.0,0.0,0.0,0.0,0.0,0.0,0.0,0.0,0.0,0.0,0.0,0.0,0.0,0.0,0.0,0.0,0.0,0.0,0.0,0.0,0.0,0.0,0.0,0.0,0.0,0.0,0.0,0.0,0.0,0.0,0.0,0.0,0.0,,,,,,,4.5,4.479
