days,len_day,Period_T,R,length_macroperiod,length_microperiod_energy,J,n_scenario,startup_cost,startup_time,initial_stock,capacity_unit,holding_cost,energy_startup,energy_product,D_0,D_1,D_2,D_3,D_4,D_5,D_6,D_7,D_8,D_9,scenario0,scenario1,scenario2,scenario3,scenario4,scenario5,scenario6,scenario7,scenario8,scenario9,scenario10,scenario11,scenario12,scenario13,scenario14,scenario15,scenario16,scenario17,scenario18,scenario19,scenario20,scenario21,scenario22,scenario23,scenario24,scenario25,scenario26,scenario27,scenario28,scenario29,scenario30,scenario31,scenario32,scenario33,scenario34,scenario35,scenario36,scenario37,scenario38,scenario39,scenario40,scenario41,scenario42,scenario43,scenario44,scenario45,scenario46,scenario47,scenario48,scenario49,scenario50,scenario51,scenario52,scenario53,scenario54,scenario55,scenario56,scenario57,scenario58,scenario59,scenario60,scenario61,scenario62,scenario63,scenario64,scenario65,scenario66,scenario67,scenario68,scenario69,scenario70,scenario71,scenario72,scenario73,scenario74,scenario75,scenario76,scenario77,scenario78,scenario79,scenario80,scenario81,scenario82,scenario83,scenario84,scenario85,scenario86,scenario87,scenario88,scenario89,scenario90,scenario91,scenario92,scenario93,scenario94,scenario95,scenario96,scenario97,scenario98,scenario99,scenario100,scenario101,scenario102,scenario103,scenario104,scenario105,scenario106,scenario107,scenario108,scenario109,scenario110,scenario111,scenario112,scenario113,scenario114,scenario115,scenario116,scenario117,scenario118,scenario119,scenario120,scenario121,scenario122,scenario123,scenario124,scenario125,scenario126,scenario127,scenario128,scenario129,scenario130,scenario131,scenario132,scenario133,scenario134,scenario135,scenario136,scenario137,scenario138,scenario139,scenario140,scenario141,scenario142,scenario143,scenario144,scenario145,scenario146,scenario147,scenario148,scenario149,scenario150,scenario151,scenario152,scenario153,scenario154,scenario155,scenario156,scenario157,scenario158,scenario159,scenario160,scenario161,scenario162,scenario163,scenario164,scenario165,scenario166,scenario167,scenario168,scenario169,scenario170,scenario171,scenario172,scenario173,scenario174,scenario175,scenario176,scenario177,scenario178,scenario179,scenario180,scenario181,scenario182,scenario183,scenario184,scenario185,scenario186,scenario187,scenario188,scenario189,scenario190,scenario191,scenario192,scenario193,scenario194,scenario195,scenario196,scenario197,scenario198,scenario199,scenario200,scenario201,scenario202,scenario203,scenario204,scenario205,scenario206,scenario207,scenario208,scenario209,scenario210,scenario211,scenario212,scenario213,scenario214,scenario215,scenario216,scenario217,scenario218,scenario219,scenario220,scenario221,scenario222,scenario223,scenario224,scenario225,scenario226,scenario227,scenario228,scenario229,scenario230,scenario231,scenario232,scenario233,scenario234,scenario235,scenario236,scenario237,scenario238,scenario239,scenario240,scenario241,scenario242,scenario243,scenario244,scenario245,scenario246,scenario247,scenario248,scenario249,scenario250,scenario251,scenario252,scenario253,scenario254,scenario255,scenario256,scenario257,scenario258,scenario259,scenario260,scenario261,scenario262,scenario263,scenario264,scenario265,scenario266,scenario267,scenario268,scenario269,scenario270,scenario271,scenario272,scenario273,scenario274,scenario275,scenario276,scenario277,scenario278,scenario279,scenario280,scenario281,scenario282,scenario283,scenario284,scenario285,scenario286,scenario287,scenario288,scenario289,scenario290,scenario291,scenario292,scenario293,scenario294,scenario295,scenario296,scenario297,scenario298,scenario299,scenario300,scenario301,scenario302,scenario303,scenario304,scenario305,scenario306,scenario307,scenario308,scenario309,scenario310,scenario311,scenario312,scenario313,scenario314,scenario315,scenario316,scenario317,scenario318,scenario319,scenario320,scenario321,scenario322,scenario323,scenario324,scenario325,scenario326,scenario327,scenario328,scenario329,scenario330,scenario331,scenario332,scenario333,scenario334,scenario335,scenario336,scenario337,scenario338,scenario339,scenario340,scenario341,scenario342,scenario343,scenario344,scenario345,scenario346,scenario347,scenario348,scenario349,scenario350,scenario351,scenario352,scenario353,scenario354,scenario355,scenario356,scenario357,scenario358,scenario359,scenario360,scenario361,scenario362,scenario363,scenario364,scenario365,scenario366,scenario367,scenario368,scenario369,scenario370,scenario371,scenario372,scenario373,scenario374,scenario375,scenario376,scenario377,scenario378,scenario379,scenario380,scenario381,scenario382,scenario383,scenario384,scenario385,scenario386,scenario387,scenario388,scenario389,scenario390,scenario391,scenario392,scenario393,scenario394,scenario395,scenario396,scenario397,scenario398,scenario399,scenario400,scenario401,scenario402,scenario403,scenario404,scenario405,scenario406,scenario407,scenario408,scenario409,scenario410,scenario411,scenario412,scenario413,scenario414,scenario415,scenario416,scenario417,scenario418,scenario419,scenario420,scenario421,scenario422,scenario423,scenario424,scenario425,scenario426,scenario427,scenario428,scenario429,scenario430,scenario431,scenario432,scenario433,scenario434,scenario435,scenario436,scenario437,scenario438,scenario439,scenario440,scenario441,scenario442,scenario443,scenario444,scenario445,scenario446,scenario447,scenario448,scenario449,scenario450,scenario451,scenario452,scenario453,scenario454,scenario455,scenario456,scenario457,scenario458,scenario459,scenario460,scenario461,scenario462,scenario463,scenario464,scenario465,scenario466,scenario467,scenario468,scenario469,scenario470,scenario471,scenario472,scenario473,scenario474,scenario475,scenario476,scenario477,scenario478,scenario479,scenario480,scenario481,scenario482,scenario483,scenario484,scenario485,scenario486,scenario487,scenario488,scenario489,scenario490,scenario491,scenario492,scenario493,scenario494,scenario495,scenario496,scenario497,scenario498,scenario499,battery_cap,charge_lim,discharge_lim,charge_efficiency,discharge_efficiency,trans_efficiency,energy_purchase_price
4.0,16.0,8.0,64.0,480.0,60.0,10.0,500.0,200.0,60.0,1526.0,0.05,0.05,10.0,0.13,669.0,673.0,682.0,661.0,692.0,661.0,683.0,667.0,691.0,676.0,0.05,0.74,2.26,1.85,2.0,5.54,3.62,5.67,1.99,4.78,0.35,0.0,4.64,1.89,0.0,0.71,0.9,8.06,2.09,0.0,2.34,1.54,2.72,0.0,1.91,1.49,6.62,3.72,5.22,3.41,1.71,2.02,5.75,5.84,2.52,0.79,0.0,5.07,3.73,0.0,0.0,3.5,3.22,1.6,3.9,1.16,1.97,1.74,7.27,3.68,3.95,4.12,3.53,3.94,1.59,5.44,1.32,3.92,2.07,2.82,3.52,2.49,3.39,0.94,4.86,1.07,3.89,0.0,4.5,1.83,0.0,4.34,3.04,2.95,3.85,0.3,6.46,2.53,0.1,7.12,3.87,0.0,3.14,2.87,6.1,2.82,0.0,0.0,2.73,0.0,3.92,3.05,0.65,7.97,2.29,0.3,2.48,4.83,6.51,0.21,4.75,3.67,3.19,0.0,6.33,1.79,6.43,2.37,2.31,0.18,1.03,1.72,3.95,2.36,0.54,3.95,0.8,1.5,6.22,0.48,0.17,3.7,1.06,2.76,2.96,2.62,0.0,0.72,4.51,0.0,3.21,0.93,6.65,6.51,1.34,0.0,0.0,4.3,5.04,0.48,1.4,4.59,1.86,1.49,7.11,2.63,1.82,4.5,3.58,3.22,3.67,0.47,4.53,0.0,2.94,0.0,0.61,0.1,4.09,1.85,2.55,5.73,3.31,1.23,4.24,0.0,3.98,6.62,8.28,4.59,1.65,2.38,4.93,4.86,2.95,8.23,4.68,0.84,4.48,4.7,5.9,5.07,0.93,3.21,6.53,0.0,2.64,0.73,6.26,2.52,6.25,3.7,2.39,6.21,2.74,2.33,2.75,3.36,5.85,2.13,8.1,0.0,3.83,5.98,2.64,3.03,1.69,8.7,1.37,1.29,0.12,0.98,7.18,0.86,4.44,0.0,0.67,3.6,4.68,2.6,9.3,2.74,5.34,4.8,6.22,3.85,5.19,0.0,6.1,1.2,0.85,1.15,6.06,5.25,1.7,5.17,8.94,2.47,0.0,0.0,6.98,1.73,0.62,1.83,4.47,3.86,2.55,5.94,1.83,4.62,7.74,2.18,7.73,2.21,5.93,2.08,4.08,4.69,4.62,5.05,5.32,0.11,6.54,4.18,5.57,1.07,0.0,3.58,4.51,1.67,1.37,0.0,5.04,1.71,1.64,1.95,6.82,1.09,1.82,1.99,2.7,5.75,0.73,1.8,6.47,7.47,3.81,3.51,2.13,0.0,4.29,0.0,2.94,6.19,3.47,2.25,5.96,0.72,1.14,1.39,0.0,0.0,5.61,6.09,1.38,4.75,2.56,0.72,3.46,0.94,2.45,0.76,0.68,0.0,4.54,0.8,3.35,3.3,1.33,3.26,3.87,0.0,2.64,2.1,4.23,0.0,2.22,0.0,1.75,4.64,4.36,4.93,1.34,1.52,1.18,5.13,0.65,1.06,3.72,2.74,4.38,3.78,2.24,3.35,0.0,2.33,3.47,5.99,2.71,4.08,2.72,0.0,2.82,0.49,3.35,0.8,5.21,2.81,0.0,3.83,0.47,3.35,5.22,3.43,2.76,0.79,4.55,4.99,2.86,0.92,0.0,0.0,7.69,3.51,2.37,1.44,3.14,1.44,2.59,4.1,4.89,0.51,1.13,2.3,3.56,4.35,6.41,2.4,1.94,4.75,2.81,3.51,0.0,3.54,0.27,3.72,0.0,5.23,3.58,3.51,2.19,1.19,3.02,1.74,1.41,1.45,4.08,1.6,4.44,6.49,3.49,7.32,2.6,1.29,0.4,2.03,1.85,4.48,5.29,3.28,6.94,1.22,1.58,4.17,1.52,4.17,1.38,0.0,0.0,0.49,0.0,2.32,0.98,6.45,5.59,0.0,6.24,6.26,1.85,3.97,0.0,3.36,3.28,6.72,4.69,3.54,0.87,3.49,4.39,4.09,4.07,1.72,4.1,1.79,0.0,3.82,6.19,7.24,3.35,2.4,2.98,0.0,1.06,5.92,4.53,2.31,5.96,0.59,6.92,5.7,7.16,0.0,4.41,2.8,6.49,5.4,2.92,8.3,3.09,3.77,1.4,1.24,4.4,0.54,1.63,4.94,3.72,0.0,2.26,1.4,1.75,0.0,1.79,2.68,1.86,5.44,0.0,0.94,1.44,5.13,100.0,250.0,250.0,0.95,0.95,0.95,0.96
,,,,,,,,200.0,60.0,2067.0,0.05,0.05,10.0,0.13,671.0,669.0,663.0,676.0,673.0,682.0,678.0,664.0,661.0,670.0,2.43,3.22,10.37,8.66,7.82,20.2,12.39,22.72,8.42,17.25,5.14,0.0,17.43,8.78,3.05,5.34,4.35,28.77,10.19,0.0,10.33,8.45,10.87,0.0,8.06,5.64,21.3,14.21,18.54,12.02,7.88,8.98,21.1,21.83,11.56,3.4,0.0,18.54,16.26,0.0,0.0,13.82,11.49,9.31,16.25,7.24,10.09,7.87,24.45,13.97,15.21,13.63,13.83,14.53,9.42,19.74,6.91,15.79,10.24,11.92,13.65,9.02,10.68,6.71,18.95,5.1,15.35,0.0,18.31,8.2,4.16,16.46,12.24,13.31,14.63,2.15,21.45,9.19,3.8,23.13,15.11,0.0,13.36,12.89,22.03,9.65,0.0,2.32,12.39,0.0,13.3,11.55,5.04,28.84,11.11,5.12,9.13,18.91,25.84,4.06,16.4,12.69,14.44,0.0,23.07,9.74,21.66,12.43,9.55,3.92,6.54,9.08,14.73,9.27,3.05,13.65,6.05,8.86,21.07,3.27,1.92,15.31,4.75,12.44,12.84,11.44,0.0,4.39,19.95,0.0,10.98,4.33,25.09,22.26,6.39,0.0,0.97,12.81,18.67,2.92,4.72,17.53,8.51,6.19,27.72,13.33,9.45,15.75,14.28,9.7,14.2,2.62,17.4,0.0,12.19,0.0,3.36,3.02,14.23,6.94,12.76,22.59,12.93,7.5,17.16,2.36,14.94,20.66,29.78,18.75,7.24,10.77,18.52,17.4,13.56,27.15,17.08,7.27,17.17,18.58,19.26,17.65,6.54,14.26,24.09,0.0,8.5,4.48,22.4,12.17,23.75,14.03,9.3,21.87,11.08,9.82,9.75,14.72,22.28,7.87,28.1,0.0,15.99,20.44,11.63,11.93,10.51,28.41,6.06,8.11,2.28,7.23,25.65,5.99,16.33,0.0,5.09,14.97,15.0,10.34,33.68,12.79,19.83,20.26,22.09,16.3,18.69,2.94,21.51,5.08,4.18,7.22,20.77,20.46,7.49,18.51,29.63,8.85,1.73,0.0,24.7,8.34,4.49,9.85,17.8,13.86,8.21,20.64,10.82,16.88,27.03,9.21,27.24,10.25,21.6,11.22,17.29,16.6,18.24,18.77,20.48,0.98,21.95,17.36,23.4,4.65,2.22,13.17,16.97,7.67,8.03,1.06,18.59,6.38,6.47,8.45,24.95,2.82,9.51,9.72,11.63,23.72,4.76,10.17,24.23,24.23,14.85,14.05,9.32,0.0,14.57,0.0,10.71,21.44,13.47,6.93,21.73,5.25,7.04,6.56,0.0,0.0,22.14,21.59,6.57,18.01,9.95,5.4,13.12,4.4,11.31,3.17,4.88,0.0,15.17,4.48,13.8,11.96,4.44,13.62,15.25,0.0,12.09,6.77,18.64,0.0,9.73,0.0,8.6,16.78,16.22,16.17,7.86,5.71,5.9,20.29,1.51,6.72,13.91,11.27,17.33,14.17,8.49,12.19,0.5,10.35,13.32,19.27,10.16,14.7,8.85,1.79,10.92,3.16,15.03,4.77,18.63,10.74,0.0,16.26,4.4,13.94,19.16,15.59,11.2,3.6,19.46,17.87,11.8,6.15,0.0,0.0,27.41,15.7,9.74,6.94,13.67,7.7,9.58,12.81,19.15,3.25,7.65,8.84,15.04,16.63,23.05,7.01,9.42,17.97,13.35,14.57,2.2,15.36,3.88,15.23,0.0,20.45,12.73,13.73,11.74,6.35,12.97,6.8,8.63,5.16,16.69,5.85,16.76,22.84,12.55,25.02,10.99,8.24,4.95,6.99,7.8,16.94,18.94,11.37,26.04,6.37,4.49,17.26,8.83,15.43,8.21,2.55,0.0,3.58,2.25,8.9,4.31,23.92,21.03,0.08,20.93,23.35,8.15,14.72,1.7,14.05,12.78,21.91,18.03,13.92,4.19,13.49,17.68,14.39,16.76,8.51,15.71,8.3,0.0,15.91,23.51,24.32,11.83,11.96,11.97,0.94,5.75,18.82,13.66,8.6,21.22,5.01,24.91,20.59,23.33,0.0,17.26,12.13,24.1,20.04,10.24,28.51,14.34,13.26,6.3,4.17,16.12,6.25,7.35,17.22,15.54,0.0,10.43,5.18,7.78,0.0,7.84,12.54,8.96,20.49,1.06,2.6,8.89,19.63,,,,,,,1.22
,,,,,,,,200.0,60.0,1870.0,0.05,0.05,10.0,0.13,674.0,668.0,669.0,691.0,664.0,676.0,680.0,669.0,666.0,663.0,13.67,8.7,30.6,20.55,21.58,44.76,29.62,51.96,25.02,38.4,17.62,7.65,45.39,27.49,17.22,17.87,14.16,61.95,28.84,4.42,25.13,25.9,31.98,1.25,20.53,11.63,45.33,34.23,40.67,27.83,21.83,26.26,54.47,46.32,32.59,13.27,0.0,45.48,35.93,4.54,0.0,30.39,26.93,24.09,38.78,21.13,25.27,20.83,54.35,34.51,36.43,33.07,31.55,32.69,27.13,43.48,20.09,32.62,29.03,30.15,30.85,22.95,24.18,20.25,48.46,17.0,39.41,0.0,42.91,25.7,12.61,36.96,30.18,27.82,33.72,9.49,47.73,23.85,14.16,53.06,31.77,7.26,28.11,32.42,51.28,26.57,4.43,7.42,34.55,4.87,32.92,30.46,16.43,64.69,31.18,17.25,26.38,43.77,61.83,13.82,36.68,32.98,35.76,0.0,52.14,28.16,49.3,28.22,22.85,20.87,15.62,19.4,36.57,22.35,13.93,35.96,22.56,22.39,48.34,8.53,8.51,40.13,12.14,28.19,31.66,34.06,6.37,13.59,44.94,0.0,27.69,17.91,55.27,50.89,21.78,0.0,11.27,27.66,45.85,12.27,15.82,39.87,25.6,22.72,60.9,32.88,30.99,37.79,33.66,22.46,35.61,14.55,46.69,0.0,33.5,0.0,9.51,16.28,30.5,18.92,28.46,55.77,27.47,19.56,40.89,12.29,37.1,46.41,60.49,41.8,16.15,25.5,43.51,43.55,35.26,60.82,35.75,20.06,40.81,39.43,38.48,44.28,22.03,40.23,52.83,5.28,21.74,9.26,54.24,27.02,58.08,37.77,25.37,44.46,32.05,27.67,26.09,33.55,54.08,19.21,58.26,7.69,35.29,49.79,24.99,33.49,26.76,61.84,16.12,21.4,9.05,23.54,53.24,18.43,35.45,4.79,13.2,33.95,37.94,23.91,73.82,37.39,40.18,51.9,45.84,37.09,40.1,19.31,47.53,9.96,15.69,18.83,44.61,47.77,19.51,43.05,62.34,29.16,6.29,0.0,57.82,27.32,11.19,27.81,42.38,36.64,22.16,52.91,31.0,37.04,59.02,22.63,58.14,29.35,51.35,32.22,42.0,37.62,37.63,48.07,41.2,6.01,47.53,42.9,52.68,20.18,11.67,34.4,39.76,24.08,22.59,15.18,37.43,23.03,17.31,17.54,56.37,6.66,23.87,29.05,30.78,50.17,12.34,30.94,55.38,56.08,36.95,30.62,21.07,5.12,31.88,0.0,25.77,48.73,29.99,20.68,49.89,17.43,16.89,18.26,1.1,3.84,52.2,48.91,15.17,42.17,23.13,16.49,29.29,18.56,31.27,10.21,19.43,0.0,33.47,15.04,30.48,27.47,12.83,31.02,38.74,0.0,35.35,16.37,51.41,0.0,26.8,0.0,25.8,41.58,36.83,39.88,25.36,16.78,13.39,47.24,7.81,19.04,34.31,30.66,39.69,31.72,26.31,24.64,10.54,22.7,33.35,42.85,25.79,30.7,21.14,8.32,31.34,15.68,40.01,8.08,51.83,25.75,0.0,41.0,16.46,33.5,43.05,35.06,27.83,12.15,46.03,41.13,30.43,22.88,0.0,0.0,57.61,34.4,24.16,20.66,32.37,24.59,24.01,28.53,41.08,14.02,26.64,25.32,36.0,33.8,56.88,14.49,26.95,43.58,36.1,42.22,10.02,33.08,14.69,37.59,1.99,47.66,28.15,31.78,32.88,14.17,35.84,16.57,25.45,12.75,38.51,17.87,41.68,50.24,36.24,58.16,30.98,21.65,11.71,21.94,21.52,38.87,39.6,28.8,57.97,17.76,13.58,39.61,24.73,33.5,16.41,9.17,3.77,14.02,10.79,21.15,17.89,59.38,49.0,1.62,48.4,49.62,24.43,38.27,13.71,39.7,36.22,48.8,43.35,36.69,16.54,33.62,36.17,35.93,40.77,22.01,39.96,22.46,0.0,34.75,48.43,54.82,34.04,23.97,32.41,9.78,19.77,43.43,26.68,22.67,47.59,15.27,49.72,49.59,51.49,9.02,42.18,33.08,51.51,48.47,15.85,60.85,41.68,31.23,18.53,8.84,39.84,20.52,21.64,35.94,40.38,4.54,28.29,15.26,14.88,0.0,23.12,28.85,32.55,48.28,10.32,13.68,20.79,48.07,,,,,,,1.26
,,,,,,,,200.0,60.0,870.0,0.05,0.05,10.0,0.13,673.0,672.0,669.0,665.0,669.0,672.0,673.0,676.0,681.0,663.0,34.4,22.95,57.28,42.1,31.84,84.09,53.21,88.73,58.09,63.9,29.93,17.26,72.61,56.85,33.21,44.6,29.04,98.72,59.23,22.94,44.89,57.66,52.71,14.52,37.45,24.8,76.53,64.81,67.86,46.08,47.42,52.04,93.61,79.91,58.73,35.08,1.49,71.38,59.9,10.15,3.08,54.11,56.92,44.7,66.91,48.57,46.45,42.18,87.1,59.05,66.65,57.77,52.51,55.39,48.97,70.23,44.1,53.94,53.58,51.46,44.09,37.74,53.59,47.6,75.1,30.78,63.4,5.47,78.25,47.41,23.8,62.69,61.56,42.49,50.95,21.46,76.99,34.82,32.29,77.15,52.28,29.51,51.79,62.75,89.26,39.13,14.12,22.94,58.89,26.8,58.11,42.96,33.09,103.57,52.26,30.05,62.36,74.67,102.01,28.98,66.15,54.52,66.03,10.48,83.13,51.92,87.69,50.6,38.94,42.05,27.88,35.79,62.44,41.73,41.94,62.75,45.32,46.59,66.48,20.77,19.98,68.75,34.21,40.99,55.27,61.72,18.91,33.08,79.69,0.0,46.34,47.78,89.32,76.64,45.55,5.24,33.13,49.42,78.04,25.9,44.75,74.18,42.32,45.21,94.97,57.35,65.03,70.47,56.01,30.24,65.88,34.41,80.24,4.93,60.96,6.52,30.53,41.07,55.08,37.29,52.66,103.58,47.71,48.74,61.59,28.13,58.93,79.0,98.3,66.31,30.43,50.47,68.41,84.29,61.74,93.9,71.58,34.44,69.99,69.62,70.75,68.11,46.46,61.24,78.96,18.6,37.9,18.41,97.76,46.83,99.06,62.43,47.69,69.57,65.72,49.04,52.36,58.93,92.3,29.95,87.01,27.45,61.54,82.1,38.88,51.49,45.79,101.66,25.78,40.86,17.92,53.82,89.99,29.1,61.09,16.11,25.47,53.21,60.88,51.71,110.74,65.01,62.01,73.75,77.65,56.8,72.53,43.77,87.34,11.46,35.19,28.37,81.14,78.21,39.04,82.35,98.95,53.37,19.84,1.07,88.6,55.68,29.27,43.76,71.44,75.03,41.07,99.86,60.11,57.43,90.39,39.69,87.26,47.62,88.57,54.12,72.89,67.83,59.58,80.06,75.55,21.61,76.26,71.82,90.12,34.32,25.6,63.47,57.54,55.36,48.75,30.07,61.29,53.04,32.68,33.05,83.71,20.98,39.87,58.96,57.53,81.59,34.27,54.5,77.53,95.87,70.68,51.48,31.02,16.98,54.27,0.0,54.56,86.06,58.35,38.94,85.33,37.56,38.82,39.57,11.58,12.87,84.96,85.76,29.34,77.07,40.71,35.06,58.43,40.25,61.87,28.18,44.13,4.46,56.9,38.68,47.28,43.39,26.78,48.72,76.03,0.0,67.9,30.83,88.29,9.56,56.89,0.0,51.16,69.89,58.93,80.99,45.87,24.2,26.78,83.26,24.92,35.42,52.59,52.53,69.26,50.34,54.14,37.73,31.02,45.94,63.57,77.32,50.62,51.11,40.31,24.32,49.44,43.3,78.51,13.89,87.78,49.51,0.0,87.82,41.9,68.32,73.97,63.78,53.28,17.42,88.37,71.94,65.18,44.5,0.0,15.86,86.26,51.53,42.55,45.54,59.75,43.94,41.23,57.34,74.4,24.84,54.57,47.01,65.05,47.78,100.67,43.98,44.87,70.15,61.17,78.29,25.04,46.63,28.4,64.75,8.41,77.88,53.34,49.71,59.0,33.05,62.92,36.44,59.55,29.91,66.82,32.69,68.1,88.59,68.01,92.53,59.2,39.57,20.99,46.35,45.77,64.79,67.92,53.96,95.39,36.86,29.09,63.45,51.92,59.68,30.24,23.08,9.11,33.32,28.21,39.32,38.52,88.83,85.38,17.94,76.93,65.67,40.58,71.53,32.25,61.93,70.42,80.35,76.06,67.46,26.91,59.48,60.04,60.88,62.91,36.84,73.92,38.63,14.31,64.34,76.36,93.61,64.1,53.89,58.94,23.23,48.57,81.6,42.47,36.38,85.51,33.59,82.87,76.35,90.7,25.43,67.95,51.03,79.12,80.81,18.95,90.51,76.33,49.66,36.66,25.39,66.58,34.52,35.02,64.08,67.24,14.4,41.83,33.79,31.72,15.69,50.94,50.36,51.82,85.74,25.85,35.21,46.93,94.67,,,,,,,1.2
,,,,,,,,200.0,60.0,1061.0,0.05,0.05,10.0,0.13,672.0,668.0,684.0,661.0,663.0,664.0,667.0,674.0,674.0,664.0,55.09,39.26,91.1,67.58,47.31,110.11,82.49,116.46,81.91,90.84,47.37,33.35,92.1,74.89,48.62,59.87,46.26,128.84,79.32,42.35,70.24,76.8,78.58,38.53,58.92,37.87,103.71,87.6,76.62,73.39,60.14,75.99,124.86,106.59,77.5,62.48,12.93,99.88,80.74,26.13,20.83,80.26,75.97,62.22,90.55,73.11,69.7,62.51,117.34,90.44,98.15,84.14,71.66,69.91,70.97,96.03,73.63,75.25,69.79,59.48,57.71,53.72,68.12,67.13,95.6,47.15,93.06,17.29,93.37,66.15,50.28,79.97,89.53,67.92,69.68,47.71,92.42,42.64,48.25,94.01,57.26,44.52,74.71,91.56,113.47,47.29,30.87,35.26,73.37,38.5,78.85,68.02,48.03,143.65,70.65,40.43,79.69,90.31,144.58,58.67,90.11,76.17,94.69,36.27,99.63,64.27,103.13,50.75,54.78,58.92,51.23,54.84,79.03,55.5,70.92,83.04,61.21,54.55,87.75,32.68,47.63,89.81,76.53,56.96,78.2,75.52,38.02,45.46,95.55,0.0,75.46,74.42,117.68,97.46,69.39,39.18,65.81,71.0,88.28,37.47,74.11,105.35,56.88,65.26,114.35,69.84,95.73,99.6,80.84,46.09,91.14,60.78,107.73,28.46,88.27,32.91,65.52,57.95,80.05,61.94,77.79,127.39,69.01,88.94,88.45,46.7,68.43,97.67,124.54,81.35,44.43,62.98,91.92,113.77,77.34,128.21,101.64,52.36,78.49,100.61,104.86,85.47,79.95,70.58,104.26,32.78,70.25,37.15,126.07,63.24,133.17,83.07,82.2,100.83,93.49,68.62,79.2,72.17,111.65,63.64,100.01,41.63,84.81,104.18,53.27,65.46,74.53,125.96,42.64,56.66,42.21,80.52,128.34,54.92,75.41,41.31,39.1,64.63,74.36,77.65,138.1,89.93,77.9,79.68,92.36,77.54,105.78,61.73,126.65,28.17,38.72,46.55,95.34,97.24,59.2,100.48,124.87,65.98,46.81,7.82,104.66,77.5,60.87,65.86,96.68,108.47,74.2,133.28,78.66,80.39,126.03,54.5,101.87,50.13,97.53,86.31,90.35,89.89,81.07,102.85,106.74,31.37,101.95,96.82,113.98,60.32,47.6,88.38,78.14,78.46,80.67,39.87,76.2,64.79,49.18,50.36,105.59,26.11,51.77,92.86,81.34,112.81,50.67,82.4,86.6,124.18,88.21,70.21,42.8,56.99,82.92,22.2,84.15,109.0,83.4,53.65,100.79,65.76,58.13,64.02,25.12,26.33,99.52,120.62,58.2,100.0,66.27,50.14,87.71,65.23,90.86,36.29,80.41,15.44,83.28,64.55,81.34,53.53,47.04,74.48,105.44,28.62,102.98,39.28,113.38,28.94,90.12,4.11,71.02,82.12,87.24,102.15,61.54,40.75,33.07,111.97,48.27,48.48,76.54,78.32,92.26,59.34,71.54,53.85,43.4,76.76,89.38,100.33,66.58,84.71,52.31,42.85,72.81,67.3,110.82,41.32,107.26,75.15,16.35,119.81,73.56,85.26,118.32,86.33,76.98,27.83,117.42,86.32,92.05,59.56,0.0,33.91,114.48,66.82,60.11,67.12,90.43,56.99,54.52,84.09,94.82,33.31,69.85,77.47,83.05,61.18,115.87,50.7,71.03,100.12,85.5,106.15,40.32,59.54,44.14,84.08,26.52,110.1,61.5,66.25,82.59,54.15,79.34,69.04,75.03,51.3,88.41,59.86,91.28,122.21,93.74,127.51,75.32,68.29,39.29,71.96,65.31,85.83,100.33,73.2,117.32,37.23,53.93,82.49,67.52,76.22,44.36,41.53,13.21,48.85,43.47,65.75,58.56,100.72,104.86,30.33,97.02,77.55,49.1,103.89,61.07,86.75,86.99,95.17,108.03,80.2,44.1,83.89,83.77,97.43,69.02,57.22,83.75,45.07,27.94,99.36,104.77,102.73,71.67,76.13,83.82,32.92,68.45,109.73,53.08,53.69,102.08,37.15,106.13,103.79,116.56,41.58,102.44,72.08,102.46,97.37,32.98,115.22,84.06,75.51,57.49,44.28,71.68,42.83,50.46,90.36,90.44,22.86,66.11,56.16,57.73,40.01,61.11,81.45,71.83,106.41,40.13,45.18,66.06,116.21,,,,,,,1.12
,,,,,,,,200.0,60.0,1298.0,0.05,0.05,10.0,0.13,668.0,678.0,656.0,669.0,661.0,670.0,686.0,680.0,672.0,663.0,57.15,51.05,108.4,75.42,39.22,114.15,90.87,114.16,80.83,100.24,61.6,49.06,83.14,59.03,37.1,56.59,52.3,124.94,74.29,48.01,76.52,77.96,81.29,46.71,63.59,39.39,90.78,87.29,82.5,74.47,76.07,71.0,116.77,96.39,75.09,72.44,14.03,101.06,88.94,39.37,45.5,77.04,81.35,69.52,74.45,89.32,77.92,82.61,108.98,98.22,98.15,97.47,83.82,77.57,69.34,93.7,71.66,74.13,79.74,69.7,59.67,50.28,73.7,74.43,111.98,61.66,104.28,27.84,88.01,61.99,60.14,71.9,92.43,64.99,81.53,63.61,98.68,53.55,59.68,86.1,59.51,44.98,60.96,97.79,109.12,43.4,44.55,40.68,76.52,42.04,82.42,82.99,53.99,135.58,61.53,44.66,75.03,99.78,150.68,60.55,101.17,82.01,84.28,55.51,95.73,67.45,102.55,53.63,66.96,70.85,71.19,50.85,88.13,66.76,62.92,96.0,60.14,57.16,90.67,38.18,48.18,75.7,77.71,68.81,84.81,77.35,46.75,50.82,98.42,8.52,91.36,79.68,121.89,105.85,81.86,51.72,72.94,70.42,81.56,38.98,83.24,115.09,67.52,71.95,108.84,77.08,107.0,99.46,87.75,66.82,87.26,65.26,109.99,39.28,102.38,63.5,82.7,65.4,80.76,67.79,74.18,120.3,75.89,97.09,97.19,52.88,68.13,86.68,121.73,79.86,66.04,71.03,109.03,124.98,78.36,131.31,113.18,71.26,100.37,110.49,103.39,87.66,88.11,80.69,115.56,53.0,88.76,43.58,123.62,74.29,133.16,68.16,88.41,102.81,99.53,80.55,93.32,84.55,115.46,74.31,110.75,50.12,94.53,104.13,55.75,80.81,85.2,127.75,62.3,48.65,58.97,85.65,136.34,55.23,80.77,53.69,45.66,56.37,83.42,71.95,132.81,95.77,81.32,78.49,95.87,78.91,110.11,73.37,133.57,35.09,33.37,55.51,84.95,104.37,34.53,115.51,127.71,71.96,61.1,11.14,112.37,74.54,84.42,66.59,98.44,118.18,80.87,122.82,81.75,79.17,118.55,68.83,89.68,38.53,96.43,89.59,76.66,87.39,70.46,92.34,98.96,46.87,108.43,104.44,120.09,60.39,58.74,90.58,67.34,82.39,96.7,62.49,82.21,57.11,63.63,65.89,122.44,50.17,65.59,90.21,79.57,99.89,60.87,91.97,98.08,119.11,99.76,77.01,65.56,64.48,96.17,34.98,82.39,104.35,81.69,59.18,103.27,66.81,74.16,72.84,32.47,24.68,98.0,129.53,57.48,105.28,85.84,65.42,93.92,62.08,104.5,40.6,89.69,37.61,96.96,78.74,93.76,60.35,65.22,89.11,116.25,41.84,93.9,45.58,127.37,39.04,94.12,22.59,80.56,94.66,85.68,104.82,63.55,38.81,36.71,114.29,43.94,64.06,97.99,89.42,86.26,74.51,83.25,58.53,36.5,95.95,99.59,110.43,63.72,85.0,57.15,48.76,78.06,75.57,119.93,55.3,106.57,88.54,25.97,121.75,87.88,78.19,116.44,90.16,82.31,35.76,107.46,98.04,94.09,44.61,27.06,54.05,121.04,65.83,67.34,83.89,99.73,70.33,79.79,82.85,86.41,51.25,85.19,86.02,75.23,69.45,117.38,45.15,88.68,108.36,97.78,112.97,59.22,66.56,51.83,96.93,28.31,111.53,66.14,83.31,91.95,56.01,99.64,91.1,80.98,52.04,101.04,65.94,95.71,102.03,78.2,130.88,82.07,86.99,50.43,87.3,74.01,75.06,109.69,71.6,111.58,29.09,58.31,88.28,71.41,83.44,66.61,60.11,24.09,59.73,51.0,75.71,80.16,102.78,108.8,43.03,104.31,87.15,59.97,105.28,81.45,99.86,81.16,102.78,119.02,91.24,59.95,92.03,95.89,95.04,76.84,67.16,77.69,47.82,44.19,117.86,105.31,100.48,84.81,69.59,84.11,40.37,62.92,111.93,61.87,58.11,109.77,37.75,114.1,114.77,133.14,57.49,127.07,80.64,99.03,99.72,42.93,112.71,84.33,79.58,61.17,52.5,69.63,60.6,59.43,83.8,93.38,30.63,73.68,71.68,52.7,56.2,57.94,83.22,77.34,105.11,54.98,50.97,74.17,124.76,,,,,,,0.8
,,,,,,,,200.0,60.0,1553.0,0.05,0.05,10.0,0.13,673.0,674.0,671.0,672.0,673.0,664.0,674.0,664.0,673.0,672.0,76.02,56.68,122.66,80.13,50.99,117.2,92.88,119.1,87.85,125.29,79.23,52.35,88.15,48.7,52.43,66.77,61.27,134.08,88.92,62.09,96.25,83.01,96.8,52.26,60.9,54.51,99.85,92.17,86.5,71.86,87.06,82.62,121.82,98.03,85.36,89.77,12.95,98.48,105.21,50.94,70.73,86.19,82.01,94.3,69.09,96.18,81.11,74.25,111.79,110.11,96.74,112.27,110.05,97.49,83.3,106.02,69.53,83.33,63.85,78.29,70.28,70.54,84.89,83.32,111.46,73.37,123.52,48.09,102.13,63.03,71.05,80.32,111.95,71.29,104.91,74.48,101.17,71.58,61.29,89.52,58.01,55.53,65.16,110.39,114.92,49.13,52.97,55.42,77.99,53.93,85.19,94.33,54.47,126.3,71.72,56.69,73.46,114.19,142.79,68.22,103.42,87.46,109.81,56.25,104.68,74.89,124.98,50.64,90.8,96.96,75.91,56.53,80.69,81.01,76.94,116.51,75.25,71.24,107.94,39.6,63.06,80.91,74.74,73.13,86.51,70.91,49.62,54.09,115.43,41.82,93.87,74.33,121.23,111.59,94.64,59.95,69.51,86.33,81.09,53.14,91.94,128.34,97.56,91.67,94.62,83.54,96.73,104.11,86.78,73.38,98.25,80.82,114.99,63.8,95.74,71.47,94.8,82.73,85.57,80.21,80.92,130.54,74.21,111.01,123.53,78.16,84.28,89.44,129.13,83.81,79.16,76.87,114.48,139.72,89.98,127.74,115.28,93.12,93.47,111.84,107.61,83.6,91.04,77.32,125.77,49.52,112.59,55.43,125.95,95.22,138.48,76.44,93.4,108.01,112.06,103.14,101.92,93.19,126.0,82.6,129.27,47.5,105.43,110.21,65.2,80.08,97.08,132.46,73.1,58.75,66.55,90.94,147.85,45.18,101.64,64.48,58.31,63.74,91.41,85.8,135.64,99.56,103.59,84.88,121.84,89.81,122.14,83.37,143.63,61.96,42.15,73.84,92.86,112.38,38.58,133.82,130.43,69.44,82.28,25.44,121.23,87.42,101.13,55.84,104.0,122.6,90.4,128.6,94.89,80.5,105.42,61.35,98.59,46.87,85.49,76.88,71.49,98.52,54.88,107.41,108.0,70.29,117.35,110.94,130.56,72.17,75.02,94.88,65.77,81.51,104.08,75.2,98.1,68.91,78.35,62.37,146.88,74.55,83.76,89.29,75.38,98.31,73.85,106.22,130.15,120.29,116.74,73.51,80.11,69.88,96.1,49.99,88.68,114.71,84.44,85.17,104.56,91.42,89.31,82.79,44.46,41.51,114.84,138.67,54.16,123.97,90.84,78.14,108.62,60.39,119.93,50.53,95.08,53.59,101.17,92.72,108.96,54.21,84.77,97.57,124.76,59.08,88.23,64.32,151.71,27.63,93.73,25.13,89.49,108.01,92.35,91.37,58.2,67.72,51.04,113.02,49.52,81.54,110.86,110.92,81.41,77.11,98.55,74.95,41.05,91.89,115.83,111.62,70.51,90.29,86.09,32.72,93.28,78.95,113.55,60.37,116.2,98.28,27.73,120.62,93.53,77.97,129.39,106.86,105.59,49.56,109.44,93.85,101.25,58.55,41.51,72.32,128.78,75.19,89.2,84.26,109.21,78.78,86.37,97.09,98.07,61.71,111.86,111.56,80.74,72.29,127.08,45.11,94.04,110.23,108.34,99.56,77.36,70.36,59.78,113.06,48.36,126.48,60.67,91.41,97.28,72.73,108.54,109.44,95.08,48.85,109.35,72.43,113.88,105.53,96.69,145.37,81.68,81.08,61.38,96.47,85.36,78.28,105.64,84.21,104.62,48.3,74.15,109.42,104.29,79.99,80.65,61.6,42.28,79.73,65.94,82.41,97.99,104.2,114.87,73.05,116.08,96.18,79.95,100.92,82.8,115.37,90.08,112.08,133.37,95.94,72.79,104.61,97.93,98.09,82.25,66.52,88.24,54.61,62.36,137.58,122.36,96.07,100.86,95.84,84.07,49.36,66.47,114.83,78.4,67.4,127.81,55.33,114.09,106.23,150.87,82.06,132.67,87.63,95.56,110.37,56.4,112.55,104.48,93.91,83.82,57.6,79.88,73.16,83.53,97.07,107.95,42.18,83.57,95.09,72.59,65.59,55.51,76.52,77.89,111.26,69.66,61.79,74.01,137.08,,,,,,,0.74
,,,,,,,,200.0,60.0,2077.0,0.05,0.05,10.0,0.13,678.0,681.0,683.0,676.0,669.0,661.0,672.0,664.0,667.0,684.0,82.01,62.64,117.84,73.6,49.82,111.54,95.58,106.99,94.6,120.2,84.8,67.4,70.86,36.53,60.74,82.3,60.22,144.11,82.13,61.64,99.62,77.49,92.4,50.8,69.12,61.72,89.1,95.14,78.49,72.12,88.89,96.96,125.82,84.71,85.14,111.64,23.99,105.6,107.97,51.91,62.89,106.18,85.49,100.17,63.97,83.8,97.88,66.19,105.27,93.84,94.45,115.46,111.93,92.43,89.48,76.29,65.68,90.99,76.28,91.42,70.72,76.31,69.55,83.71,107.69,84.27,119.42,67.79,115.28,63.35,61.45,90.33,112.61,73.47,101.75,77.19,90.62,74.68,61.93,84.24,64.8,51.35,64.12,110.88,111.85,60.85,48.41,65.42,75.07,70.5,92.39,91.37,69.77,132.1,81.43,50.26,81.5,104.05,139.19,53.28,93.41,95.15,125.65,68.2,100.25,75.86,111.1,67.47,103.44,97.68,67.67,61.8,88.19,83.2,66.45,121.95,72.78,83.36,119.22,49.53,63.74,84.26,78.03,87.88,77.21,68.98,57.21,42.29,114.91,60.4,91.55,74.62,121.47,89.1,85.28,67.5,87.73,91.02,97.05,64.08,90.38,118.11,99.49,82.01,89.73,85.08,101.44,86.98,85.04,67.01,112.26,80.38,117.66,75.77,97.16,78.7,80.98,86.89,93.85,83.66,84.12,120.58,81.41,103.63,122.95,77.44,82.72,96.98,117.32,83.95,88.37,76.01,108.93,125.12,89.09,140.56,112.04,98.75,94.14,96.08,110.65,91.11,78.36,65.7,115.54,68.68,115.16,60.64,113.45,101.74,135.74,73.78,90.58,99.36,127.28,102.77,101.59,89.26,121.06,80.19,123.22,53.49,107.7,121.91,77.03,84.58,104.72,143.56,87.82,59.43,74.68,87.25,131.19,47.48,106.92,54.6,55.51,67.38,91.74,75.72,123.58,96.36,110.01,99.31,115.38,93.64,120.69,98.48,143.86,79.3,70.2,83.08,90.09,98.32,40.59,132.97,113.37,60.79,77.26,46.96,115.36,60.71,85.89,57.45,99.85,115.18,82.15,127.5,96.95,94.81,80.35,73.76,89.05,66.44,78.88,97.05,69.67,94.67,59.29,98.05,99.5,72.91,108.67,104.37,127.08,55.59,98.64,90.24,83.23,81.73,88.05,78.85,96.99,89.34,96.57,60.03,140.25,90.0,87.99,78.22,71.37,93.29,77.46,120.05,128.7,120.4,85.01,69.73,85.07,72.06,85.24,73.55,83.96,98.08,78.21,81.83,102.15,89.16,87.83,81.09,54.52,45.08,104.49,148.47,74.24,131.06,96.84,90.26,92.96,66.31,102.57,65.73,89.36,44.76,102.25,88.44,118.28,73.05,79.42,102.29,132.46,80.01,82.78,60.14,139.56,46.67,81.63,44.07,92.63,89.46,100.5,93.18,58.12,75.83,63.17,88.5,55.11,74.4,110.14,96.06,80.24,93.59,104.42,75.25,38.36,87.96,118.55,114.73,89.75,111.49,86.19,26.9,97.3,85.67,101.01,61.09,104.21,90.8,26.51,113.8,102.32,83.27,130.25,107.93,98.34,73.78,103.49,83.55,96.63,63.73,32.82,75.61,132.62,80.36,89.78,84.36,96.36,81.09,77.05,86.96,109.54,77.29,115.87,98.96,75.54,69.82,122.76,58.27,95.88,102.0,111.59,94.57,77.11,81.62,61.96,85.75,53.18,125.99,51.27,93.46,78.66,67.97,106.92,109.68,96.48,43.18,103.97,68.22,133.53,107.39,88.29,138.33,88.86,62.37,74.31,98.41,79.44,81.28,105.28,89.73,103.7,67.71,84.9,94.26,107.61,92.42,88.86,79.23,47.12,74.39,74.35,91.83,84.25,92.32,106.8,74.12,115.45,102.84,89.44,93.79,72.03,97.57,95.2,122.45,125.43,83.4,82.02,102.52,81.62,98.28,78.89,72.3,73.59,62.92,82.88,133.64,104.77,85.12,95.97,99.29,76.23,55.03,53.58,100.56,76.56,62.39,117.47,57.88,108.32,110.62,127.74,86.94,117.64,88.44,98.86,115.55,63.44,128.81,108.43,100.61,98.94,60.75,82.91,81.7,98.67,93.54,104.64,45.34,80.66,90.84,70.49,75.89,49.32,67.38,86.98,120.29,61.25,54.27,82.03,137.94,,,,,,,0.76
,,,,,,,,200.0,60.0,972.0,0.05,0.05,10.0,0.13,,,,,,,,,,,67.13,61.6,96.15,55.13,55.74,91.24,75.65,76.18,80.81,99.23,65.46,61.37,60.33,33.56,53.0,66.04,60.12,115.03,71.27,57.19,74.54,76.84,79.08,52.05,51.93,51.4,58.36,67.93,59.19,59.94,70.7,81.79,94.64,78.05,60.08,98.02,35.4,95.66,84.22,49.83,50.55,89.32,61.03,84.35,48.32,65.76,90.34,51.92,80.07,84.59,61.56,87.87,88.73,80.02,69.94,44.73,57.59,70.36,69.41,82.75,64.5,69.26,63.08,64.45,80.02,68.41,82.29,60.95,100.46,63.92,40.39,82.49,98.02,62.49,92.15,57.56,69.06,59.55,55.55,50.21,66.08,67.75,59.11,80.85,83.22,61.82,59.36,65.71,56.22,69.78,83.17,88.16,70.06,111.68,65.97,44.46,62.53,87.73,95.75,38.81,77.91,75.54,105.39,59.61,74.83,62.63,95.76,67.41,85.07,75.26,56.02,61.79,69.02,67.67,51.08,96.87,61.68,63.73,89.66,52.44,50.37,74.82,68.66,77.86,70.4,68.98,49.87,38.07,82.63,56.8,65.19,72.64,96.13,60.5,75.7,66.61,88.95,83.28,84.82,56.6,80.9,108.71,88.47,76.36,74.37,59.39,83.71,70.58,73.5,49.65,107.66,66.83,107.06,64.65,70.15,67.14,59.14,82.27,77.99,56.15,74.39,88.08,69.49,85.12,102.89,67.68,75.18,73.56,87.49,56.39,83.21,69.69,91.19,115.86,62.5,108.6,97.32,79.8,77.95,80.28,86.26,72.92,68.42,53.11,82.05,74.81,102.14,60.25,82.96,75.97,108.02,60.67,76.75,77.53,101.02,79.27,85.12,78.68,95.33,75.83,110.8,51.57,77.08,93.38,68.25,73.31,86.07,113.07,84.64,57.77,73.25,84.34,115.55,43.61,95.33,50.15,43.45,54.21,82.63,59.08,102.99,89.36,88.15,71.03,88.29,76.41,101.28,85.33,104.02,63.76,70.75,74.61,68.43,92.53,35.06,109.45,83.9,44.23,54.73,47.27,89.95,39.76,72.5,54.37,79.87,83.47,66.39,94.99,77.51,77.65,66.8,65.02,79.17,63.77,67.3,71.22,71.06,82.37,60.11,91.51,66.08,65.62,89.55,84.46,93.58,42.55,82.95,75.69,73.27,64.18,72.49,67.8,95.89,72.89,85.74,53.59,106.18,70.04,70.87,66.55,61.09,67.46,75.96,97.67,98.92,96.39,52.73,60.25,81.1,57.76,75.71,72.06,77.5,87.57,46.49,64.77,87.52,61.51,71.99,78.33,55.6,34.13,77.86,118.14,72.18,98.74,87.49,73.94,72.58,69.5,69.58,56.1,76.94,54.45,73.97,57.8,99.29,66.72,66.99,78.61,102.02,70.44,64.94,56.96,119.15,59.2,67.91,24.45,71.49,99.2,83.2,80.53,36.78,70.72,61.0,73.32,51.05,70.73,83.08,68.23,62.8,79.64,97.77,56.13,39.42,77.16,95.55,87.19,76.33,88.73,76.2,32.2,79.17,85.03,75.81,65.19,78.46,65.67,26.71,97.95,87.1,79.34,96.94,74.95,76.82,77.23,85.11,68.47,75.82,59.45,27.47,75.78,98.48,68.57,81.11,83.16,79.2,70.42,66.26,77.36,81.67,76.26,92.04,71.89,71.71,63.64,88.6,70.54,70.58,82.39,86.58,90.03,57.18,61.26,63.98,73.43,63.97,103.24,53.33,89.09,63.32,50.88,83.08,98.88,81.84,51.91,90.84,50.95,103.02,75.58,78.78,104.69,77.29,40.52,65.55,76.65,59.86,72.22,99.56,80.97,82.82,55.43,79.5,66.5,76.76,79.03,74.07,68.03,52.56,85.84,68.6,80.46,72.5,74.45,86.46,51.46,98.64,82.56,79.22,83.16,53.14,78.05,83.43,114.01,97.93,63.53,80.1,72.55,70.06,70.91,70.4,64.32,58.36,70.62,77.21,110.29,82.28,75.38,89.19,81.13,77.8,45.24,47.38,64.58,75.98,58.42,90.68,41.05,92.79,79.23,91.07,72.19,103.42,72.45,72.87,90.81,60.6,119.5,94.83,76.28,70.48,55.46,75.4,58.72,97.02,74.35,79.54,39.68,76.38,64.66,66.71,65.5,42.07,58.85,69.58,107.0,37.01,58.14,66.37,114.55,,,,,,,0.9
,,,,,,,,200.0,60.0,1987.0,0.05,0.05,10.0,0.13,,,,,,,,,,,42.96,32.15,59.7,33.47,33.35,50.1,42.67,43.36,46.05,61.14,40.16,35.22,45.2,30.19,39.27,25.59,33.61,52.14,43.77,43.88,43.96,50.68,50.99,33.34,31.21,36.21,29.75,43.62,32.77,40.01,37.68,52.81,49.78,50.66,27.16,50.82,28.09,50.65,50.98,39.28,39.96,47.46,45.32,51.07,21.81,37.04,50.54,35.06,49.34,53.7,40.14,50.15,52.19,44.05,35.99,38.36,39.37,50.17,47.51,48.55,41.37,39.76,39.65,34.89,42.06,41.4,45.94,36.15,57.87,38.18,25.2,44.85,62.72,36.54,52.18,32.57,36.23,33.62,30.13,22.03,40.08,53.28,42.79,51.05,46.93,43.38,34.69,39.87,39.94,37.39,46.76,53.62,41.63,64.84,38.99,25.58,47.82,43.47,51.16,33.94,43.06,41.75,60.59,32.82,48.45,41.59,52.38,43.66,60.6,43.58,40.63,38.72,49.96,43.05,32.74,53.08,33.01,34.75,51.44,29.15,29.41,48.16,33.14,53.52,47.69,48.75,31.37,28.23,47.36,39.02,41.94,43.66,59.87,34.7,42.64,41.23,54.62,47.22,52.63,37.88,45.87,54.52,56.53,45.09,40.96,43.87,51.59,47.13,50.66,34.71,58.78,40.47,62.89,33.51,37.19,44.03,36.68,55.6,45.42,42.76,41.41,40.89,40.18,55.86,55.3,44.33,40.31,44.11,50.3,42.85,48.23,37.86,62.32,74.42,39.24,63.74,57.85,51.19,42.8,41.58,53.21,43.0,37.51,34.31,41.17,42.35,63.17,31.19,49.18,48.51,62.43,39.93,50.98,45.01,62.52,50.14,45.78,55.09,49.8,43.14,69.16,30.5,51.75,57.2,46.59,51.93,49.89,62.47,51.9,42.14,52.62,60.81,73.45,24.92,52.3,43.92,24.92,32.53,45.49,41.34,58.79,50.49,52.22,38.66,56.47,42.18,58.11,53.08,61.73,45.61,51.22,48.59,39.26,61.68,18.61,54.96,60.63,38.43,23.51,35.67,50.15,37.99,46.39,39.57,48.92,48.36,42.92,57.37,54.55,50.97,37.91,43.29,45.8,40.77,40.35,36.27,48.02,45.23,39.19,61.42,40.13,41.8,52.31,53.01,53.3,32.69,53.93,45.36,44.96,51.89,36.17,51.17,56.1,38.77,49.38,38.78,60.06,47.56,43.16,37.86,43.49,40.01,53.68,51.85,56.42,48.95,35.72,35.25,45.03,31.0,53.29,47.53,44.09,50.32,27.02,41.45,50.76,44.03,41.33,51.1,31.56,22.29,39.57,60.34,35.48,56.44,53.05,34.04,40.7,48.67,50.06,30.6,40.61,32.0,44.67,38.82,49.79,40.08,41.18,46.08,59.57,39.94,45.12,45.68,71.85,39.86,38.01,9.12,50.76,68.23,44.81,47.96,26.75,48.44,43.39,42.27,33.38,40.11,53.15,41.15,41.82,45.95,50.54,31.12,35.15,43.42,57.95,53.81,51.37,53.4,48.48,23.55,48.97,51.23,48.37,48.71,44.32,38.36,24.53,55.84,49.31,58.66,57.74,39.27,43.36,45.82,46.61,39.67,35.3,34.96,20.82,52.59,56.92,36.83,50.65,50.17,45.78,33.26,39.97,52.9,40.42,49.26,50.26,42.76,50.3,40.2,52.9,42.52,40.62,49.82,42.14,54.54,32.64,34.93,40.14,44.78,44.68,63.62,40.08,52.31,43.24,29.8,53.42,61.03,47.42,26.79,52.77,34.32,58.26,40.8,48.64,52.77,42.32,25.06,42.04,42.64,37.0,42.88,67.83,40.8,46.03,40.51,50.18,39.06,42.5,48.44,42.71,49.84,30.75,58.35,44.91,56.71,41.9,42.74,47.56,38.59,56.52,48.55,45.29,56.66,36.86,50.34,47.71,63.21,59.02,34.63,47.88,38.91,45.41,46.34,39.53,51.21,30.7,44.87,42.33,72.28,37.94,44.47,50.67,43.56,43.6,29.43,35.11,35.89,47.68,32.65,47.74,26.08,54.21,42.13,52.35,40.94,62.3,45.81,41.98,58.68,40.56,75.15,51.43,44.89,44.94,36.95,46.32,38.61,54.74,40.19,43.16,26.43,52.76,52.01,47.59,45.88,32.77,25.3,41.75,60.13,26.75,42.72,42.13,72.35,,,,,,,1.02
,,,,,,,,,,,,,,,,,,,,,,,,,14.7,11.16,20.09,12.56,14.3,16.75,13.46,14.84,11.84,21.89,13.72,11.13,15.09,12.91,14.41,8.03,11.95,15.6,14.17,15.61,14.53,14.56,16.21,12.63,14.14,10.83,11.33,15.7,10.29,16.07,12.04,18.14,16.86,17.56,9.68,16.44,9.12,14.07,15.01,15.25,14.78,14.97,18.34,18.34,6.74,13.44,15.72,13.39,15.38,17.38,12.51,15.18,17.9,14.43,12.32,11.33,14.48,17.26,16.93,14.24,15.16,14.22,14.37,11.5,12.48,15.42,12.19,12.67,17.55,13.87,12.2,17.33,21.25,12.48,16.48,12.79,13.34,10.7,9.23,10.24,13.56,18.3,14.73,16.26,14.65,14.27,10.35,12.3,14.92,10.41,14.85,18.03,16.24,20.61,13.74,9.91,17.64,12.79,14.57,10.57,12.31,13.75,20.85,13.77,16.06,11.46,16.44,13.76,20.63,12.76,14.21,11.81,14.58,14.72,11.1,17.16,11.43,13.09,15.58,10.31,11.56,14.53,8.39,19.85,14.52,15.57,13.04,10.91,15.78,15.37,17.26,15.84,20.8,10.68,15.37,13.73,16.86,17.66,18.39,13.44,16.26,17.91,19.77,17.57,12.5,15.57,15.02,17.39,16.29,10.73,18.68,12.78,18.63,11.8,14.15,16.97,13.6,16.82,15.32,13.8,15.78,14.07,13.82,17.35,16.93,12.51,12.83,14.6,14.26,15.1,18.56,13.18,19.36,25.73,12.84,17.65,20.32,16.57,14.55,14.97,16.86,14.94,11.65,10.33,12.86,14.33,19.19,12.45,15.66,17.12,21.19,15.44,15.8,14.4,19.54,17.21,14.85,16.5,16.15,14.22,22.08,9.31,16.63,17.07,13.89,14.72,14.83,19.99,19.29,16.32,17.96,16.57,24.22,10.57,17.21,15.16,10.28,14.41,14.12,16.5,19.96,15.37,17.23,15.34,15.75,11.47,18.84,18.97,21.39,15.83,16.08,13.89,14.83,19.84,6.64,13.53,17.77,18.02,10.2,12.93,15.94,13.16,18.73,13.58,15.7,15.43,12.29,16.3,15.92,18.62,14.93,13.82,16.65,13.68,13.68,12.75,14.17,17.64,13.47,23.27,14.11,13.34,17.58,17.29,17.19,11.37,18.79,12.99,13.68,16.12,13.81,14.31,18.57,10.66,16.12,12.89,18.82,14.53,17.03,11.72,15.97,12.45,16.58,16.14,16.52,16.49,14.22,12.84,12.69,10.41,16.11,16.5,16.13,16.07,8.16,14.3,19.35,16.47,11.75,18.82,9.86,9.22,8.86,19.16,11.65,19.14,16.96,10.92,12.64,18.78,15.76,11.64,13.15,12.56,14.94,13.09,16.84,12.83,12.2,15.46,19.27,13.64,13.58,18.45,20.35,12.86,12.1,3.85,16.72,23.64,14.32,14.34,11.75,18.21,12.5,15.33,13.68,10.81,17.25,16.74,16.14,15.11,15.66,10.07,11.58,13.24,17.07,19.51,14.21,20.01,15.89,10.44,16.47,15.44,17.48,16.07,14.95,15.16,11.79,19.0,13.43,20.39,19.54,12.77,17.18,13.65,14.01,11.76,11.17,12.96,8.57,18.12,17.92,11.8,19.11,16.88,13.42,11.04,12.06,17.22,15.42,18.61,16.2,17.42,17.21,14.99,18.24,13.88,13.27,14.74,10.86,14.45,9.58,13.02,12.41,13.85,13.45,21.11,16.91,16.91,12.92,10.98,16.78,17.84,17.61,7.78,16.22,11.56,18.75,15.34,13.94,19.0,15.21,9.8,12.96,13.63,12.94,16.29,23.16,15.16,17.04,14.66,15.42,11.17,16.9,15.89,14.83,17.18,8.12,19.09,16.11,16.92,16.32,14.25,12.55,14.06,19.34,15.03,15.77,20.56,12.98,17.6,15.4,18.42,19.33,12.65,16.02,14.24,15.89,14.74,14.14,17.94,9.77,13.99,14.44,21.14,11.09,13.65,16.82,13.86,14.16,12.12,10.7,13.6,15.37,13.36,14.22,10.28,16.79,15.4,17.01,16.22,17.98,13.09,12.51,21.18,12.61,20.67,13.54,15.12,15.47,13.61,15.27,11.42,18.14,16.94,17.42,13.41,16.44,17.91,16.36,13.85,10.45,5.94,12.39,18.81,10.52,12.42,16.66,23.5,,,,,,,1.08
,,,,,,,,,,,,,,,,,,,,,,,,,4.94,5.12,8.16,5.25,6.2,5.77,5.8,5.54,3.72,8.59,5.39,4.95,5.74,6.21,4.66,3.13,4.56,6.98,5.43,6.61,6.35,6.04,5.96,5.49,6.49,4.84,5.03,6.36,5.32,6.99,5.01,6.53,6.6,7.22,4.21,5.74,3.63,5.79,5.27,6.29,7.05,5.52,7.65,7.38,4.31,6.64,5.6,6.2,5.99,7.26,7.51,5.81,7.37,5.45,5.37,4.13,6.25,6.17,6.07,4.68,5.67,5.35,5.39,4.33,5.05,6.54,5.67,4.23,7.06,5.34,4.4,6.95,8.38,4.9,5.06,6.42,5.99,5.67,4.14,4.07,5.18,6.3,5.24,7.52,6.02,5.13,4.12,4.75,5.3,4.13,6.2,6.94,6.13,8.39,6.4,3.94,6.92,5.33,5.7,5.09,5.07,4.75,9.12,5.59,5.61,4.38,6.04,5.82,7.17,4.4,6.79,4.74,5.84,5.62,4.63,7.41,3.84,6.19,6.9,4.62,5.86,5.06,4.95,8.25,5.15,6.52,5.24,4.48,7.06,7.11,7.21,5.54,7.31,3.95,6.74,5.15,7.08,6.8,7.21,5.79,6.69,6.53,7.39,6.45,5.5,7.02,5.61,7.32,6.85,3.9,6.87,5.55,7.43,4.73,6.21,6.08,5.07,6.41,6.1,5.56,5.43,5.02,5.66,7.62,5.1,5.62,5.47,6.34,5.62,6.19,7.53,5.03,7.02,9.27,5.95,7.51,8.44,6.05,5.41,6.59,6.65,7.12,5.31,4.12,6.15,5.58,8.1,5.02,6.13,7.09,8.88,6.37,5.83,5.11,7.07,6.45,6.16,6.52,7.12,4.06,8.06,3.83,6.73,6.4,4.56,4.27,5.58,8.45,8.52,6.64,7.9,5.98,9.42,5.4,7.85,6.55,4.76,5.72,5.32,7.0,6.68,5.82,6.34,7.49,5.79,4.66,8.19,7.65,8.13,6.26,5.61,4.84,5.73,7.77,4.16,4.96,6.59,6.78,5.1,5.66,5.99,5.32,6.87,5.12,5.46,5.19,4.42,6.39,4.7,7.76,6.67,5.75,6.67,5.16,7.36,5.24,7.13,7.71,6.36,9.41,6.69,5.78,6.18,7.5,6.58,4.74,7.33,3.8,6.03,6.73,5.35,4.64,6.65,4.69,7.22,5.97,6.47,4.81,6.99,5.18,5.78,4.71,5.91,6.21,6.31,7.5,6.89,5.72,4.49,3.99,6.7,6.39,6.28,5.51,4.58,4.96,6.87,6.29,5.52,6.78,4.2,4.31,3.83,8.49,4.89,7.44,5.44,4.25,5.14,8.5,6.34,4.53,4.61,6.54,5.54,5.77,7.05,5.29,5.65,6.19,6.75,5.62,5.87,7.02,6.83,5.52,4.67,2.88,6.47,7.47,5.54,5.93,4.08,6.52,4.17,5.78,6.5,4.81,7.64,7.03,6.6,7.09,6.37,4.37,4.89,5.25,6.8,8.04,6.44,6.88,7.1,4.8,5.59,6.26,5.58,6.12,6.61,6.13,5.38,6.8,5.94,7.01,8.06,3.92,6.29,5.62,5.1,6.03,5.36,6.54,3.35,5.98,6.76,5.49,6.97,7.83,5.75,4.89,4.91,7.02,6.73,7.75,6.31,8.15,7.23,6.59,6.56,6.44,5.06,5.59,2.97,6.45,4.46,6.49,4.86,5.59,5.56,8.51,5.93,5.76,4.17,4.75,6.04,5.93,7.37,3.16,4.69,2.95,8.5,6.78,5.8,6.97,6.41,4.17,4.14,5.42,5.73,6.22,9.1,6.11,7.21,7.66,5.91,3.45,5.77,5.5,6.77,6.48,2.96,6.86,6.19,8.26,6.44,5.34,4.54,6.54,7.79,5.37,6.88,8.44,5.05,7.26,5.34,6.71,8.04,3.81,5.08,6.36,6.27,5.6,6.18,7.78,4.2,6.52,5.7,7.62,3.88,5.63,7.22,6.3,4.8,6.59,4.25,5.5,5.98,5.98,5.69,4.15,6.28,6.47,6.6,6.33,5.95,5.03,5.6,8.23,5.38,7.8,5.08,5.46,6.91,6.13,5.73,3.11,7.67,7.3,7.33,5.38,5.98,6.56,6.06,5.71,5.81,3.21,4.7,7.62,4.22,4.71,6.1,7.99,,,,,,,1.18
,,,,,,,,,,,,,,,,,,,,,,,,,0.0,0.0,0.0,0.0,0.0,0.0,0.0,0.0,0.0,0.0,0.0,0.0,0.0,0.0,0.0,0.0,0.0,0.0,0.0,0.0,0.0,0.0,0.0,0.0,0.0,0.0,0.0,0.0,0.0,0.0,0.0,0.0,0.0,0.0,0.0,0.0,0.0,0.0,0.0,0.0,0.0,0.0,0.0,0.0,0.0,0.0,0.0,0.0,0.0,0.0,0.0,0.0,0.0,0.0,0.0,0.0,0.0,0.0,0.0,0.0,0.0,0.0,0.0,0.0,0.0,0.0,0.0,0.0,0.0,0.0,0.0,0.0,0.0,0.0,0.0,0.0,0.0,0.0,0.0,0.0,0.0,0.0,0.0,0.0,0.0,0.0,0.0,0.0,0.0,0.0,0.0,0.0,0.0,0.0,0.0,0.0,0.0,0.0,0.0,0.0,0.0,0.0,0.0,0.0,0.0,0.0,0.0,0.0,0.0,0.0,0.0,0.0,0.0,0.0,0.0,0.0,0.0,0.0,0.0,0.0,0.0,0.0,0.0,0.0,0.0,0.0,0.0,0.0,0.0,0.0,0.0,0.0,0.0,0.0,0.0,0.0,0.0,0.0,0.0,0.0,0.0,0.0,0.0,0.0,0.0,0.0,0.0,0.0,0.0,0.0,0.0,0.0,0.0,0.0,0.0,0.0,0.0,0.0,0.0,0.0,0.0,0.0,0.0,0.0,0.0,0.0,0.0,0.0,0.0,0.0,0.0,0.0,0.0,0.0,0.0,0.0,0.0,0.0,0.0,0.0,0.0,0.0,0.0,0.0,0.0,0.0,0.0,0.0,0.0,0.0,0.0,0.0,0.0,0.0,0.0,0.0,0.0,0.0,0.0,0.0,0.0,0.0,0.0,0.0,0.0,0.0,0.0,0.0,0.0,0.0,0.0,0.0,0.0,0.0,0.0,0.0,0.0,0.0,0.0,0.0,0.0,0.0,0.0,0.0,0.0,0.0,0.0,0.0,0.0,0.0,0.0,0.0,0.0,0.0,0.0,0.0,0.0,0.0,0.0,0.0,0.0,0.0,0.0,0.0,0.0,0.0,0.0,0.0,0.0,0.0,0.0,0.0,0.0,0.0,0.0,0.0,0.0,0.0,0.0,0.0,0.0,0.0,0.0,0.0,0.0,0.0,0.0,0.0,0.0,0.0,0.0,0.0,0.0,0.0,0.0,0.0,0.0,0.0,0.0,0.0,0.0,0.0,0.0,0.0,0.0,0.0,0.0,0.0,0.0,0.0,0.0,0.0,0.0,0.0,0.0,0.0,0.0,0.0,0.0,0.0,0.0,0.0,0.0,0.0,0.0,0.0,0.0,0.0,0.0,0.0,0.0,0.0,0.0,0.0,0.0,0.0,0.0,0.0,0.0,0.0,0.0,0.0,0.0,0.0,0.0,0.0,0.0,0.0,0.0,0.0,0.0,0.0,0.0,0.0,0.0,0.0,0.0,0.0,0.0,0.0,0.0,0.0,0.0,0.0,0.0,0.0,0.0,0.0,0.0,0.0,0.0,0.0,0.0,0.0,0.0,0.0,0.0,0.0,0.0,0.0,0.0,0.0,0.0,0.0,0.0,0.0,0.0,0.0,0.0,0.0,0.0,0.0,0.0,0.0,0.0,0.0,0.0,0.0,0.0,0.0,0.0,0.0,0.0,0.0,0.0,0.0,0.0,0.0,0.0,0.0,0.0,0.0,0.0,0.0,0.0,0.0,0.0,0.0,0.0,0.0,0.0,0.0,0.0,0.0,0.0,0.0,0.0,0.0,0.0,0.0,0.0,0.0,0.0,0.0,0.0,0.0,0.0,0.0,0.0,0.0,0.0,0.0,0.0,0.0,0.0,0.0,0.0,0.0,0.0,0.0,0.0,0.0,0.0,0.0,0.0,0.0,0.0,0.0,0.0,0.0,0.0,0.0,0.0,0.0,0.0,0.0,0.0,0.0,0.0,0.0,0.0,0.0,0.0,0.0,0.0,0.0,0.0,0.0,0.0,0.0,0.0,0.0,0.0,0.0,0.0,0.0,0.0,0.0,0.0,0.0,0.0,0.0,0.0,0.0,0.0,0.0,0.0,0.0,0.0,0.0,0.0,0.0,0.0,0.0,0.0,0.0,0.0,0.0,0.0,0.0,0.0,0.0,0.0,0.0,0.0,0.0,0.0,0.0,0.0,0.0,,,,,,,1.28
,,,,,,,,,,,,,,,,,,,,,,,,,0.0,0.0,0.0,0.0,0.0,0.0,0.0,0.0,0.0,0.0,0.0,0.0,0.0,0.0,0.0,0.0,0.0,0.0,0.0,0.0,0.0,0.0,0.0,0.0,0.0,0.0,0.0,0.0,0.0,0.0,0.0,0.0,0.0,0.0,0.0,0.0,0.0,0.0,0.0,0.0,0.0,0.0,0.0,0.0,0.0,0.0,0.0,0.0,0.0,0.0,0.0,0.0,0.0,0.0,0.0,0.0,0.0,0.0,0.0,0.0,0.0,0.0,0.0,0.0,0.0,0.0,0.0,0.0,0.0,0.0,0.0,0.0,0.0,0.0,0.0,0.0,0.0,0.0,0.0,0.0,0.0,0.0,0.0,0.0,0.0,0.0,0.0,0.0,0.0,0.0,0.0,0.0,0.0,0.0,0.0,0.0,0.0,0.0,0.0,0.0,0.0,0.0,0.0,0.0,0.0,0.0,0.0,0.0,0.0,0.0,0.0,0.0,0.0,0.0,0.0,0.0,0.0,0.0,0.0,0.0,0.0,0.0,0.0,0.0,0.0,0.0,0.0,0.0,0.0,0.0,0.0,0.0,0.0,0.0,0.0,0.0,0.0,0.0,0.0,0.0,0.0,0.0,0.0,0.0,0.0,0.0,0.0,0.0,0.0,0.0,0.0,0.0,0.0,0.0,0.0,0.0,0.0,0.0,0.0,0.0,0.0,0.0,0.0,0.0,0.0,0.0,0.0,0.0,0.0,0.0,0.0,0.0,0.0,0.0,0.0,0.0,0.0,0.0,0.0,0.0,0.0,0.0,0.0,0.0,0.0,0.0,0.0,0.0,0.0,0.0,0.0,0.0,0.0,0.0,0.0,0.0,0.0,0.0,0.0,0.0,0.0,0.0,0.0,0.0,0.0,0.0,0.0,0.0,0.0,0.0,0.0,0.0,0.0,0.0,0.0,0.0,0.0,0.0,0.0,0.0,0.0,0.0,0.0,0.0,0.0,0.0,0.0,0.0,0.0,0.0,0.0,0.0,0.0,0.0,0.0,0.0,0.0,0.0,0.0,0.0,0.0,0.0,0.0,0.0,0.0,0.0,0.0,0.0,0.0,0.0,0.0,0.0,0.0,0.0,0.0,0.0,0.0,0.0,0.0,0.0,0.0,0.0,0.0,0.0,0.0,0.0,0.0,0.0,0.0,0.0,0.0,0.0,0.0,0.0,0.0,0.0,0.0,0.0,0.0,0.0,0.0,0.0,0.0,0.0,0.0,0.0,0.0,0.0,0.0,0.0,0.0,0.0,0.0,0.0,0.0,0.0,0.0,0.0,0.0,0.0,0.0,0.0,0.0,0.0,0.0,0.0,0.0,0.0,0.0,0.0,0.0,0.0,0.0,0.0,0.0,0.0,0.0,0.0,0.0,0.0,0.0,0.0,0.0,0.0,0.0,0.0,0.0,0.0,0.0,0.0,0.0,0.0,0.0,0.0,0.0,0.0,0.0,0.0,0.0,0.0,0.0,0.0,0.0,0.0,0.0,0.0,0.0,0.0,0.0,0.0,0.0,0.0,0.0,0.0,0.0,0.0,0.0,0.0,0.0,0.0,0.0,0.0,0.0,0.0,0.0,0.0,0.0,0.0,0.0,0.0,0.0,0.0,0.0,0.0,0.0,0.0,0.0,0.0,0.0,0.0,0.0,0.0,0.0,0.0,0.0,0.0,0.0,0.0,0.0,0.0,0.0,0.0,0.0,0.0,0.0,0.0,0.0,0.0,0.0,0.0,0.0,0.0,0.0,0.0,0.0,0.0,0.0,0.0,0.0,0.0,0.0,0.0,0.0,0.0,0.0,0.0,0.0,0.0,0.0,0.0,0.0,0.0,0.0,0.0,0.0,0.0,0.0,0.0,0.0,0.0,0.0,0.0,0.0,0.0,0.0,0.0,0.0,0.0,0.0,0.0,0.0,0.0,0.0,0.0,0.0,0.0,0.0,0.0,0.0,0.0,0.0,0.0,0.0,0.0,0.0,0.0,0.0,0.0,0.0,0.0,0.0,0.0,0.0,0.0,0.0,0.0,0.0,0.0,0.0,0.0,0.0,0.0,0.0,0.0,0.0,0.0,0.0,0.0,0.0,0.0,0.0,0.0,0.0,0.0,0.0,0.0,0.0,0.0,0.0,0.0,0.0,0.0,0.0,0.0,0.0,0.0,0.0,0.0,0.0,0.0,,,,,,,1.26
,,,,,,,,,,,,,,,,,,,,,,,,,0.0,0.0,0.0,0.0,0.0,0.0,0.0,0.0,0.0,0.0,0.0,0.0,0.0,0.0,0.0,0.0,0.0,0.0,0.0,0.0,0.0,0.0,0.0,0.0,0.0,0.0,0.0,0.0,0.0,0.0,0.0,0.0,0.0,0.0,0.0,0.0,0.0,0.0,0.0,0.0,0.0,0.0,0.0,0.0,0.0,0.0,0.0,0.0,0.0,0.0,0.0,0.0,0.0,0.0,0.0,0.0,0.0,0.0,0.0,0.0,0.0,0.0,0.0,0.0,0.0,0.0,0.0,0.0,0.0,0.0,0.0,0.0,0.0,0.0,0.0,0.0,0.0,0.0,0.0,0.0,0.0,0.0,0.0,0.0,0.0,0.0,0.0,0.0,0.0,0.0,0.0,0.0,0.0,0.0,0.0,0.0,0.0,0.0,0.0,0.0,0.0,0.0,0.0,0.0,0.0,0.0,0.0,0.0,0.0,0.0,0.0,0.0,0.0,0.0,0.0,0.0,0.0,0.0,0.0,0.0,0.0,0.0,0.0,0.0,0.0,0.0,0.0,0.0,0.0,0.0,0.0,0.0,0.0,0.0,0.0,0.0,0.0,0.0,0.0,0.0,0.0,0.0,0.0,0.0,0.0,0.0,0.0,0.0,0.0,0.0,0.0,0.0,0.0,0.0,0.0,0.0,0.0,0.0,0.0,0.0,0.0,0.0,0.0,0.0,0.0,0.0,0.0,0.0,0.0,0.0,0.0,0.0,0.0,0.0,0.0,0.0,0.0,0.0,0.0,0.0,0.0,0.0,0.0,0.0,0.0,0.0,0.0,0.0,0.0,0.0,0.0,0.0,0.0,0.0,0.0,0.0,0.0,0.0,0.0,0.0,0.0,0.0,0.0,0.0,0.0,0.0,0.0,0.0,0.0,0.0,0.0,0.0,0.0,0.0,0.0,0.0,0.0,0.0,0.0,0.0,0.0,0.0,0.0,0.0,0.0,0.0,0.0,0.0,0.0,0.0,0.0,0.0,0.0,0.0,0.0,0.0,0.0,0.0,0.0,0.0,0.0,0.0,0.0,0.0,0.0,0.0,0.0,0.0,0.0,0.0,0.0,0.0,0.0,0.0,0.0,0.0,0.0,0.0,0.0,0.0,0.0,0.0,0.0,0.0,0.0,0.0,0.0,0.0,0.0,0.0,0.0,0.0,0.0,0.0,0.0,0.0,0.0,0.0,0.0,0.0,0.0,0.0,0.0,0.0,0.0,0.0,0.0,0.0,0.0,0.0,0.0,0.0,0.0,0.0,0.0,0.0,0.0,0.0,0.0,0.0,0.0,0.0,0.0,0.0,0.0,0.0,0.0,0.0,0.0,0.0,0.0,0.0,0.0,0.0,0.0,0.0,0.0,0.0,0.0,0.0,0.0,0.0,0.0,0.0,0.0,0.0,0.0,0.0,0.0,0.0,0.0,0.0,0.0,0.0,0.0,0.0,0.0,0.0,0.0,0.0,0.0,0.0,0.0,0.0,0.0,0.0,0.0,0.0,0.0,0.0,0.0,0.0,0.0,0.0,0.0,0.0,0.0,0.0,0.0,0.0,0.0,0.0,0.0,0.0,0.0,0.0,0.0,0.0,0.0,0.0,0.0,0.0,0.0,0.0,0.0,0.0,0.0,0.0,0.0,0.0,0.0,0.0,0.0,0.0,0.0,0.0,0.0,0.0,0.0,0.0,0.0,0.0,0.0,0.0,0.0,0.0,0.0,0.0,0.0,0.0,0.0,0.0,0.0,0.0,0.0,0.0,0.0,0.0,0.0,0.0,0.0,0.0,0.0,0.0,0.0,0.0,0.0,0.0,0.0,0.0,0.0,0.0,0.0,0.0,0.0,0.0,0.0,0.0,0.0,0.0,0.0,0.0,0.0,0.0,0.0,0.0,0.0,0.0,0.0,0.0,0.0,0.0,0.0,0.0,0.0,0.0,0.0,0.0,0.0,0.0,0.0,0.0,0.0,0.0,0.0,0.0,0.0,0.0,0.0,0.0,0.0,0.0,0.0,0.0,0.0,0.0,0.0,0.0,0.0,0.0,0.0,0.0,0.0,0.0,0.0,0.0,0.0,0.0,0.0,0.0,0.0,0.0,0.0,0.0,0.0,0.0,0.0,0.0,0.0,0.0,0.0,0.0,0.0,0.0,0.0,0.0,0.0,0.0,0.0,0.0,,,,,,,1.1
,,,,,,,,,,,,,,,,,,,,,,,,,0.0,0.0,0.0,0.0,0.0,0.0,0.0,0.0,0.0,0.0,0.0,0.0,0.0,0.0,0.0,0.0,0.0,0.0,0.0,0.0,0.0,0.0,0.0,0.0,0.0,0.0,0.0,0.0,0.0,0.0,0.0,0.0,0.0,0.0,0.0,0.0,0.0,0.0,0.0,0.0,0.0,0.0,0.0,0.0,0.0,0.0,0.0,0.0,0.0,0.0,0.0,0.0,0.0,0.0,0.0,0.0,0.0,0.0,0.0,0.0,0.0,0.0,0.0,0.0,0.0,0.0,0.0,0.0,0.0,0.0,0.0,0.0,0.0,0.0,0.0,0.0,0.0,0.0,0.0,0.0,0.0,0.0,0.0,0.0,0.0,0.0,0.0,0.0,0.0,0.0,0.0,0.0,0.0,0.0,0.0,0.0,0.0,0.0,0.0,0.0,0.0,0.0,0.0,0.0,0.0,0.0,0.0,0.0,0.0,0.0,0.0,0.0,0.0,0.0,0.0,0.0,0.0,0.0,0.0,0.0,0.0,0.0,0.0,0.0,0.0,0.0,0.0,0.0,0.0,0.0,0.0,0.0,0.0,0.0,0.0,0.0,0.0,0.0,0.0,0.0,0.0,0.0,0.0,0.0,0.0,0.0,0.0,0.0,0.0,0.0,0.0,0.0,0.0,0.0,0.0,0.0,0.0,0.0,0.0,0.0,0.0,0.0,0.0,0.0,0.0,0.0,0.0,0.0,0.0,0.0,0.0,0.0,0.0,0.0,0.0,0.0,0.0,0.0,0.0,0.0,0.0,0.0,0.0,0.0,0.0,0.0,0.0,0.0,0.0,0.0,0.0,0.0,0.0,0.0,0.0,0.0,0.0,0.0,0.0,0.0,0.0,0.0,0.0,0.0,0.0,0.0,0.0,0.0,0.0,0.0,0.0,0.0,0.0,0.0,0.0,0.0,0.0,0.0,0.0,0.0,0.0,0.0,0.0,0.0,0.0,0.0,0.0,0.0,0.0,0.0,0.0,0.0,0.0,0.0,0.0,0.0,0.0,0.0,0.0,0.0,0.0,0.0,0.0,0.0,0.0,0.0,0.0,0.0,0.0,0.0,0.0,0.0,0.0,0.0,0.0,0.0,0.0,0.0,0.0,0.0,0.0,0.0,0.0,0.0,0.0,0.0,0.0,0.0,0.0,0.0,0.0,0.0,0.0,0.0,0.0,0.0,0.0,0.0,0.0,0.0,0.0,0.0,0.0,0.0,0.0,0.0,0.0,0.0,0.0,0.0,0.0,0.0,0.0,0.0,0.0,0.0,0.0,0.0,0.0,0.0,0.0,0.0,0.0,0.0,0.0,0.0,0.0,0.0,0.0,0.0,0.0,0.0,0.0,0.0,0.0,0.0,0.0,0.0,0.0,0.0,0.0,0.0,0.0,0.0,0.0,0.0,0.0,0.0,0.0,0.0,0.0,0.0,0.0,0.0,0.0,0.0,0.0,0.0,0.0,0.0,0.0,0.0,0.0,0.0,0.0,0.0,0.0,0.0,0.0,0.0,0.0,0.0,0.0,0.0,0.0,0.0,0.0,0.0,0.0,0.0,0.0,0.0,0.0,0.0,0.0,0.0,0.0,0.0,0.0,0.0,0.0,0.0,0.0,0.0,0.0,0.0,0.0,0.0,0.0,0.0,0.0,0.0,0.0,0.0,0.0,0.0,0.0,0.0,0.0,0.0,0.0,0.0,0.0,0.0,0.0,0.0,0.0,0.0,0.0,0.0,0.0,0.0,0.0,0.0,0.0,0.0,0.0,0.0,0.0,0.0,0.0,0.0,0.0,0.0,0.0,0.0,0.0,0.0,0.0,0.0,0.0,0.0,0.0,0.0,0.0,0.0,0.0,0.0,0.0,0.0,0.0,0.0,0.0,0.0,0.0,0.0,0.0,0.0,0.0,0.0,0.0,0.0,0.0,0.0,0.0,0.0,0.0,0.0,0.0,0.0,0.0,0.0,0.0,0.0,0.0,0.0,0.0,0.0,0.0,0.0,0.0,0.0,0.0,0.0,0.0,0.0,0.0,0.0,0.0,0.0,0.0,0.0,0.0,0.0,0.0,0.0,0.0,0.0,0.0,0.0,0.0,0.0,0.0,0.0,0.0,0.0,0.0,0.0,0.0,0.0,0.0,0.0,0.0,0.0,0.0,0.0,0.0,0.0,0.0,0.0,,,,,,,0.9
,,,,,,,,,,,,,,,,,,,,,,,,,3.32,0.38,1.02,3.48,3.32,5.55,5.4,1.46,2.8,4.62,1.96,0.98,5.51,2.66,1.87,4.3,2.59,6.41,2.39,8.61,1.81,0.0,0.0,4.35,3.3,0.49,0.0,3.96,4.12,6.71,0.0,3.73,6.36,4.64,4.56,5.77,1.79,0.16,3.37,0.0,1.17,3.83,5.79,0.61,2.36,3.73,4.09,4.89,0.22,5.02,3.4,6.64,3.85,0.0,1.97,0.74,1.15,2.54,2.38,4.08,2.33,0.0,4.67,2.57,3.6,4.31,4.14,0.0,0.5,4.6,4.11,2.67,6.36,6.42,2.52,1.65,2.36,4.1,0.0,5.65,6.97,0.28,2.03,4.58,5.39,4.15,1.87,1.06,4.98,0.02,4.57,3.87,0.6,0.53,2.06,3.02,4.66,4.46,7.77,2.36,6.51,6.52,3.06,0.0,2.63,1.35,0.95,3.72,1.63,2.98,6.4,4.95,0.82,4.72,0.0,3.98,4.85,6.37,2.92,4.96,2.26,2.73,3.85,4.92,0.0,3.79,1.56,1.02,3.59,1.14,7.75,1.78,7.02,0.47,3.11,0.48,6.4,4.34,2.54,5.78,7.84,0.0,4.49,1.5,2.63,0.68,2.12,5.88,2.1,2.83,4.32,2.13,2.28,1.49,0.0,1.57,1.75,6.83,0.71,3.09,0.0,4.27,0.0,0.06,4.28,0.0,3.32,0.17,4.12,3.87,2.43,5.15,5.86,3.28,1.14,0.0,0.89,4.6,0.24,1.09,4.37,4.06,11.11,2.42,3.49,0.46,1.42,0.0,1.41,3.87,3.72,0.0,7.78,2.07,0.0,2.2,0.07,2.95,0.09,2.42,0.3,8.14,3.18,6.33,1.65,3.89,4.43,0.29,0.0,2.18,6.16,1.83,0.0,1.49,0.0,2.31,1.7,4.8,4.93,0.69,1.9,0.0,5.62,5.65,0.19,3.93,3.74,0.26,1.12,3.65,3.41,0.0,5.8,1.0,4.59,0.0,0.24,0.56,5.17,3.77,6.87,2.0,3.79,0.0,1.36,3.38,0.54,6.24,3.89,5.74,3.06,7.14,7.43,0.0,5.21,3.2,0.0,4.93,1.84,5.82,5.83,4.36,5.63,7.6,4.86,1.7,0.0,8.69,4.62,0.0,4.66,0.11,3.16,6.03,3.69,2.29,2.22,0.0,6.73,4.15,3.12,4.08,1.66,1.03,2.41,7.91,0.7,0.24,3.37,7.28,4.24,6.19,2.95,2.17,6.44,4.06,0.79,1.88,6.26,5.1,1.72,3.02,1.44,3.0,2.2,2.84,5.13,2.13,3.35,1.77,3.18,0.0,1.84,5.03,2.24,4.4,4.0,2.42,2.73,6.28,3.76,5.65,1.78,3.94,1.44,3.49,3.79,3.15,4.74,1.5,2.0,0.0,4.49,0.0,3.83,3.85,4.95,8.17,5.2,2.43,2.85,6.37,5.07,2.76,4.19,4.13,0.63,0.0,3.03,0.27,0.0,5.3,3.81,4.89,3.99,4.39,0.28,2.5,2.97,4.5,5.71,2.47,2.02,3.2,0.0,10.15,2.28,2.2,3.98,0.09,0.44,4.65,0.0,4.42,0.0,3.17,1.42,4.8,0.93,0.11,1.59,0.27,5.23,6.39,0.73,3.89,2.57,5.11,4.93,0.87,3.93,1.33,7.25,2.3,3.85,0.39,2.04,3.63,1.45,2.05,1.97,0.14,2.77,8.4,2.28,0.54,5.86,0.0,0.77,5.27,1.46,0.0,0.0,5.18,0.21,0.82,2.3,0.0,0.0,2.56,1.78,4.44,6.23,4.07,2.43,2.26,0.93,5.53,0.0,3.06,2.0,3.64,2.41,1.46,4.21,2.26,0.89,2.9,5.41,6.12,4.33,3.07,1.97,3.42,4.53,5.51,0.19,5.84,3.01,3.66,2.21,1.11,4.51,4.4,0.0,3.11,3.56,3.61,5.0,0.57,3.88,0.26,1.16,2.44,2.7,0.0,4.01,6.41,5.31,6.06,1.63,0.52,3.24,2.37,6.53,5.77,7.64,4.46,0.0,3.72,3.87,0.1,2.2,0.62,0.14,3.7,6.15,2.11,0.28,0.0,2.59,1.2,2.51,6.5,2.82,0.0,5.62,5.19,1.52,4.17,,,,,,,0.96
,,,,,,,,,,,,,,,,,,,,,,,,,13.54,3.68,6.83,15.61,12.6,18.71,20.55,7.52,12.2,16.37,8.24,4.36,20.15,9.77,9.32,17.83,10.08,24.91,11.04,30.87,5.52,1.5,3.15,15.64,11.19,4.03,0.0,15.59,17.48,22.27,0.0,13.58,22.38,17.33,18.23,21.54,9.22,2.94,13.27,0.0,7.42,13.79,20.86,4.8,8.18,13.11,16.12,19.88,2.93,17.54,13.27,21.53,15.72,0.0,8.87,5.14,5.05,9.69,10.31,17.75,10.41,2.38,15.35,9.1,14.19,15.4,15.91,0.0,6.01,16.04,16.34,12.21,24.58,23.41,9.45,8.71,8.09,14.11,0.0,19.7,25.6,3.83,7.74,18.04,18.11,15.3,8.66,6.71,18.03,2.64,18.07,14.65,4.11,3.24,9.63,10.63,16.51,17.88,27.93,9.57,19.54,22.59,12.54,0.0,10.07,7.15,1.93,13.4,7.39,10.92,23.38,19.68,5.83,16.73,0.0,14.94,19.32,22.04,11.96,17.89,8.32,13.41,13.73,17.17,3.36,13.53,4.16,4.7,12.55,3.9,28.31,6.84,24.26,4.49,10.19,5.49,23.17,17.28,10.82,19.94,27.01,0.0,17.01,7.3,11.91,4.9,10.93,20.92,10.13,13.18,17.73,9.42,10.41,9.0,1.29,8.17,6.34,23.3,3.77,12.16,1.52,14.3,0.32,4.58,17.34,0.0,11.0,4.1,17.91,16.44,9.32,19.98,21.4,12.49,4.5,0.39,6.79,17.37,2.2,7.2,17.82,13.7,38.86,9.07,13.1,2.42,6.8,0.0,7.18,13.51,15.6,0.0,26.66,11.79,0.0,10.53,4.9,10.64,3.38,9.75,1.2,29.67,14.27,21.99,8.59,15.28,16.52,4.61,0.0,7.65,20.9,7.51,1.75,6.78,0.0,10.42,9.04,16.84,18.5,6.06,7.54,0.0,21.44,19.61,3.31,15.72,14.71,3.22,3.69,14.03,13.14,0.0,22.11,6.26,16.82,0.79,2.35,6.78,19.09,15.03,26.07,7.46,14.8,0.0,7.16,13.48,4.4,21.74,16.0,18.98,11.51,27.38,24.05,0.0,18.76,11.55,0.0,16.88,9.33,21.6,20.52,12.61,21.48,24.47,17.32,7.6,0.0,33.06,17.53,0.0,17.15,1.37,13.99,20.92,13.22,8.45,9.31,0.0,23.15,13.73,12.68,13.86,7.07,5.16,10.81,27.58,3.96,3.7,12.5,23.26,16.54,21.5,11.83,8.82,22.44,16.54,2.68,6.09,23.78,18.97,8.66,9.28,6.97,11.86,7.99,10.68,20.66,8.39,10.88,8.68,11.92,0.0,9.42,18.12,11.0,16.12,15.8,11.04,12.12,21.72,13.99,19.41,6.73,13.9,7.6,15.5,13.3,13.25,18.98,7.38,10.43,0.0,16.82,1.13,13.22,12.08,20.04,28.02,19.45,11.07,12.23,21.05,18.09,11.5,16.42,14.71,4.42,0.0,11.09,5.36,3.36,20.62,16.71,20.13,12.34,17.7,3.95,10.57,10.66,16.19,20.93,9.9,6.96,12.56,0.0,35.57,9.63,9.82,16.05,2.48,6.19,17.1,0.0,18.27,0.0,12.41,6.14,19.56,4.15,1.25,7.53,3.47,17.52,23.21,5.78,12.41,11.09,16.59,17.91,1.73,15.93,5.73,25.79,11.25,15.87,1.92,9.3,12.91,6.92,7.8,6.95,2.64,11.76,30.56,8.98,7.01,20.79,0.0,3.89,21.17,6.57,0.0,0.0,20.0,4.54,5.43,10.93,0.0,0.0,12.16,7.0,18.09,23.54,13.87,11.51,7.97,5.09,17.31,2.36,12.27,8.81,14.31,9.47,7.32,14.46,10.9,7.28,9.25,21.04,23.21,16.12,13.38,9.38,14.17,15.31,15.93,3.44,20.43,11.2,11.34,9.61,5.57,16.03,16.34,0.0,13.35,14.04,13.75,19.04,2.76,15.04,2.62,4.13,12.84,10.18,0.0,13.54,24.43,17.53,19.97,9.26,5.12,12.62,10.71,21.69,20.57,24.81,14.86,4.12,13.96,14.6,4.11,8.53,3.7,2.92,14.16,23.2,6.75,2.82,0.0,7.8,5.91,11.36,23.8,9.03,1.23,19.66,17.95,5.56,14.63,,,,,,,1.22
,,,,,,,,,,,,,,,,,,,,,,,,,31.19,13.17,19.07,39.48,33.36,44.82,51.7,18.74,31.54,45.51,23.06,12.35,41.66,26.82,20.12,45.59,27.21,59.31,30.2,69.71,15.65,9.31,11.71,35.04,21.65,11.9,0.0,37.28,43.1,49.1,0.0,31.7,48.12,44.46,46.43,53.89,17.82,9.76,30.38,0.0,25.83,34.5,47.19,20.7,23.08,38.9,34.82,44.28,10.87,37.57,37.01,50.46,36.8,0.0,29.06,9.92,12.33,22.53,26.09,37.44,23.76,12.9,39.63,24.72,36.35,35.85,34.98,7.25,20.63,37.6,35.69,33.08,53.47,51.09,23.77,23.34,21.48,31.25,3.21,47.05,56.78,11.1,23.86,36.84,40.55,38.56,22.8,25.3,37.83,11.7,42.03,39.44,9.79,5.85,27.68,30.56,37.4,42.85,61.47,24.08,44.31,51.03,36.06,0.0,23.98,24.16,8.61,39.99,21.08,24.36,54.03,51.12,18.7,40.01,5.52,32.41,45.1,53.41,30.79,41.43,19.12,37.41,34.19,36.6,12.13,30.24,12.01,17.52,28.15,7.11,65.04,22.99,58.96,14.86,27.15,18.25,56.67,38.94,27.96,44.71,63.59,1.05,43.52,19.09,33.14,18.02,27.88,44.07,28.71,34.26,32.11,24.92,27.96,23.44,12.07,21.04,17.03,52.65,12.25,33.49,18.27,32.14,8.79,18.12,46.11,0.0,34.04,13.7,40.58,37.29,25.77,43.97,46.17,26.54,14.9,10.68,19.63,37.09,5.66,24.99,44.34,31.97,83.53,24.29,31.64,5.62,15.35,3.76,20.22,33.7,39.47,0.0,55.17,31.33,0.0,32.4,11.85,31.21,15.98,25.03,8.84,64.43,34.83,54.16,22.19,34.16,41.66,18.84,0.0,23.28,52.28,23.96,8.85,18.44,0.0,26.75,30.04,38.85,44.97,18.57,22.33,10.9,49.79,46.15,16.22,38.57,44.15,12.16,12.58,33.09,30.06,3.71,48.66,17.74,42.48,7.35,9.76,26.59,46.83,37.51,56.15,17.13,37.14,0.76,14.95,34.68,11.83,48.17,37.38,47.94,21.21,61.23,47.37,0.0,43.1,28.63,0.59,37.45,23.2,52.24,47.8,29.56,44.03,52.04,41.39,12.43,1.12,70.45,46.36,0.0,39.67,15.05,37.11,48.65,27.23,25.13,21.62,0.0,51.44,38.16,28.93,34.2,24.11,14.84,27.31,62.46,13.56,9.7,32.45,49.42,39.11,50.86,30.63,25.79,54.48,45.93,10.84,18.22,59.44,44.71,25.05,26.75,17.86,28.65,25.72,24.54,46.56,21.66,26.39,22.69,28.56,0.0,26.04,37.32,24.39,35.18,39.73,24.34,32.67,46.71,34.07,45.56,11.68,29.71,25.69,37.71,35.74,30.85,47.3,20.58,31.88,0.0,39.83,9.0,33.78,28.29,46.11,70.77,46.26,26.47,28.78,43.5,37.88,27.18,40.16,39.5,15.41,0.0,28.99,20.41,12.72,45.68,36.53,50.03,23.21,34.85,12.2,29.62,29.38,30.97,46.3,24.68,17.38,34.29,0.0,74.51,26.51,25.13,38.98,12.13,23.56,40.34,7.68,44.56,0.0,30.18,13.83,48.28,7.67,13.37,18.38,14.6,38.46,50.83,19.8,29.59,31.13,37.15,41.7,11.24,44.54,14.15,54.71,29.32,43.17,10.08,21.02,25.27,18.86,18.66,21.85,16.69,29.96,66.29,22.0,18.08,49.37,0.0,15.19,55.4,16.46,1.28,0.0,49.65,19.61,19.3,30.08,6.42,2.08,29.64,18.06,43.85,54.03,36.04,27.72,26.5,17.21,36.6,11.65,33.66,18.97,37.56,24.77,24.95,40.29,28.59,17.11,26.94,48.33,51.92,38.7,34.71,25.3,33.64,31.86,38.56,18.3,44.57,21.82,27.15,30.32,14.07,35.03,35.16,0.0,30.02,33.92,32.28,44.95,9.34,36.19,15.41,17.86,31.52,23.67,0.0,26.27,51.51,40.21,52.18,28.34,17.06,31.7,25.28,49.27,42.85,51.87,33.02,12.96,41.3,41.68,14.28,22.01,15.23,10.03,34.73,55.7,13.53,11.43,0.2,22.23,15.8,26.86,53.13,24.27,11.71,49.71,40.35,21.39,40.07,,,,,,,1.26
,,,,,,,,,,,,,,,,,,,,,,,,,55.28,32.84,33.85,58.42,56.06,77.92,92.4,30.43,49.42,97.71,44.11,33.07,74.42,49.26,36.61,86.48,52.27,95.93,56.87,115.51,35.56,20.87,27.36,58.14,38.78,38.8,2.36,61.17,78.2,76.01,0.0,51.99,83.98,81.55,83.88,88.72,21.8,17.39,51.71,0.0,48.58,50.35,70.43,35.88,46.61,65.16,55.77,73.12,16.95,62.15,67.92,72.6,65.9,4.19,56.73,21.95,38.27,34.37,46.63,63.26,33.43,25.23,66.97,53.81,71.37,72.69,64.69,26.66,36.1,60.96,57.25,62.25,90.06,89.29,44.81,43.93,39.36,59.65,4.47,78.0,87.15,24.59,44.09,65.28,60.65,69.47,35.35,43.56,64.47,31.75,69.38,67.85,32.27,19.21,50.85,49.89,65.64,69.67,103.11,37.16,75.81,79.8,61.92,18.75,40.03,51.37,27.33,68.95,44.98,41.59,97.52,79.78,34.17,67.52,23.41,58.55,63.78,92.69,60.45,72.08,35.27,68.39,64.04,68.73,28.29,45.26,26.43,35.97,47.7,25.12,97.93,44.89,89.32,25.55,59.61,40.87,100.9,61.37,53.63,78.91,93.04,22.41,72.74,32.07,58.43,32.41,42.99,72.6,46.18,66.95,57.72,47.94,56.24,36.35,28.22,42.03,34.6,82.14,39.47,59.5,31.56,43.38,28.11,39.05,84.44,9.52,56.86,23.81,63.58,65.65,48.36,73.27,81.48,50.2,32.67,44.16,34.96,61.58,21.23,37.98,77.61,53.57,135.29,48.31,55.39,27.16,36.78,9.77,38.82,54.86,76.78,2.67,83.59,48.77,0.0,55.61,23.43,49.21,49.27,48.46,19.88,99.35,61.72,90.98,45.47,52.83,73.0,32.09,11.66,50.93,89.17,50.22,18.72,40.3,0.0,47.79,52.44,61.79,75.42,32.51,37.64,32.42,76.35,74.9,35.06,74.86,63.74,36.84,30.42,52.7,65.22,16.41,79.24,34.07,79.68,24.59,21.85,58.51,80.36,56.4,92.61,37.84,66.4,7.61,28.92,60.64,27.23,82.46,53.46,85.77,47.41,98.92,74.93,0.0,70.83,53.49,12.27,62.41,40.34,82.82,73.26,48.82,78.71,80.35,73.33,30.56,9.56,113.18,77.13,7.59,62.9,37.47,74.93,81.02,49.33,55.03,41.85,12.56,81.24,67.69,49.22,67.48,40.32,31.02,51.2,93.92,25.13,19.34,62.44,87.81,64.02,89.07,51.94,48.9,95.91,76.39,30.41,35.02,100.08,74.48,61.32,51.08,40.14,45.5,51.03,51.06,77.03,34.46,52.65,52.73,58.78,0.26,42.54,58.09,36.87,57.97,69.85,37.69,59.53,76.05,58.98,81.28,24.27,55.4,51.76,67.49,59.47,59.93,81.34,41.02,60.84,0.66,75.33,29.94,59.56,50.14,76.3,107.79,82.89,39.34,62.59,74.9,62.23,43.9,62.46,85.13,34.51,13.81,56.62,36.71,30.64,81.03,56.47,85.21,44.79,60.52,27.13,40.21,56.35,45.89,72.65,53.75,33.96,62.18,7.67,115.7,47.13,50.34,68.75,27.86,53.42,75.27,19.27,75.46,0.0,56.73,31.86,80.53,8.53,26.11,26.14,35.22,64.28,80.44,47.32,56.66,61.75,68.84,73.13,15.58,81.04,30.08,85.93,50.63,72.43,25.87,36.61,54.33,33.59,40.7,36.73,40.1,52.45,108.29,46.27,39.0,88.02,0.0,39.63,86.6,35.5,6.33,0.0,88.34,35.76,37.42,47.23,21.06,6.38,60.94,39.37,65.94,90.57,54.83,43.64,53.98,35.37,61.15,27.11,71.92,29.13,68.01,45.85,42.82,70.63,48.66,29.55,45.5,72.95,85.2,73.62,62.88,47.29,60.14,58.3,66.04,34.7,74.4,40.72,59.24,52.14,26.33,49.93,60.26,0.0,51.69,54.05,57.98,73.31,28.03,49.43,29.35,30.78,59.52,40.27,10.7,55.82,89.58,64.91,87.42,54.51,40.75,61.41,48.54,73.06,65.9,95.17,64.06,28.22,67.44,79.34,30.39,38.35,38.46,17.37,62.76,91.67,25.51,31.8,3.89,43.2,30.39,46.15,93.85,40.87,35.81,81.85,76.24,38.58,68.62,,,,,,,1.2
,,,,,,,,,,,,,,,,,,,,,,,,,67.85,48.56,53.56,66.85,80.24,104.69,116.25,42.63,85.25,119.56,67.31,47.5,113.1,71.86,44.51,106.85,77.36,117.96,80.82,140.97,46.77,39.45,49.78,76.2,64.1,54.47,10.05,82.6,94.06,100.53,2.38,81.35,120.71,100.59,109.28,103.38,36.49,36.95,65.48,1.49,61.78,78.16,86.52,62.13,64.55,80.74,86.52,96.61,32.68,78.99,100.08,91.52,92.22,18.71,79.77,36.48,59.37,34.75,60.14,86.47,48.02,39.65,92.89,63.6,97.98,98.13,81.39,48.4,67.45,81.38,78.55,75.05,106.17,114.0,60.85,76.2,49.77,83.13,26.55,107.17,92.43,50.63,72.22,90.39,75.13,75.61,42.93,56.51,98.82,49.99,100.18,95.48,63.22,32.15,84.28,72.17,78.77,86.24,122.0,47.15,88.96,107.3,72.27,25.76,54.18,81.48,39.15,91.19,65.58,64.0,123.41,100.59,47.11,77.39,33.62,90.11,86.0,127.04,88.36,101.8,65.61,95.72,91.16,89.31,49.46,69.2,43.77,56.83,51.34,50.21,120.27,71.57,119.35,49.03,77.91,57.05,122.01,97.29,65.27,104.1,114.49,49.39,100.36,53.29,76.45,54.4,58.58,98.99,76.0,86.48,71.91,75.81,79.15,39.67,32.83,64.52,47.2,117.43,66.77,64.14,52.24,58.79,41.31,58.66,117.1,37.68,85.06,58.34,79.08,110.01,73.66,96.82,103.77,71.09,47.61,72.35,44.02,76.31,47.31,47.51,97.03,72.9,155.99,71.97,92.29,43.41,40.57,26.92,54.08,83.91,109.19,12.05,106.91,74.27,19.08,67.76,44.15,51.41,78.87,63.49,39.75,130.99,78.63,126.12,52.88,78.17,93.63,56.7,36.68,64.73,105.91,63.01,33.52,61.69,0.0,73.49,61.52,87.68,92.61,52.75,58.93,47.29,96.08,92.22,69.72,102.12,71.09,51.48,40.45,72.52,83.53,33.62,109.3,51.64,115.09,34.91,36.73,84.49,108.65,76.9,122.39,58.18,90.01,35.43,48.82,86.21,35.47,99.45,86.54,115.21,70.53,129.32,105.1,0.93,88.92,73.07,28.96,80.91,61.73,102.06,81.85,65.97,107.61,99.93,100.72,44.52,21.88,145.47,91.98,31.01,75.57,60.06,113.28,101.51,76.34,72.09,66.6,30.84,98.66,92.59,80.0,102.13,67.55,52.72,70.66,121.02,42.63,30.71,84.51,115.48,77.1,128.19,82.26,71.31,112.62,100.36,53.13,60.85,126.81,90.8,85.85,66.16,63.67,59.11,57.49,72.68,117.72,51.74,66.68,71.95,95.64,17.78,51.84,90.88,62.02,77.92,94.69,56.19,73.4,109.01,89.66,118.51,47.47,84.62,70.11,81.45,71.86,90.69,108.06,73.07,75.97,18.64,106.59,51.65,76.15,74.27,87.71,143.11,114.17,50.23,85.36,100.8,90.48,58.81,83.0,116.84,63.25,33.53,70.17,82.54,34.7,109.07,69.8,106.0,68.27,78.14,50.73,55.91,70.85,69.19,86.4,65.41,31.78,71.89,28.88,146.32,63.8,76.18,85.38,35.68,87.56,102.84,44.09,117.73,14.15,90.15,43.97,108.21,20.33,39.35,43.77,58.65,88.32,82.99,62.79,64.39,80.3,79.86,104.31,33.35,113.65,49.08,111.68,76.46,73.56,35.08,52.0,93.83,62.29,59.8,37.91,55.62,64.53,134.0,53.8,61.56,128.51,4.22,62.99,116.09,64.01,21.84,0.0,109.36,53.8,54.92,62.15,29.97,34.29,79.08,42.14,93.97,130.64,78.72,52.17,81.74,47.51,90.95,33.75,97.76,45.41,84.13,67.28,64.58,77.72,63.82,40.95,54.07,88.13,107.73,108.55,78.69,65.95,85.79,91.64,91.41,60.49,100.25,59.85,78.12,73.05,42.54,57.32,78.73,7.43,77.25,76.48,85.13,98.76,56.51,67.1,45.77,43.41,77.43,58.86,28.7,78.75,116.65,85.0,116.96,71.7,57.33,77.6,72.75,89.68,95.55,115.84,83.41,44.93,90.57,111.8,47.75,49.88,51.11,37.77,90.81,107.67,34.37,37.85,9.41,74.54,52.34,64.94,122.92,56.98,50.99,113.05,99.69,53.66,88.76,,,,,,,1.12
,,,,,,,,,,,,,,,,,,,,,,,,,74.72,60.5,73.33,66.26,96.44,106.73,119.14,38.24,101.99,106.21,70.49,48.82,113.9,96.01,41.53,115.51,81.29,113.13,95.6,141.35,63.98,47.09,51.33,81.25,57.15,59.53,15.09,83.27,93.68,102.92,13.46,92.18,127.01,111.43,117.59,105.84,42.43,56.04,67.98,0.0,80.3,86.22,89.98,68.88,68.08,86.53,97.64,104.08,52.97,77.47,105.89,90.06,111.48,28.63,78.81,45.34,51.15,45.49,78.96,97.74,73.47,37.17,95.21,84.08,91.79,96.05,102.4,57.66,91.3,81.59,92.59,83.45,111.33,105.06,67.45,71.56,65.78,90.94,38.81,96.94,85.86,58.79,71.63,88.13,75.14,89.63,54.43,61.03,91.1,71.93,114.53,109.41,64.93,51.15,92.18,72.36,74.69,76.4,113.31,57.0,97.09,122.63,83.1,34.03,75.06,87.46,52.37,96.76,68.25,74.14,125.26,103.64,61.89,76.36,51.98,97.37,78.29,118.33,90.65,101.86,72.54,94.83,105.09,104.98,52.43,68.39,57.54,55.23,65.3,47.61,106.82,80.91,123.69,53.25,79.3,52.18,124.74,92.11,71.8,127.37,130.44,63.79,107.94,50.23,76.09,50.87,49.88,101.88,84.75,69.91,82.34,88.12,98.75,47.26,28.81,80.15,60.78,133.46,84.04,56.93,65.65,67.74,51.18,73.64,107.82,55.5,91.66,46.25,81.23,109.04,95.35,99.58,117.05,81.42,52.17,89.73,61.72,74.96,44.18,36.13,103.77,69.04,151.34,67.76,105.25,57.36,53.35,32.13,56.44,88.73,111.82,18.73,115.52,72.76,34.99,75.65,54.57,63.88,93.82,68.96,45.32,117.75,94.12,130.31,54.74,79.3,93.91,73.04,55.25,66.33,117.98,50.7,47.68,61.06,0.0,74.89,73.24,107.51,95.73,67.8,72.59,61.89,105.0,98.28,70.4,104.21,64.52,61.89,43.51,68.66,94.32,47.49,114.05,57.74,130.69,47.02,38.35,82.49,112.05,76.59,129.92,60.43,92.07,31.67,56.72,97.6,39.98,106.12,94.55,121.75,67.17,122.13,111.42,17.61,92.75,68.65,28.2,80.79,65.78,108.4,81.23,59.15,99.11,102.73,103.83,45.27,41.81,140.98,101.69,41.95,76.97,67.17,130.34,96.0,88.93,71.48,66.39,60.87,86.72,98.05,81.89,98.45,80.66,61.0,80.45,118.47,54.51,45.58,94.8,125.35,75.57,135.05,86.7,67.12,105.65,108.6,76.43,62.5,123.71,103.56,94.68,83.31,82.02,77.38,61.11,71.01,118.22,56.83,73.01,76.1,99.65,27.05,56.34,97.04,70.76,81.58,101.16,72.84,75.88,100.11,89.53,125.43,53.16,90.55,77.3,94.14,67.96,106.74,110.2,75.59,83.47,22.94,113.63,48.52,78.64,90.95,97.13,130.62,97.49,63.66,106.58,95.19,87.35,62.11,100.99,115.38,67.55,40.7,81.09,95.99,25.49,113.9,65.1,114.36,71.99,85.17,72.08,56.47,67.45,80.57,91.4,75.16,24.55,91.9,55.78,143.08,64.12,66.0,93.43,43.17,91.33,96.89,55.51,124.88,26.29,70.47,53.18,115.49,47.35,57.83,76.95,70.15,91.98,82.1,60.33,82.05,89.02,61.37,99.26,48.56,117.22,45.37,118.24,84.71,80.46,37.44,63.6,95.9,76.69,78.72,46.31,61.67,68.1,131.73,60.86,77.66,131.85,3.36,67.29,128.66,72.21,34.69,10.83,108.5,61.94,67.65,60.32,48.99,63.71,84.31,40.68,113.63,119.34,77.26,49.56,91.46,62.26,91.22,49.92,99.75,50.43,83.83,78.83,78.7,79.11,69.15,56.33,54.26,98.5,109.23,92.94,85.32,77.39,73.19,108.62,114.77,70.88,103.76,58.72,82.34,79.57,41.1,66.0,70.18,13.5,88.61,70.5,89.58,94.1,79.47,77.28,42.04,43.73,76.09,78.47,34.62,80.94,114.73,97.95,113.93,82.5,65.34,76.78,66.96,107.94,106.44,115.81,77.1,43.59,94.99,117.44,32.91,57.36,57.86,34.63,102.96,105.08,47.04,41.18,12.27,92.28,54.39,66.08,129.93,68.1,60.77,111.1,106.11,57.77,92.36,,,,,,,0.8
,,,,,,,,,,,,,,,,,,,,,,,,,84.15,86.6,93.82,83.26,114.02,129.71,129.42,56.47,121.66,122.32,94.82,68.91,108.74,102.87,51.78,113.13,83.47,112.77,112.62,142.15,77.95,53.59,70.12,84.09,75.78,46.6,20.36,97.08,89.27,126.11,37.45,96.64,132.5,116.33,131.37,124.51,49.94,68.19,95.04,33.57,105.22,104.88,96.4,75.88,63.77,108.89,130.87,117.97,80.02,89.42,128.4,87.22,109.4,45.74,99.55,70.72,65.4,46.91,89.75,103.68,101.22,55.71,112.57,96.47,98.73,118.05,113.33,70.84,105.08,74.14,113.58,96.39,96.51,119.54,88.83,85.29,68.88,118.51,52.17,113.81,104.48,61.56,68.94,99.46,75.59,85.77,70.02,46.83,109.05,79.43,119.06,120.9,85.68,59.93,89.22,73.43,98.89,82.39,115.5,68.91,104.41,119.17,102.32,43.0,91.03,101.73,81.15,97.97,90.23,83.88,128.28,107.22,72.11,96.55,51.45,113.91,78.97,111.55,90.44,88.21,79.8,112.8,111.41,114.83,52.84,71.85,55.47,63.15,82.16,47.33,103.92,63.26,129.41,62.6,86.19,56.35,130.35,96.08,90.22,139.3,127.4,65.6,118.72,59.99,82.78,50.49,70.74,117.93,85.05,58.41,94.29,77.11,113.4,58.35,38.65,94.4,65.88,129.62,91.08,44.66,79.17,90.88,79.72,91.55,115.4,77.15,103.98,52.59,103.76,125.66,101.85,125.22,119.3,99.75,66.53,98.49,82.08,86.22,38.6,48.81,97.01,71.58,145.63,65.62,106.81,60.12,67.14,33.87,67.9,99.84,110.74,29.68,118.34,75.58,39.79,95.42,59.33,84.45,93.23,85.37,71.57,117.72,89.27,130.02,59.12,84.85,109.41,95.4,56.78,84.59,124.51,64.52,61.51,76.62,10.83,95.02,77.9,106.08,105.81,63.75,83.89,77.0,98.41,91.9,86.55,107.48,85.78,74.83,63.59,82.51,113.34,57.18,118.59,68.12,146.82,46.66,53.36,87.62,123.14,84.79,146.47,72.45,106.53,22.72,63.79,120.42,42.9,109.68,106.32,122.26,72.6,138.27,124.72,35.38,99.57,83.71,41.06,93.96,70.62,112.39,87.51,73.25,108.17,103.43,90.57,65.68,60.95,151.86,101.67,43.42,89.96,75.1,136.29,88.2,96.12,83.66,80.67,76.9,99.37,109.81,83.35,108.81,90.38,88.14,89.08,125.31,76.86,66.74,110.01,128.55,77.67,134.03,99.79,79.09,126.62,118.44,81.06,89.91,133.61,117.67,102.97,95.12,107.07,84.81,70.01,86.32,114.43,58.57,77.22,80.53,99.8,38.48,81.67,111.93,80.59,87.25,100.34,87.32,74.08,114.2,106.52,122.41,59.67,103.08,88.32,79.73,84.64,123.13,100.87,93.11,102.57,50.68,135.88,53.87,110.32,90.14,99.96,132.41,103.42,61.38,118.23,90.19,112.95,70.3,103.7,112.61,68.56,50.84,78.39,91.57,36.54,111.23,81.44,110.62,84.32,87.4,88.2,68.92,83.18,100.67,95.21,81.79,35.71,99.73,64.19,132.65,79.82,80.04,114.52,67.02,92.7,108.83,74.09,122.91,40.49,59.91,57.58,116.9,68.81,80.73,80.28,79.22,100.85,78.64,74.38,82.96,102.33,59.63,94.05,66.52,131.51,50.45,140.26,85.13,82.78,44.41,62.34,79.03,90.44,100.77,66.58,78.54,82.66,131.39,69.85,87.58,151.6,11.62,87.07,122.94,79.01,39.89,46.07,111.14,77.01,72.31,87.43,64.27,74.4,102.8,45.33,120.19,123.83,75.8,58.87,93.82,81.61,85.84,53.73,97.18,67.47,88.16,92.14,86.58,81.58,77.98,78.23,71.97,112.84,118.93,96.72,80.48,98.67,73.06,112.58,116.33,78.91,109.61,84.1,94.92,104.12,53.4,70.87,86.58,24.45,95.62,73.75,100.27,107.68,88.8,86.24,45.67,59.35,84.12,100.71,48.47,85.64,102.89,98.87,116.63,100.57,85.97,84.1,84.42,120.76,113.47,111.12,76.92,40.62,98.72,155.22,38.77,78.59,63.72,46.15,119.77,125.02,72.96,53.39,11.21,100.21,53.43,68.6,135.68,78.93,80.74,107.22,108.24,65.5,101.84,,,,,,,0.74
,,,,,,,,,,,,,,,,,,,,,,,,,89.39,88.51,91.92,90.67,100.33,123.55,128.68,73.06,106.42,115.67,104.09,75.95,111.83,99.21,57.96,124.84,89.63,105.44,124.57,125.9,71.43,66.68,66.43,82.94,76.48,36.75,38.04,103.19,88.24,130.94,56.3,113.93,116.23,101.59,131.64,124.63,52.62,64.33,93.5,40.04,110.65,112.39,96.74,84.59,70.17,94.82,139.15,124.6,90.7,95.37,130.19,68.53,95.1,64.08,101.05,65.65,77.07,54.59,93.1,103.39,98.88,52.08,113.04,93.14,94.64,105.74,115.02,82.2,94.86,65.27,122.02,106.29,108.16,104.54,82.93,90.46,69.69,118.88,72.05,104.56,123.72,75.27,71.29,98.9,86.16,72.28,73.76,57.11,115.45,80.33,109.27,116.27,90.8,64.88,88.15,69.57,98.47,60.38,114.92,85.76,97.76,117.81,109.75,42.14,82.74,96.22,66.21,106.58,116.7,99.92,117.55,89.65,69.65,112.28,52.32,117.79,55.28,108.91,84.25,75.73,78.69,110.12,128.81,120.96,54.22,77.58,42.54,70.72,75.55,76.18,98.14,58.43,130.09,60.77,86.7,56.07,114.54,81.52,91.81,135.14,112.21,79.66,123.19,60.85,91.72,53.45,77.83,87.26,82.85,57.5,93.47,87.44,115.59,56.11,37.93,99.58,74.19,116.14,76.39,52.72,73.03,103.31,83.65,96.93,114.45,63.74,99.49,52.1,119.19,124.01,101.58,105.89,111.74,102.65,56.27,88.8,101.35,86.66,58.76,53.03,92.09,72.21,145.1,74.42,99.88,59.34,63.51,45.94,67.19,99.01,114.05,42.2,106.82,72.83,30.67,103.93,53.81,99.82,99.99,90.08,90.82,124.42,97.79,111.17,64.26,74.97,98.86,111.18,57.08,78.32,118.06,76.34,69.77,95.65,17.2,97.06,86.01,92.73,114.1,70.62,77.82,68.6,112.54,85.29,77.77,104.14,80.12,81.84,72.06,84.54,118.88,76.84,104.19,65.65,124.49,54.25,55.94,91.07,123.44,81.39,144.08,67.04,103.39,53.8,56.73,117.04,63.28,107.11,91.47,123.11,74.81,134.55,105.64,47.34,96.75,75.66,45.94,109.56,61.49,104.04,93.12,62.67,88.25,111.7,69.18,72.42,71.69,147.15,77.05,65.52,76.66,80.16,127.6,91.72,89.38,107.5,94.95,74.81,95.83,102.51,89.81,112.43,91.91,79.52,89.2,124.47,66.51,75.72,97.25,128.24,91.19,142.89,100.41,73.14,121.27,127.19,70.96,98.34,134.48,118.93,108.76,77.91,109.1,83.4,67.07,88.47,114.91,59.37,74.25,82.94,96.25,62.15,83.0,109.22,75.46,77.53,101.97,81.24,73.47,96.48,112.08,107.38,56.89,89.27,85.14,76.9,83.31,104.03,104.44,81.09,100.36,53.66,129.11,54.58,107.86,71.81,105.6,126.57,102.23,50.69,110.44,87.3,112.36,76.39,95.26,97.71,59.36,54.17,91.46,87.76,53.36,86.59,89.66,93.48,88.68,105.02,93.23,77.9,84.95,87.65,100.16,89.6,49.08,89.32,76.3,115.88,76.57,84.82,118.19,70.58,85.41,95.58,73.7,108.05,40.51,66.4,49.29,114.45,82.66,88.81,58.12,85.29,108.39,81.12,84.27,76.05,112.62,64.75,94.92,72.71,124.25,60.75,129.59,92.48,80.11,48.06,60.25,79.99,90.14,97.79,80.76,97.98,72.51,125.86,84.92,106.85,146.33,19.92,84.62,94.22,83.54,47.53,62.8,113.79,76.28,84.41,78.76,54.88,63.43,110.05,55.47,121.52,127.95,80.49,76.0,110.53,90.64,90.82,50.85,100.02,72.18,91.79,88.65,76.37,82.87,66.57,81.42,84.04,107.49,126.2,95.44,77.45,102.99,84.08,89.18,121.68,76.66,100.72,80.74,104.75,104.73,68.17,93.47,87.37,26.92,110.87,71.55,99.51,105.96,72.89,98.65,51.83,87.54,91.62,83.72,57.14,71.24,89.8,112.87,100.84,87.07,80.17,94.03,88.67,108.54,110.83,94.42,55.95,46.83,108.98,143.54,35.27,92.66,86.81,61.84,106.89,117.77,77.15,62.92,16.44,90.73,62.39,80.35,132.14,71.84,88.11,95.8,115.71,65.32,108.95,,,,,,,0.76
,,,,,,,,,,,,,,,,,,,,,,,,,77.77,69.55,83.26,70.7,93.26,87.58,108.6,81.2,83.01,102.17,87.49,58.29,98.01,78.68,58.58,105.55,71.54,91.95,94.84,87.58,54.88,71.52,55.84,78.19,57.02,39.71,31.91,83.08,81.05,115.91,62.94,89.48,90.16,76.98,106.61,98.2,46.11,55.65,80.92,42.63,82.61,88.36,81.34,58.7,67.78,74.09,107.9,93.42,92.31,71.08,114.27,40.85,79.3,52.91,79.16,55.1,73.74,51.16,84.06,84.08,88.09,47.33,100.31,66.72,80.65,76.77,88.24,77.83,86.99,56.59,96.87,78.34,92.92,95.22,67.21,65.07,60.93,86.93,54.25,90.95,99.18,68.47,64.07,68.17,75.26,58.96,58.72,58.03,88.39,82.91,81.72,96.05,86.64,71.47,76.4,72.93,81.88,35.73,96.11,57.65,85.81,103.74,94.0,47.28,72.47,81.8,60.1,79.32,100.11,82.48,89.71,75.28,70.55,85.3,56.02,85.11,38.89,83.49,63.62,54.96,66.71,81.25,105.95,94.29,42.57,71.66,26.9,54.86,53.28,70.07,75.98,53.39,109.58,57.29,66.57,45.31,91.27,69.5,80.63,103.6,89.72,67.4,86.03,48.98,86.42,62.97,60.59,62.27,70.44,56.48,85.75,88.26,94.93,48.12,46.55,73.64,55.65,87.32,55.45,45.39,78.57,94.53,73.95,71.64,82.66,45.8,80.88,65.69,99.54,83.9,89.68,76.14,97.86,83.72,60.02,68.69,81.13,74.86,49.18,56.6,68.64,68.49,106.0,55.63,75.46,64.84,61.49,50.69,64.71,87.22,96.71,36.97,78.6,59.74,23.75,97.79,39.86,86.65,80.58,87.78,93.51,110.68,87.82,96.34,68.13,63.33,83.9,92.66,59.1,67.82,80.56,70.07,68.69,70.84,15.73,71.81,73.0,80.47,108.22,62.02,64.28,76.58,96.43,71.41,54.72,92.76,46.75,70.55,59.94,70.53,103.78,60.25,64.26,65.27,93.57,53.27,52.93,57.83,113.21,57.66,117.39,39.59,81.15,53.42,43.32,87.73,66.49,94.67,71.93,99.94,61.91,117.53,81.04,49.43,80.34,70.3,37.11,82.96,50.97,85.75,66.27,48.05,66.87,80.76,45.58,38.85,54.13,121.85,66.3,71.21,57.4,77.4,102.86,60.91,78.44,77.49,73.85,65.24,75.79,76.32,79.16,97.26,74.74,67.53,58.28,107.0,43.45,58.64,82.74,104.09,68.99,107.57,87.21,65.11,93.72,102.14,66.13,92.43,105.28,85.87,86.67,63.22,97.4,69.88,60.09,71.12,99.47,66.81,74.6,77.42,79.76,67.68,65.34,89.99,58.99,67.31,78.95,61.35,71.93,70.53,98.98,75.17,49.68,74.33,79.47,61.19,69.1,73.79,88.87,63.51,77.56,64.71,103.55,39.0,80.97,63.11,93.58,109.42,92.73,36.16,94.79,81.27,89.08,71.75,83.13,89.24,56.05,33.1,79.1,73.16,60.92,68.69,64.12,70.25,74.86,77.06,74.81,60.02,67.88,74.72,82.97,70.96,46.88,76.58,63.58,97.65,65.34,74.28,102.21,53.46,69.27,71.47,62.45,89.36,42.4,57.99,30.02,82.18,68.61,68.96,53.73,68.55,78.75,80.57,61.61,59.44,94.01,60.32,77.42,70.09,96.3,71.07,115.61,69.59,74.61,33.77,55.14,79.6,80.11,95.67,67.96,72.82,76.45,87.5,76.23,92.1,113.52,13.39,84.81,71.02,72.33,55.43,65.31,94.06,67.39,71.41,70.25,42.91,60.78,93.99,54.12,91.81,111.59,67.85,60.64,86.11,78.55,69.74,49.1,69.44,62.57,78.76,81.13,67.86,90.31,54.47,71.68,72.3,83.68,88.87,86.46,61.31,82.0,77.02,78.02,95.83,70.23,82.01,83.58,84.9,83.16,50.94,86.39,80.62,22.82,92.73,53.76,90.73,92.91,52.54,82.97,29.02,87.6,79.67,72.47,66.6,57.78,74.56,92.4,81.15,85.05,65.15,92.52,69.81,90.14,98.23,84.73,33.35,35.31,82.25,103.49,38.17,76.01,76.45,68.99,92.82,96.52,59.44,61.45,30.77,52.72,52.02,73.94,91.52,51.38,70.27,84.25,91.48,49.17,90.82,,,,,,,0.9
,,,,,,,,,,,,,,,,,,,,,,,,,41.47,35.13,49.09,40.62,50.44,48.21,60.91,44.58,50.6,54.39,49.56,33.53,63.77,45.24,29.15,51.63,41.42,56.35,59.95,47.49,31.37,50.79,37.82,52.95,36.4,26.52,20.73,52.74,47.31,69.58,39.69,50.6,46.22,49.27,64.49,53.59,33.87,36.71,43.3,28.6,44.69,45.97,50.19,32.2,41.4,45.7,70.25,51.52,49.23,37.17,66.94,31.93,41.99,31.92,48.24,31.62,45.12,40.0,49.96,49.19,45.1,22.55,53.22,47.87,47.04,50.05,49.55,39.04,57.65,29.18,59.86,45.36,51.6,60.26,45.18,37.5,44.63,41.66,34.91,55.49,51.66,28.65,44.14,36.89,42.31,29.85,32.09,34.71,47.32,49.21,41.43,59.86,51.75,42.8,49.97,45.83,42.37,20.53,59.99,37.99,52.91,55.14,49.62,37.72,51.68,46.91,38.44,42.99,61.97,45.23,64.65,47.3,44.58,44.41,34.13,46.6,20.13,47.25,45.28,36.93,46.61,47.07,55.76,47.06,29.01,40.49,21.98,38.87,34.53,52.52,40.95,32.28,57.99,38.03,34.91,22.78,54.09,44.9,50.49,53.14,50.52,37.53,48.26,32.28,54.99,45.72,30.34,31.35,38.17,38.82,49.8,51.92,61.09,27.39,35.65,41.58,34.84,50.01,42.11,33.51,42.78,54.4,49.79,39.17,49.37,32.92,54.04,39.59,57.26,50.38,58.55,48.78,53.33,43.81,41.27,44.87,53.39,41.68,44.37,38.07,39.08,39.02,59.68,37.24,45.69,36.43,42.9,29.28,40.21,48.12,58.16,26.47,46.79,37.78,21.51,52.3,20.22,54.18,49.69,56.45,56.56,69.93,53.08,52.08,41.47,41.58,43.66,56.14,31.95,49.62,39.95,46.25,37.61,35.52,11.69,49.47,40.08,48.56,57.91,41.8,40.1,56.07,57.38,42.99,37.68,59.16,32.57,43.26,28.83,49.24,62.34,43.41,36.91,45.97,53.08,33.45,36.8,40.72,64.59,37.64,65.9,26.14,46.66,41.88,21.69,51.73,40.73,52.23,48.14,59.83,36.54,68.8,48.49,25.38,41.31,43.05,21.66,45.67,40.23,51.89,29.98,32.49,37.71,43.36,27.62,24.27,40.75,67.24,35.1,47.23,34.2,41.15,52.11,36.78,51.27,44.84,45.89,39.33,41.28,48.37,46.54,48.99,45.69,44.96,36.39,51.55,29.22,38.05,47.35,55.91,41.69,55.36,55.25,42.03,50.29,56.64,45.22,56.23,55.09,42.18,47.55,37.5,64.8,41.69,36.1,43.47,57.42,38.28,42.33,44.6,43.92,47.08,38.21,53.25,36.92,45.85,45.79,37.05,36.79,41.98,52.56,46.66,34.23,39.74,50.87,33.98,51.52,38.89,51.45,40.78,44.69,42.39,53.41,28.6,45.57,41.92,57.16,63.74,55.26,25.1,58.17,48.08,45.44,46.45,51.42,55.34,45.3,22.57,42.11,48.14,43.55,45.52,33.36,40.79,42.98,47.28,43.9,46.49,38.56,41.28,46.62,37.48,32.88,37.13,41.52,52.2,37.05,42.71,56.77,33.42,45.85,43.36,39.35,59.93,29.04,39.99,22.95,46.44,46.24,37.43,34.61,43.31,50.61,46.58,34.92,46.45,53.82,34.67,55.59,49.24,56.71,44.65,64.37,40.81,47.53,26.55,42.7,48.7,47.81,46.32,43.03,44.92,44.35,48.02,42.75,49.6,61.14,6.9,51.5,36.02,51.01,35.9,35.58,56.53,40.28,41.25,50.03,32.11,39.85,50.72,27.74,55.04,58.26,39.89,39.39,55.64,40.84,42.37,25.31,41.26,34.41,44.92,55.47,42.03,53.18,33.58,41.44,35.76,57.91,56.89,56.06,29.34,59.56,43.85,43.52,51.53,48.68,49.67,51.57,54.34,46.63,34.23,51.0,45.84,15.39,48.28,31.9,57.3,52.4,35.59,38.51,15.31,45.2,45.34,39.63,47.2,31.65,53.07,59.02,48.31,53.58,48.0,59.14,36.95,52.55,54.57,53.8,13.19,24.77,43.8,66.41,25.29,48.85,43.22,41.26,56.16,50.92,39.52,35.8,21.18,33.99,25.83,44.61,47.56,31.87,44.22,52.12,59.69,24.15,49.33,,,,,,,1.02
,,,,,,,,,,,,,,,,,,,,,,,,,11.03,12.24,18.19,13.31,15.13,16.42,19.23,11.78,14.99,17.74,15.91,8.77,21.26,8.4,9.52,16.53,15.37,19.83,20.88,14.35,9.48,16.68,11.23,18.61,12.89,9.26,6.88,14.4,13.62,23.15,13.02,14.15,15.46,16.02,18.13,19.06,15.91,14.3,14.29,10.76,15.34,17.5,15.59,11.32,13.33,12.88,21.98,13.43,15.82,11.73,22.94,11.57,15.71,11.54,15.92,10.13,15.51,12.56,16.06,16.99,14.22,9.03,17.54,15.62,15.8,18.06,16.42,13.59,19.52,7.84,17.31,12.34,15.31,18.32,14.66,13.72,15.09,13.51,12.2,18.15,16.59,8.37,15.0,12.9,14.29,10.42,9.63,11.04,15.49,15.35,11.57,19.43,15.59,16.43,14.01,15.88,11.74,7.74,17.07,12.75,16.31,18.49,15.28,13.93,17.19,16.46,15.13,15.37,18.46,16.31,22.11,15.27,14.48,12.49,11.47,14.27,6.68,16.22,15.38,12.04,14.21,14.78,17.44,16.38,12.83,12.11,11.87,13.71,10.77,18.85,14.6,10.87,17.72,13.18,10.33,8.43,19.14,16.39,16.67,22.48,18.66,12.87,18.78,12.44,18.8,15.68,10.17,10.59,13.42,15.41,13.25,15.26,16.98,9.28,12.11,12.28,12.41,16.87,14.88,10.99,13.96,17.33,16.29,12.21,13.94,12.42,18.93,13.4,18.8,17.94,20.2,16.81,17.31,16.31,15.46,14.26,18.85,13.33,15.86,13.55,14.87,16.18,19.62,12.24,16.22,12.48,12.79,11.76,12.39,17.54,18.81,9.44,15.32,16.38,7.77,15.84,6.81,18.93,14.86,17.3,18.08,23.65,16.74,14.17,14.44,15.47,16.21,18.48,9.51,18.24,13.75,16.09,9.41,13.2,6.46,20.04,14.0,15.38,18.65,13.81,14.85,19.94,18.78,14.59,13.66,18.73,12.98,14.34,10.4,15.4,17.29,15.36,12.88,13.55,15.04,12.97,15.3,14.76,19.51,15.49,20.62,8.53,17.33,14.4,6.9,15.65,12.94,18.35,16.77,16.97,13.86,20.5,17.12,10.36,13.81,13.35,7.42,14.7,14.77,15.16,8.2,10.42,11.78,15.59,8.09,8.82,14.23,21.75,9.71,16.42,12.68,14.24,14.02,11.02,16.46,14.91,14.72,13.27,14.44,14.26,17.71,17.16,17.59,16.99,15.47,18.28,8.82,13.9,12.15,15.64,12.42,17.29,19.99,14.71,16.88,19.1,14.8,19.79,17.39,12.06,14.97,13.67,20.26,13.84,13.78,14.17,16.45,17.0,14.31,16.31,13.66,15.33,12.28,12.57,13.09,16.81,15.29,13.56,10.36,12.71,15.18,14.43,13.97,10.94,13.84,12.91,16.66,17.99,16.31,14.7,13.15,15.47,15.98,11.11,14.4,15.95,19.94,20.08,19.14,8.46,18.87,15.76,10.95,14.99,14.39,17.78,14.1,9.11,12.26,18.21,14.32,15.01,13.37,11.56,13.17,16.1,15.62,15.9,13.37,11.25,12.7,13.99,12.97,12.58,15.69,17.2,11.52,15.61,15.19,11.18,16.78,12.33,14.3,21.62,11.3,13.0,11.32,17.04,13.75,14.37,10.77,16.09,15.45,14.99,12.17,16.74,22.29,9.73,18.37,17.22,17.74,13.6,20.69,15.85,16.13,13.17,14.68,15.55,15.44,16.99,16.19,14.56,14.18,17.17,15.0,14.63,18.81,5.19,16.56,13.48,16.21,11.7,13.69,20.55,12.42,14.28,16.82,11.68,11.35,15.61,7.37,19.57,18.16,12.62,13.92,18.45,14.36,12.37,8.05,15.41,11.74,16.33,18.39,13.31,19.08,12.8,14.32,10.12,18.61,18.21,16.93,10.17,19.75,15.63,14.86,18.1,14.54,14.75,12.74,17.0,16.46,12.78,16.6,15.85,6.42,15.06,9.81,17.07,15.13,11.62,11.1,5.29,12.64,13.22,12.28,16.24,9.64,18.49,18.5,15.34,17.26,18.63,18.03,11.13,17.3,20.13,16.1,6.82,10.08,14.83,21.46,10.23,18.31,16.82,11.15,19.56,18.26,13.85,13.25,9.05,13.93,8.3,15.6,16.9,13.38,11.94,17.21,20.81,7.15,17.82,,,,,,,1.08
,,,,,,,,,,,,,,,,,,,,,,,,,4.62,5.4,7.65,5.39,5.41,5.51,7.06,4.62,5.99,7.49,6.75,3.09,8.76,4.0,3.36,7.03,6.48,7.89,7.29,4.75,3.33,7.01,4.52,6.45,6.53,4.46,3.52,5.36,5.26,9.67,5.0,5.47,6.16,5.45,7.03,8.32,7.02,6.26,5.75,4.59,6.7,6.42,6.12,4.42,5.22,5.36,8.43,5.18,6.23,4.4,8.2,5.05,7.61,5.16,7.14,5.21,4.99,4.6,7.02,5.99,4.93,3.23,7.13,6.32,6.82,5.53,6.32,6.43,8.04,3.08,6.48,5.1,6.41,7.01,5.73,5.35,5.89,6.19,4.42,6.66,6.63,3.6,6.15,5.7,5.96,4.93,4.29,4.97,7.69,6.18,6.12,7.35,6.02,7.14,5.53,5.97,5.47,3.86,5.82,6.48,6.15,7.55,7.08,4.19,6.7,5.5,6.0,5.76,8.33,6.03,8.57,5.18,5.59,5.8,4.5,4.9,2.61,6.79,6.45,4.68,5.75,4.87,8.43,7.25,5.96,4.75,4.37,5.96,5.34,6.65,5.48,5.22,6.69,5.12,5.39,4.26,6.21,6.52,7.09,9.26,8.35,6.11,7.05,6.14,7.11,5.89,3.72,4.18,5.82,6.51,5.22,5.75,7.63,3.78,3.58,4.93,6.14,6.41,5.77,4.65,7.76,6.22,7.21,4.84,5.21,4.63,6.34,5.58,6.49,7.62,7.87,6.37,6.59,7.0,6.88,4.83,7.12,5.94,6.45,6.62,5.89,7.48,8.83,5.42,6.52,5.07,4.86,5.5,4.45,6.87,7.18,4.47,7.13,6.95,2.51,6.52,4.38,7.07,4.67,6.95,7.52,9.3,6.07,5.04,5.62,6.67,7.19,6.96,4.48,7.71,6.45,5.53,3.55,6.06,4.35,7.75,6.35,6.13,7.21,4.88,5.59,8.4,6.89,6.34,5.21,8.05,5.16,6.64,4.86,5.12,5.82,6.75,5.82,5.91,5.97,4.41,4.92,5.6,6.56,5.44,7.47,2.26,7.72,5.63,2.81,5.85,5.64,7.21,6.91,7.08,6.09,8.59,6.18,4.39,5.09,4.83,3.66,6.34,5.94,5.86,3.14,4.17,5.36,6.28,3.42,4.25,5.33,9.45,3.79,5.89,6.04,5.94,5.58,5.23,6.46,5.68,6.77,5.59,5.94,6.23,6.9,6.32,7.78,7.12,6.63,7.93,3.96,5.77,3.99,5.72,5.7,7.59,7.55,5.34,7.45,6.96,5.37,7.84,6.42,5.41,5.44,6.86,7.52,5.9,4.98,4.76,6.59,6.67,4.98,5.44,5.15,5.96,5.99,4.89,5.8,6.67,5.38,5.62,4.21,5.6,5.59,6.23,6.43,3.21,5.38,5.37,6.41,6.51,6.88,5.85,4.34,6.2,6.57,5.04,5.3,6.49,7.93,7.0,7.54,3.45,7.46,6.74,4.81,4.58,5.08,6.89,5.42,3.63,5.03,8.0,5.14,5.65,5.2,4.79,5.22,6.55,5.82,6.31,5.62,4.14,4.16,5.59,5.16,4.66,6.29,7.71,5.14,6.21,5.35,5.12,5.53,3.94,5.74,7.9,4.74,6.36,5.4,6.5,4.95,5.88,4.67,5.71,6.31,5.66,4.08,6.36,8.81,5.22,6.95,6.98,6.75,5.69,7.37,6.33,6.47,4.93,5.29,5.75,5.69,8.19,7.05,4.91,5.45,8.02,4.89,5.47,6.64,4.54,7.19,4.28,6.6,4.92,5.08,8.74,5.04,6.17,6.37,5.89,4.52,6.81,3.17,7.58,6.6,5.18,6.18,6.81,6.1,5.17,3.3,5.41,5.31,6.61,7.1,5.17,7.79,5.59,6.47,4.3,6.93,7.37,7.06,4.53,7.0,6.58,5.82,6.4,4.46,5.55,4.79,6.07,6.4,4.98,6.73,7.28,4.17,6.28,4.72,7.25,6.26,5.59,4.45,2.17,4.91,4.74,4.09,6.1,3.69,8.12,6.09,5.78,6.96,7.28,6.96,4.37,7.39,7.23,5.95,3.03,3.55,7.04,8.59,5.29,7.48,6.72,4.09,8.34,7.5,5.61,6.0,3.46,6.22,3.78,5.71,6.65,4.23,4.17,7.06,8.46,2.37,7.62,,,,,,,1.18
,,,,,,,,,,,,,,,,,,,,,,,,,0.0,0.0,0.0,0.0,0.0,0.0,0.0,0.0,0.0,0.0,0.0,0.0,0.0,0.0,0.0,0.0,0.0,0.0,0.0,0.0,0.0,0.0,0.0,0.0,0.0,0.0,0.0,0.0,0.0,0.0,0.0,0.0,0.0,0.0,0.0,0.0,0.0,0.0,0.0,0.0,0.0,0.0,0.0,0.0,0.0,0.0,0.0,0.0,0.0,0.0,0.0,0.0,0.0,0.0,0.0,0.0,0.0,0.0,0.0,0.0,0.0,0.0,0.0,0.0,0.0,0.0,0.0,0.0,0.0,0.0,0.0,0.0,0.0,0.0,0.0,0.0,0.0,0.0,0.0,0.0,0.0,0.0,0.0,0.0,0.0,0.0,0.0,0.0,0.0,0.0,0.0,0.0,0.0,0.0,0.0,0.0,0.0,0.0,0.0,0.0,0.0,0.0,0.0,0.0,0.0,0.0,0.0,0.0,0.0,0.0,0.0,0.0,0.0,0.0,0.0,0.0,0.0,0.0,0.0,0.0,0.0,0.0,0.0,0.0,0.0,0.0,0.0,0.0,0.0,0.0,0.0,0.0,0.0,0.0,0.0,0.0,0.0,0.0,0.0,0.0,0.0,0.0,0.0,0.0,0.0,0.0,0.0,0.0,0.0,0.0,0.0,0.0,0.0,0.0,0.0,0.0,0.0,0.0,0.0,0.0,0.0,0.0,0.0,0.0,0.0,0.0,0.0,0.0,0.0,0.0,0.0,0.0,0.0,0.0,0.0,0.0,0.0,0.0,0.0,0.0,0.0,0.0,0.0,0.0,0.0,0.0,0.0,0.0,0.0,0.0,0.0,0.0,0.0,0.0,0.0,0.0,0.0,0.0,0.0,0.0,0.0,0.0,0.0,0.0,0.0,0.0,0.0,0.0,0.0,0.0,0.0,0.0,0.0,0.0,0.0,0.0,0.0,0.0,0.0,0.0,0.0,0.0,0.0,0.0,0.0,0.0,0.0,0.0,0.0,0.0,0.0,0.0,0.0,0.0,0.0,0.0,0.0,0.0,0.0,0.0,0.0,0.0,0.0,0.0,0.0,0.0,0.0,0.0,0.0,0.0,0.0,0.0,0.0,0.0,0.0,0.0,0.0,0.0,0.0,0.0,0.0,0.0,0.0,0.0,0.0,0.0,0.0,0.0,0.0,0.0,0.0,0.0,0.0,0.0,0.0,0.0,0.0,0.0,0.0,0.0,0.0,0.0,0.0,0.0,0.0,0.0,0.0,0.0,0.0,0.0,0.0,0.0,0.0,0.0,0.0,0.0,0.0,0.0,0.0,0.0,0.0,0.0,0.0,0.0,0.0,0.0,0.0,0.0,0.0,0.0,0.0,0.0,0.0,0.0,0.0,0.0,0.0,0.0,0.0,0.0,0.0,0.0,0.0,0.0,0.0,0.0,0.0,0.0,0.0,0.0,0.0,0.0,0.0,0.0,0.0,0.0,0.0,0.0,0.0,0.0,0.0,0.0,0.0,0.0,0.0,0.0,0.0,0.0,0.0,0.0,0.0,0.0,0.0,0.0,0.0,0.0,0.0,0.0,0.0,0.0,0.0,0.0,0.0,0.0,0.0,0.0,0.0,0.0,0.0,0.0,0.0,0.0,0.0,0.0,0.0,0.0,0.0,0.0,0.0,0.0,0.0,0.0,0.0,0.0,0.0,0.0,0.0,0.0,0.0,0.0,0.0,0.0,0.0,0.0,0.0,0.0,0.0,0.0,0.0,0.0,0.0,0.0,0.0,0.0,0.0,0.0,0.0,0.0,0.0,0.0,0.0,0.0,0.0,0.0,0.0,0.0,0.0,0.0,0.0,0.0,0.0,0.0,0.0,0.0,0.0,0.0,0.0,0.0,0.0,0.0,0.0,0.0,0.0,0.0,0.0,0.0,0.0,0.0,0.0,0.0,0.0,0.0,0.0,0.0,0.0,0.0,0.0,0.0,0.0,0.0,0.0,0.0,0.0,0.0,0.0,0.0,0.0,0.0,0.0,0.0,0.0,0.0,0.0,0.0,0.0,0.0,0.0,0.0,0.0,0.0,0.0,0.0,0.0,0.0,0.0,0.0,0.0,0.0,0.0,0.0,0.0,0.0,0.0,0.0,0.0,0.0,0.0,0.0,0.0,0.0,0.0,0.0,0.0,0.0,0.0,0.0,0.0,0.0,0.0,0.0,,,,,,,1.28
,,,,,,,,,,,,,,,,,,,,,,,,,0.0,0.0,0.0,0.0,0.0,0.0,0.0,0.0,0.0,0.0,0.0,0.0,0.0,0.0,0.0,0.0,0.0,0.0,0.0,0.0,0.0,0.0,0.0,0.0,0.0,0.0,0.0,0.0,0.0,0.0,0.0,0.0,0.0,0.0,0.0,0.0,0.0,0.0,0.0,0.0,0.0,0.0,0.0,0.0,0.0,0.0,0.0,0.0,0.0,0.0,0.0,0.0,0.0,0.0,0.0,0.0,0.0,0.0,0.0,0.0,0.0,0.0,0.0,0.0,0.0,0.0,0.0,0.0,0.0,0.0,0.0,0.0,0.0,0.0,0.0,0.0,0.0,0.0,0.0,0.0,0.0,0.0,0.0,0.0,0.0,0.0,0.0,0.0,0.0,0.0,0.0,0.0,0.0,0.0,0.0,0.0,0.0,0.0,0.0,0.0,0.0,0.0,0.0,0.0,0.0,0.0,0.0,0.0,0.0,0.0,0.0,0.0,0.0,0.0,0.0,0.0,0.0,0.0,0.0,0.0,0.0,0.0,0.0,0.0,0.0,0.0,0.0,0.0,0.0,0.0,0.0,0.0,0.0,0.0,0.0,0.0,0.0,0.0,0.0,0.0,0.0,0.0,0.0,0.0,0.0,0.0,0.0,0.0,0.0,0.0,0.0,0.0,0.0,0.0,0.0,0.0,0.0,0.0,0.0,0.0,0.0,0.0,0.0,0.0,0.0,0.0,0.0,0.0,0.0,0.0,0.0,0.0,0.0,0.0,0.0,0.0,0.0,0.0,0.0,0.0,0.0,0.0,0.0,0.0,0.0,0.0,0.0,0.0,0.0,0.0,0.0,0.0,0.0,0.0,0.0,0.0,0.0,0.0,0.0,0.0,0.0,0.0,0.0,0.0,0.0,0.0,0.0,0.0,0.0,0.0,0.0,0.0,0.0,0.0,0.0,0.0,0.0,0.0,0.0,0.0,0.0,0.0,0.0,0.0,0.0,0.0,0.0,0.0,0.0,0.0,0.0,0.0,0.0,0.0,0.0,0.0,0.0,0.0,0.0,0.0,0.0,0.0,0.0,0.0,0.0,0.0,0.0,0.0,0.0,0.0,0.0,0.0,0.0,0.0,0.0,0.0,0.0,0.0,0.0,0.0,0.0,0.0,0.0,0.0,0.0,0.0,0.0,0.0,0.0,0.0,0.0,0.0,0.0,0.0,0.0,0.0,0.0,0.0,0.0,0.0,0.0,0.0,0.0,0.0,0.0,0.0,0.0,0.0,0.0,0.0,0.0,0.0,0.0,0.0,0.0,0.0,0.0,0.0,0.0,0.0,0.0,0.0,0.0,0.0,0.0,0.0,0.0,0.0,0.0,0.0,0.0,0.0,0.0,0.0,0.0,0.0,0.0,0.0,0.0,0.0,0.0,0.0,0.0,0.0,0.0,0.0,0.0,0.0,0.0,0.0,0.0,0.0,0.0,0.0,0.0,0.0,0.0,0.0,0.0,0.0,0.0,0.0,0.0,0.0,0.0,0.0,0.0,0.0,0.0,0.0,0.0,0.0,0.0,0.0,0.0,0.0,0.0,0.0,0.0,0.0,0.0,0.0,0.0,0.0,0.0,0.0,0.0,0.0,0.0,0.0,0.0,0.0,0.0,0.0,0.0,0.0,0.0,0.0,0.0,0.0,0.0,0.0,0.0,0.0,0.0,0.0,0.0,0.0,0.0,0.0,0.0,0.0,0.0,0.0,0.0,0.0,0.0,0.0,0.0,0.0,0.0,0.0,0.0,0.0,0.0,0.0,0.0,0.0,0.0,0.0,0.0,0.0,0.0,0.0,0.0,0.0,0.0,0.0,0.0,0.0,0.0,0.0,0.0,0.0,0.0,0.0,0.0,0.0,0.0,0.0,0.0,0.0,0.0,0.0,0.0,0.0,0.0,0.0,0.0,0.0,0.0,0.0,0.0,0.0,0.0,0.0,0.0,0.0,0.0,0.0,0.0,0.0,0.0,0.0,0.0,0.0,0.0,0.0,0.0,0.0,0.0,0.0,0.0,0.0,0.0,0.0,0.0,0.0,0.0,0.0,0.0,0.0,0.0,0.0,0.0,0.0,0.0,0.0,0.0,0.0,0.0,0.0,0.0,0.0,0.0,0.0,0.0,0.0,0.0,0.0,0.0,0.0,0.0,0.0,0.0,0.0,0.0,0.0,0.0,0.0,,,,,,,1.26
,,,,,,,,,,,,,,,,,,,,,,,,,0.0,0.0,0.0,0.0,0.0,0.0,0.0,0.0,0.0,0.0,0.0,0.0,0.0,0.0,0.0,0.0,0.0,0.0,0.0,0.0,0.0,0.0,0.0,0.0,0.0,0.0,0.0,0.0,0.0,0.0,0.0,0.0,0.0,0.0,0.0,0.0,0.0,0.0,0.0,0.0,0.0,0.0,0.0,0.0,0.0,0.0,0.0,0.0,0.0,0.0,0.0,0.0,0.0,0.0,0.0,0.0,0.0,0.0,0.0,0.0,0.0,0.0,0.0,0.0,0.0,0.0,0.0,0.0,0.0,0.0,0.0,0.0,0.0,0.0,0.0,0.0,0.0,0.0,0.0,0.0,0.0,0.0,0.0,0.0,0.0,0.0,0.0,0.0,0.0,0.0,0.0,0.0,0.0,0.0,0.0,0.0,0.0,0.0,0.0,0.0,0.0,0.0,0.0,0.0,0.0,0.0,0.0,0.0,0.0,0.0,0.0,0.0,0.0,0.0,0.0,0.0,0.0,0.0,0.0,0.0,0.0,0.0,0.0,0.0,0.0,0.0,0.0,0.0,0.0,0.0,0.0,0.0,0.0,0.0,0.0,0.0,0.0,0.0,0.0,0.0,0.0,0.0,0.0,0.0,0.0,0.0,0.0,0.0,0.0,0.0,0.0,0.0,0.0,0.0,0.0,0.0,0.0,0.0,0.0,0.0,0.0,0.0,0.0,0.0,0.0,0.0,0.0,0.0,0.0,0.0,0.0,0.0,0.0,0.0,0.0,0.0,0.0,0.0,0.0,0.0,0.0,0.0,0.0,0.0,0.0,0.0,0.0,0.0,0.0,0.0,0.0,0.0,0.0,0.0,0.0,0.0,0.0,0.0,0.0,0.0,0.0,0.0,0.0,0.0,0.0,0.0,0.0,0.0,0.0,0.0,0.0,0.0,0.0,0.0,0.0,0.0,0.0,0.0,0.0,0.0,0.0,0.0,0.0,0.0,0.0,0.0,0.0,0.0,0.0,0.0,0.0,0.0,0.0,0.0,0.0,0.0,0.0,0.0,0.0,0.0,0.0,0.0,0.0,0.0,0.0,0.0,0.0,0.0,0.0,0.0,0.0,0.0,0.0,0.0,0.0,0.0,0.0,0.0,0.0,0.0,0.0,0.0,0.0,0.0,0.0,0.0,0.0,0.0,0.0,0.0,0.0,0.0,0.0,0.0,0.0,0.0,0.0,0.0,0.0,0.0,0.0,0.0,0.0,0.0,0.0,0.0,0.0,0.0,0.0,0.0,0.0,0.0,0.0,0.0,0.0,0.0,0.0,0.0,0.0,0.0,0.0,0.0,0.0,0.0,0.0,0.0,0.0,0.0,0.0,0.0,0.0,0.0,0.0,0.0,0.0,0.0,0.0,0.0,0.0,0.0,0.0,0.0,0.0,0.0,0.0,0.0,0.0,0.0,0.0,0.0,0.0,0.0,0.0,0.0,0.0,0.0,0.0,0.0,0.0,0.0,0.0,0.0,0.0,0.0,0.0,0.0,0.0,0.0,0.0,0.0,0.0,0.0,0.0,0.0,0.0,0.0,0.0,0.0,0.0,0.0,0.0,0.0,0.0,0.0,0.0,0.0,0.0,0.0,0.0,0.0,0.0,0.0,0.0,0.0,0.0,0.0,0.0,0.0,0.0,0.0,0.0,0.0,0.0,0.0,0.0,0.0,0.0,0.0,0.0,0.0,0.0,0.0,0.0,0.0,0.0,0.0,0.0,0.0,0.0,0.0,0.0,0.0,0.0,0.0,0.0,0.0,0.0,0.0,0.0,0.0,0.0,0.0,0.0,0.0,0.0,0.0,0.0,0.0,0.0,0.0,0.0,0.0,0.0,0.0,0.0,0.0,0.0,0.0,0.0,0.0,0.0,0.0,0.0,0.0,0.0,0.0,0.0,0.0,0.0,0.0,0.0,0.0,0.0,0.0,0.0,0.0,0.0,0.0,0.0,0.0,0.0,0.0,0.0,0.0,0.0,0.0,0.0,0.0,0.0,0.0,0.0,0.0,0.0,0.0,0.0,0.0,0.0,0.0,0.0,0.0,0.0,0.0,0.0,0.0,0.0,0.0,0.0,0.0,0.0,0.0,0.0,0.0,0.0,0.0,0.0,0.0,0.0,0.0,0.0,0.0,0.0,0.0,0.0,0.0,0.0,0.0,0.0,0.0,0.0,0.0,,,,,,,1.1
,,,,,,,,,,,,,,,,,,,,,,,,,0.0,0.0,0.0,0.0,0.0,0.0,0.0,0.0,0.0,0.0,0.0,0.0,0.0,0.0,0.0,0.0,0.0,0.0,0.0,0.0,0.0,0.0,0.0,0.0,0.0,0.0,0.0,0.0,0.0,0.0,0.0,0.0,0.0,0.0,0.0,0.0,0.0,0.0,0.0,0.0,0.0,0.0,0.0,0.0,0.0,0.0,0.0,0.0,0.0,0.0,0.0,0.0,0.0,0.0,0.0,0.0,0.0,0.0,0.0,0.0,0.0,0.0,0.0,0.0,0.0,0.0,0.0,0.0,0.0,0.0,0.0,0.0,0.0,0.0,0.0,0.0,0.0,0.0,0.0,0.0,0.0,0.0,0.0,0.0,0.0,0.0,0.0,0.0,0.0,0.0,0.0,0.0,0.0,0.0,0.0,0.0,0.0,0.0,0.0,0.0,0.0,0.0,0.0,0.0,0.0,0.0,0.0,0.0,0.0,0.0,0.0,0.0,0.0,0.0,0.0,0.0,0.0,0.0,0.0,0.0,0.0,0.0,0.0,0.0,0.0,0.0,0.0,0.0,0.0,0.0,0.0,0.0,0.0,0.0,0.0,0.0,0.0,0.0,0.0,0.0,0.0,0.0,0.0,0.0,0.0,0.0,0.0,0.0,0.0,0.0,0.0,0.0,0.0,0.0,0.0,0.0,0.0,0.0,0.0,0.0,0.0,0.0,0.0,0.0,0.0,0.0,0.0,0.0,0.0,0.0,0.0,0.0,0.0,0.0,0.0,0.0,0.0,0.0,0.0,0.0,0.0,0.0,0.0,0.0,0.0,0.0,0.0,0.0,0.0,0.0,0.0,0.0,0.0,0.0,0.0,0.0,0.0,0.0,0.0,0.0,0.0,0.0,0.0,0.0,0.0,0.0,0.0,0.0,0.0,0.0,0.0,0.0,0.0,0.0,0.0,0.0,0.0,0.0,0.0,0.0,0.0,0.0,0.0,0.0,0.0,0.0,0.0,0.0,0.0,0.0,0.0,0.0,0.0,0.0,0.0,0.0,0.0,0.0,0.0,0.0,0.0,0.0,0.0,0.0,0.0,0.0,0.0,0.0,0.0,0.0,0.0,0.0,0.0,0.0,0.0,0.0,0.0,0.0,0.0,0.0,0.0,0.0,0.0,0.0,0.0,0.0,0.0,0.0,0.0,0.0,0.0,0.0,0.0,0.0,0.0,0.0,0.0,0.0,0.0,0.0,0.0,0.0,0.0,0.0,0.0,0.0,0.0,0.0,0.0,0.0,0.0,0.0,0.0,0.0,0.0,0.0,0.0,0.0,0.0,0.0,0.0,0.0,0.0,0.0,0.0,0.0,0.0,0.0,0.0,0.0,0.0,0.0,0.0,0.0,0.0,0.0,0.0,0.0,0.0,0.0,0.0,0.0,0.0,0.0,0.0,0.0,0.0,0.0,0.0,0.0,0.0,0.0,0.0,0.0,0.0,0.0,0.0,0.0,0.0,0.0,0.0,0.0,0.0,0.0,0.0,0.0,0.0,0.0,0.0,0.0,0.0,0.0,0.0,0.0,0.0,0.0,0.0,0.0,0.0,0.0,0.0,0.0,0.0,0.0,0.0,0.0,0.0,0.0,0.0,0.0,0.0,0.0,0.0,0.0,0.0,0.0,0.0,0.0,0.0,0.0,0.0,0.0,0.0,0.0,0.0,0.0,0.0,0.0,0.0,0.0,0.0,0.0,0.0,0.0,0.0,0.0,0.0,0.0,0.0,0.0,0.0,0.0,0.0,0.0,0.0,0.0,0.0,0.0,0.0,0.0,0.0,0.0,0.0,0.0,0.0,0.0,0.0,0.0,0.0,0.0,0.0,0.0,0.0,0.0,0.0,0.0,0.0,0.0,0.0,0.0,0.0,0.0,0.0,0.0,0.0,0.0,0.0,0.0,0.0,0.0,0.0,0.0,0.0,0.0,0.0,0.0,0.0,0.0,0.0,0.0,0.0,0.0,0.0,0.0,0.0,0.0,0.0,0.0,0.0,0.0,0.0,0.0,0.0,0.0,0.0,0.0,0.0,0.0,0.0,0.0,0.0,0.0,0.0,0.0,0.0,0.0,0.0,0.0,0.0,0.0,0.0,0.0,0.0,0.0,0.0,0.0,0.0,0.0,0.0,0.0,0.0,0.0,0.0,0.0,0.0,0.0,0.0,0.0,0.0,0.0,,,,,,,0.9
,,,,,,,,,,,,,,,,,,,,,,,,,2.28,1.28,1.03,2.62,6.86,3.36,0.0,6.46,1.33,5.13,3.32,4.55,6.08,1.1,2.38,0.94,0.51,3.85,0.56,1.16,2.16,1.05,0.0,3.3,1.34,1.6,1.85,2.6,1.45,3.65,2.81,1.97,4.64,0.71,0.0,0.3,5.49,2.16,0.0,3.01,5.25,4.34,4.03,4.72,0.87,0.0,4.57,4.28,5.5,1.54,1.48,1.46,3.86,0.48,2.43,5.69,4.05,9.59,6.23,7.14,2.56,3.35,4.69,0.74,1.19,0.26,2.41,1.72,1.76,1.97,5.41,2.85,2.27,0.0,5.93,5.15,4.17,2.07,0.76,0.39,2.18,7.44,7.41,1.92,2.05,3.78,4.14,2.91,3.04,4.14,2.5,2.77,2.13,1.68,9.09,2.47,0.0,0.95,0.0,3.39,5.61,1.78,1.86,6.32,3.06,2.75,0.0,3.39,7.08,3.22,1.01,2.89,0.0,0.38,4.14,0.3,2.83,1.29,2.43,3.51,1.27,5.7,0.66,7.57,5.53,0.57,5.19,1.06,3.55,2.24,1.86,4.4,6.84,5.39,0.81,2.98,2.37,0.22,1.04,7.38,3.33,4.28,5.0,0.34,4.6,4.19,2.69,3.61,0.0,5.38,0.55,3.78,0.0,6.69,3.34,2.77,0.91,4.3,1.91,0.0,4.53,4.89,1.46,5.97,8.08,4.31,2.41,5.14,0.76,3.06,3.35,7.36,3.94,5.59,2.08,3.95,0.34,3.52,4.2,2.69,1.89,6.33,5.03,4.78,0.0,4.3,6.6,0.0,0.69,2.94,2.31,0.0,3.08,0.24,2.12,0.74,4.4,8.72,2.18,1.54,1.97,1.07,1.55,3.74,0.0,2.03,0.0,3.73,3.46,1.14,0.0,0.14,7.3,1.19,4.06,0.51,1.85,2.26,0.0,2.56,3.36,1.82,4.76,5.61,5.47,3.48,0.0,1.99,1.47,4.57,0.76,0.14,1.58,0.89,6.9,5.9,5.94,4.29,3.86,2.73,0.0,0.65,2.63,0.0,1.21,0.0,0.0,5.53,2.85,0.0,0.0,3.84,6.35,6.72,0.0,6.16,1.21,0.63,1.28,5.36,4.62,5.26,6.24,2.0,0.0,5.38,4.02,2.24,4.78,0.0,3.82,4.65,6.06,5.47,8.1,7.31,4.73,0.15,0.0,3.55,0.0,4.61,2.08,1.74,0.58,7.66,3.4,0.47,5.29,0.0,1.83,0.0,2.86,1.03,1.98,5.69,6.76,6.36,1.92,3.28,3.77,3.47,3.3,5.97,0.5,1.05,5.03,1.77,0.0,1.07,0.15,0.27,4.78,5.03,4.46,0.0,2.94,0.23,0.0,1.57,0.37,0.09,1.87,4.83,0.32,3.8,3.36,5.27,7.1,4.83,5.8,3.45,2.54,3.72,1.75,1.74,5.91,1.34,2.2,0.0,0.0,3.12,1.27,0.71,0.11,6.24,3.25,2.58,2.85,3.28,5.83,2.46,4.1,2.85,5.17,4.95,2.36,5.06,3.22,0.3,0.0,0.0,5.53,1.2,2.19,0.36,2.07,1.64,3.93,4.16,5.53,0.68,3.6,3.34,4.14,0.26,5.93,2.35,4.4,3.86,3.85,5.47,6.2,6.1,3.13,8.68,2.0,2.42,2.75,0.0,5.26,0.0,0.0,1.66,4.86,3.11,6.11,1.6,5.77,0.09,2.91,0.0,1.35,4.38,0.17,5.16,4.01,0.0,2.44,5.67,4.46,3.78,2.65,1.84,0.58,1.34,2.83,5.85,0.0,3.22,0.0,1.47,1.07,2.44,6.43,0.0,3.06,1.92,5.46,3.89,1.63,0.68,3.45,0.0,1.3,1.63,5.56,4.13,1.6,1.69,2.58,1.81,4.87,0.0,0.71,2.85,0.0,5.52,0.91,6.04,0.0,3.75,1.19,4.02,0.0,1.57,7.6,0.31,0.92,0.98,4.84,6.65,7.63,6.22,5.36,4.04,3.96,1.3,0.88,1.16,2.08,3.3,5.69,1.63,6.38,3.7,2.1,8.51,0.0,0.0,6.69,1.3,4.35,1.54,0.0,0.66,3.47,6.63,5.77,0.0,0.0,4.26,0.38,1.46,2.75,3.55,4.38,3.5,3.97,2.29,,,,,,,0.96
,,,,,,,,,,,,,,,,,,,,,,,,,8.26,7.47,7.96,11.52,23.99,13.26,0.0,23.41,8.38,18.5,12.38,17.76,22.5,5.98,10.75,5.85,4.08,14.81,3.32,7.01,7.92,8.44,3.63,12.95,9.51,7.76,11.35,9.98,4.01,15.43,12.23,8.01,15.97,4.23,0.0,0.81,17.98,7.36,0.0,11.95,18.73,17.1,15.46,17.79,5.23,3.28,17.98,17.2,21.3,7.47,5.5,7.98,14.37,3.46,12.65,20.4,15.02,34.36,23.08,23.76,10.39,14.34,17.62,5.03,6.18,3.31,10.07,8.76,7.78,8.17,19.41,11.66,10.08,0.69,21.35,18.34,17.21,8.45,4.49,3.55,9.66,27.18,25.54,8.58,9.98,13.87,16.7,11.37,11.46,13.87,11.57,10.64,8.47,7.96,30.77,10.8,0.0,6.74,2.53,14.21,20.58,8.42,6.48,21.98,11.81,13.66,0.38,13.55,23.53,15.1,6.14,10.39,1.77,2.59,15.94,3.23,11.87,5.11,10.08,15.31,7.41,20.13,4.01,25.75,19.75,5.1,17.79,5.96,14.21,9.93,8.71,16.2,25.86,21.77,3.5,13.31,8.85,1.25,7.19,27.38,13.16,16.15,19.8,1.83,15.27,13.55,11.18,15.14,0.0,19.46,4.22,14.79,1.26,23.98,11.1,13.13,3.71,16.67,6.73,4.47,16.64,18.76,7.4,21.72,26.86,12.75,11.1,20.02,6.92,11.65,13.62,25.51,12.99,22.89,9.82,14.46,1.95,13.12,15.63,11.77,7.6,24.23,17.73,19.01,0.32,17.98,24.11,0.0,4.21,12.42,11.65,1.02,12.41,3.21,10.4,4.97,17.86,29.26,10.86,7.94,9.33,6.08,8.27,13.38,0.0,8.02,0.0,14.82,13.05,5.46,0.18,3.48,24.9,7.09,16.38,4.56,8.13,9.04,0.22,8.97,12.79,6.34,18.41,18.3,20.76,13.8,3.42,7.99,6.97,16.48,5.74,3.34,6.98,2.78,23.65,20.58,21.9,15.29,14.79,10.71,0.0,3.41,9.22,0.0,7.72,0.0,1.97,21.94,12.27,0.0,0.88,14.39,23.86,23.61,0.0,20.74,5.04,6.25,6.55,20.38,18.37,17.84,23.81,9.31,1.57,21.55,15.58,11.43,15.93,0.0,15.05,19.33,20.8,20.76,28.99,24.95,15.66,1.55,0.0,12.32,0.39,17.43,9.85,6.13,2.63,26.9,11.97,4.34,18.48,1.19,6.22,0.43,12.13,6.37,8.46,21.0,24.2,24.63,8.44,13.0,14.16,13.76,14.32,21.18,4.15,5.71,18.96,8.48,2.15,7.04,2.43,2.81,17.46,17.27,17.57,0.0,12.34,2.51,1.21,8.14,3.47,3.47,8.2,20.52,2.6,14.87,11.34,18.54,24.58,17.38,23.38,13.67,10.19,15.37,7.01,6.88,23.22,5.83,9.24,0.0,1.32,12.71,6.1,2.26,4.07,22.74,12.36,12.24,10.25,11.32,23.38,9.52,17.15,10.66,18.85,18.92,8.75,16.14,12.17,3.98,0.0,0.0,18.75,6.3,9.55,3.7,7.75,6.59,14.99,16.41,21.41,4.93,15.0,12.46,15.78,1.63,20.91,10.93,16.43,13.39,13.22,19.75,22.21,24.21,11.0,29.27,9.52,9.51,8.94,0.47,20.51,1.82,0.0,5.14,16.23,14.1,21.2,6.51,20.58,2.03,14.68,0.7,8.44,18.23,1.21,17.78,16.21,0.34,11.54,21.79,13.41,15.73,9.28,10.16,3.53,7.44,10.31,22.36,0.09,11.04,0.17,6.39,5.55,8.93,23.86,0.0,14.36,7.44,20.24,13.76,8.78,5.25,12.76,0.0,3.7,5.65,18.93,14.73,6.84,7.5,14.05,7.77,17.86,0.0,5.21,9.41,0.0,21.96,5.3,22.3,1.31,11.74,5.94,14.63,0.85,7.57,26.75,4.04,2.84,5.82,18.0,25.37,25.62,24.85,18.26,18.39,14.84,6.76,6.07,7.79,9.12,14.42,22.04,4.65,23.21,16.28,10.08,29.71,1.46,2.02,21.93,7.12,17.06,6.62,0.0,3.37,13.43,24.21,19.75,0.0,0.0,15.34,4.41,5.56,8.76,14.46,15.02,13.96,14.58,11.07,,,,,,,1.22
,,,,,,,,,,,,,,,,,,,,,,,,,20.16,23.77,23.54,32.39,61.79,30.99,3.35,52.74,24.52,40.51,24.12,41.51,49.84,15.75,27.21,21.08,10.8,36.03,12.53,18.58,20.71,26.41,14.31,34.97,25.41,19.7,30.91,28.58,10.2,40.98,33.63,13.78,36.44,13.2,1.63,4.78,42.06,20.78,0.0,30.39,44.53,42.8,36.9,42.01,15.52,13.13,47.24,37.31,48.28,24.41,23.31,17.68,36.15,10.59,29.57,46.31,35.34,74.43,49.17,55.21,25.19,32.32,43.06,16.87,19.72,13.36,28.78,26.11,22.41,21.23,48.77,31.46,26.72,6.07,45.69,41.88,45.55,25.38,18.1,13.88,24.38,57.91,59.17,18.75,32.48,30.61,42.22,28.09,31.8,29.4,30.16,23.59,20.36,20.84,60.86,31.51,1.37,17.79,10.53,32.17,50.42,23.34,20.85,48.51,28.59,36.26,9.33,35.13,55.4,33.66,17.84,25.8,5.85,12.77,40.12,10.42,29.11,17.3,20.55,37.79,21.73,47.13,12.53,56.88,48.49,18.81,41.48,19.14,37.99,25.4,22.51,37.95,57.95,53.81,13.79,33.58,22.1,9.97,12.73,62.12,32.86,35.7,49.73,8.03,34.09,27.16,26.94,38.06,0.0,39.25,15.39,31.23,5.96,51.62,30.71,31.96,16.75,40.45,19.58,7.09,38.7,33.17,26.09,46.08,56.11,28.67,26.69,43.71,22.11,28.23,27.3,59.58,31.06,47.51,30.7,36.33,11.11,32.52,35.38,28.3,23.05,61.01,42.88,45.28,6.82,38.06,55.76,2.22,12.09,30.36,31.34,12.71,27.64,13.85,28.82,17.12,43.28,65.18,32.46,21.21,29.24,21.32,21.59,31.12,9.09,19.59,0.17,41.06,36.08,11.91,10.09,14.66,51.07,17.6,38.06,16.7,26.91,22.98,7.87,25.04,34.8,19.14,42.22,38.61,50.78,36.0,14.7,20.58,19.56,39.73,20.46,16.9,21.86,9.59,52.58,45.97,50.22,34.84,38.32,24.13,7.34,15.69,18.65,0.0,19.32,0.0,5.52,53.56,30.2,8.23,7.59,30.68,55.76,58.6,5.32,46.09,12.45,21.02,22.71,46.91,42.99,42.25,53.64,25.36,13.9,47.85,33.51,36.68,42.97,6.1,39.58,46.58,47.68,46.0,60.23,57.97,36.46,5.7,3.99,29.24,8.78,36.41,22.86,16.06,7.73,66.37,29.07,14.97,43.6,7.46,18.37,13.72,34.13,22.34,20.47,52.01,56.5,60.25,16.23,32.61,38.75,36.67,32.5,46.87,16.62,20.69,43.3,20.14,8.74,22.57,6.73,9.14,38.08,44.85,41.12,4.19,32.38,12.49,11.81,14.29,13.66,10.9,19.82,46.15,11.92,38.78,26.8,42.46,59.7,39.66,52.39,32.27,25.02,40.83,17.56,16.36,56.46,17.88,23.77,7.11,6.29,27.75,17.79,9.45,12.3,55.14,33.19,35.83,21.76,22.99,51.57,30.86,41.12,29.42,45.07,42.3,25.11,33.93,28.84,14.19,4.9,0.0,47.62,22.5,27.89,10.2,19.67,24.09,35.61,40.52,49.81,18.01,28.49,30.2,40.46,5.73,48.5,26.11,36.0,33.55,36.11,40.34,52.38,55.18,19.75,65.2,29.73,28.53,21.59,8.83,49.74,8.28,0.0,17.68,42.97,37.88,44.2,15.84,46.37,8.3,37.77,7.54,17.76,43.64,4.24,48.28,36.96,7.05,29.49,51.21,32.98,38.75,20.44,28.37,16.79,21.11,22.98,46.88,5.33,24.89,5.87,19.18,15.27,20.12,56.6,0.0,40.26,22.93,46.41,31.05,18.95,17.07,27.29,0.0,12.17,12.28,44.74,36.72,22.5,15.64,32.83,20.67,36.78,0.0,20.14,18.93,4.08,52.35,13.06,49.24,9.06,25.77,21.81,33.15,12.52,20.25,64.55,13.6,15.09,13.58,35.89,58.33,56.19,57.77,41.25,43.44,32.09,14.97,18.64,19.71,24.16,39.23,56.38,9.3,54.97,38.71,28.89,67.8,4.35,11.73,51.01,18.3,40.28,21.16,0.0,6.3,33.36,54.31,39.22,6.58,0.0,34.32,14.06,16.62,18.02,39.63,40.95,30.07,36.74,24.87,,,,,,,1.26
,,,,,,,,,,,,,,,,,,,,,,,,,42.25,47.92,39.6,60.79,105.77,51.04,11.37,90.3,46.68,68.75,47.62,75.82,83.15,41.3,49.52,42.14,27.54,68.13,28.81,36.72,44.41,43.36,23.7,66.66,52.65,30.89,57.63,68.17,18.9,66.91,64.74,35.88,61.86,23.36,10.39,18.72,74.47,44.98,8.04,60.03,77.11,76.25,60.06,70.56,22.57,31.57,75.78,58.74,85.02,37.35,42.83,42.1,59.6,25.01,55.43,74.47,72.26,115.26,84.78,83.59,50.36,52.6,75.02,32.94,49.74,30.56,54.51,45.75,39.41,32.41,73.45,53.07,47.16,16.92,70.13,59.02,79.52,46.71,42.75,30.85,45.51,91.68,95.16,35.63,61.8,55.65,67.77,55.9,65.54,42.92,55.33,39.56,44.35,41.57,96.34,61.33,18.75,30.06,23.48,60.2,87.49,46.38,38.71,87.53,45.62,67.55,30.1,58.81,96.55,59.69,33.4,41.61,18.52,38.41,68.48,37.58,47.18,44.04,37.98,52.59,39.85,79.12,30.63,89.91,78.85,38.1,66.57,36.33,63.33,47.61,44.6,64.59,92.88,92.36,28.16,62.74,35.06,25.53,25.96,96.79,55.44,72.56,88.17,29.35,56.08,47.21,49.81,65.25,0.0,59.33,34.98,58.36,9.16,83.37,56.91,53.78,36.69,70.79,36.17,19.64,67.67,57.51,47.11,71.84,90.54,43.59,42.85,61.39,41.8,47.66,42.88,103.42,50.14,77.95,52.53,75.67,20.27,58.7,64.31,40.76,36.35,107.69,75.48,88.66,27.07,58.68,87.91,14.55,35.82,54.75,54.54,35.84,46.9,32.65,50.83,19.22,68.06,99.7,58.26,29.21,61.59,45.15,32.88,69.67,15.77,33.61,11.92,75.09,70.34,35.39,33.26,36.21,87.22,39.4,60.76,37.93,53.65,35.38,22.67,44.32,56.36,38.73,68.45,63.68,90.52,69.19,30.01,41.2,33.58,62.04,45.81,43.92,46.15,30.56,88.42,73.31,82.86,57.45,55.42,46.84,25.97,24.6,44.14,0.88,31.9,0.0,11.59,72.84,63.72,24.99,26.77,54.09,103.77,90.7,21.22,71.79,25.05,37.82,39.29,76.29,80.47,74.74,88.56,49.83,32.07,85.46,70.06,69.33,87.17,20.36,72.18,76.13,84.41,71.48,99.98,91.83,65.21,14.66,18.77,42.44,30.02,64.73,45.06,38.49,14.3,108.36,53.09,22.37,88.51,23.66,39.02,34.98,61.59,42.31,41.68,83.76,99.77,93.39,29.22,71.01,63.32,66.04,67.09,73.99,42.37,36.79,75.98,47.41,30.16,35.59,12.59,22.86,64.38,72.52,63.79,21.92,54.73,36.63,30.62,16.86,25.04,20.21,33.35,85.28,24.55,72.31,52.62,75.56,95.92,67.41,82.77,63.3,56.39,65.71,30.51,28.27,89.24,43.93,46.59,16.08,21.13,45.38,39.04,29.32,24.92,81.82,54.82,68.18,36.12,47.79,83.12,62.8,75.66,57.0,81.04,73.77,56.54,42.73,46.17,26.81,21.14,0.0,80.29,58.56,59.88,26.18,42.06,43.52,64.68,59.92,76.69,30.57,44.73,56.93,68.51,17.21,84.13,45.18,71.87,65.01,72.04,64.67,90.44,90.63,39.09,107.68,58.22,61.93,40.88,15.88,91.26,16.97,4.42,37.31,73.43,68.71,69.1,26.54,80.29,24.68,69.75,25.86,32.67,75.72,15.92,73.21,74.16,23.79,51.83,85.7,62.32,73.2,36.57,52.63,32.95,38.69,39.62,75.81,25.23,50.13,17.72,41.09,26.45,37.92,92.89,7.9,65.74,42.12,80.08,61.11,44.8,40.35,46.6,0.0,40.18,23.38,71.82,65.3,45.22,36.4,58.45,44.09,78.37,11.25,38.21,30.88,21.34,89.9,31.97,77.97,29.33,50.62,40.31,60.86,34.79,43.1,97.9,30.45,36.34,28.61,55.85,90.87,87.08,94.99,72.2,68.63,49.95,21.54,45.43,23.99,45.9,65.65,91.13,13.59,93.28,71.57,57.16,114.19,14.87,17.45,85.29,38.03,68.93,43.56,0.0,20.35,53.59,97.05,59.49,21.02,0.0,63.07,35.9,33.53,34.79,76.03,74.69,47.49,72.46,51.57,,,,,,,1.2
,,,,,,,,,,,,,,,,,,,,,,,,,67.68,78.08,61.08,76.06,135.38,67.16,24.33,113.47,46.6,82.65,88.48,94.2,94.08,73.5,79.04,57.19,42.01,98.84,45.8,58.18,59.58,55.68,40.8,86.18,75.63,52.84,88.2,95.06,43.84,86.98,86.85,53.21,92.1,42.54,18.25,39.72,100.38,73.03,27.0,90.72,104.7,100.46,81.48,107.27,30.71,54.18,103.45,79.55,114.41,46.06,77.18,66.74,84.97,43.39,78.08,111.72,105.45,138.46,120.79,105.59,72.82,78.46,87.59,53.32,74.96,43.57,77.42,46.94,56.49,55.97,93.25,80.81,63.58,23.22,98.97,80.61,115.16,67.39,61.31,39.29,62.31,110.95,112.11,56.06,83.57,85.45,67.82,66.74,100.13,68.28,69.8,66.87,65.81,51.35,124.62,81.76,43.78,38.64,45.53,91.8,92.52,70.59,58.77,103.2,68.71,91.19,54.52,79.43,123.1,98.93,44.78,66.12,39.19,65.97,100.42,73.49,66.62,59.0,62.19,78.96,57.9,102.78,45.35,122.18,99.06,70.62,94.62,59.81,90.95,65.17,55.59,84.14,103.09,124.59,37.37,94.91,48.45,39.94,43.67,125.87,79.36,103.61,118.17,64.01,75.02,57.34,62.15,86.08,14.04,84.88,58.83,77.42,26.92,104.38,64.0,83.45,56.57,92.17,64.11,36.86,87.65,91.7,61.97,99.09,125.19,53.55,61.87,77.38,69.07,64.35,52.99,132.46,65.69,92.11,63.22,113.11,31.37,88.11,77.2,70.08,40.08,132.62,100.04,107.51,46.8,76.68,97.21,32.69,52.69,85.94,72.98,46.29,69.0,48.74,80.81,41.14,92.33,129.61,90.97,58.08,82.8,58.08,55.65,103.94,26.86,60.76,27.93,92.07,101.36,58.77,46.91,58.53,107.96,53.21,64.16,63.18,84.02,43.67,33.28,66.5,91.84,61.86,87.79,92.09,103.24,97.17,54.6,54.55,60.06,94.75,62.56,63.64,69.12,52.13,99.85,90.36,103.83,93.64,81.73,66.7,55.95,39.21,75.2,19.81,39.71,6.19,21.06,84.25,83.66,45.05,42.55,72.73,127.32,113.36,41.83,89.78,45.93,67.8,64.98,89.82,123.34,92.56,116.93,74.2,59.07,105.5,91.03,78.58,114.21,43.35,93.39,99.3,94.94,93.12,135.92,110.77,98.33,45.74,39.01,65.16,47.89,80.5,56.81,62.64,36.23,139.84,82.04,34.81,127.56,40.39,49.08,53.06,78.22,66.4,51.89,98.83,127.92,119.01,55.19,84.12,82.08,87.35,86.54,98.83,71.88,48.72,105.75,68.88,57.21,49.71,18.14,55.23,82.34,100.91,87.07,40.49,67.84,60.87,53.55,41.92,45.49,37.18,54.75,114.35,38.66,100.65,93.72,98.84,111.99,78.89,102.17,80.72,100.67,85.82,53.7,42.79,104.21,70.28,64.41,37.67,34.08,68.18,52.33,53.57,38.36,112.71,79.94,89.35,51.31,66.65,110.55,76.74,101.93,70.9,108.96,97.39,79.52,59.19,79.58,48.79,32.42,0.0,110.0,76.09,95.83,51.1,70.91,65.4,84.58,76.54,93.6,36.26,64.89,71.13,87.51,46.78,116.26,65.78,83.85,91.03,99.19,92.14,120.14,111.49,69.68,137.98,80.98,98.3,66.94,33.2,108.69,20.61,24.06,54.77,103.17,93.63,81.81,32.72,109.74,28.5,90.09,43.74,56.72,94.4,25.59,91.63,100.62,60.22,72.89,111.83,77.71,92.63,63.77,74.32,49.07,62.8,59.47,84.06,37.55,76.92,39.29,63.26,49.86,58.9,122.87,37.66,89.87,64.92,111.61,78.32,67.09,64.51,63.03,3.44,63.86,43.08,96.58,102.93,74.76,55.19,86.16,61.53,113.78,24.94,53.8,53.63,38.58,110.06,57.14,97.92,43.96,70.95,66.83,79.07,62.13,60.03,125.8,46.11,41.07,34.37,84.93,110.87,110.14,115.71,98.18,86.1,80.39,36.78,65.55,20.41,58.27,103.57,115.36,27.33,113.85,91.59,78.53,149.51,24.92,37.03,114.26,68.34,96.82,52.87,11.17,34.35,75.61,121.51,67.45,40.32,0.0,93.04,58.34,47.22,47.84,93.29,111.83,61.36,106.67,71.01,,,,,,,1.12
,,,,,,,,,,,,,,,,,,,,,,,,,74.27,79.42,67.71,83.92,125.47,71.67,51.28,123.19,50.63,96.05,95.93,92.52,101.7,75.07,83.97,62.98,48.2,106.79,45.61,58.55,78.82,50.61,45.24,80.57,82.33,59.22,88.11,91.09,58.71,98.05,95.4,74.71,87.16,54.1,34.57,45.31,119.81,73.84,29.22,99.88,114.22,102.46,78.9,122.24,57.04,57.51,111.95,82.83,98.81,61.32,88.4,60.08,96.97,71.04,95.2,107.24,101.24,132.6,131.38,121.34,73.77,85.5,86.35,56.0,64.97,47.29,93.41,53.25,55.29,69.5,98.76,76.79,75.86,51.32,111.36,107.4,118.18,76.15,77.51,40.62,72.85,101.96,121.58,55.38,95.94,99.26,64.99,77.95,92.62,79.39,71.43,77.67,77.34,55.05,126.51,85.61,58.11,53.97,55.4,102.39,86.38,85.97,80.42,92.25,64.27,95.68,61.92,81.51,117.77,119.91,62.72,66.24,41.41,69.98,96.08,96.57,69.02,51.92,64.72,98.29,60.93,107.22,57.94,116.35,94.35,85.17,89.53,79.96,86.85,71.32,57.14,79.02,101.97,128.25,46.86,94.58,50.79,60.42,58.79,138.04,69.45,110.74,117.79,81.16,100.25,64.79,60.31,85.89,38.55,92.9,60.54,96.29,38.01,107.16,65.31,86.6,64.15,83.88,67.16,58.44,98.91,97.06,66.99,110.19,136.68,50.8,83.97,77.31,74.89,67.48,64.33,136.01,81.2,102.74,65.78,110.23,37.65,98.91,77.6,66.27,54.54,116.85,100.96,106.78,60.57,86.31,96.71,44.29,65.91,74.65,84.52,57.58,73.65,54.97,84.59,59.49,114.91,130.77,93.77,56.3,79.74,63.29,58.93,111.53,38.07,59.22,42.58,83.34,102.76,73.73,56.98,72.31,109.37,57.37,69.0,65.05,103.1,46.72,30.09,83.49,106.99,71.91,103.45,94.22,96.22,97.02,61.08,55.11,70.6,101.0,78.38,48.99,87.95,54.42,96.51,106.22,105.98,109.14,82.09,70.99,67.74,48.44,81.76,26.24,57.03,23.73,30.11,71.6,80.74,54.54,41.51,80.43,115.8,109.19,45.93,90.2,49.11,78.7,61.02,100.19,114.61,87.91,129.92,68.11,54.04,107.2,94.15,83.41,111.78,56.14,95.48,119.33,96.61,92.56,142.41,118.62,99.94,58.13,49.66,56.37,69.17,86.04,68.52,67.39,54.46,130.46,77.32,41.98,126.25,70.1,49.09,55.76,77.83,63.75,65.21,95.15,123.95,111.49,56.78,88.7,86.22,95.57,104.28,105.03,75.2,54.78,108.98,87.15,73.4,62.78,21.06,76.01,81.72,105.58,99.44,55.07,67.27,75.34,66.13,38.04,72.73,66.56,67.34,116.83,53.77,112.21,90.44,109.57,110.98,85.17,105.31,85.77,116.11,79.99,72.15,49.96,102.3,77.96,78.02,54.9,37.03,86.34,67.71,66.75,50.56,121.55,76.36,86.83,69.65,81.16,114.58,75.8,103.81,68.25,109.22,105.04,91.86,61.83,79.7,68.34,34.14,13.41,101.26,80.45,93.13,50.05,80.95,68.73,79.91,63.85,109.68,53.77,80.75,77.82,102.12,55.21,117.99,82.14,85.92,83.28,108.59,99.13,125.42,108.24,80.55,127.86,87.33,112.69,67.12,56.96,109.78,22.88,51.6,74.46,125.24,97.77,84.61,41.69,111.73,41.25,80.17,43.1,66.6,96.14,27.83,96.23,108.58,71.9,83.75,111.19,73.45,91.23,70.4,87.39,59.93,71.84,58.33,78.33,48.12,102.96,56.46,75.6,63.92,68.15,118.01,49.36,89.21,81.92,119.82,69.14,79.78,71.23,71.72,20.3,90.35,66.94,100.98,104.79,91.5,67.19,75.68,65.92,109.58,37.17,51.72,42.76,50.98,105.37,73.1,102.43,50.96,76.61,68.69,97.83,55.03,70.96,128.77,50.91,44.01,37.3,86.21,112.47,120.16,101.55,103.52,90.82,82.1,52.94,77.85,26.44,60.24,113.34,107.41,29.78,119.04,92.72,78.03,150.73,29.19,56.78,119.83,88.43,102.01,49.77,32.67,56.34,85.53,105.56,80.39,45.65,3.6,98.35,71.56,42.83,68.63,87.1,121.36,67.47,115.91,74.16,,,,,,,0.8
,,,,,,,,,,,,,,,,,,,,,,,,,80.57,101.97,76.89,74.72,119.01,89.13,52.77,118.65,53.38,109.83,114.37,96.1,104.22,72.64,102.89,56.66,37.8,127.22,40.96,54.22,90.95,67.16,82.65,85.21,94.32,75.18,82.16,99.76,60.07,107.96,100.93,78.17,95.07,60.51,59.89,39.08,138.59,76.31,39.87,101.66,115.16,111.96,81.84,121.39,68.72,74.82,113.21,79.68,99.58,67.81,104.15,77.53,107.25,74.91,96.66,102.74,112.63,130.57,144.46,119.74,96.43,90.2,112.72,73.14,68.32,66.65,102.38,66.37,62.0,77.29,118.34,85.07,71.31,56.83,122.52,119.61,122.97,83.37,92.45,55.82,87.19,108.51,123.61,59.87,117.47,120.61,78.53,85.58,106.27,91.26,85.75,78.79,80.95,73.4,150.02,97.05,71.21,77.44,68.98,112.59,94.73,96.34,76.62,86.39,62.56,105.75,52.13,88.39,134.87,119.52,86.59,88.29,32.56,73.1,100.48,107.59,84.05,68.21,62.13,105.34,51.48,126.93,82.76,147.84,99.35,104.13,83.8,81.69,88.64,83.1,58.51,93.68,123.14,111.07,53.66,116.25,68.21,70.96,69.86,140.11,79.84,112.02,117.2,97.46,111.07,70.86,64.3,101.62,48.11,91.86,70.71,110.78,39.32,113.51,72.2,85.39,86.16,97.02,79.45,75.78,121.11,100.96,93.91,117.75,138.06,65.2,101.77,84.2,87.83,80.39,90.99,138.06,106.14,116.54,79.27,111.3,64.95,96.73,96.91,89.39,64.54,113.19,104.9,109.86,67.19,96.64,100.1,39.3,80.28,83.22,86.77,54.84,78.45,61.95,72.9,67.26,119.67,141.38,96.83,59.53,93.52,86.2,66.59,117.35,51.71,58.21,60.72,89.39,108.13,87.56,74.57,82.79,125.15,53.23,87.56,62.55,124.54,65.15,34.53,99.95,105.41,71.2,120.94,100.84,105.84,109.42,65.01,72.15,93.28,96.7,79.59,55.7,89.55,70.37,108.87,124.38,128.9,117.3,85.15,73.3,82.89,52.97,86.95,40.34,82.54,27.71,59.57,85.86,84.82,70.96,31.74,88.96,132.91,113.46,43.38,99.41,55.27,71.79,75.15,100.43,115.98,98.76,159.75,73.91,56.63,122.26,109.81,90.27,119.19,85.07,108.55,122.62,108.71,110.92,143.15,134.82,101.79,67.55,77.03,45.93,78.78,99.01,92.54,68.8,70.26,137.09,89.76,70.6,141.89,83.97,41.72,59.93,76.69,66.27,74.18,96.03,127.86,121.79,62.55,101.78,85.85,92.71,99.74,96.01,87.99,74.38,104.0,101.85,94.61,92.23,23.99,83.85,86.25,119.87,101.63,69.53,73.17,95.22,76.95,59.61,93.99,74.84,68.3,114.55,75.87,130.18,115.88,100.18,113.48,86.11,100.08,89.98,100.52,86.11,55.62,59.47,128.3,90.21,89.07,78.37,54.39,107.69,82.03,78.77,63.47,129.43,79.35,88.1,82.29,86.54,122.02,81.65,124.55,85.46,118.91,100.16,93.33,71.62,85.48,81.43,33.39,18.3,102.52,93.06,97.7,62.71,105.69,57.33,82.99,65.96,116.8,65.9,70.4,88.49,94.43,66.43,126.3,89.87,83.72,87.61,112.09,106.57,133.13,116.27,106.07,136.8,101.99,120.02,86.48,63.42,108.85,36.6,78.14,78.37,136.78,84.96,109.32,58.9,114.99,61.08,95.45,66.4,78.49,93.96,46.83,116.06,107.83,96.28,100.12,110.35,84.65,108.09,85.24,105.29,64.62,79.21,59.51,76.37,67.03,133.26,67.48,86.71,76.69,81.36,133.13,60.68,79.76,84.78,134.92,81.79,89.25,75.42,105.69,38.55,99.06,82.0,109.67,112.67,94.26,73.32,84.43,77.16,100.85,29.59,79.08,56.27,70.82,111.17,82.99,111.12,65.22,81.85,60.9,110.0,54.76,61.69,134.37,57.02,59.28,44.41,92.39,138.23,143.42,108.03,104.15,112.28,92.98,71.65,93.25,31.42,100.41,133.59,104.79,42.33,128.4,92.09,96.82,159.12,49.5,64.79,117.71,89.81,118.45,59.78,56.59,77.54,89.38,113.73,99.04,65.34,16.4,106.92,94.81,59.61,89.57,98.38,134.79,83.87,121.16,86.14,,,,,,,0.74
,,,,,,,,,,,,,,,,,,,,,,,,,81.78,90.56,76.27,57.54,106.53,102.47,42.56,106.42,72.61,106.24,112.5,88.78,110.62,65.5,112.78,53.77,46.53,143.34,78.9,63.97,80.81,68.04,87.34,84.84,103.68,83.0,77.12,80.78,66.1,97.81,96.44,76.62,95.33,61.82,64.64,45.22,137.37,61.21,56.01,100.17,111.6,121.04,91.57,115.32,71.92,75.93,94.9,82.09,117.95,62.34,88.28,91.54,98.45,61.55,103.87,98.41,112.37,131.92,125.03,119.22,101.99,90.19,104.4,71.56,76.2,77.33,100.79,88.21,52.54,76.71,114.94,69.97,86.76,65.88,127.44,116.92,104.72,94.08,103.81,72.27,91.95,106.28,95.56,59.12,114.83,124.93,93.24,95.29,99.16,79.09,81.29,88.2,75.6,74.55,134.59,91.08,82.25,84.6,71.87,106.85,92.93,111.03,74.54,83.74,47.59,112.62,59.72,90.91,117.21,107.61,84.78,90.78,45.13,78.74,92.77,88.66,89.49,79.28,64.72,99.84,63.65,118.72,83.96,152.67,108.33,97.41,82.09,81.36,92.54,90.38,52.99,93.62,123.39,103.39,68.55,123.65,82.89,68.06,76.68,139.35,80.17,106.85,116.94,100.28,123.55,66.51,62.94,90.98,52.86,95.61,60.73,120.84,44.57,129.19,83.68,96.69,79.59,94.75,73.19,82.7,114.95,103.36,86.95,115.42,136.1,72.09,103.75,79.83,80.58,53.45,86.29,137.97,103.07,111.86,83.81,99.63,80.68,88.44,102.34,102.09,73.75,112.18,93.1,112.28,73.9,91.97,93.05,43.18,76.89,100.92,98.21,51.44,76.49,76.72,76.57,68.66,107.68,130.73,107.21,64.36,70.99,96.1,65.51,119.09,44.14,65.45,66.54,86.99,116.85,83.3,101.5,85.43,118.83,47.43,103.04,48.19,130.45,58.7,66.32,102.02,101.43,76.34,132.35,113.85,97.84,94.15,74.2,73.52,99.36,91.36,88.75,47.05,84.33,79.27,127.47,116.83,135.34,114.21,94.46,69.47,87.02,65.82,91.28,49.45,86.87,31.8,68.37,82.17,83.46,55.92,32.2,96.34,120.67,117.28,55.24,106.91,57.85,76.66,75.74,85.51,109.18,97.23,151.06,67.81,53.23,117.68,102.34,85.97,127.99,85.0,107.61,118.42,119.89,119.54,130.84,143.21,105.79,77.73,86.23,57.22,67.19,82.55,88.48,77.45,73.15,135.67,80.24,63.42,140.96,103.34,44.65,56.62,81.3,80.99,64.49,79.97,126.29,114.49,67.5,105.05,88.51,81.73,105.81,99.6,92.38,72.91,86.26,92.75,95.57,98.18,30.65,72.53,97.65,112.26,103.54,65.48,75.0,90.49,83.95,77.02,103.32,77.75,69.7,94.0,88.26,124.93,118.82,79.61,117.53,74.93,98.73,82.87,88.32,88.75,49.37,50.42,128.93,70.95,84.49,97.04,59.41,106.03,86.39,64.7,74.21,131.08,81.58,80.15,97.68,74.11,103.44,78.67,112.97,94.11,109.95,100.4,90.15,82.61,90.2,75.18,58.23,24.76,91.68,74.4,91.69,71.51,113.47,56.71,85.87,81.15,113.6,90.49,92.13,92.0,79.17,74.9,140.63,89.38,79.49,86.58,104.2,95.11,128.62,122.29,106.99,143.25,108.93,126.08,80.44,52.78,111.03,41.99,83.51,71.69,121.98,72.53,87.64,56.83,107.08,63.26,90.73,64.12,93.4,79.39,59.07,98.4,105.07,91.39,85.9,107.03,72.25,107.91,109.31,107.77,51.02,75.41,74.93,70.17,74.11,125.62,76.51,107.24,80.63,83.08,134.09,71.25,87.01,85.7,135.97,99.4,92.84,81.95,101.71,58.37,99.44,80.27,107.12,103.69,95.39,73.49,99.94,67.54,103.36,29.34,77.1,62.1,58.94,118.19,74.58,112.99,87.47,80.98,56.34,106.98,59.46,65.57,132.07,83.0,55.38,47.72,94.97,126.85,135.08,104.97,114.91,101.53,78.77,66.27,79.41,48.64,98.22,131.21,107.63,40.65,121.78,85.23,100.65,134.5,75.06,66.07,111.53,111.41,129.34,73.96,54.52,83.34,93.24,101.55,97.17,62.37,28.22,103.06,97.22,59.04,80.44,95.73,139.69,77.41,112.59,88.56,,,,,,,0.76
,,,,,,,,,,,,,,,,,,,,,,,,,71.45,73.6,52.31,48.64,84.44,94.92,43.49,75.77,74.11,96.4,87.22,78.15,91.86,50.23,81.41,39.69,29.67,117.31,65.72,56.88,69.31,60.46,74.46,73.26,90.42,69.59,66.66,68.58,56.55,86.29,87.31,57.76,65.79,61.25,56.73,47.97,106.31,56.95,57.36,81.53,93.43,103.04,74.81,103.74,49.52,70.04,71.48,73.87,95.87,51.45,60.88,82.16,75.85,39.64,80.77,83.09,74.84,109.01,89.12,90.89,74.31,84.99,90.97,60.01,68.05,58.24,72.88,80.24,49.67,69.09,96.67,72.57,87.05,55.0,110.62,77.86,85.8,82.61,84.55,61.15,73.56,87.36,67.85,67.14,99.12,109.13,64.23,88.11,94.32,84.24,70.51,78.08,75.94,51.44,106.28,79.01,78.87,67.11,53.71,89.64,82.69,84.25,69.83,62.26,33.93,97.37,52.13,79.58,96.44,71.58,75.48,78.93,53.21,66.31,72.59,85.27,81.86,65.87,65.76,94.74,62.66,86.94,67.76,115.21,96.0,63.44,70.35,68.35,78.44,70.93,49.73,70.55,95.43,84.06,72.42,103.36,65.22,60.16,52.34,117.17,70.43,79.62,102.0,80.04,132.39,58.61,55.09,77.22,55.89,79.69,45.36,88.04,44.58,117.99,55.58,82.34,57.43,76.55,58.1,86.12,96.89,78.64,87.87,96.17,116.82,47.94,81.87,77.27,67.12,29.49,79.3,104.31,72.69,80.24,72.22,100.76,59.73,72.93,87.12,92.94,56.78,89.19,72.13,83.28,66.28,90.42,70.06,35.4,72.91,89.82,81.3,53.35,64.77,71.41,66.6,58.37,85.59,97.99,92.36,63.49,53.28,90.78,54.85,92.43,51.37,67.06,42.37,75.15,104.95,79.56,89.65,63.82,77.49,46.95,75.82,30.47,111.34,48.85,65.58,91.02,80.74,57.18,100.47,97.83,78.69,73.1,58.94,63.82,88.95,84.91,64.51,54.14,67.18,63.2,110.8,89.42,105.74,95.69,89.64,57.55,86.42,64.54,74.84,41.35,80.43,36.64,53.28,61.71,64.97,48.37,43.77,77.21,97.05,94.16,52.75,88.78,43.4,57.32,62.62,88.11,78.82,82.55,105.27,58.79,48.51,103.2,75.36,69.74,107.89,67.02,76.35,102.99,85.93,85.7,97.33,107.16,88.11,60.64,75.03,64.48,51.21,66.89,78.26,66.41,73.76,109.58,54.27,54.56,121.62,85.27,61.71,49.62,67.75,67.62,62.99,70.78,98.11,89.5,66.25,86.27,81.2,67.81,75.29,84.36,67.19,55.9,57.85,75.14,70.53,81.05,29.89,63.63,93.48,79.74,84.03,47.5,51.26,76.07,73.85,72.63,76.86,65.31,71.65,83.26,71.53,94.92,84.4,56.88,103.45,76.36,84.73,70.29,76.61,65.6,44.81,44.1,96.16,71.11,68.14,80.23,48.88,88.22,81.57,69.7,61.19,110.44,70.34,45.4,75.08,62.02,69.31,82.84,96.16,89.72,88.54,78.89,69.22,74.9,69.4,55.84,62.3,30.85,76.5,56.98,68.96,68.46,91.5,32.51,82.42,67.55,82.91,79.43,83.23,88.3,78.34,61.99,105.47,76.22,68.04,78.41,86.55,79.73,94.88,106.73,88.09,121.2,97.08,106.92,56.13,66.61,97.81,41.98,55.94,58.37,106.41,67.72,75.4,54.53,75.02,61.58,65.12,50.12,85.92,68.85,36.82,84.64,92.32,74.15,75.54,78.6,79.97,72.9,103.77,90.16,47.21,60.02,86.55,59.96,63.86,97.86,80.16,94.87,62.46,72.79,109.23,68.43,76.74,73.02,89.81,94.18,75.08,63.83,73.5,51.59,86.09,71.2,89.17,89.51,94.56,60.46,70.72,67.76,80.48,31.65,73.6,58.83,53.97,100.21,66.17,93.59,63.09,74.49,48.11,84.45,49.52,63.51,103.31,82.12,53.06,42.38,84.78,91.54,105.19,92.59,87.7,88.06,41.33,70.57,70.09,43.71,83.14,107.65,83.33,35.0,91.94,77.39,88.35,98.3,64.02,62.6,97.84,84.81,110.48,60.1,43.81,72.58,85.15,70.72,74.08,37.11,44.96,81.08,85.14,47.79,68.63,78.52,107.24,57.21,103.71,79.84,,,,,,,0.9
,,,,,,,,,,,,,,,,,,,,,,,,,40.05,48.14,27.53,29.12,44.43,66.33,27.84,44.04,38.12,55.47,59.07,44.76,51.63,34.1,46.21,31.07,18.5,63.98,41.6,28.97,40.81,43.76,39.21,44.13,50.59,41.33,35.36,35.3,33.02,58.12,53.08,40.85,43.34,39.86,42.0,34.72,55.57,39.03,35.03,42.15,52.93,65.44,53.16,62.33,34.45,44.49,36.36,49.04,55.54,28.99,32.52,52.08,41.01,23.0,47.43,54.09,48.06,63.91,42.91,53.31,47.64,51.04,49.09,36.46,41.11,38.56,36.78,48.29,32.76,41.52,55.96,50.89,57.47,28.51,67.05,47.58,50.33,54.37,50.42,42.56,55.1,45.52,36.15,48.78,55.62,57.72,43.0,51.01,47.03,51.51,44.99,47.54,49.33,39.06,58.24,44.0,45.72,37.89,32.34,48.22,51.97,59.03,37.17,39.84,24.76,50.66,32.79,53.85,59.07,43.6,42.11,47.16,37.93,40.44,36.65,49.64,49.89,39.14,35.61,61.55,35.19,55.86,47.85,67.11,53.75,32.03,43.29,42.56,48.41,42.47,34.03,41.27,56.87,51.88,43.39,62.0,33.83,34.7,30.6,71.69,36.83,47.55,69.34,45.09,75.48,38.45,34.33,53.95,43.45,52.43,30.94,49.51,32.22,74.52,29.3,46.15,32.56,51.33,41.84,52.79,56.0,50.1,52.44,50.05,67.59,26.7,38.87,43.85,38.17,29.06,47.95,57.83,41.74,47.37,47.16,59.1,38.51,42.24,49.95,54.83,35.08,55.08,41.36,50.31,40.85,59.36,48.57,34.26,49.8,51.05,55.48,42.67,33.52,45.58,34.64,32.58,51.68,56.67,47.46,36.44,32.57,54.24,37.34,50.93,34.73,37.02,35.22,43.15,65.42,44.59,51.38,32.24,41.04,26.28,46.83,23.01,65.71,32.41,50.13,53.99,51.8,35.84,51.02,54.88,41.61,39.42,44.19,39.33,53.48,43.01,40.21,43.03,39.66,39.64,60.59,48.98,66.64,64.26,54.68,28.72,47.75,36.95,51.09,41.92,52.68,27.57,42.06,33.45,49.02,28.48,31.32,47.91,53.98,52.57,30.58,60.04,29.81,35.57,44.95,51.01,43.22,53.82,65.62,39.82,27.52,50.76,51.86,36.48,55.33,47.75,39.34,56.66,52.31,53.58,50.94,55.85,54.81,31.69,46.96,47.31,29.8,42.72,44.33,46.59,57.57,61.77,33.29,38.03,72.16,44.46,45.66,26.7,44.77,44.93,38.2,44.86,55.79,47.59,38.8,52.44,44.88,46.25,49.46,53.69,37.68,35.36,26.79,46.31,41.0,52.59,23.09,47.74,58.57,39.29,45.53,31.64,38.48,46.74,50.34,42.56,41.48,45.5,50.47,46.56,47.09,58.65,38.68,38.23,61.62,45.63,51.14,42.77,43.55,37.87,32.38,28.33,43.61,39.34,39.33,47.73,35.18,50.53,49.2,48.55,35.27,65.56,32.45,20.78,47.39,37.03,37.9,56.81,57.79,56.54,51.35,45.37,36.95,47.07,47.73,33.98,34.11,23.44,45.7,32.78,45.67,39.67,55.61,21.61,55.57,44.5,45.49,58.52,48.08,43.56,50.45,36.83,61.85,52.29,37.38,49.89,47.27,47.19,46.28,64.93,53.52,73.1,59.35,55.2,37.86,35.03,61.07,26.63,30.94,36.16,57.32,36.58,46.43,29.18,35.21,31.09,38.12,27.57,58.69,44.71,28.38,54.15,51.7,37.61,46.15,49.81,48.81,39.27,63.11,49.0,25.75,34.85,54.6,32.16,29.52,54.94,44.47,61.75,36.95,45.03,65.75,41.06,49.95,49.5,44.37,64.94,42.9,37.1,41.85,35.88,45.29,45.43,54.98,55.5,48.71,48.18,39.95,45.03,57.48,24.29,47.57,33.95,39.4,61.9,42.22,55.07,42.69,39.79,27.74,47.98,33.09,39.53,60.55,42.32,30.38,24.93,54.63,51.23,51.26,59.09,57.86,48.88,35.98,42.55,43.01,29.64,55.56,63.17,49.75,20.5,54.69,40.75,49.03,50.52,35.18,42.28,62.49,50.51,58.09,35.39,32.03,47.49,45.35,44.66,44.79,27.2,33.5,49.96,45.42,39.82,41.72,52.47,61.39,38.35,57.42,43.41,,,,,,,1.02
,,,,,,,,,,,,,,,,,,,,,,,,,12.74,15.71,8.86,10.65,15.17,19.83,8.46,14.97,15.58,20.73,17.19,15.48,16.17,11.69,13.27,14.95,8.57,17.07,14.55,10.79,14.19,15.23,11.6,15.63,16.4,13.94,12.84,12.95,13.54,16.78,17.97,13.19,11.77,12.76,14.71,13.71,16.75,13.77,11.84,12.63,17.79,19.57,17.26,19.33,15.2,13.95,11.8,14.83,18.94,9.3,9.26,16.22,16.19,10.01,18.16,20.32,16.01,19.41,15.86,17.1,14.84,16.81,16.6,12.77,16.71,14.56,12.26,13.48,8.84,14.3,19.25,17.67,20.95,10.14,25.25,14.63,17.35,17.65,17.3,16.47,18.68,15.93,9.81,16.51,15.89,16.96,13.29,15.59,15.7,16.1,13.38,14.93,14.5,13.84,16.34,13.6,11.65,12.45,13.36,15.6,16.91,20.69,13.94,13.02,10.26,15.74,11.06,16.27,17.46,13.26,13.73,16.54,11.53,13.77,14.48,13.26,16.76,11.28,11.05,18.91,13.18,19.49,17.45,19.73,15.38,10.68,13.88,14.46,14.78,13.1,11.85,13.3,15.21,17.78,14.94,22.14,8.99,11.93,10.98,22.29,11.41,16.01,22.71,18.64,22.18,12.1,13.08,18.98,13.47,18.63,11.95,18.52,9.99,22.62,9.01,12.82,9.46,18.98,15.36,18.15,17.87,14.78,15.58,15.1,19.12,10.0,11.01,15.3,13.16,11.6,15.74,16.1,15.26,14.55,13.9,18.18,12.38,15.29,16.78,17.48,11.43,19.36,14.07,14.74,14.99,20.42,14.62,13.28,18.77,17.49,17.48,16.66,14.93,14.3,12.04,12.56,17.32,16.27,19.29,10.07,12.38,15.83,11.74,16.67,12.65,13.06,11.25,15.85,23.42,14.89,17.72,11.11,14.88,11.97,15.94,9.38,21.1,11.48,19.74,15.82,14.01,14.69,16.38,18.26,15.56,15.18,14.61,12.74,21.12,15.75,13.8,14.39,12.38,12.89,18.53,16.06,20.75,18.63,12.84,11.13,16.1,16.1,17.25,15.43,18.51,13.1,12.8,15.76,16.2,9.45,9.42,16.51,17.13,15.54,9.51,16.81,12.92,12.95,17.46,16.94,16.74,20.02,21.21,13.92,9.92,16.56,17.63,10.69,19.75,15.42,12.4,19.51,16.83,14.64,19.31,17.24,18.92,11.87,15.71,15.75,13.08,14.18,13.92,16.54,21.69,18.53,11.35,10.94,22.43,16.5,13.52,11.3,13.04,17.11,11.31,14.16,15.88,14.1,13.47,16.02,14.03,13.77,16.17,19.27,11.21,12.17,10.0,14.86,14.79,17.86,10.04,16.1,18.46,11.88,13.95,10.88,10.44,13.34,15.66,17.39,16.23,13.15,15.32,14.59,17.02,17.59,14.28,11.53,21.14,15.4,18.0,11.48,14.3,11.1,12.29,13.1,13.27,13.44,12.16,17.93,12.6,14.81,12.34,16.29,13.29,21.1,13.09,8.18,13.77,12.43,12.3,19.29,18.82,16.74,15.79,17.48,10.64,14.63,14.13,10.05,11.96,8.55,16.94,13.8,16.88,11.98,17.84,11.46,19.46,15.74,15.52,19.98,16.41,15.73,17.92,8.33,20.57,17.82,14.86,17.39,15.19,16.19,13.8,21.32,19.29,21.58,16.6,18.03,12.63,12.45,19.04,8.29,12.08,13.33,16.96,10.25,15.24,7.67,13.18,11.31,12.49,7.59,20.17,15.81,11.81,17.88,16.67,12.14,14.25,15.04,13.89,12.74,20.47,14.99,9.27,12.78,18.19,11.66,10.77,19.3,14.01,20.19,14.8,17.94,22.24,13.05,19.25,16.62,17.92,19.11,12.98,14.44,13.38,13.5,15.66,16.81,19.29,18.44,18.56,16.57,15.13,16.0,18.38,9.14,18.34,12.07,13.87,21.1,12.52,15.33,14.31,12.39,9.29,15.36,11.73,13.98,18.22,13.27,10.83,7.37,17.84,16.98,15.22,18.49,18.21,15.93,12.32,14.64,15.68,10.56,16.3,21.14,16.58,8.43,18.55,14.37,15.71,15.06,12.39,13.23,19.63,15.73,17.61,15.87,10.79,13.97,16.04,14.29,19.28,6.8,11.17,14.53,18.52,13.95,14.92,19.09,17.71,10.16,18.99,15.59,,,,,,,1.08
,,,,,,,,,,,,,,,,,,,,,,,,,6.08,6.58,3.5,2.85,5.89,7.43,4.11,6.48,6.99,8.51,5.85,6.82,6.05,5.79,6.54,6.43,4.47,6.23,5.08,4.79,6.02,6.9,5.93,6.72,5.0,5.73,5.6,5.7,6.14,6.11,6.97,5.41,4.4,5.07,4.9,5.81,5.9,6.55,4.91,5.78,7.56,7.95,6.83,7.42,7.14,5.72,3.81,6.54,6.91,3.83,4.3,6.48,6.64,4.81,6.34,7.88,5.09,7.62,6.52,6.35,6.0,6.66,5.14,4.9,6.93,6.18,5.12,5.55,3.77,5.76,7.59,7.32,8.8,5.03,10.03,6.28,7.48,7.03,5.78,5.94,6.86,5.1,3.45,7.4,6.21,6.06,6.29,6.03,7.55,5.29,5.08,5.67,5.62,6.1,5.81,4.38,5.38,5.54,6.12,6.67,7.96,7.73,5.67,5.38,4.96,6.61,5.91,6.38,7.39,5.36,5.46,6.62,4.98,5.56,6.29,4.11,6.48,4.73,4.59,6.23,5.53,8.47,6.98,8.0,5.93,5.15,4.15,6.76,5.48,4.69,5.2,6.44,5.68,7.0,5.8,9.01,2.69,5.12,4.41,8.16,4.82,6.39,7.94,7.01,7.97,5.2,5.56,8.12,4.89,7.86,4.56,7.51,2.85,7.88,3.16,6.0,3.5,6.86,6.56,7.27,8.38,5.93,5.66,5.46,6.27,4.42,4.03,5.97,6.49,4.04,7.2,5.23,5.91,5.91,6.38,6.83,4.85,6.12,6.97,6.69,5.88,7.44,5.92,5.47,6.6,8.71,5.83,5.47,6.84,6.64,6.35,7.94,5.43,6.2,5.72,5.23,6.19,6.29,6.62,3.83,5.47,5.82,4.96,6.24,4.51,4.91,4.69,6.76,9.01,5.62,7.63,3.98,5.66,5.49,6.23,4.2,7.9,5.46,7.53,5.41,5.02,5.98,5.09,6.95,6.54,5.12,5.98,5.32,6.35,6.83,5.59,6.88,5.29,5.31,7.2,4.87,8.0,7.99,5.9,5.47,5.26,7.2,6.92,6.56,6.96,5.54,5.66,5.41,6.86,4.43,3.87,6.03,5.61,5.63,4.14,6.3,6.28,5.64,7.19,7.48,7.9,7.38,7.27,5.82,5.16,6.12,7.15,5.15,7.51,6.53,4.75,7.87,6.99,5.77,7.49,5.96,7.19,5.18,5.88,5.05,5.49,5.43,5.4,6.19,8.31,6.5,5.96,3.95,8.48,5.94,3.96,3.9,5.24,6.77,4.72,6.45,6.68,6.99,6.22,7.14,7.39,5.73,5.72,7.03,4.44,5.53,5.28,5.43,6.02,6.78,4.28,5.86,7.05,5.36,5.81,4.88,3.37,6.02,6.1,6.85,6.41,3.87,5.3,5.19,6.59,5.72,5.53,5.59,7.89,5.26,5.71,4.33,5.76,5.34,5.17,5.4,5.95,6.07,4.87,6.66,4.85,5.7,4.58,5.87,6.05,7.33,5.5,3.28,5.31,5.81,4.7,7.26,8.15,5.76,6.57,7.38,4.08,6.49,5.64,3.43,5.3,4.7,7.11,6.41,5.91,5.04,6.56,3.86,8.2,6.17,6.37,7.8,6.32,5.77,5.9,3.7,7.76,6.6,6.9,6.64,6.48,7.25,6.4,7.62,7.07,7.65,6.2,7.71,5.63,5.65,6.52,5.0,6.04,5.59,6.95,5.44,6.18,2.73,6.17,3.39,5.12,4.04,8.96,6.99,4.51,7.56,6.59,4.46,5.82,6.18,6.1,4.55,8.14,6.54,4.17,5.76,7.47,4.92,3.57,8.36,6.03,7.49,5.46,6.92,7.75,4.71,7.34,6.31,7.17,6.14,4.67,6.04,6.83,4.49,5.93,6.98,7.69,7.47,7.0,7.16,6.32,7.11,6.6,3.58,7.33,5.15,4.59,7.03,4.25,6.22,5.79,5.05,3.31,6.81,5.6,5.48,6.71,5.12,3.91,3.68,5.95,6.98,5.98,7.58,7.33,5.25,3.72,6.02,6.0,3.49,6.02,7.25,6.15,2.76,6.71,5.89,6.45,5.23,6.94,5.45,7.45,5.85,5.83,6.67,4.8,6.56,6.94,5.72,7.05,5.03,4.9,4.76,7.49,4.93,6.04,6.47,5.89,5.08,7.43,6.39,,,,,,,1.18
,,,,,,,,,,,,,,,,,,,,,,,,,0.0,0.0,0.0,0.0,0.0,0.0,0.0,0.0,0.0,0.0,0.0,0.0,0.0,0.0,0.0,0.0,0.0,0.0,0.0,0.0,0.0,0.0,0.0,0.0,0.0,0.0,0.0,0.0,0.0,0.0,0.0,0.0,0.0,0.0,0.0,0.0,0.0,0.0,0.0,0.0,0.0,0.0,0.0,0.0,0.0,0.0,0.0,0.0,0.0,0.0,0.0,0.0,0.0,0.0,0.0,0.0,0.0,0.0,0.0,0.0,0.0,0.0,0.0,0.0,0.0,0.0,0.0,0.0,0.0,0.0,0.0,0.0,0.0,0.0,0.0,0.0,0.0,0.0,0.0,0.0,0.0,0.0,0.0,0.0,0.0,0.0,0.0,0.0,0.0,0.0,0.0,0.0,0.0,0.0,0.0,0.0,0.0,0.0,0.0,0.0,0.0,0.0,0.0,0.0,0.0,0.0,0.0,0.0,0.0,0.0,0.0,0.0,0.0,0.0,0.0,0.0,0.0,0.0,0.0,0.0,0.0,0.0,0.0,0.0,0.0,0.0,0.0,0.0,0.0,0.0,0.0,0.0,0.0,0.0,0.0,0.0,0.0,0.0,0.0,0.0,0.0,0.0,0.0,0.0,0.0,0.0,0.0,0.0,0.0,0.0,0.0,0.0,0.0,0.0,0.0,0.0,0.0,0.0,0.0,0.0,0.0,0.0,0.0,0.0,0.0,0.0,0.0,0.0,0.0,0.0,0.0,0.0,0.0,0.0,0.0,0.0,0.0,0.0,0.0,0.0,0.0,0.0,0.0,0.0,0.0,0.0,0.0,0.0,0.0,0.0,0.0,0.0,0.0,0.0,0.0,0.0,0.0,0.0,0.0,0.0,0.0,0.0,0.0,0.0,0.0,0.0,0.0,0.0,0.0,0.0,0.0,0.0,0.0,0.0,0.0,0.0,0.0,0.0,0.0,0.0,0.0,0.0,0.0,0.0,0.0,0.0,0.0,0.0,0.0,0.0,0.0,0.0,0.0,0.0,0.0,0.0,0.0,0.0,0.0,0.0,0.0,0.0,0.0,0.0,0.0,0.0,0.0,0.0,0.0,0.0,0.0,0.0,0.0,0.0,0.0,0.0,0.0,0.0,0.0,0.0,0.0,0.0,0.0,0.0,0.0,0.0,0.0,0.0,0.0,0.0,0.0,0.0,0.0,0.0,0.0,0.0,0.0,0.0,0.0,0.0,0.0,0.0,0.0,0.0,0.0,0.0,0.0,0.0,0.0,0.0,0.0,0.0,0.0,0.0,0.0,0.0,0.0,0.0,0.0,0.0,0.0,0.0,0.0,0.0,0.0,0.0,0.0,0.0,0.0,0.0,0.0,0.0,0.0,0.0,0.0,0.0,0.0,0.0,0.0,0.0,0.0,0.0,0.0,0.0,0.0,0.0,0.0,0.0,0.0,0.0,0.0,0.0,0.0,0.0,0.0,0.0,0.0,0.0,0.0,0.0,0.0,0.0,0.0,0.0,0.0,0.0,0.0,0.0,0.0,0.0,0.0,0.0,0.0,0.0,0.0,0.0,0.0,0.0,0.0,0.0,0.0,0.0,0.0,0.0,0.0,0.0,0.0,0.0,0.0,0.0,0.0,0.0,0.0,0.0,0.0,0.0,0.0,0.0,0.0,0.0,0.0,0.0,0.0,0.0,0.0,0.0,0.0,0.0,0.0,0.0,0.0,0.0,0.0,0.0,0.0,0.0,0.0,0.0,0.0,0.0,0.0,0.0,0.0,0.0,0.0,0.0,0.0,0.0,0.0,0.0,0.0,0.0,0.0,0.0,0.0,0.0,0.0,0.0,0.0,0.0,0.0,0.0,0.0,0.0,0.0,0.0,0.0,0.0,0.0,0.0,0.0,0.0,0.0,0.0,0.0,0.0,0.0,0.0,0.0,0.0,0.0,0.0,0.0,0.0,0.0,0.0,0.0,0.0,0.0,0.0,0.0,0.0,0.0,0.0,0.0,0.0,0.0,0.0,0.0,0.0,0.0,0.0,0.0,0.0,0.0,0.0,0.0,0.0,0.0,0.0,0.0,0.0,0.0,0.0,0.0,0.0,0.0,0.0,0.0,0.0,0.0,0.0,0.0,0.0,0.0,0.0,0.0,0.0,0.0,0.0,0.0,0.0,0.0,0.0,0.0,0.0,0.0,0.0,0.0,0.0,,,,,,,1.28
,,,,,,,,,,,,,,,,,,,,,,,,,0.0,0.0,0.0,0.0,0.0,0.0,0.0,0.0,0.0,0.0,0.0,0.0,0.0,0.0,0.0,0.0,0.0,0.0,0.0,0.0,0.0,0.0,0.0,0.0,0.0,0.0,0.0,0.0,0.0,0.0,0.0,0.0,0.0,0.0,0.0,0.0,0.0,0.0,0.0,0.0,0.0,0.0,0.0,0.0,0.0,0.0,0.0,0.0,0.0,0.0,0.0,0.0,0.0,0.0,0.0,0.0,0.0,0.0,0.0,0.0,0.0,0.0,0.0,0.0,0.0,0.0,0.0,0.0,0.0,0.0,0.0,0.0,0.0,0.0,0.0,0.0,0.0,0.0,0.0,0.0,0.0,0.0,0.0,0.0,0.0,0.0,0.0,0.0,0.0,0.0,0.0,0.0,0.0,0.0,0.0,0.0,0.0,0.0,0.0,0.0,0.0,0.0,0.0,0.0,0.0,0.0,0.0,0.0,0.0,0.0,0.0,0.0,0.0,0.0,0.0,0.0,0.0,0.0,0.0,0.0,0.0,0.0,0.0,0.0,0.0,0.0,0.0,0.0,0.0,0.0,0.0,0.0,0.0,0.0,0.0,0.0,0.0,0.0,0.0,0.0,0.0,0.0,0.0,0.0,0.0,0.0,0.0,0.0,0.0,0.0,0.0,0.0,0.0,0.0,0.0,0.0,0.0,0.0,0.0,0.0,0.0,0.0,0.0,0.0,0.0,0.0,0.0,0.0,0.0,0.0,0.0,0.0,0.0,0.0,0.0,0.0,0.0,0.0,0.0,0.0,0.0,0.0,0.0,0.0,0.0,0.0,0.0,0.0,0.0,0.0,0.0,0.0,0.0,0.0,0.0,0.0,0.0,0.0,0.0,0.0,0.0,0.0,0.0,0.0,0.0,0.0,0.0,0.0,0.0,0.0,0.0,0.0,0.0,0.0,0.0,0.0,0.0,0.0,0.0,0.0,0.0,0.0,0.0,0.0,0.0,0.0,0.0,0.0,0.0,0.0,0.0,0.0,0.0,0.0,0.0,0.0,0.0,0.0,0.0,0.0,0.0,0.0,0.0,0.0,0.0,0.0,0.0,0.0,0.0,0.0,0.0,0.0,0.0,0.0,0.0,0.0,0.0,0.0,0.0,0.0,0.0,0.0,0.0,0.0,0.0,0.0,0.0,0.0,0.0,0.0,0.0,0.0,0.0,0.0,0.0,0.0,0.0,0.0,0.0,0.0,0.0,0.0,0.0,0.0,0.0,0.0,0.0,0.0,0.0,0.0,0.0,0.0,0.0,0.0,0.0,0.0,0.0,0.0,0.0,0.0,0.0,0.0,0.0,0.0,0.0,0.0,0.0,0.0,0.0,0.0,0.0,0.0,0.0,0.0,0.0,0.0,0.0,0.0,0.0,0.0,0.0,0.0,0.0,0.0,0.0,0.0,0.0,0.0,0.0,0.0,0.0,0.0,0.0,0.0,0.0,0.0,0.0,0.0,0.0,0.0,0.0,0.0,0.0,0.0,0.0,0.0,0.0,0.0,0.0,0.0,0.0,0.0,0.0,0.0,0.0,0.0,0.0,0.0,0.0,0.0,0.0,0.0,0.0,0.0,0.0,0.0,0.0,0.0,0.0,0.0,0.0,0.0,0.0,0.0,0.0,0.0,0.0,0.0,0.0,0.0,0.0,0.0,0.0,0.0,0.0,0.0,0.0,0.0,0.0,0.0,0.0,0.0,0.0,0.0,0.0,0.0,0.0,0.0,0.0,0.0,0.0,0.0,0.0,0.0,0.0,0.0,0.0,0.0,0.0,0.0,0.0,0.0,0.0,0.0,0.0,0.0,0.0,0.0,0.0,0.0,0.0,0.0,0.0,0.0,0.0,0.0,0.0,0.0,0.0,0.0,0.0,0.0,0.0,0.0,0.0,0.0,0.0,0.0,0.0,0.0,0.0,0.0,0.0,0.0,0.0,0.0,0.0,0.0,0.0,0.0,0.0,0.0,0.0,0.0,0.0,0.0,0.0,0.0,0.0,0.0,0.0,0.0,0.0,0.0,0.0,0.0,0.0,0.0,0.0,0.0,0.0,0.0,0.0,0.0,0.0,0.0,0.0,0.0,0.0,0.0,0.0,0.0,0.0,0.0,0.0,0.0,0.0,0.0,0.0,0.0,0.0,0.0,0.0,0.0,0.0,0.0,0.0,0.0,0.0,0.0,,,,,,,1.26
,,,,,,,,,,,,,,,,,,,,,,,,,0.0,0.0,0.0,0.0,0.0,0.0,0.0,0.0,0.0,0.0,0.0,0.0,0.0,0.0,0.0,0.0,0.0,0.0,0.0,0.0,0.0,0.0,0.0,0.0,0.0,0.0,0.0,0.0,0.0,0.0,0.0,0.0,0.0,0.0,0.0,0.0,0.0,0.0,0.0,0.0,0.0,0.0,0.0,0.0,0.0,0.0,0.0,0.0,0.0,0.0,0.0,0.0,0.0,0.0,0.0,0.0,0.0,0.0,0.0,0.0,0.0,0.0,0.0,0.0,0.0,0.0,0.0,0.0,0.0,0.0,0.0,0.0,0.0,0.0,0.0,0.0,0.0,0.0,0.0,0.0,0.0,0.0,0.0,0.0,0.0,0.0,0.0,0.0,0.0,0.0,0.0,0.0,0.0,0.0,0.0,0.0,0.0,0.0,0.0,0.0,0.0,0.0,0.0,0.0,0.0,0.0,0.0,0.0,0.0,0.0,0.0,0.0,0.0,0.0,0.0,0.0,0.0,0.0,0.0,0.0,0.0,0.0,0.0,0.0,0.0,0.0,0.0,0.0,0.0,0.0,0.0,0.0,0.0,0.0,0.0,0.0,0.0,0.0,0.0,0.0,0.0,0.0,0.0,0.0,0.0,0.0,0.0,0.0,0.0,0.0,0.0,0.0,0.0,0.0,0.0,0.0,0.0,0.0,0.0,0.0,0.0,0.0,0.0,0.0,0.0,0.0,0.0,0.0,0.0,0.0,0.0,0.0,0.0,0.0,0.0,0.0,0.0,0.0,0.0,0.0,0.0,0.0,0.0,0.0,0.0,0.0,0.0,0.0,0.0,0.0,0.0,0.0,0.0,0.0,0.0,0.0,0.0,0.0,0.0,0.0,0.0,0.0,0.0,0.0,0.0,0.0,0.0,0.0,0.0,0.0,0.0,0.0,0.0,0.0,0.0,0.0,0.0,0.0,0.0,0.0,0.0,0.0,0.0,0.0,0.0,0.0,0.0,0.0,0.0,0.0,0.0,0.0,0.0,0.0,0.0,0.0,0.0,0.0,0.0,0.0,0.0,0.0,0.0,0.0,0.0,0.0,0.0,0.0,0.0,0.0,0.0,0.0,0.0,0.0,0.0,0.0,0.0,0.0,0.0,0.0,0.0,0.0,0.0,0.0,0.0,0.0,0.0,0.0,0.0,0.0,0.0,0.0,0.0,0.0,0.0,0.0,0.0,0.0,0.0,0.0,0.0,0.0,0.0,0.0,0.0,0.0,0.0,0.0,0.0,0.0,0.0,0.0,0.0,0.0,0.0,0.0,0.0,0.0,0.0,0.0,0.0,0.0,0.0,0.0,0.0,0.0,0.0,0.0,0.0,0.0,0.0,0.0,0.0,0.0,0.0,0.0,0.0,0.0,0.0,0.0,0.0,0.0,0.0,0.0,0.0,0.0,0.0,0.0,0.0,0.0,0.0,0.0,0.0,0.0,0.0,0.0,0.0,0.0,0.0,0.0,0.0,0.0,0.0,0.0,0.0,0.0,0.0,0.0,0.0,0.0,0.0,0.0,0.0,0.0,0.0,0.0,0.0,0.0,0.0,0.0,0.0,0.0,0.0,0.0,0.0,0.0,0.0,0.0,0.0,0.0,0.0,0.0,0.0,0.0,0.0,0.0,0.0,0.0,0.0,0.0,0.0,0.0,0.0,0.0,0.0,0.0,0.0,0.0,0.0,0.0,0.0,0.0,0.0,0.0,0.0,0.0,0.0,0.0,0.0,0.0,0.0,0.0,0.0,0.0,0.0,0.0,0.0,0.0,0.0,0.0,0.0,0.0,0.0,0.0,0.0,0.0,0.0,0.0,0.0,0.0,0.0,0.0,0.0,0.0,0.0,0.0,0.0,0.0,0.0,0.0,0.0,0.0,0.0,0.0,0.0,0.0,0.0,0.0,0.0,0.0,0.0,0.0,0.0,0.0,0.0,0.0,0.0,0.0,0.0,0.0,0.0,0.0,0.0,0.0,0.0,0.0,0.0,0.0,0.0,0.0,0.0,0.0,0.0,0.0,0.0,0.0,0.0,0.0,0.0,0.0,0.0,0.0,0.0,0.0,0.0,0.0,0.0,0.0,0.0,0.0,0.0,0.0,0.0,0.0,0.0,0.0,0.0,0.0,0.0,0.0,0.0,0.0,0.0,0.0,0.0,0.0,0.0,0.0,0.0,0.0,,,,,,,1.1
,,,,,,,,,,,,,,,,,,,,,,,,,0.0,0.0,0.0,0.0,0.0,0.0,0.0,0.0,0.0,0.0,0.0,0.0,0.0,0.0,0.0,0.0,0.0,0.0,0.0,0.0,0.0,0.0,0.0,0.0,0.0,0.0,0.0,0.0,0.0,0.0,0.0,0.0,0.0,0.0,0.0,0.0,0.0,0.0,0.0,0.0,0.0,0.0,0.0,0.0,0.0,0.0,0.0,0.0,0.0,0.0,0.0,0.0,0.0,0.0,0.0,0.0,0.0,0.0,0.0,0.0,0.0,0.0,0.0,0.0,0.0,0.0,0.0,0.0,0.0,0.0,0.0,0.0,0.0,0.0,0.0,0.0,0.0,0.0,0.0,0.0,0.0,0.0,0.0,0.0,0.0,0.0,0.0,0.0,0.0,0.0,0.0,0.0,0.0,0.0,0.0,0.0,0.0,0.0,0.0,0.0,0.0,0.0,0.0,0.0,0.0,0.0,0.0,0.0,0.0,0.0,0.0,0.0,0.0,0.0,0.0,0.0,0.0,0.0,0.0,0.0,0.0,0.0,0.0,0.0,0.0,0.0,0.0,0.0,0.0,0.0,0.0,0.0,0.0,0.0,0.0,0.0,0.0,0.0,0.0,0.0,0.0,0.0,0.0,0.0,0.0,0.0,0.0,0.0,0.0,0.0,0.0,0.0,0.0,0.0,0.0,0.0,0.0,0.0,0.0,0.0,0.0,0.0,0.0,0.0,0.0,0.0,0.0,0.0,0.0,0.0,0.0,0.0,0.0,0.0,0.0,0.0,0.0,0.0,0.0,0.0,0.0,0.0,0.0,0.0,0.0,0.0,0.0,0.0,0.0,0.0,0.0,0.0,0.0,0.0,0.0,0.0,0.0,0.0,0.0,0.0,0.0,0.0,0.0,0.0,0.0,0.0,0.0,0.0,0.0,0.0,0.0,0.0,0.0,0.0,0.0,0.0,0.0,0.0,0.0,0.0,0.0,0.0,0.0,0.0,0.0,0.0,0.0,0.0,0.0,0.0,0.0,0.0,0.0,0.0,0.0,0.0,0.0,0.0,0.0,0.0,0.0,0.0,0.0,0.0,0.0,0.0,0.0,0.0,0.0,0.0,0.0,0.0,0.0,0.0,0.0,0.0,0.0,0.0,0.0,0.0,0.0,0.0,0.0,0.0,0.0,0.0,0.0,0.0,0.0,0.0,0.0,0.0,0.0,0.0,0.0,0.0,0.0,0.0,0.0,0.0,0.0,0.0,0.0,0.0,0.0,0.0,0.0,0.0,0.0,0.0,0.0,0.0,0.0,0.0,0.0,0.0,0.0,0.0,0.0,0.0,0.0,0.0,0.0,0.0,0.0,0.0,0.0,0.0,0.0,0.0,0.0,0.0,0.0,0.0,0.0,0.0,0.0,0.0,0.0,0.0,0.0,0.0,0.0,0.0,0.0,0.0,0.0,0.0,0.0,0.0,0.0,0.0,0.0,0.0,0.0,0.0,0.0,0.0,0.0,0.0,0.0,0.0,0.0,0.0,0.0,0.0,0.0,0.0,0.0,0.0,0.0,0.0,0.0,0.0,0.0,0.0,0.0,0.0,0.0,0.0,0.0,0.0,0.0,0.0,0.0,0.0,0.0,0.0,0.0,0.0,0.0,0.0,0.0,0.0,0.0,0.0,0.0,0.0,0.0,0.0,0.0,0.0,0.0,0.0,0.0,0.0,0.0,0.0,0.0,0.0,0.0,0.0,0.0,0.0,0.0,0.0,0.0,0.0,0.0,0.0,0.0,0.0,0.0,0.0,0.0,0.0,0.0,0.0,0.0,0.0,0.0,0.0,0.0,0.0,0.0,0.0,0.0,0.0,0.0,0.0,0.0,0.0,0.0,0.0,0.0,0.0,0.0,0.0,0.0,0.0,0.0,0.0,0.0,0.0,0.0,0.0,0.0,0.0,0.0,0.0,0.0,0.0,0.0,0.0,0.0,0.0,0.0,0.0,0.0,0.0,0.0,0.0,0.0,0.0,0.0,0.0,0.0,0.0,0.0,0.0,0.0,0.0,0.0,0.0,0.0,0.0,0.0,0.0,0.0,0.0,0.0,0.0,0.0,0.0,0.0,0.0,0.0,0.0,0.0,0.0,0.0,0.0,0.0,0.0,0.0,0.0,0.0,0.0,0.0,0.0,0.0,0.0,0.0,0.0,0.0,0.0,0.0,0.0,0.0,0.0,,,,,,,0.9
,,,,,,,,,,,,,,,,,,,,,,,,,2.34,2.48,0.0,1.59,5.41,5.22,6.17,1.4,2.4,5.44,4.3,3.7,0.32,1.11,3.22,0.0,2.79,1.49,1.87,1.53,2.53,2.64,4.07,8.33,4.35,2.8,4.18,3.25,0.0,2.18,5.41,3.13,4.35,0.82,4.46,4.18,0.0,0.84,5.68,6.36,4.64,4.34,6.22,2.7,1.36,2.73,0.11,4.11,5.67,5.79,4.57,0.0,4.06,0.0,1.63,1.72,0.96,0.98,1.06,0.84,1.16,2.74,2.07,1.94,7.11,1.69,5.36,0.12,4.27,2.63,2.72,0.18,7.11,0.0,5.6,6.39,2.62,0.69,5.95,9.68,3.73,3.36,4.47,3.69,3.95,4.67,0.0,3.59,4.04,3.75,1.43,5.06,0.0,4.67,1.44,4.17,6.55,0.0,2.57,0.17,4.19,3.98,5.02,3.24,7.16,5.33,2.29,5.78,5.25,3.77,0.0,4.82,4.73,7.15,4.97,0.14,2.54,6.69,3.04,1.92,3.19,1.26,4.0,3.78,1.54,0.89,4.42,1.68,1.8,0.0,1.92,0.87,4.63,3.15,1.27,0.0,0.2,0.82,4.2,1.73,1.83,0.0,2.23,3.7,7.49,6.82,3.88,2.83,6.2,7.1,11.31,1.87,2.37,2.24,2.99,2.47,4.09,2.01,0.0,4.32,5.38,3.32,2.88,0.67,2.44,2.67,3.53,0.93,0.0,5.62,4.85,2.1,0.0,6.89,1.75,0.01,0.53,3.45,4.38,0.0,4.99,5.07,8.23,3.48,5.04,4.16,2.8,1.58,3.54,0.0,3.53,6.13,6.28,1.91,0.99,1.94,1.93,0.0,0.0,6.24,7.1,7.77,4.2,5.05,4.28,2.84,4.23,5.61,4.29,3.08,4.87,0.0,2.31,5.3,4.1,0.7,3.33,0.69,4.3,0.06,2.67,2.39,2.12,0.0,3.41,0.86,0.23,1.41,0.0,4.74,2.14,4.77,1.41,0.0,3.91,2.26,6.57,4.54,0.0,0.0,2.79,0.86,3.75,0.85,4.42,2.97,1.05,7.27,6.12,2.24,3.06,6.26,1.99,9.15,8.3,5.72,5.65,7.62,1.11,1.44,1.03,0.0,3.52,1.35,2.39,2.57,3.99,5.76,0.0,0.6,6.57,3.28,1.3,0.38,3.09,2.2,2.87,1.18,3.07,3.28,2.37,5.41,0.25,4.37,5.88,0.0,3.02,5.28,1.88,7.14,4.98,1.88,4.49,0.0,0.0,3.15,3.22,0.55,4.35,2.32,2.95,2.94,5.49,0.0,2.66,4.4,1.77,3.17,5.78,2.8,4.93,0.71,3.6,4.53,6.12,4.24,2.32,6.38,0.04,0.0,8.08,4.84,7.7,2.89,6.09,3.12,2.98,4.27,5.64,7.73,5.57,1.09,1.41,3.7,2.73,3.9,4.22,1.84,6.67,0.0,0.0,4.75,0.0,4.16,6.29,6.98,7.62,2.96,1.22,5.19,6.46,6.0,6.36,4.85,3.2,0.07,0.0,4.87,1.31,2.07,7.79,4.92,1.03,2.5,0.0,0.0,4.29,3.8,0.0,2.23,1.72,1.97,0.03,2.94,5.95,3.03,0.0,1.01,2.26,0.0,2.53,0.0,10.0,3.21,4.27,1.5,0.0,0.25,5.19,4.24,4.23,2.13,1.2,2.43,1.85,3.23,2.57,1.02,3.65,2.29,2.94,0.0,5.22,8.07,1.39,2.61,1.58,0.0,0.0,7.33,3.24,3.55,5.96,4.94,4.58,3.22,0.37,1.32,0.87,0.28,3.01,5.19,0.0,1.22,3.32,1.21,6.29,7.0,3.16,4.8,5.04,1.89,0.0,0.0,3.17,5.98,0.0,2.18,5.59,5.0,0.0,3.34,0.97,4.89,6.3,2.78,3.15,5.21,3.41,0.44,6.75,3.65,0.2,1.87,5.24,2.46,5.15,1.25,3.91,1.35,1.26,5.19,3.53,5.46,1.65,1.07,0.0,0.17,0.41,3.98,3.22,2.14,3.31,2.37,3.7,1.37,0.0,5.36,0.47,0.07,4.43,4.2,3.84,2.75,6.26,1.81,5.13,1.62,3.64,5.43,7.99,4.61,5.89,3.77,2.74,4.54,1.38,0.61,0.76,2.79,,,,,,,0.96
,,,,,,,,,,,,,,,,,,,,,,,,,8.61,10.92,0.0,7.14,20.31,20.79,22.79,10.27,9.69,21.27,15.94,13.95,4.12,5.9,13.06,0.0,11.1,7.13,8.01,7.46,12.14,11.05,15.91,27.87,17.08,9.88,15.34,11.35,0.0,10.07,20.13,13.41,17.47,4.09,16.42,17.67,2.79,4.54,20.44,20.66,18.03,16.79,22.67,10.99,5.75,9.85,5.62,15.52,20.3,21.39,16.62,2.04,14.66,0.0,5.89,6.42,6.9,5.23,7.1,5.02,5.04,11.04,9.18,8.0,26.3,4.22,19.05,3.44,14.0,9.87,11.27,2.19,24.67,0.99,19.28,25.5,9.51,7.18,20.32,34.19,14.39,13.51,15.38,12.83,16.63,17.55,0.0,15.37,15.11,15.83,6.61,19.41,0.0,16.28,7.67,14.41,24.38,1.19,10.36,2.32,13.12,16.62,18.08,13.7,25.41,20.2,10.18,23.28,19.78,14.23,0.0,16.98,17.1,27.07,20.53,5.17,11.37,23.22,10.95,5.52,13.99,6.64,14.56,14.13,5.96,5.23,16.27,8.44,7.49,2.47,8.3,3.08,17.38,13.76,6.3,0.09,2.78,4.84,16.67,7.37,11.54,0.08,11.24,14.11,26.46,24.22,14.46,12.33,22.11,25.34,40.22,6.34,11.46,11.58,13.19,10.77,16.67,8.67,0.0,18.22,19.9,15.15,9.51,5.52,9.2,12.46,14.03,3.61,0.96,20.64,17.83,10.06,0.0,23.32,9.55,0.51,1.98,13.8,15.06,4.01,17.32,19.27,27.44,12.65,19.13,16.31,11.44,8.64,13.47,3.41,13.05,22.86,23.11,8.33,5.76,7.81,8.52,0.97,0.0,22.19,25.05,26.68,14.99,19.73,17.49,12.91,15.47,21.03,13.1,11.41,16.4,0.0,9.25,20.2,13.22,4.19,13.05,4.19,14.73,0.9,13.73,9.23,8.96,0.0,13.2,3.23,6.11,7.79,0.0,19.17,9.33,17.02,6.45,0.65,12.78,9.48,24.64,15.25,0.0,0.0,8.83,5.76,15.64,4.28,15.06,11.66,5.89,25.6,20.88,10.1,11.37,21.47,8.66,31.86,30.37,21.43,21.97,27.98,6.82,8.27,8.81,0.0,16.1,5.7,9.99,9.57,16.86,19.82,0.0,6.53,25.32,13.08,5.88,2.1,12.8,12.99,10.84,5.62,11.89,12.76,9.57,19.07,4.41,17.72,20.98,0.54,13.52,18.84,7.87,22.41,19.48,9.03,15.44,0.0,3.01,11.48,10.98,4.32,18.15,9.43,12.76,11.71,21.73,0.0,10.75,16.5,9.34,14.08,19.74,12.65,18.18,4.57,13.67,15.57,20.31,14.35,9.52,24.3,3.6,0.0,27.54,19.26,27.03,10.82,23.56,12.56,13.94,16.77,19.69,28.62,20.99,7.29,5.78,14.27,10.6,16.19,16.12,7.86,23.53,0.0,0.0,18.29,2.21,15.07,21.18,23.78,26.8,12.41,6.04,20.36,24.05,21.05,23.42,17.92,13.27,3.75,0.0,20.95,5.74,8.45,27.47,18.47,5.9,10.08,0.0,0.0,15.9,15.02,0.0,9.09,9.2,9.91,2.0,13.04,22.79,13.39,0.89,5.4,9.43,1.15,11.3,0.0,33.27,12.38,16.15,4.43,0.46,3.09,18.91,17.21,16.84,8.03,4.6,11.22,6.75,12.83,11.0,4.64,12.43,9.5,10.63,2.3,18.3,28.58,8.63,9.01,6.96,0.0,2.02,26.44,12.15,14.45,21.13,17.36,14.76,13.63,4.44,5.66,7.61,4.19,12.47,21.72,1.14,5.14,10.13,5.88,22.17,22.75,11.06,19.27,17.21,8.31,0.0,1.16,12.66,24.53,0.5,9.43,19.54,18.96,0.0,15.06,5.15,18.91,22.65,12.45,12.06,17.1,15.23,4.91,26.07,13.41,4.11,7.56,21.2,11.15,21.92,5.88,14.09,5.73,6.15,18.51,13.75,20.99,7.78,4.85,1.89,4.35,4.05,15.22,11.47,7.26,12.76,8.92,16.02,6.86,0.0,17.42,4.73,3.29,14.89,16.4,14.69,13.0,21.31,9.94,21.22,8.17,10.94,18.38,27.18,17.81,19.23,14.4,11.27,16.16,4.51,6.27,4.86,9.42,,,,,,,1.22
,,,,,,,,,,,,,,,,,,,,,,,,,24.0,31.37,2.03,15.84,46.22,50.13,49.43,27.46,24.32,51.56,41.91,38.21,16.79,19.1,32.65,3.0,27.23,22.95,23.94,25.79,26.98,28.26,38.82,60.35,35.09,26.11,36.94,27.52,1.64,17.9,44.62,35.82,39.83,15.48,35.24,41.88,13.22,15.08,43.66,45.46,40.48,40.03,49.72,25.45,18.59,27.23,23.31,36.84,40.13,47.5,39.95,4.25,34.51,0.0,10.42,16.89,25.0,20.31,20.72,14.5,12.65,25.16,25.31,24.76,54.12,10.24,46.5,12.87,33.45,23.84,30.95,5.9,63.26,10.75,46.92,58.96,22.47,21.23,43.78,72.66,30.61,33.13,36.29,26.88,39.84,37.84,2.7,38.76,31.08,37.65,15.71,51.57,0.0,45.38,23.19,29.1,63.14,4.46,27.88,12.79,28.35,33.37,40.62,35.47,58.44,46.51,24.55,53.6,42.23,34.23,0.13,42.87,42.42,64.96,46.48,19.64,27.18,57.97,25.33,12.36,33.81,23.84,29.59,29.55,21.2,13.78,42.15,20.96,15.36,8.25,19.47,15.29,41.53,34.91,19.57,3.13,9.84,14.76,43.16,19.18,28.76,1.83,30.61,38.5,57.54,55.6,39.87,31.8,47.71,56.63,86.33,14.37,27.15,29.08,29.51,29.32,43.37,25.61,0.0,46.12,51.58,32.44,17.18,15.8,21.11,26.35,35.78,11.78,9.87,46.15,44.46,29.26,0.0,56.47,25.41,6.6,8.04,35.33,35.5,19.58,40.89,49.59,59.2,29.61,45.22,35.36,27.45,24.18,32.11,13.13,35.51,53.16,49.06,24.33,14.85,17.26,25.05,11.45,0.41,47.54,60.99,58.48,35.29,48.56,44.41,34.11,37.66,52.6,29.55,35.33,36.17,0.0,24.32,47.83,32.64,13.76,29.04,11.72,35.83,9.91,35.8,20.54,24.31,2.98,29.34,10.42,23.58,24.49,0.0,42.47,25.09,38.7,17.93,4.23,33.19,21.84,56.08,41.97,2.8,2.07,23.56,15.87,40.59,13.23,37.76,30.17,19.19,57.79,44.26,23.63,27.74,48.75,21.48,70.07,60.85,50.07,53.08,59.55,20.62,24.57,26.26,4.04,35.69,12.91,26.31,26.06,40.61,44.63,0.87,24.82,57.76,34.75,15.55,5.5,34.21,37.89,25.13,11.91,26.66,27.22,25.46,36.99,19.31,40.19,44.58,4.16,35.84,43.07,23.49,48.86,47.45,24.99,36.63,6.79,20.23,29.77,23.89,10.69,45.27,20.36,27.93,27.18,49.17,3.73,31.2,35.17,23.63,31.59,50.5,31.42,45.24,10.78,34.7,38.11,45.63,31.13,28.13,53.93,13.2,0.59,57.65,48.45,58.79,23.91,53.78,31.28,36.92,35.46,45.49,65.58,47.91,21.25,13.95,37.4,34.42,39.37,37.91,25.61,51.54,3.34,0.0,44.31,10.26,36.04,48.55,51.25,61.37,33.32,14.42,51.22,59.55,48.0,54.02,41.81,36.54,12.03,4.57,50.09,13.91,22.99,62.34,40.94,13.81,28.2,8.84,2.86,40.25,33.76,0.0,24.42,26.6,20.55,6.89,40.12,49.02,34.14,10.6,18.72,24.94,6.78,27.51,0.0,72.98,31.6,31.34,11.54,11.55,15.44,44.69,40.92,36.06,20.18,18.74,29.36,19.16,32.01,26.29,15.71,32.1,27.85,27.04,10.59,46.08,62.52,26.12,22.06,16.61,0.0,12.52,54.57,28.86,36.7,44.99,42.72,39.5,32.87,14.12,20.11,22.03,18.08,34.97,49.84,8.66,12.09,25.58,20.59,48.46,51.67,27.2,46.79,33.87,22.59,2.37,13.83,33.52,62.03,4.02,29.65,42.69,46.58,0.0,44.78,18.61,45.96,49.92,28.38,22.64,41.0,37.17,12.88,56.45,28.56,12.76,24.96,52.41,18.86,48.42,18.75,36.55,17.42,15.56,38.29,33.74,46.66,25.15,19.83,9.3,13.43,10.29,36.37,30.69,15.25,33.21,27.85,41.56,22.96,3.42,43.59,11.94,14.85,36.59,41.94,32.72,26.68,45.74,27.44,46.35,20.27,26.51,42.53,57.92,43.18,45.76,36.37,30.58,41.14,13.46,20.06,19.48,20.57,,,,,,,1.26
,,,,,,,,,,,,,,,,,,,,,,,,,34.56,59.82,15.14,26.51,86.55,82.92,87.25,53.46,43.12,83.68,70.5,70.84,38.61,40.0,51.61,11.18,38.57,32.76,53.56,49.51,55.06,42.59,68.28,98.76,67.84,60.62,64.28,43.68,16.83,32.18,76.96,75.78,73.47,39.19,57.95,72.05,31.91,33.24,73.0,84.0,62.7,57.8,89.46,50.4,38.8,55.23,49.66,69.65,60.01,79.86,78.24,13.51,67.43,11.41,33.8,28.07,49.15,38.9,40.65,38.38,29.47,40.68,46.64,51.73,83.8,23.8,77.11,17.48,56.21,43.93,64.49,17.8,103.95,20.73,77.93,95.0,48.56,48.32,74.67,114.78,43.76,54.99,56.65,44.37,78.27,65.54,12.15,61.73,50.55,64.53,37.43,90.64,0.0,76.36,45.6,45.17,95.42,19.36,55.08,24.28,58.1,45.33,62.52,63.64,98.11,77.19,50.43,83.08,66.17,67.54,7.59,74.31,77.01,115.98,79.59,47.49,50.58,96.01,49.04,30.42,59.77,38.43,42.03,54.79,53.88,34.2,66.93,41.55,34.03,16.51,36.27,39.34,74.34,52.13,37.65,12.77,27.31,31.03,81.11,32.87,47.69,8.18,65.84,59.82,105.26,88.5,77.64,53.47,76.99,89.45,135.94,33.45,42.8,51.02,56.23,47.36,71.71,44.81,7.29,79.1,82.04,61.14,29.99,16.85,43.99,48.29,60.68,31.01,18.51,75.83,89.18,49.91,4.16,87.15,40.86,17.44,23.4,61.39,71.66,40.44,69.45,85.02,96.7,50.63,71.47,62.95,47.02,53.06,53.73,22.7,69.61,85.84,83.59,39.82,31.78,26.92,45.34,29.86,0.92,82.57,99.01,94.74,64.84,83.25,71.5,65.06,65.5,87.02,52.62,65.45,64.21,0.0,49.63,80.56,61.44,34.42,59.97,22.94,62.95,32.39,67.02,41.19,45.29,12.47,54.41,24.61,50.05,55.43,0.0,72.25,42.35,61.58,37.28,18.02,61.24,45.52,93.25,68.08,20.33,13.87,32.61,32.73,76.6,31.02,61.7,53.14,35.22,93.43,74.66,46.04,57.88,86.95,39.37,106.84,93.48,76.81,102.43,98.85,39.55,47.51,43.49,12.53,65.56,23.63,53.16,51.42,71.99,68.01,9.71,52.83,95.46,56.24,22.46,13.65,61.48,69.16,46.84,23.4,49.0,45.55,48.83,54.19,39.8,64.58,75.58,21.75,64.54,60.16,39.1,78.7,79.35,48.16,55.73,18.4,49.58,59.69,48.65,22.14,69.14,43.69,51.58,41.33,81.49,14.81,60.23,56.58,44.28,54.94,76.74,52.86,80.68,16.96,70.54,66.44,76.35,53.54,46.37,93.69,32.1,14.43,99.67,92.24,96.39,39.27,85.67,61.23,69.76,61.25,74.06,106.08,76.75,39.07,28.64,68.93,59.93,65.68,56.31,52.52,80.13,18.51,0.0,75.21,27.74,65.36,82.62,93.68,93.22,68.56,30.81,88.13,104.21,70.83,94.26,65.98,59.05,25.2,21.89,81.85,38.04,42.94,109.58,71.41,22.8,50.25,21.7,26.7,63.14,58.26,0.63,42.31,40.76,38.07,25.93,62.41,74.99,63.39,25.64,32.99,42.0,18.4,52.72,2.26,120.18,55.36,53.43,22.1,21.98,20.49,71.82,73.25,62.61,35.74,52.88,43.39,42.7,59.9,49.28,43.97,57.79,50.86,55.83,17.41,89.9,91.31,54.26,45.59,31.35,6.89,27.15,87.57,49.33,65.05,83.16,73.81,66.58,59.68,21.59,36.09,36.19,40.39,61.51,88.22,22.36,34.11,45.7,43.15,74.84,80.37,50.02,81.73,54.89,44.3,9.35,32.47,57.34,98.43,10.77,55.93,63.09,71.55,6.84,77.61,37.4,72.52,84.41,53.53,44.16,70.85,71.16,35.64,95.35,44.94,30.89,46.89,80.02,34.19,83.44,41.06,60.86,37.33,32.55,69.91,59.55,79.58,52.47,46.24,21.72,24.9,14.35,60.01,50.74,24.92,67.15,53.29,76.76,47.69,4.99,79.7,30.24,22.75,53.81,70.02,61.86,39.49,81.63,42.69,78.36,42.14,47.5,67.2,100.37,62.93,83.39,68.53,54.98,73.21,33.56,30.25,44.14,29.0,,,,,,,1.2
,,,,,,,,,,,,,,,,,,,,,,,,,51.85,78.28,39.83,43.49,109.25,117.36,115.94,102.68,72.72,110.05,103.96,82.92,56.4,55.43,74.17,19.12,51.41,36.04,72.68,69.94,75.64,68.07,87.67,126.73,102.88,87.43,88.89,51.47,35.57,56.21,94.8,100.97,82.82,62.17,86.07,97.67,33.67,52.68,86.39,116.68,81.92,73.89,126.72,77.24,64.06,67.78,64.86,97.28,89.98,106.13,92.9,25.83,92.1,16.21,66.47,60.49,71.39,57.48,60.0,59.87,55.51,45.48,75.16,82.06,116.92,28.08,107.48,33.01,75.33,50.69,91.22,32.61,133.92,37.93,109.51,117.05,76.58,68.1,99.1,137.3,62.4,65.46,76.98,73.37,107.04,82.18,27.5,72.76,70.0,80.11,60.86,115.21,17.41,85.96,62.98,58.82,126.23,28.53,72.84,39.53,90.39,57.35,85.13,83.11,129.97,108.25,72.22,96.12,87.03,84.67,24.9,92.31,101.64,153.58,110.5,68.07,66.73,130.94,76.61,57.37,81.09,57.91,67.23,74.78,60.87,55.56,88.31,64.78,54.85,29.12,55.84,64.3,87.35,63.79,52.91,26.62,48.71,47.8,101.19,55.62,61.0,26.55,90.36,68.58,144.98,107.7,108.7,72.73,105.63,112.75,168.61,41.56,72.45,76.07,87.18,57.37,93.89,60.39,30.79,106.74,102.34,90.13,33.73,39.68,62.75,73.34,92.99,61.36,36.26,98.4,109.88,67.29,20.51,114.21,57.78,27.88,51.05,77.48,103.32,66.4,100.63,101.45,126.36,72.52,89.1,88.41,68.42,77.11,82.23,21.23,96.66,112.59,115.8,73.21,54.62,42.38,59.94,54.44,5.54,98.44,107.03,122.11,83.82,109.79,94.88,94.33,86.48,124.96,66.07,95.84,89.74,7.17,60.53,100.42,93.38,43.64,95.64,36.66,77.51,61.74,94.51,72.85,62.69,37.85,75.7,45.85,85.16,80.71,2.55,97.98,56.96,75.01,56.64,20.87,90.51,59.85,128.2,95.28,32.96,29.58,53.93,51.03,108.66,49.32,87.83,82.95,44.25,125.03,110.72,59.05,79.19,124.68,57.15,126.53,115.18,93.11,132.53,122.86,57.66,69.16,60.63,28.97,97.31,31.71,68.05,66.02,97.1,91.28,26.83,70.38,128.81,81.08,34.14,37.08,84.75,100.87,70.54,25.31,81.73,58.51,67.11,61.49,62.2,87.06,94.69,37.85,88.42,86.66,63.1,98.7,98.56,63.69,73.49,40.83,57.05,89.2,73.82,30.93,95.66,61.47,68.34,54.32,123.94,26.5,75.9,77.46,61.93,80.26,94.67,78.0,105.85,22.14,86.62,97.12,107.56,73.38,66.67,120.65,55.55,27.82,137.7,113.24,123.4,66.72,110.95,76.79,92.37,76.87,77.86,142.81,110.25,59.12,48.09,87.23,75.53,100.54,76.34,81.86,106.86,27.24,0.0,97.46,41.47,89.19,105.94,115.33,113.25,101.29,47.32,122.61,129.26,85.0,121.48,88.32,76.37,46.5,37.17,105.11,68.19,69.92,141.11,87.17,40.86,61.89,49.73,50.6,72.66,97.82,16.52,65.34,47.95,58.68,41.86,82.15,110.13,99.28,47.79,44.47,57.99,32.02,51.49,16.12,151.0,86.05,62.66,37.55,34.81,33.56,90.59,95.92,79.26,56.36,65.64,60.19,66.35,79.09,59.11,73.16,84.37,71.25,85.0,21.98,126.0,121.89,67.79,62.6,48.11,21.14,41.62,115.8,60.04,98.84,120.69,92.22,90.78,84.6,45.52,43.37,60.93,62.22,90.36,112.63,32.74,52.22,69.57,70.09,84.71,92.15,67.49,121.74,80.29,83.3,18.87,56.77,63.56,122.97,29.5,70.69,84.18,97.41,27.83,83.63,51.35,87.22,116.99,79.36,67.74,95.35,90.55,54.34,128.73,53.98,50.63,64.04,88.99,54.41,110.98,45.78,83.37,59.13,65.25,108.59,86.85,97.57,63.79,61.47,38.46,32.19,37.11,83.69,76.81,27.99,83.18,88.67,91.29,67.57,18.12,109.68,51.53,47.49,65.17,91.27,83.62,58.03,100.2,63.42,90.71,74.79,70.38,86.78,126.7,88.16,112.61,81.03,55.19,88.06,45.46,49.48,59.87,40.73,,,,,,,1.12
,,,,,,,,,,,,,,,,,,,,,,,,,54.39,74.46,42.77,43.86,111.18,124.74,111.68,118.34,90.85,99.46,115.14,95.62,66.64,62.36,68.53,39.03,49.59,52.76,82.09,68.75,77.87,83.88,94.65,131.99,95.28,90.0,102.3,53.01,48.83,57.39,97.81,118.89,93.55,73.38,91.05,111.78,37.11,83.67,96.39,130.11,91.84,73.57,127.92,73.98,56.19,63.32,85.95,102.76,102.47,114.1,72.04,47.5,91.27,24.64,75.21,88.18,97.88,70.19,72.48,53.76,70.62,56.78,88.19,94.1,119.95,27.14,120.16,65.21,78.49,62.93,119.49,45.2,125.69,48.08,124.48,119.49,89.3,72.57,107.2,143.15,66.92,57.04,92.21,79.78,103.27,81.48,41.1,69.04,69.74,84.81,67.47,110.62,40.98,90.01,61.44,66.13,127.88,33.3,80.48,47.89,100.41,71.78,96.14,80.77,109.18,110.71,83.27,88.11,97.72,104.13,29.31,84.1,108.62,151.68,118.0,59.83,74.18,140.84,85.09,64.49,102.04,60.62,71.21,86.5,64.92,75.22,97.52,72.43,59.53,32.97,80.94,54.3,88.36,57.68,44.44,32.42,36.13,54.96,96.64,64.39,66.68,29.46,83.15,57.57,129.39,112.51,101.63,63.54,118.02,112.7,160.91,33.32,80.35,83.18,103.83,52.79,101.76,69.45,58.38,112.97,104.9,92.54,50.52,46.62,60.53,88.02,105.65,70.49,49.64,111.61,104.05,88.17,37.53,119.85,79.61,30.74,59.55,78.6,102.84,68.17,119.75,96.36,131.34,88.24,89.63,111.85,80.88,89.12,73.1,44.26,83.53,111.31,122.1,100.06,64.39,61.93,72.74,78.88,18.67,105.26,104.22,128.23,89.99,108.31,93.98,105.32,82.46,141.61,64.58,100.03,94.75,19.1,79.2,107.93,104.02,42.11,92.12,51.19,88.3,77.62,97.75,84.84,73.93,59.15,84.28,66.34,89.07,80.37,24.54,95.86,67.33,82.78,66.41,37.41,103.58,80.93,124.23,100.35,51.65,52.37,76.19,50.38,117.73,46.13,100.77,80.57,47.17,122.44,119.85,52.45,99.09,124.43,80.82,119.32,102.48,96.85,121.49,127.08,51.83,72.7,68.64,40.52,94.59,33.99,81.19,88.98,97.8,98.02,49.42,78.83,134.54,74.09,45.67,58.06,97.08,112.17,75.96,45.36,96.64,73.86,70.96,67.65,75.46,100.68,95.1,55.53,101.53,100.55,70.3,110.58,110.26,75.89,68.21,51.21,68.59,85.22,79.69,41.63,107.57,58.83,76.65,58.05,125.58,42.37,88.66,88.6,72.54,89.85,89.9,79.57,106.06,26.09,91.4,93.35,117.08,79.25,69.93,118.64,61.96,35.5,137.25,103.08,122.31,68.73,110.45,88.87,85.93,87.17,79.66,135.87,128.02,63.76,46.02,100.46,84.16,115.37,76.73,85.09,101.58,47.95,26.52,88.5,44.2,100.41,105.66,124.48,104.62,107.66,52.38,119.95,107.07,88.66,140.01,109.07,72.41,44.85,37.76,99.0,79.81,63.45,131.95,88.16,32.72,65.68,58.39,59.8,77.26,103.01,36.41,67.98,54.05,87.46,47.58,84.09,111.71,106.47,43.04,60.92,61.72,34.47,55.63,18.94,142.83,98.64,54.9,43.87,35.08,36.01,110.5,101.75,92.17,55.59,74.98,62.43,68.57,82.05,64.74,97.92,103.88,76.85,79.78,37.76,115.54,129.96,69.66,58.27,47.18,42.16,60.38,113.64,68.57,115.59,127.49,95.02,99.91,79.38,49.85,51.81,80.69,57.87,103.6,106.05,47.74,73.36,78.27,85.25,66.38,89.91,71.74,120.93,79.3,80.5,24.18,63.28,65.71,100.33,35.35,72.76,97.72,112.13,39.0,77.82,56.46,86.37,122.25,89.01,77.4,87.06,91.99,72.28,142.35,50.52,68.64,71.85,83.62,69.52,125.27,51.79,83.61,72.57,66.37,109.62,87.66,102.86,73.78,76.05,39.52,20.44,33.57,102.92,71.16,39.2,85.44,90.38,98.97,78.4,24.18,120.67,62.55,46.11,82.58,87.85,70.98,69.26,99.58,70.66,80.05,90.02,80.93,87.71,118.58,96.84,125.06,99.75,63.64,75.72,44.35,60.24,63.12,56.96,,,,,,,0.8
,,,,,,,,,,,,,,,,,,,,,,,,,64.08,74.96,45.18,62.1,112.55,127.35,115.71,121.82,99.13,108.55,106.94,102.77,61.67,82.04,69.14,57.44,56.09,70.29,105.17,75.83,82.37,95.17,99.99,136.31,107.05,90.59,116.72,57.6,38.82,67.4,98.59,129.17,96.81,79.37,92.19,118.51,36.74,109.97,103.67,139.57,108.0,107.2,149.32,88.8,50.96,71.54,76.17,100.35,100.82,124.85,79.28,60.55,92.17,30.39,87.44,97.51,100.76,63.51,93.36,70.04,82.61,57.04,91.99,104.34,117.46,27.87,137.89,78.84,92.26,78.38,113.52,53.51,128.61,55.77,135.3,141.95,99.12,75.69,113.34,143.12,62.17,64.62,107.17,98.18,102.08,78.71,58.05,78.44,83.04,94.69,71.12,121.66,61.21,97.31,69.8,73.15,136.78,35.94,92.77,41.98,120.65,75.73,116.01,77.18,102.35,101.36,97.68,93.13,96.34,135.16,47.28,84.16,118.78,138.07,123.51,70.68,78.99,148.67,97.67,90.56,112.87,62.17,73.11,88.16,64.57,103.88,99.76,72.51,73.63,33.69,78.37,50.82,102.38,72.37,65.35,60.68,45.4,88.71,122.25,64.81,84.78,31.3,90.99,61.07,128.66,116.45,105.82,77.53,138.82,133.45,155.12,38.18,92.8,88.81,97.66,72.81,101.91,101.66,65.65,125.5,111.2,101.48,78.43,52.1,62.62,96.04,129.25,88.58,71.23,123.53,101.7,112.93,32.29,120.62,83.46,43.89,66.65,97.64,119.48,92.32,115.2,85.62,154.23,101.31,95.05,106.6,104.26,97.7,81.7,43.11,84.84,111.03,130.98,120.36,75.49,74.46,81.14,94.14,15.79,108.46,109.37,122.02,108.53,113.36,99.27,114.48,99.72,149.94,71.95,102.26,107.5,28.72,104.69,131.36,107.05,56.76,93.07,76.13,84.38,80.56,96.19,80.79,71.0,89.34,72.46,86.69,104.57,104.2,27.49,101.53,87.46,88.76,66.75,63.05,107.05,90.47,122.44,93.65,59.87,65.41,92.17,60.86,130.84,50.46,94.17,90.74,45.92,131.12,130.59,73.35,120.66,128.83,89.01,121.04,100.88,112.25,123.02,140.52,47.52,69.62,88.65,42.48,89.89,29.49,84.3,104.11,100.0,111.65,62.76,94.46,137.43,84.35,60.32,77.15,111.47,131.04,81.65,40.85,110.71,88.34,81.77,82.94,92.01,122.89,106.42,73.87,109.02,104.11,58.4,114.2,105.42,87.91,85.19,59.88,77.13,83.96,90.23,51.49,108.28,77.57,89.76,60.32,119.39,59.87,105.68,116.52,93.92,76.03,90.38,74.9,116.47,29.28,94.5,108.61,128.44,82.85,72.79,105.72,61.56,67.99,127.51,114.89,122.88,68.55,118.05,101.83,73.39,96.87,95.94,131.71,136.07,84.64,54.37,130.39,93.1,115.32,69.55,83.75,105.65,49.38,46.44,99.53,44.39,114.0,119.17,113.17,117.63,133.36,83.09,124.48,104.41,94.37,142.49,120.73,82.63,45.47,64.94,74.21,93.99,69.77,125.21,92.12,38.17,74.1,83.8,59.28,89.91,107.17,54.53,62.88,73.75,99.87,53.87,96.14,108.51,116.09,50.88,95.86,52.9,65.35,82.52,34.82,136.31,89.59,81.01,54.56,52.03,42.92,124.36,90.33,105.19,61.65,82.96,72.29,76.31,86.0,69.73,106.26,120.89,95.92,76.15,70.36,121.14,134.29,78.87,77.2,47.17,59.13,78.95,107.48,84.97,117.61,136.03,98.25,111.95,83.58,54.19,60.54,95.54,67.71,103.13,115.55,61.51,80.74,86.64,89.01,78.58,84.33,94.61,137.65,100.05,86.99,39.74,63.68,62.39,101.35,61.84,82.21,102.75,117.56,70.09,74.99,55.25,91.95,109.18,90.17,83.47,106.63,90.83,89.3,143.27,62.49,90.12,90.69,90.94,81.19,119.49,69.61,89.57,74.45,65.69,117.17,96.97,124.13,89.18,95.21,44.32,19.01,52.31,102.54,70.79,57.75,100.55,99.75,109.33,103.22,30.53,141.38,55.64,72.27,77.37,90.95,87.36,77.43,101.99,74.19,94.36,130.66,96.08,99.07,120.19,90.04,115.34,125.34,87.5,90.95,68.89,75.35,75.84,56.13,,,,,,,0.74
,,,,,,,,,,,,,,,,,,,,,,,,,79.04,87.31,42.24,56.69,102.28,115.16,113.8,91.39,105.12,104.6,102.84,101.54,58.89,74.75,70.75,74.79,47.04,79.91,99.95,87.8,77.16,109.53,90.71,127.75,104.43,103.41,106.37,66.92,46.38,85.95,95.66,123.12,91.59,83.22,105.03,95.16,37.16,108.3,90.16,112.42,88.78,105.51,109.43,97.14,52.0,72.55,75.19,95.15,116.01,129.48,76.95,58.9,104.73,37.67,76.45,83.27,90.91,74.29,77.18,64.21,67.1,77.38,97.78,93.75,115.58,47.72,120.31,78.52,86.75,90.05,110.38,67.38,119.59,67.16,131.66,119.7,109.01,63.02,107.8,119.57,63.57,67.31,108.08,98.57,103.79,78.54,64.67,82.26,87.41,112.82,73.64,119.68,76.39,97.1,87.04,86.07,128.39,25.89,72.51,46.97,130.69,86.05,120.26,91.69,86.37,105.37,80.32,86.17,87.58,134.57,46.9,89.56,107.91,125.94,124.82,68.54,65.61,131.36,85.25,97.18,104.2,61.74,68.16,81.09,56.75,110.77,91.06,79.2,93.7,34.05,84.98,56.24,105.7,76.19,63.17,67.08,49.77,108.25,123.07,67.03,103.18,54.03,87.11,61.23,122.21,102.21,97.01,78.31,126.91,132.47,131.48,62.33,75.57,83.28,93.28,69.42,84.75,111.24,55.18,97.91,108.46,99.71,90.19,63.52,63.75,101.37,127.68,94.51,98.39,134.56,99.1,115.18,36.7,114.3,87.34,55.86,75.61,106.21,101.13,110.66,98.86,89.41,137.09,96.52,102.87,96.48,83.51,99.12,89.9,45.89,75.66,121.0,102.6,115.67,63.87,89.32,95.87,115.55,27.54,93.45,116.16,123.95,95.4,98.18,98.09,103.86,107.69,149.11,68.23,92.74,113.7,38.99,89.96,119.72,107.95,71.85,88.21,71.02,63.26,67.45,84.45,70.0,58.9,83.0,83.4,80.38,110.94,86.96,37.78,94.64,77.07,94.83,74.48,77.57,93.31,92.9,119.79,99.49,63.35,56.32,92.17,68.56,123.8,71.19,116.71,83.51,57.11,119.78,127.6,87.41,127.86,111.38,92.94,107.23,90.19,111.73,115.0,122.99,47.01,84.96,75.06,52.04,72.35,38.44,90.79,103.39,108.76,109.91,70.23,88.08,129.11,88.48,48.49,76.54,101.39,130.15,73.43,59.25,103.54,84.58,87.47,99.72,90.62,123.31,100.18,72.14,117.13,101.84,54.08,116.42,99.05,94.92,83.22,67.82,89.03,89.01,102.92,53.62,85.54,79.65,94.6,69.9,112.31,64.82,103.28,115.93,99.59,68.92,86.26,79.16,126.63,31.17,84.73,88.29,112.79,88.46,66.12,101.52,63.63,74.13,125.53,99.29,117.37,75.08,99.92,101.14,71.48,109.31,97.83,110.9,114.71,88.23,65.83,112.85,92.9,111.44,60.64,83.45,104.66,58.98,52.78,93.4,57.36,115.04,122.71,102.11,104.14,119.88,92.42,121.51,86.68,85.23,133.74,117.23,84.99,39.3,82.88,64.39,112.69,81.7,109.92,106.43,48.65,76.54,76.53,61.46,80.86,86.11,59.46,54.97,75.81,101.41,58.85,93.34,95.71,131.64,56.28,101.6,67.59,92.14,104.51,40.9,118.51,84.82,93.44,70.59,74.85,53.29,124.82,96.31,90.07,72.7,81.59,65.29,78.97,81.76,69.23,105.9,118.59,98.06,79.5,89.48,111.38,107.98,88.33,77.08,56.13,80.84,79.94,115.8,89.82,110.4,130.89,105.06,111.55,97.32,70.01,48.08,75.72,64.22,109.19,112.68,65.91,89.84,85.82,97.24,78.91,87.33,95.92,113.95,95.39,102.25,54.78,75.51,67.61,94.54,61.25,65.81,95.49,109.17,85.31,82.36,52.72,87.97,118.23,78.25,82.77,110.97,88.95,96.06,119.8,57.55,80.62,97.99,89.28,81.94,112.5,81.82,97.05,92.27,60.91,118.96,90.4,117.0,87.68,85.57,46.62,27.04,54.95,101.68,65.66,66.13,95.91,88.87,111.6,91.19,33.27,139.58,65.75,90.1,80.63,101.07,86.6,71.71,107.0,89.88,85.81,124.81,94.62,98.09,103.98,105.84,112.31,126.31,95.31,65.91,75.1,73.89,82.7,50.46,,,,,,,0.76
,,,,,,,,,,,,,,,,,,,,,,,,,59.46,75.45,46.78,57.1,79.08,99.23,102.2,65.12,81.54,77.47,101.29,93.43,56.8,54.83,55.3,60.91,47.89,68.14,80.36,72.26,62.8,98.65,73.28,92.5,96.47,100.85,101.44,52.32,49.36,69.72,81.7,99.41,78.48,69.92,97.77,69.02,42.19,85.03,68.32,80.27,66.09,85.95,96.74,87.7,46.43,54.67,69.84,84.8,83.74,102.72,53.8,55.75,86.52,34.36,69.45,65.77,79.35,78.5,52.51,46.05,55.36,66.68,87.99,76.51,94.79,51.75,92.96,74.98,67.38,92.53,85.21,56.83,104.1,60.89,93.04,104.52,96.89,67.94,72.45,101.36,44.22,52.23,89.23,89.41,95.61,74.19,55.61,71.23,69.7,91.82,62.99,86.31,66.14,68.95,72.16,72.8,109.78,25.0,69.17,50.21,109.6,71.04,89.75,88.67,65.03,93.44,63.37,82.47,74.38,103.25,36.07,79.8,96.07,104.87,98.17,65.53,60.47,115.29,62.53,76.45,76.74,67.54,60.92,57.43,48.65,91.05,75.68,66.69,84.99,39.46,70.81,47.15,89.0,67.88,55.05,66.71,60.87,81.75,92.04,54.84,79.05,61.55,59.55,51.64,88.81,81.53,68.5,59.11,91.07,98.29,105.88,63.33,59.15,73.04,73.69,58.78,76.99,93.93,46.24,73.07,97.7,90.31,70.19,52.24,56.87,89.25,101.18,97.8,88.11,113.26,83.19,94.73,41.26,102.94,64.99,35.54,56.77,98.22,72.14,80.1,84.24,78.42,108.43,65.44,89.26,72.31,72.15,84.89,67.81,36.81,63.36,96.79,74.4,99.25,50.5,73.15,90.34,100.58,19.43,70.49,101.56,102.13,75.66,82.25,71.89,82.68,87.51,114.82,64.94,79.36,86.68,32.14,67.51,91.14,82.74,60.4,71.27,65.86,51.47,50.14,59.97,68.83,57.57,70.72,81.36,67.24,91.06,83.11,44.6,84.89,67.8,73.89,70.71,56.75,61.23,84.34,109.62,68.16,51.3,47.87,80.42,65.17,88.84,79.49,101.19,76.87,48.62,82.08,109.95,72.89,104.2,97.13,87.42,98.77,69.87,103.29,104.84,106.71,38.74,85.58,67.85,47.61,68.02,26.92,73.77,88.33,95.31,91.21,52.52,75.18,89.19,67.56,39.43,66.15,78.53,93.41,61.31,47.59,75.45,74.56,72.22,67.73,79.14,100.17,74.39,53.35,96.21,65.22,55.17,91.67,82.47,79.24,74.54,57.63,66.98,75.56,100.03,41.34,74.24,75.89,90.29,72.37,108.51,42.51,81.83,89.93,83.65,74.67,79.59,73.39,107.5,34.81,73.58,67.0,92.97,85.06,53.46,77.44,62.62,61.71,99.91,76.0,90.09,55.75,79.74,88.84,75.35,90.55,78.48,90.42,81.7,77.64,70.23,90.6,74.33,91.27,58.2,78.72,85.8,43.56,46.13,75.09,51.5,97.53,82.35,87.44,78.98,91.87,66.15,104.55,79.07,67.36,113.18,81.64,63.75,34.97,68.1,55.22,90.23,63.09,85.79,90.34,48.03,73.46,70.93,64.96,66.61,62.25,54.92,55.32,56.2,88.43,42.28,81.31,84.11,101.5,55.06,77.19,62.48,69.02,72.29,43.11,94.77,79.35,69.24,60.29,62.33,67.0,90.83,89.86,84.04,59.67,61.17,62.46,77.11,66.85,54.93,84.97,100.91,77.55,50.45,75.29,82.73,81.86,69.95,81.99,46.4,61.41,62.46,85.55,69.99,90.27,113.77,91.49,100.27,81.18,77.76,36.09,60.73,66.68,73.67,91.97,66.5,75.31,85.25,85.27,62.73,67.38,76.81,91.49,68.46,83.02,56.7,76.83,56.86,80.88,41.63,66.01,72.88,83.74,75.45,67.29,46.98,73.29,95.91,57.8,68.6,103.99,63.12,75.8,94.53,63.16,60.58,88.23,58.22,75.71,96.19,79.56,90.95,86.59,45.56,114.46,87.45,78.94,76.27,65.04,57.18,21.96,57.34,76.39,49.11,53.26,64.59,84.5,82.58,78.83,38.43,106.84,52.69,87.9,76.98,71.3,73.0,67.71,96.56,77.79,80.41,95.72,73.48,76.9,78.09,89.93,87.51,113.77,66.55,58.17,66.77,53.87,63.04,40.91,,,,,,,0.9
,,,,,,,,,,,,,,,,,,,,,,,,,35.67,46.3,20.45,46.39,42.95,46.58,56.14,41.16,47.67,44.58,57.08,47.49,38.86,41.81,37.38,38.85,31.57,43.39,57.68,49.55,40.73,57.37,44.91,52.63,55.97,55.13,59.98,27.87,30.78,41.29,44.18,54.42,46.8,38.73,50.43,37.16,28.34,60.29,41.64,45.0,34.2,50.1,59.24,53.96,26.02,33.15,46.01,47.02,46.16,57.55,30.62,35.92,52.44,26.09,41.03,41.51,34.22,49.11,40.65,21.21,40.6,49.81,59.09,42.42,48.57,31.19,61.35,50.61,39.57,49.98,36.92,36.97,59.55,39.92,53.42,60.6,54.28,38.86,36.32,58.26,27.84,24.48,55.58,53.54,55.69,41.82,36.3,47.13,46.97,51.69,33.89,49.32,38.01,45.36,40.15,45.92,66.86,17.98,43.94,42.78,64.82,38.49,52.59,54.03,41.72,65.59,38.03,43.92,50.31,59.89,28.15,50.45,50.15,55.81,62.07,36.66,37.91,69.52,39.71,48.08,39.01,46.83,42.15,34.91,25.66,51.49,44.06,36.95,43.41,24.73,37.46,31.43,43.01,35.79,40.05,47.1,40.06,44.1,54.04,27.1,46.21,43.79,35.49,30.64,50.37,43.04,42.91,40.0,49.01,58.64,63.73,50.1,28.65,43.98,44.64,47.67,41.86,55.98,29.65,36.83,57.16,51.86,43.16,30.0,32.19,55.44,52.99,52.71,57.11,58.88,42.83,55.46,28.28,61.64,37.83,28.93,34.11,55.48,49.87,40.23,54.36,43.21,60.18,35.16,52.23,46.53,42.51,52.7,41.57,30.99,42.64,57.31,38.95,55.87,32.18,46.6,52.11,61.99,20.28,38.46,70.32,53.25,45.44,36.09,47.63,40.29,50.25,60.95,38.26,43.57,56.84,23.98,45.16,61.32,49.87,40.33,40.77,47.22,39.38,25.31,39.49,40.88,36.41,43.87,61.13,32.36,47.91,47.18,34.94,51.33,44.32,49.38,46.4,32.91,37.22,47.08,56.4,34.45,38.63,30.16,48.87,38.9,52.0,41.76,63.29,42.94,34.6,44.5,67.74,42.47,61.89,63.21,50.48,50.56,34.67,66.84,57.61,61.0,28.46,50.63,39.62,26.55,39.47,24.19,47.13,49.67,56.63,49.16,32.82,46.66,50.55,36.12,27.41,37.67,35.72,59.6,32.69,30.34,46.09,36.73,42.96,33.13,49.14,62.74,49.5,29.43,55.27,34.43,31.9,52.74,45.67,46.52,54.26,43.73,41.99,48.69,56.37,36.34,50.25,43.6,53.68,47.96,57.47,21.41,50.54,44.13,53.87,47.35,48.25,46.28,58.84,29.27,53.85,38.3,55.24,58.75,41.38,40.54,33.99,44.01,56.56,36.9,54.67,37.11,50.9,49.95,55.53,53.32,47.94,54.21,48.84,42.04,46.92,57.37,45.03,45.0,36.98,45.12,51.85,29.44,38.59,41.69,27.11,53.26,43.95,54.93,52.61,55.72,43.7,64.4,47.78,36.71,70.36,45.66,44.77,21.45,40.71,35.09,53.36,41.47,49.44,60.06,35.03,49.53,45.08,38.44,54.25,40.75,36.53,38.94,41.61,55.83,31.72,47.45,57.32,60.29,37.37,52.1,32.21,40.3,46.01,21.24,53.73,51.88,39.5,39.14,36.52,44.07,50.79,48.0,50.96,44.26,47.45,46.92,50.23,36.3,38.07,39.3,58.94,44.42,33.97,47.38,46.21,47.72,48.22,43.5,26.76,45.1,40.18,44.48,41.47,49.73,61.52,44.11,57.93,50.11,47.46,19.59,36.46,50.35,45.27,52.46,32.52,43.25,48.17,45.6,33.28,42.42,46.63,48.49,40.34,48.25,36.91,42.68,34.7,40.26,21.9,45.4,46.66,43.11,45.16,37.88,27.14,43.33,50.27,32.87,56.75,63.17,36.48,45.98,51.57,38.31,31.25,44.76,42.86,40.01,60.33,43.23,51.48,54.15,27.31,73.01,49.0,43.12,49.02,38.1,44.95,17.73,34.34,50.71,24.96,28.84,35.57,52.56,48.61,47.26,29.38,60.45,29.95,55.8,55.45,41.3,40.33,54.38,51.18,51.82,41.45,61.66,49.75,41.57,41.5,46.0,55.68,71.7,39.79,39.48,35.01,27.09,32.17,26.26,,,,,,,1.02
,,,,,,,,,,,,,,,,,,,,,,,,,14.45,15.6,7.44,18.18,16.79,12.64,18.57,12.68,17.01,14.29,20.75,15.85,10.0,13.06,13.5,14.42,9.84,13.1,18.88,15.45,13.57,19.59,13.31,19.69,19.77,19.27,19.49,9.56,10.65,14.89,15.18,15.73,15.96,14.89,16.79,14.07,11.72,15.82,10.79,16.99,12.33,12.64,19.03,18.6,11.44,13.3,15.26,15.76,15.9,18.19,8.78,13.84,19.33,6.29,10.62,14.97,10.82,17.17,15.97,8.12,14.59,17.51,17.48,14.29,17.86,11.42,19.13,16.67,8.48,18.67,11.36,11.32,18.31,12.8,18.11,18.75,18.54,14.41,12.49,17.62,13.04,10.62,17.66,19.69,16.87,14.63,12.86,16.68,14.94,18.97,12.87,15.47,15.27,14.6,14.85,14.87,21.82,7.76,15.44,13.22,19.43,14.63,16.34,18.88,13.33,22.81,14.69,15.45,19.4,20.12,10.47,15.98,14.01,19.55,19.61,10.94,8.89,24.44,15.15,17.41,12.25,17.92,12.3,13.87,11.74,17.49,13.64,12.25,13.87,9.44,13.73,7.46,13.38,10.57,11.62,13.73,13.83,15.01,18.19,10.64,18.01,14.25,13.35,11.19,18.94,14.62,14.43,12.15,16.2,19.2,20.98,21.24,6.46,14.33,10.42,17.55,14.41,16.6,10.72,9.98,18.05,17.04,14.35,10.19,11.84,17.8,17.59,13.32,18.43,18.87,13.49,17.86,11.64,20.19,13.51,10.95,14.01,16.09,17.99,10.88,17.37,13.96,15.56,12.3,15.92,17.54,13.5,18.1,16.54,10.12,15.9,17.56,10.35,19.32,14.17,15.61,16.47,17.72,7.53,12.44,20.67,17.01,14.04,14.02,16.17,12.9,16.71,16.9,12.82,13.33,17.99,9.77,14.2,19.49,17.75,14.82,14.66,16.53,12.85,8.77,14.09,12.13,13.31,14.94,19.32,12.74,15.12,11.77,12.64,18.56,13.93,16.22,17.39,10.47,11.41,16.6,18.97,12.13,13.56,10.33,14.98,10.85,15.44,13.93,18.89,14.88,11.52,11.05,21.09,13.93,18.74,19.73,14.35,16.76,11.61,21.08,18.29,18.85,11.67,18.35,14.83,13.47,13.3,9.16,15.94,14.55,18.92,15.23,14.1,14.49,14.85,12.07,11.69,13.47,10.44,18.48,10.03,8.95,16.57,11.64,11.5,10.2,12.91,20.53,17.72,9.95,17.03,12.18,10.86,15.35,18.23,18.0,18.54,14.55,16.23,16.69,18.71,15.19,15.63,16.84,19.43,16.8,18.55,8.12,15.1,11.42,21.12,16.27,16.21,14.23,18.5,8.58,19.64,13.95,18.14,18.79,13.63,14.92,12.15,13.46,17.82,13.12,15.18,12.94,16.5,13.73,18.52,16.67,15.77,17.91,16.77,11.39,15.14,17.91,15.21,18.77,11.15,13.49,20.03,12.52,12.5,12.83,11.31,16.49,15.92,19.63,17.37,17.79,16.4,20.37,15.99,13.94,22.04,13.82,14.85,8.98,13.43,10.6,17.82,14.49,16.31,16.4,13.23,13.69,14.02,10.51,16.41,11.95,11.99,16.18,14.53,17.46,11.11,16.58,18.43,20.99,14.24,17.2,12.69,14.13,15.15,8.81,16.25,18.45,13.17,13.96,13.57,14.28,15.2,15.32,12.35,16.17,16.12,17.69,16.8,12.46,12.54,11.36,19.21,15.09,12.39,16.5,14.36,16.23,17.35,12.89,12.11,13.78,15.46,15.25,14.58,11.52,17.85,11.49,21.21,17.77,14.89,7.1,12.31,18.63,14.85,15.77,10.41,12.18,13.62,14.55,9.59,18.61,15.55,15.81,14.57,16.86,11.19,13.87,10.83,11.66,8.78,16.82,16.9,14.17,14.53,12.95,13.17,17.45,17.09,11.0,20.07,20.07,16.02,16.9,16.02,14.98,10.86,12.24,14.95,10.44,19.09,15.52,13.54,17.43,8.5,22.11,17.78,14.54,19.98,13.0,17.11,5.62,9.27,16.8,7.27,9.37,14.04,18.21,17.16,15.58,11.24,18.64,10.73,16.37,20.12,14.31,12.11,19.18,19.82,19.08,12.59,21.31,16.15,14.49,14.31,16.83,18.47,21.05,13.01,10.12,12.4,10.05,12.38,10.88,,,,,,,1.08
,,,,,,,,,,,,,,,,,,,,,,,,,6.05,6.36,4.09,7.55,6.62,5.26,7.49,5.72,6.3,4.31,6.46,7.13,3.02,5.1,5.5,6.27,4.44,5.88,7.54,5.96,6.06,7.39,4.8,7.35,7.41,7.9,8.34,3.59,3.78,6.91,7.0,5.89,6.31,6.34,6.09,6.4,4.85,6.04,4.34,6.86,5.5,5.2,7.46,7.72,5.57,5.39,5.89,6.1,6.75,6.51,4.3,5.54,7.41,3.08,3.31,6.86,4.85,7.19,6.78,4.16,5.87,6.93,6.94,4.72,7.53,4.56,6.55,6.81,2.71,8.87,5.79,5.29,8.04,5.4,7.85,6.91,7.34,6.57,4.45,6.39,6.2,4.96,7.33,7.87,6.95,6.36,5.22,6.62,5.44,6.47,5.19,6.42,6.52,5.95,5.75,5.65,8.86,3.52,5.98,5.07,7.48,6.0,6.75,8.4,5.43,9.23,6.74,5.99,8.51,6.82,4.11,6.11,5.08,8.77,7.58,4.15,3.58,9.83,6.56,7.45,5.03,6.85,5.19,5.49,3.97,6.85,5.21,5.71,5.14,3.03,6.15,1.58,5.92,5.03,4.53,5.94,5.25,5.79,8.11,4.72,7.23,6.72,5.58,4.08,7.49,6.45,5.84,5.2,6.43,6.67,8.42,7.24,2.81,5.52,4.77,7.69,6.87,6.7,4.46,4.08,5.94,7.42,6.02,3.79,5.22,6.73,7.16,5.62,7.07,7.07,5.01,5.34,5.95,8.38,5.85,4.93,5.73,6.37,7.3,5.77,6.89,5.53,5.75,4.94,5.68,7.11,5.58,6.97,6.03,3.58,6.14,7.27,4.11,7.6,6.58,6.43,6.3,6.66,3.82,3.86,7.25,6.84,4.97,5.29,6.55,5.53,6.3,6.89,4.17,6.29,6.84,4.12,6.07,6.95,6.85,6.09,6.14,7.06,4.17,3.75,5.62,5.14,4.51,6.45,6.65,6.66,5.25,5.63,4.13,6.66,5.82,6.23,6.81,3.42,3.91,6.07,7.34,3.7,5.32,4.75,4.46,4.21,6.86,6.06,6.97,5.68,5.45,4.63,8.09,5.88,8.04,8.83,5.52,7.03,5.03,8.3,7.27,6.93,5.07,8.06,6.58,5.88,5.65,4.24,5.92,6.06,6.02,5.65,6.47,6.43,5.59,5.73,5.09,5.27,4.14,6.47,5.89,4.95,7.44,4.3,5.46,4.51,4.68,6.87,5.82,4.32,6.34,5.51,5.22,6.14,7.03,6.69,8.06,5.7,6.21,7.68,7.47,5.31,5.79,7.09,8.34,5.66,7.83,3.66,5.44,4.83,7.67,6.68,6.84,4.55,6.61,3.32,8.09,5.45,6.69,6.39,5.55,5.3,5.27,4.53,6.98,5.85,6.45,5.01,6.31,5.1,6.46,6.28,4.93,8.1,7.71,5.17,7.38,7.34,7.12,6.62,5.08,5.03,8.53,4.6,5.25,5.3,5.45,7.2,5.85,8.28,7.94,6.79,6.71,7.77,5.38,6.56,8.28,5.36,6.26,3.83,5.97,4.22,7.01,5.37,7.23,6.36,5.32,5.62,6.3,4.27,7.24,5.06,4.64,5.91,6.82,6.91,5.15,6.15,8.22,8.34,5.3,6.57,4.77,6.65,5.79,3.41,6.23,6.98,4.9,5.4,4.98,5.63,5.79,6.05,5.09,6.28,6.14,6.98,6.11,5.82,5.72,5.1,7.73,6.88,4.95,6.48,5.84,6.11,6.36,4.44,5.95,4.24,5.88,6.77,6.0,4.34,7.26,4.32,7.99,6.23,6.06,3.24,4.64,7.11,5.36,6.72,4.11,5.1,4.67,5.78,4.33,7.43,5.25,5.86,6.02,8.05,4.96,5.27,5.47,4.65,4.86,6.67,5.82,6.31,6.22,4.21,6.02,6.14,6.46,4.15,8.38,7.64,6.52,6.21,6.82,6.37,4.29,4.54,6.29,4.34,7.09,6.45,5.76,6.42,3.94,8.55,6.82,6.24,8.52,4.92,6.41,3.37,3.09,6.29,3.47,2.94,4.36,5.91,5.73,6.87,3.54,7.72,5.66,6.01,7.99,5.53,5.46,6.9,7.72,7.09,4.77,7.56,5.76,6.67,6.11,7.58,7.03,6.6,6.56,4.6,4.58,4.12,4.63,4.1,,,,,,,1.18
,,,,,,,,,,,,,,,,,,,,,,,,,0.0,0.0,0.0,0.0,0.0,0.0,0.0,0.0,0.0,0.0,0.0,0.0,0.0,0.0,0.0,0.0,0.0,0.0,0.0,0.0,0.0,0.0,0.0,0.0,0.0,0.0,0.0,0.0,0.0,0.0,0.0,0.0,0.0,0.0,0.0,0.0,0.0,0.0,0.0,0.0,0.0,0.0,0.0,0.0,0.0,0.0,0.0,0.0,0.0,0.0,0.0,0.0,0.0,0.0,0.0,0.0,0.0,0.0,0.0,0.0,0.0,0.0,0.0,0.0,0.0,0.0,0.0,0.0,0.0,0.0,0.0,0.0,0.0,0.0,0.0,0.0,0.0,0.0,0.0,0.0,0.0,0.0,0.0,0.0,0.0,0.0,0.0,0.0,0.0,0.0,0.0,0.0,0.0,0.0,0.0,0.0,0.0,0.0,0.0,0.0,0.0,0.0,0.0,0.0,0.0,0.0,0.0,0.0,0.0,0.0,0.0,0.0,0.0,0.0,0.0,0.0,0.0,0.0,0.0,0.0,0.0,0.0,0.0,0.0,0.0,0.0,0.0,0.0,0.0,0.0,0.0,0.0,0.0,0.0,0.0,0.0,0.0,0.0,0.0,0.0,0.0,0.0,0.0,0.0,0.0,0.0,0.0,0.0,0.0,0.0,0.0,0.0,0.0,0.0,0.0,0.0,0.0,0.0,0.0,0.0,0.0,0.0,0.0,0.0,0.0,0.0,0.0,0.0,0.0,0.0,0.0,0.0,0.0,0.0,0.0,0.0,0.0,0.0,0.0,0.0,0.0,0.0,0.0,0.0,0.0,0.0,0.0,0.0,0.0,0.0,0.0,0.0,0.0,0.0,0.0,0.0,0.0,0.0,0.0,0.0,0.0,0.0,0.0,0.0,0.0,0.0,0.0,0.0,0.0,0.0,0.0,0.0,0.0,0.0,0.0,0.0,0.0,0.0,0.0,0.0,0.0,0.0,0.0,0.0,0.0,0.0,0.0,0.0,0.0,0.0,0.0,0.0,0.0,0.0,0.0,0.0,0.0,0.0,0.0,0.0,0.0,0.0,0.0,0.0,0.0,0.0,0.0,0.0,0.0,0.0,0.0,0.0,0.0,0.0,0.0,0.0,0.0,0.0,0.0,0.0,0.0,0.0,0.0,0.0,0.0,0.0,0.0,0.0,0.0,0.0,0.0,0.0,0.0,0.0,0.0,0.0,0.0,0.0,0.0,0.0,0.0,0.0,0.0,0.0,0.0,0.0,0.0,0.0,0.0,0.0,0.0,0.0,0.0,0.0,0.0,0.0,0.0,0.0,0.0,0.0,0.0,0.0,0.0,0.0,0.0,0.0,0.0,0.0,0.0,0.0,0.0,0.0,0.0,0.0,0.0,0.0,0.0,0.0,0.0,0.0,0.0,0.0,0.0,0.0,0.0,0.0,0.0,0.0,0.0,0.0,0.0,0.0,0.0,0.0,0.0,0.0,0.0,0.0,0.0,0.0,0.0,0.0,0.0,0.0,0.0,0.0,0.0,0.0,0.0,0.0,0.0,0.0,0.0,0.0,0.0,0.0,0.0,0.0,0.0,0.0,0.0,0.0,0.0,0.0,0.0,0.0,0.0,0.0,0.0,0.0,0.0,0.0,0.0,0.0,0.0,0.0,0.0,0.0,0.0,0.0,0.0,0.0,0.0,0.0,0.0,0.0,0.0,0.0,0.0,0.0,0.0,0.0,0.0,0.0,0.0,0.0,0.0,0.0,0.0,0.0,0.0,0.0,0.0,0.0,0.0,0.0,0.0,0.0,0.0,0.0,0.0,0.0,0.0,0.0,0.0,0.0,0.0,0.0,0.0,0.0,0.0,0.0,0.0,0.0,0.0,0.0,0.0,0.0,0.0,0.0,0.0,0.0,0.0,0.0,0.0,0.0,0.0,0.0,0.0,0.0,0.0,0.0,0.0,0.0,0.0,0.0,0.0,0.0,0.0,0.0,0.0,0.0,0.0,0.0,0.0,0.0,0.0,0.0,0.0,0.0,0.0,0.0,0.0,0.0,0.0,0.0,0.0,0.0,0.0,0.0,0.0,0.0,0.0,0.0,0.0,0.0,0.0,0.0,0.0,0.0,0.0,0.0,0.0,0.0,0.0,0.0,0.0,0.0,0.0,0.0,0.0,0.0,0.0,0.0,0.0,0.0,0.0,0.0,0.0,0.0,,,,,,,1.28
,,,,,,,,,,,,,,,,,,,,,,,,,0.0,0.0,0.0,0.0,0.0,0.0,0.0,0.0,0.0,0.0,0.0,0.0,0.0,0.0,0.0,0.0,0.0,0.0,0.0,0.0,0.0,0.0,0.0,0.0,0.0,0.0,0.0,0.0,0.0,0.0,0.0,0.0,0.0,0.0,0.0,0.0,0.0,0.0,0.0,0.0,0.0,0.0,0.0,0.0,0.0,0.0,0.0,0.0,0.0,0.0,0.0,0.0,0.0,0.0,0.0,0.0,0.0,0.0,0.0,0.0,0.0,0.0,0.0,0.0,0.0,0.0,0.0,0.0,0.0,0.0,0.0,0.0,0.0,0.0,0.0,0.0,0.0,0.0,0.0,0.0,0.0,0.0,0.0,0.0,0.0,0.0,0.0,0.0,0.0,0.0,0.0,0.0,0.0,0.0,0.0,0.0,0.0,0.0,0.0,0.0,0.0,0.0,0.0,0.0,0.0,0.0,0.0,0.0,0.0,0.0,0.0,0.0,0.0,0.0,0.0,0.0,0.0,0.0,0.0,0.0,0.0,0.0,0.0,0.0,0.0,0.0,0.0,0.0,0.0,0.0,0.0,0.0,0.0,0.0,0.0,0.0,0.0,0.0,0.0,0.0,0.0,0.0,0.0,0.0,0.0,0.0,0.0,0.0,0.0,0.0,0.0,0.0,0.0,0.0,0.0,0.0,0.0,0.0,0.0,0.0,0.0,0.0,0.0,0.0,0.0,0.0,0.0,0.0,0.0,0.0,0.0,0.0,0.0,0.0,0.0,0.0,0.0,0.0,0.0,0.0,0.0,0.0,0.0,0.0,0.0,0.0,0.0,0.0,0.0,0.0,0.0,0.0,0.0,0.0,0.0,0.0,0.0,0.0,0.0,0.0,0.0,0.0,0.0,0.0,0.0,0.0,0.0,0.0,0.0,0.0,0.0,0.0,0.0,0.0,0.0,0.0,0.0,0.0,0.0,0.0,0.0,0.0,0.0,0.0,0.0,0.0,0.0,0.0,0.0,0.0,0.0,0.0,0.0,0.0,0.0,0.0,0.0,0.0,0.0,0.0,0.0,0.0,0.0,0.0,0.0,0.0,0.0,0.0,0.0,0.0,0.0,0.0,0.0,0.0,0.0,0.0,0.0,0.0,0.0,0.0,0.0,0.0,0.0,0.0,0.0,0.0,0.0,0.0,0.0,0.0,0.0,0.0,0.0,0.0,0.0,0.0,0.0,0.0,0.0,0.0,0.0,0.0,0.0,0.0,0.0,0.0,0.0,0.0,0.0,0.0,0.0,0.0,0.0,0.0,0.0,0.0,0.0,0.0,0.0,0.0,0.0,0.0,0.0,0.0,0.0,0.0,0.0,0.0,0.0,0.0,0.0,0.0,0.0,0.0,0.0,0.0,0.0,0.0,0.0,0.0,0.0,0.0,0.0,0.0,0.0,0.0,0.0,0.0,0.0,0.0,0.0,0.0,0.0,0.0,0.0,0.0,0.0,0.0,0.0,0.0,0.0,0.0,0.0,0.0,0.0,0.0,0.0,0.0,0.0,0.0,0.0,0.0,0.0,0.0,0.0,0.0,0.0,0.0,0.0,0.0,0.0,0.0,0.0,0.0,0.0,0.0,0.0,0.0,0.0,0.0,0.0,0.0,0.0,0.0,0.0,0.0,0.0,0.0,0.0,0.0,0.0,0.0,0.0,0.0,0.0,0.0,0.0,0.0,0.0,0.0,0.0,0.0,0.0,0.0,0.0,0.0,0.0,0.0,0.0,0.0,0.0,0.0,0.0,0.0,0.0,0.0,0.0,0.0,0.0,0.0,0.0,0.0,0.0,0.0,0.0,0.0,0.0,0.0,0.0,0.0,0.0,0.0,0.0,0.0,0.0,0.0,0.0,0.0,0.0,0.0,0.0,0.0,0.0,0.0,0.0,0.0,0.0,0.0,0.0,0.0,0.0,0.0,0.0,0.0,0.0,0.0,0.0,0.0,0.0,0.0,0.0,0.0,0.0,0.0,0.0,0.0,0.0,0.0,0.0,0.0,0.0,0.0,0.0,0.0,0.0,0.0,0.0,0.0,0.0,0.0,0.0,0.0,0.0,0.0,0.0,0.0,0.0,0.0,0.0,0.0,0.0,0.0,0.0,0.0,0.0,0.0,0.0,0.0,0.0,0.0,0.0,0.0,0.0,0.0,0.0,0.0,0.0,0.0,0.0,0.0,,,,,,,1.26
,,,,,,,,,,,,,,,,,,,,,,,,,0.0,0.0,0.0,0.0,0.0,0.0,0.0,0.0,0.0,0.0,0.0,0.0,0.0,0.0,0.0,0.0,0.0,0.0,0.0,0.0,0.0,0.0,0.0,0.0,0.0,0.0,0.0,0.0,0.0,0.0,0.0,0.0,0.0,0.0,0.0,0.0,0.0,0.0,0.0,0.0,0.0,0.0,0.0,0.0,0.0,0.0,0.0,0.0,0.0,0.0,0.0,0.0,0.0,0.0,0.0,0.0,0.0,0.0,0.0,0.0,0.0,0.0,0.0,0.0,0.0,0.0,0.0,0.0,0.0,0.0,0.0,0.0,0.0,0.0,0.0,0.0,0.0,0.0,0.0,0.0,0.0,0.0,0.0,0.0,0.0,0.0,0.0,0.0,0.0,0.0,0.0,0.0,0.0,0.0,0.0,0.0,0.0,0.0,0.0,0.0,0.0,0.0,0.0,0.0,0.0,0.0,0.0,0.0,0.0,0.0,0.0,0.0,0.0,0.0,0.0,0.0,0.0,0.0,0.0,0.0,0.0,0.0,0.0,0.0,0.0,0.0,0.0,0.0,0.0,0.0,0.0,0.0,0.0,0.0,0.0,0.0,0.0,0.0,0.0,0.0,0.0,0.0,0.0,0.0,0.0,0.0,0.0,0.0,0.0,0.0,0.0,0.0,0.0,0.0,0.0,0.0,0.0,0.0,0.0,0.0,0.0,0.0,0.0,0.0,0.0,0.0,0.0,0.0,0.0,0.0,0.0,0.0,0.0,0.0,0.0,0.0,0.0,0.0,0.0,0.0,0.0,0.0,0.0,0.0,0.0,0.0,0.0,0.0,0.0,0.0,0.0,0.0,0.0,0.0,0.0,0.0,0.0,0.0,0.0,0.0,0.0,0.0,0.0,0.0,0.0,0.0,0.0,0.0,0.0,0.0,0.0,0.0,0.0,0.0,0.0,0.0,0.0,0.0,0.0,0.0,0.0,0.0,0.0,0.0,0.0,0.0,0.0,0.0,0.0,0.0,0.0,0.0,0.0,0.0,0.0,0.0,0.0,0.0,0.0,0.0,0.0,0.0,0.0,0.0,0.0,0.0,0.0,0.0,0.0,0.0,0.0,0.0,0.0,0.0,0.0,0.0,0.0,0.0,0.0,0.0,0.0,0.0,0.0,0.0,0.0,0.0,0.0,0.0,0.0,0.0,0.0,0.0,0.0,0.0,0.0,0.0,0.0,0.0,0.0,0.0,0.0,0.0,0.0,0.0,0.0,0.0,0.0,0.0,0.0,0.0,0.0,0.0,0.0,0.0,0.0,0.0,0.0,0.0,0.0,0.0,0.0,0.0,0.0,0.0,0.0,0.0,0.0,0.0,0.0,0.0,0.0,0.0,0.0,0.0,0.0,0.0,0.0,0.0,0.0,0.0,0.0,0.0,0.0,0.0,0.0,0.0,0.0,0.0,0.0,0.0,0.0,0.0,0.0,0.0,0.0,0.0,0.0,0.0,0.0,0.0,0.0,0.0,0.0,0.0,0.0,0.0,0.0,0.0,0.0,0.0,0.0,0.0,0.0,0.0,0.0,0.0,0.0,0.0,0.0,0.0,0.0,0.0,0.0,0.0,0.0,0.0,0.0,0.0,0.0,0.0,0.0,0.0,0.0,0.0,0.0,0.0,0.0,0.0,0.0,0.0,0.0,0.0,0.0,0.0,0.0,0.0,0.0,0.0,0.0,0.0,0.0,0.0,0.0,0.0,0.0,0.0,0.0,0.0,0.0,0.0,0.0,0.0,0.0,0.0,0.0,0.0,0.0,0.0,0.0,0.0,0.0,0.0,0.0,0.0,0.0,0.0,0.0,0.0,0.0,0.0,0.0,0.0,0.0,0.0,0.0,0.0,0.0,0.0,0.0,0.0,0.0,0.0,0.0,0.0,0.0,0.0,0.0,0.0,0.0,0.0,0.0,0.0,0.0,0.0,0.0,0.0,0.0,0.0,0.0,0.0,0.0,0.0,0.0,0.0,0.0,0.0,0.0,0.0,0.0,0.0,0.0,0.0,0.0,0.0,0.0,0.0,0.0,0.0,0.0,0.0,0.0,0.0,0.0,0.0,0.0,0.0,0.0,0.0,0.0,0.0,0.0,0.0,0.0,0.0,0.0,0.0,0.0,0.0,0.0,0.0,0.0,0.0,0.0,0.0,0.0,0.0,0.0,0.0,0.0,0.0,,,,,,,1.1
,,,,,,,,,,,,,,,,,,,,,,,,,0.0,0.0,0.0,0.0,0.0,0.0,0.0,0.0,0.0,0.0,0.0,0.0,0.0,0.0,0.0,0.0,0.0,0.0,0.0,0.0,0.0,0.0,0.0,0.0,0.0,0.0,0.0,0.0,0.0,0.0,0.0,0.0,0.0,0.0,0.0,0.0,0.0,0.0,0.0,0.0,0.0,0.0,0.0,0.0,0.0,0.0,0.0,0.0,0.0,0.0,0.0,0.0,0.0,0.0,0.0,0.0,0.0,0.0,0.0,0.0,0.0,0.0,0.0,0.0,0.0,0.0,0.0,0.0,0.0,0.0,0.0,0.0,0.0,0.0,0.0,0.0,0.0,0.0,0.0,0.0,0.0,0.0,0.0,0.0,0.0,0.0,0.0,0.0,0.0,0.0,0.0,0.0,0.0,0.0,0.0,0.0,0.0,0.0,0.0,0.0,0.0,0.0,0.0,0.0,0.0,0.0,0.0,0.0,0.0,0.0,0.0,0.0,0.0,0.0,0.0,0.0,0.0,0.0,0.0,0.0,0.0,0.0,0.0,0.0,0.0,0.0,0.0,0.0,0.0,0.0,0.0,0.0,0.0,0.0,0.0,0.0,0.0,0.0,0.0,0.0,0.0,0.0,0.0,0.0,0.0,0.0,0.0,0.0,0.0,0.0,0.0,0.0,0.0,0.0,0.0,0.0,0.0,0.0,0.0,0.0,0.0,0.0,0.0,0.0,0.0,0.0,0.0,0.0,0.0,0.0,0.0,0.0,0.0,0.0,0.0,0.0,0.0,0.0,0.0,0.0,0.0,0.0,0.0,0.0,0.0,0.0,0.0,0.0,0.0,0.0,0.0,0.0,0.0,0.0,0.0,0.0,0.0,0.0,0.0,0.0,0.0,0.0,0.0,0.0,0.0,0.0,0.0,0.0,0.0,0.0,0.0,0.0,0.0,0.0,0.0,0.0,0.0,0.0,0.0,0.0,0.0,0.0,0.0,0.0,0.0,0.0,0.0,0.0,0.0,0.0,0.0,0.0,0.0,0.0,0.0,0.0,0.0,0.0,0.0,0.0,0.0,0.0,0.0,0.0,0.0,0.0,0.0,0.0,0.0,0.0,0.0,0.0,0.0,0.0,0.0,0.0,0.0,0.0,0.0,0.0,0.0,0.0,0.0,0.0,0.0,0.0,0.0,0.0,0.0,0.0,0.0,0.0,0.0,0.0,0.0,0.0,0.0,0.0,0.0,0.0,0.0,0.0,0.0,0.0,0.0,0.0,0.0,0.0,0.0,0.0,0.0,0.0,0.0,0.0,0.0,0.0,0.0,0.0,0.0,0.0,0.0,0.0,0.0,0.0,0.0,0.0,0.0,0.0,0.0,0.0,0.0,0.0,0.0,0.0,0.0,0.0,0.0,0.0,0.0,0.0,0.0,0.0,0.0,0.0,0.0,0.0,0.0,0.0,0.0,0.0,0.0,0.0,0.0,0.0,0.0,0.0,0.0,0.0,0.0,0.0,0.0,0.0,0.0,0.0,0.0,0.0,0.0,0.0,0.0,0.0,0.0,0.0,0.0,0.0,0.0,0.0,0.0,0.0,0.0,0.0,0.0,0.0,0.0,0.0,0.0,0.0,0.0,0.0,0.0,0.0,0.0,0.0,0.0,0.0,0.0,0.0,0.0,0.0,0.0,0.0,0.0,0.0,0.0,0.0,0.0,0.0,0.0,0.0,0.0,0.0,0.0,0.0,0.0,0.0,0.0,0.0,0.0,0.0,0.0,0.0,0.0,0.0,0.0,0.0,0.0,0.0,0.0,0.0,0.0,0.0,0.0,0.0,0.0,0.0,0.0,0.0,0.0,0.0,0.0,0.0,0.0,0.0,0.0,0.0,0.0,0.0,0.0,0.0,0.0,0.0,0.0,0.0,0.0,0.0,0.0,0.0,0.0,0.0,0.0,0.0,0.0,0.0,0.0,0.0,0.0,0.0,0.0,0.0,0.0,0.0,0.0,0.0,0.0,0.0,0.0,0.0,0.0,0.0,0.0,0.0,0.0,0.0,0.0,0.0,0.0,0.0,0.0,0.0,0.0,0.0,0.0,0.0,0.0,0.0,0.0,0.0,0.0,0.0,0.0,0.0,0.0,0.0,0.0,0.0,0.0,0.0,0.0,0.0,0.0,0.0,0.0,0.0,0.0,0.0,0.0,0.0,0.0,0.0,0.0,0.0,,,,,,,0.9
,,,,,,,,,,,,,,,,,,,,,,,,,,,,,,,,,,,,,,,,,,,,,,,,,,,,,,,,,,,,,,,,,,,,,,,,,,,,,,,,,,,,,,,,,,,,,,,,,,,,,,,,,,,,,,,,,,,,,,,,,,,,,,,,,,,,,,,,,,,,,,,,,,,,,,,,,,,,,,,,,,,,,,,,,,,,,,,,,,,,,,,,,,,,,,,,,,,,,,,,,,,,,,,,,,,,,,,,,,,,,,,,,,,,,,,,,,,,,,,,,,,,,,,,,,,,,,,,,,,,,,,,,,,,,,,,,,,,,,,,,,,,,,,,,,,,,,,,,,,,,,,,,,,,,,,,,,,,,,,,,,,,,,,,,,,,,,,,,,,,,,,,,,,,,,,,,,,,,,,,,,,,,,,,,,,,,,,,,,,,,,,,,,,,,,,,,,,,,,,,,,,,,,,,,,,,,,,,,,,,,,,,,,,,,,,,,,,,,,,,,,,,,,,,,,,,,,,,,,,,,,,,,,,,,,,,,,,,,,,,,,,,,,,,,,,,,,,,,,,,,,,,,,,,,,,,,,,,,,,,,,,,,,,,,,,
,,,,,,,,,,,,,,,,,,,,,,,,,,,,,,,,,,,,,,,,,,,,,,,,,,,,,,,,,,,,,,,,,,,,,,,,,,,,,,,,,,,,,,,,,,,,,,,,,,,,,,,,,,,,,,,,,,,,,,,,,,,,,,,,,,,,,,,,,,,,,,,,,,,,,,,,,,,,,,,,,,,,,,,,,,,,,,,,,,,,,,,,,,,,,,,,,,,,,,,,,,,,,,,,,,,,,,,,,,,,,,,,,,,,,,,,,,,,,,,,,,,,,,,,,,,,,,,,,,,,,,,,,,,,,,,,,,,,,,,,,,,,,,,,,,,,,,,,,,,,,,,,,,,,,,,,,,,,,,,,,,,,,,,,,,,,,,,,,,,,,,,,,,,,,,,,,,,,,,,,,,,,,,,,,,,,,,,,,,,,,,,,,,,,,,,,,,,,,,,,,,,,,,,,,,,,,,,,,,,,,,,,,,,,,,,,,,,,,,,,,,,,,,,,,,,,,,,,,,,,,,,,,,,,,,,,,,,,,,,,,,,,,,,,,,,,,,,,,,,,,,,,,,,,,,,,,,,,,,,,,,,,,,,,,,,
,,,,,,,,,,,,,,,,,,,,,,,,,,,,,,,,,,,,,,,,,,,,,,,,,,,,,,,,,,,,,,,,,,,,,,,,,,,,,,,,,,,,,,,,,,,,,,,,,,,,,,,,,,,,,,,,,,,,,,,,,,,,,,,,,,,,,,,,,,,,,,,,,,,,,,,,,,,,,,,,,,,,,,,,,,,,,,,,,,,,,,,,,,,,,,,,,,,,,,,,,,,,,,,,,,,,,,,,,,,,,,,,,,,,,,,,,,,,,,,,,,,,,,,,,,,,,,,,,,,,,,,,,,,,,,,,,,,,,,,,,,,,,,,,,,,,,,,,,,,,,,,,,,,,,,,,,,,,,,,,,,,,,,,,,,,,,,,,,,,,,,,,,,,,,,,,,,,,,,,,,,,,,,,,,,,,,,,,,,,,,,,,,,,,,,,,,,,,,,,,,,,,,,,,,,,,,,,,,,,,,,,,,,,,,,,,,,,,,,,,,,,,,,,,,,,,,,,,,,,,,,,,,,,,,,,,,,,,,,,,,,,,,,,,,,,,,,,,,,,,,,,,,,,,,,,,,,,,,,,,,,,,,,,,,,,
,,,,,,,,,,,,,,,,,,,,,,,,,,,,,,,,,,,,,,,,,,,,,,,,,,,,,,,,,,,,,,,,,,,,,,,,,,,,,,,,,,,,,,,,,,,,,,,,,,,,,,,,,,,,,,,,,,,,,,,,,,,,,,,,,,,,,,,,,,,,,,,,,,,,,,,,,,,,,,,,,,,,,,,,,,,,,,,,,,,,,,,,,,,,,,,,,,,,,,,,,,,,,,,,,,,,,,,,,,,,,,,,,,,,,,,,,,,,,,,,,,,,,,,,,,,,,,,,,,,,,,,,,,,,,,,,,,,,,,,,,,,,,,,,,,,,,,,,,,,,,,,,,,,,,,,,,,,,,,,,,,,,,,,,,,,,,,,,,,,,,,,,,,,,,,,,,,,,,,,,,,,,,,,,,,,,,,,,,,,,,,,,,,,,,,,,,,,,,,,,,,,,,,,,,,,,,,,,,,,,,,,,,,,,,,,,,,,,,,,,,,,,,,,,,,,,,,,,,,,,,,,,,,,,,,,,,,,,,,,,,,,,,,,,,,,,,,,,,,,,,,,,,,,,,,,,,,,,,,,,,,,,,,,,,,,
,,,,,,,,,,,,,,,,,,,,,,,,,,,,,,,,,,,,,,,,,,,,,,,,,,,,,,,,,,,,,,,,,,,,,,,,,,,,,,,,,,,,,,,,,,,,,,,,,,,,,,,,,,,,,,,,,,,,,,,,,,,,,,,,,,,,,,,,,,,,,,,,,,,,,,,,,,,,,,,,,,,,,,,,,,,,,,,,,,,,,,,,,,,,,,,,,,,,,,,,,,,,,,,,,,,,,,,,,,,,,,,,,,,,,,,,,,,,,,,,,,,,,,,,,,,,,,,,,,,,,,,,,,,,,,,,,,,,,,,,,,,,,,,,,,,,,,,,,,,,,,,,,,,,,,,,,,,,,,,,,,,,,,,,,,,,,,,,,,,,,,,,,,,,,,,,,,,,,,,,,,,,,,,,,,,,,,,,,,,,,,,,,,,,,,,,,,,,,,,,,,,,,,,,,,,,,,,,,,,,,,,,,,,,,,,,,,,,,,,,,,,,,,,,,,,,,,,,,,,,,,,,,,,,,,,,,,,,,,,,,,,,,,,,,,,,,,,,,,,,,,,,,,,,,,,,,,,,,,,,,,,,,,,,,,,
,,,,,,,,,,,,,,,,,,,,,,,,,,,,,,,,,,,,,,,,,,,,,,,,,,,,,,,,,,,,,,,,,,,,,,,,,,,,,,,,,,,,,,,,,,,,,,,,,,,,,,,,,,,,,,,,,,,,,,,,,,,,,,,,,,,,,,,,,,,,,,,,,,,,,,,,,,,,,,,,,,,,,,,,,,,,,,,,,,,,,,,,,,,,,,,,,,,,,,,,,,,,,,,,,,,,,,,,,,,,,,,,,,,,,,,,,,,,,,,,,,,,,,,,,,,,,,,,,,,,,,,,,,,,,,,,,,,,,,,,,,,,,,,,,,,,,,,,,,,,,,,,,,,,,,,,,,,,,,,,,,,,,,,,,,,,,,,,,,,,,,,,,,,,,,,,,,,,,,,,,,,,,,,,,,,,,,,,,,,,,,,,,,,,,,,,,,,,,,,,,,,,,,,,,,,,,,,,,,,,,,,,,,,,,,,,,,,,,,,,,,,,,,,,,,,,,,,,,,,,,,,,,,,,,,,,,,,,,,,,,,,,,,,,,,,,,,,,,,,,,,,,,,,,,,,,,,,,,,,,,,,,,,,,,,,
,,,,,,,,,,,,,,,,,,,,,,,,,,,,,,,,,,,,,,,,,,,,,,,,,,,,,,,,,,,,,,,,,,,,,,,,,,,,,,,,,,,,,,,,,,,,,,,,,,,,,,,,,,,,,,,,,,,,,,,,,,,,,,,,,,,,,,,,,,,,,,,,,,,,,,,,,,,,,,,,,,,,,,,,,,,,,,,,,,,,,,,,,,,,,,,,,,,,,,,,,,,,,,,,,,,,,,,,,,,,,,,,,,,,,,,,,,,,,,,,,,,,,,,,,,,,,,,,,,,,,,,,,,,,,,,,,,,,,,,,,,,,,,,,,,,,,,,,,,,,,,,,,,,,,,,,,,,,,,,,,,,,,,,,,,,,,,,,,,,,,,,,,,,,,,,,,,,,,,,,,,,,,,,,,,,,,,,,,,,,,,,,,,,,,,,,,,,,,,,,,,,,,,,,,,,,,,,,,,,,,,,,,,,,,,,,,,,,,,,,,,,,,,,,,,,,,,,,,,,,,,,,,,,,,,,,,,,,,,,,,,,,,,,,,,,,,,,,,,,,,,,,,,,,,,,,,,,,,,,,,,,,,,,,,,,
,,,,,,,,,,,,,,,,,,,,,,,,,,,,,,,,,,,,,,,,,,,,,,,,,,,,,,,,,,,,,,,,,,,,,,,,,,,,,,,,,,,,,,,,,,,,,,,,,,,,,,,,,,,,,,,,,,,,,,,,,,,,,,,,,,,,,,,,,,,,,,,,,,,,,,,,,,,,,,,,,,,,,,,,,,,,,,,,,,,,,,,,,,,,,,,,,,,,,,,,,,,,,,,,,,,,,,,,,,,,,,,,,,,,,,,,,,,,,,,,,,,,,,,,,,,,,,,,,,,,,,,,,,,,,,,,,,,,,,,,,,,,,,,,,,,,,,,,,,,,,,,,,,,,,,,,,,,,,,,,,,,,,,,,,,,,,,,,,,,,,,,,,,,,,,,,,,,,,,,,,,,,,,,,,,,,,,,,,,,,,,,,,,,,,,,,,,,,,,,,,,,,,,,,,,,,,,,,,,,,,,,,,,,,,,,,,,,,,,,,,,,,,,,,,,,,,,,,,,,,,,,,,,,,,,,,,,,,,,,,,,,,,,,,,,,,,,,,,,,,,,,,,,,,,,,,,,,,,,,,,,,,,,,,,,,
,,,,,,,,,,,,,,,,,,,,,,,,,,,,,,,,,,,,,,,,,,,,,,,,,,,,,,,,,,,,,,,,,,,,,,,,,,,,,,,,,,,,,,,,,,,,,,,,,,,,,,,,,,,,,,,,,,,,,,,,,,,,,,,,,,,,,,,,,,,,,,,,,,,,,,,,,,,,,,,,,,,,,,,,,,,,,,,,,,,,,,,,,,,,,,,,,,,,,,,,,,,,,,,,,,,,,,,,,,,,,,,,,,,,,,,,,,,,,,,,,,,,,,,,,,,,,,,,,,,,,,,,,,,,,,,,,,,,,,,,,,,,,,,,,,,,,,,,,,,,,,,,,,,,,,,,,,,,,,,,,,,,,,,,,,,,,,,,,,,,,,,,,,,,,,,,,,,,,,,,,,,,,,,,,,,,,,,,,,,,,,,,,,,,,,,,,,,,,,,,,,,,,,,,,,,,,,,,,,,,,,,,,,,,,,,,,,,,,,,,,,,,,,,,,,,,,,,,,,,,,,,,,,,,,,,,,,,,,,,,,,,,,,,,,,,,,,,,,,,,,,,,,,,,,,,,,,,,,,,,,,,,,,,,,,,
,,,,,,,,,,,,,,,,,,,,,,,,,,,,,,,,,,,,,,,,,,,,,,,,,,,,,,,,,,,,,,,,,,,,,,,,,,,,,,,,,,,,,,,,,,,,,,,,,,,,,,,,,,,,,,,,,,,,,,,,,,,,,,,,,,,,,,,,,,,,,,,,,,,,,,,,,,,,,,,,,,,,,,,,,,,,,,,,,,,,,,,,,,,,,,,,,,,,,,,,,,,,,,,,,,,,,,,,,,,,,,,,,,,,,,,,,,,,,,,,,,,,,,,,,,,,,,,,,,,,,,,,,,,,,,,,,,,,,,,,,,,,,,,,,,,,,,,,,,,,,,,,,,,,,,,,,,,,,,,,,,,,,,,,,,,,,,,,,,,,,,,,,,,,,,,,,,,,,,,,,,,,,,,,,,,,,,,,,,,,,,,,,,,,,,,,,,,,,,,,,,,,,,,,,,,,,,,,,,,,,,,,,,,,,,,,,,,,,,,,,,,,,,,,,,,,,,,,,,,,,,,,,,,,,,,,,,,,,,,,,,,,,,,,,,,,,,,,,,,,,,,,,,,,,,,,,,,,,,,,,,,,,,,,,,,
,,,,,,,,,,,,,,,,,,,,,,,,,,,,,,,,,,,,,,,,,,,,,,,,,,,,,,,,,,,,,,,,,,,,,,,,,,,,,,,,,,,,,,,,,,,,,,,,,,,,,,,,,,,,,,,,,,,,,,,,,,,,,,,,,,,,,,,,,,,,,,,,,,,,,,,,,,,,,,,,,,,,,,,,,,,,,,,,,,,,,,,,,,,,,,,,,,,,,,,,,,,,,,,,,,,,,,,,,,,,,,,,,,,,,,,,,,,,,,,,,,,,,,,,,,,,,,,,,,,,,,,,,,,,,,,,,,,,,,,,,,,,,,,,,,,,,,,,,,,,,,,,,,,,,,,,,,,,,,,,,,,,,,,,,,,,,,,,,,,,,,,,,,,,,,,,,,,,,,,,,,,,,,,,,,,,,,,,,,,,,,,,,,,,,,,,,,,,,,,,,,,,,,,,,,,,,,,,,,,,,,,,,,,,,,,,,,,,,,,,,,,,,,,,,,,,,,,,,,,,,,,,,,,,,,,,,,,,,,,,,,,,,,,,,,,,,,,,,,,,,,,,,,,,,,,,,,,,,,,,,,,,,,,,,,,
,,,,,,,,,,,,,,,,,,,,,,,,,,,,,,,,,,,,,,,,,,,,,,,,,,,,,,,,,,,,,,,,,,,,,,,,,,,,,,,,,,,,,,,,,,,,,,,,,,,,,,,,,,,,,,,,,,,,,,,,,,,,,,,,,,,,,,,,,,,,,,,,,,,,,,,,,,,,,,,,,,,,,,,,,,,,,,,,,,,,,,,,,,,,,,,,,,,,,,,,,,,,,,,,,,,,,,,,,,,,,,,,,,,,,,,,,,,,,,,,,,,,,,,,,,,,,,,,,,,,,,,,,,,,,,,,,,,,,,,,,,,,,,,,,,,,,,,,,,,,,,,,,,,,,,,,,,,,,,,,,,,,,,,,,,,,,,,,,,,,,,,,,,,,,,,,,,,,,,,,,,,,,,,,,,,,,,,,,,,,,,,,,,,,,,,,,,,,,,,,,,,,,,,,,,,,,,,,,,,,,,,,,,,,,,,,,,,,,,,,,,,,,,,,,,,,,,,,,,,,,,,,,,,,,,,,,,,,,,,,,,,,,,,,,,,,,,,,,,,,,,,,,,,,,,,,,,,,,,,,,,,,,,,,,,,
,,,,,,,,,,,,,,,,,,,,,,,,,,,,,,,,,,,,,,,,,,,,,,,,,,,,,,,,,,,,,,,,,,,,,,,,,,,,,,,,,,,,,,,,,,,,,,,,,,,,,,,,,,,,,,,,,,,,,,,,,,,,,,,,,,,,,,,,,,,,,,,,,,,,,,,,,,,,,,,,,,,,,,,,,,,,,,,,,,,,,,,,,,,,,,,,,,,,,,,,,,,,,,,,,,,,,,,,,,,,,,,,,,,,,,,,,,,,,,,,,,,,,,,,,,,,,,,,,,,,,,,,,,,,,,,,,,,,,,,,,,,,,,,,,,,,,,,,,,,,,,,,,,,,,,,,,,,,,,,,,,,,,,,,,,,,,,,,,,,,,,,,,,,,,,,,,,,,,,,,,,,,,,,,,,,,,,,,,,,,,,,,,,,,,,,,,,,,,,,,,,,,,,,,,,,,,,,,,,,,,,,,,,,,,,,,,,,,,,,,,,,,,,,,,,,,,,,,,,,,,,,,,,,,,,,,,,,,,,,,,,,,,,,,,,,,,,,,,,,,,,,,,,,,,,,,,,,,,,,,,,,,,,,,,,,
,,,,,,,,,,,,,,,,,,,,,,,,,,,,,,,,,,,,,,,,,,,,,,,,,,,,,,,,,,,,,,,,,,,,,,,,,,,,,,,,,,,,,,,,,,,,,,,,,,,,,,,,,,,,,,,,,,,,,,,,,,,,,,,,,,,,,,,,,,,,,,,,,,,,,,,,,,,,,,,,,,,,,,,,,,,,,,,,,,,,,,,,,,,,,,,,,,,,,,,,,,,,,,,,,,,,,,,,,,,,,,,,,,,,,,,,,,,,,,,,,,,,,,,,,,,,,,,,,,,,,,,,,,,,,,,,,,,,,,,,,,,,,,,,,,,,,,,,,,,,,,,,,,,,,,,,,,,,,,,,,,,,,,,,,,,,,,,,,,,,,,,,,,,,,,,,,,,,,,,,,,,,,,,,,,,,,,,,,,,,,,,,,,,,,,,,,,,,,,,,,,,,,,,,,,,,,,,,,,,,,,,,,,,,,,,,,,,,,,,,,,,,,,,,,,,,,,,,,,,,,,,,,,,,,,,,,,,,,,,,,,,,,,,,,,,,,,,,,,,,,,,,,,,,,,,,,,,,,,,,,,,,,,,,,,,
,,,,,,,,,,,,,,,,,,,,,,,,,,,,,,,,,,,,,,,,,,,,,,,,,,,,,,,,,,,,,,,,,,,,,,,,,,,,,,,,,,,,,,,,,,,,,,,,,,,,,,,,,,,,,,,,,,,,,,,,,,,,,,,,,,,,,,,,,,,,,,,,,,,,,,,,,,,,,,,,,,,,,,,,,,,,,,,,,,,,,,,,,,,,,,,,,,,,,,,,,,,,,,,,,,,,,,,,,,,,,,,,,,,,,,,,,,,,,,,,,,,,,,,,,,,,,,,,,,,,,,,,,,,,,,,,,,,,,,,,,,,,,,,,,,,,,,,,,,,,,,,,,,,,,,,,,,,,,,,,,,,,,,,,,,,,,,,,,,,,,,,,,,,,,,,,,,,,,,,,,,,,,,,,,,,,,,,,,,,,,,,,,,,,,,,,,,,,,,,,,,,,,,,,,,,,,,,,,,,,,,,,,,,,,,,,,,,,,,,,,,,,,,,,,,,,,,,,,,,,,,,,,,,,,,,,,,,,,,,,,,,,,,,,,,,,,,,,,,,,,,,,,,,,,,,,,,,,,,,,,,,,,,,,,,,
,,,,,,,,,,,,,,,,,,,,,,,,,,,,,,,,,,,,,,,,,,,,,,,,,,,,,,,,,,,,,,,,,,,,,,,,,,,,,,,,,,,,,,,,,,,,,,,,,,,,,,,,,,,,,,,,,,,,,,,,,,,,,,,,,,,,,,,,,,,,,,,,,,,,,,,,,,,,,,,,,,,,,,,,,,,,,,,,,,,,,,,,,,,,,,,,,,,,,,,,,,,,,,,,,,,,,,,,,,,,,,,,,,,,,,,,,,,,,,,,,,,,,,,,,,,,,,,,,,,,,,,,,,,,,,,,,,,,,,,,,,,,,,,,,,,,,,,,,,,,,,,,,,,,,,,,,,,,,,,,,,,,,,,,,,,,,,,,,,,,,,,,,,,,,,,,,,,,,,,,,,,,,,,,,,,,,,,,,,,,,,,,,,,,,,,,,,,,,,,,,,,,,,,,,,,,,,,,,,,,,,,,,,,,,,,,,,,,,,,,,,,,,,,,,,,,,,,,,,,,,,,,,,,,,,,,,,,,,,,,,,,,,,,,,,,,,,,,,,,,,,,,,,,,,,,,,,,,,,,,,,,,,,,,,,,
,,,,,,,,,,,,,,,,,,,,,,,,,,,,,,,,,,,,,,,,,,,,,,,,,,,,,,,,,,,,,,,,,,,,,,,,,,,,,,,,,,,,,,,,,,,,,,,,,,,,,,,,,,,,,,,,,,,,,,,,,,,,,,,,,,,,,,,,,,,,,,,,,,,,,,,,,,,,,,,,,,,,,,,,,,,,,,,,,,,,,,,,,,,,,,,,,,,,,,,,,,,,,,,,,,,,,,,,,,,,,,,,,,,,,,,,,,,,,,,,,,,,,,,,,,,,,,,,,,,,,,,,,,,,,,,,,,,,,,,,,,,,,,,,,,,,,,,,,,,,,,,,,,,,,,,,,,,,,,,,,,,,,,,,,,,,,,,,,,,,,,,,,,,,,,,,,,,,,,,,,,,,,,,,,,,,,,,,,,,,,,,,,,,,,,,,,,,,,,,,,,,,,,,,,,,,,,,,,,,,,,,,,,,,,,,,,,,,,,,,,,,,,,,,,,,,,,,,,,,,,,,,,,,,,,,,,,,,,,,,,,,,,,,,,,,,,,,,,,,,,,,,,,,,,,,,,,,,,,,,,,,,,,,,,,,
,,,,,,,,,,,,,,,,,,,,,,,,,,,,,,,,,,,,,,,,,,,,,,,,,,,,,,,,,,,,,,,,,,,,,,,,,,,,,,,,,,,,,,,,,,,,,,,,,,,,,,,,,,,,,,,,,,,,,,,,,,,,,,,,,,,,,,,,,,,,,,,,,,,,,,,,,,,,,,,,,,,,,,,,,,,,,,,,,,,,,,,,,,,,,,,,,,,,,,,,,,,,,,,,,,,,,,,,,,,,,,,,,,,,,,,,,,,,,,,,,,,,,,,,,,,,,,,,,,,,,,,,,,,,,,,,,,,,,,,,,,,,,,,,,,,,,,,,,,,,,,,,,,,,,,,,,,,,,,,,,,,,,,,,,,,,,,,,,,,,,,,,,,,,,,,,,,,,,,,,,,,,,,,,,,,,,,,,,,,,,,,,,,,,,,,,,,,,,,,,,,,,,,,,,,,,,,,,,,,,,,,,,,,,,,,,,,,,,,,,,,,,,,,,,,,,,,,,,,,,,,,,,,,,,,,,,,,,,,,,,,,,,,,,,,,,,,,,,,,,,,,,,,,,,,,,,,,,,,,,,,,,,,,,,,,
,,,,,,,,,,,,,,,,,,,,,,,,,,,,,,,,,,,,,,,,,,,,,,,,,,,,,,,,,,,,,,,,,,,,,,,,,,,,,,,,,,,,,,,,,,,,,,,,,,,,,,,,,,,,,,,,,,,,,,,,,,,,,,,,,,,,,,,,,,,,,,,,,,,,,,,,,,,,,,,,,,,,,,,,,,,,,,,,,,,,,,,,,,,,,,,,,,,,,,,,,,,,,,,,,,,,,,,,,,,,,,,,,,,,,,,,,,,,,,,,,,,,,,,,,,,,,,,,,,,,,,,,,,,,,,,,,,,,,,,,,,,,,,,,,,,,,,,,,,,,,,,,,,,,,,,,,,,,,,,,,,,,,,,,,,,,,,,,,,,,,,,,,,,,,,,,,,,,,,,,,,,,,,,,,,,,,,,,,,,,,,,,,,,,,,,,,,,,,,,,,,,,,,,,,,,,,,,,,,,,,,,,,,,,,,,,,,,,,,,,,,,,,,,,,,,,,,,,,,,,,,,,,,,,,,,,,,,,,,,,,,,,,,,,,,,,,,,,,,,,,,,,,,,,,,,,,,,,,,,,,,,,,,,,,,,
,,,,,,,,,,,,,,,,,,,,,,,,,,,,,,,,,,,,,,,,,,,,,,,,,,,,,,,,,,,,,,,,,,,,,,,,,,,,,,,,,,,,,,,,,,,,,,,,,,,,,,,,,,,,,,,,,,,,,,,,,,,,,,,,,,,,,,,,,,,,,,,,,,,,,,,,,,,,,,,,,,,,,,,,,,,,,,,,,,,,,,,,,,,,,,,,,,,,,,,,,,,,,,,,,,,,,,,,,,,,,,,,,,,,,,,,,,,,,,,,,,,,,,,,,,,,,,,,,,,,,,,,,,,,,,,,,,,,,,,,,,,,,,,,,,,,,,,,,,,,,,,,,,,,,,,,,,,,,,,,,,,,,,,,,,,,,,,,,,,,,,,,,,,,,,,,,,,,,,,,,,,,,,,,,,,,,,,,,,,,,,,,,,,,,,,,,,,,,,,,,,,,,,,,,,,,,,,,,,,,,,,,,,,,,,,,,,,,,,,,,,,,,,,,,,,,,,,,,,,,,,,,,,,,,,,,,,,,,,,,,,,,,,,,,,,,,,,,,,,,,,,,,,,,,,,,,,,,,,,,,,,,,,,,,,,
,,,,,,,,,,,,,,,,,,,,,,,,,,,,,,,,,,,,,,,,,,,,,,,,,,,,,,,,,,,,,,,,,,,,,,,,,,,,,,,,,,,,,,,,,,,,,,,,,,,,,,,,,,,,,,,,,,,,,,,,,,,,,,,,,,,,,,,,,,,,,,,,,,,,,,,,,,,,,,,,,,,,,,,,,,,,,,,,,,,,,,,,,,,,,,,,,,,,,,,,,,,,,,,,,,,,,,,,,,,,,,,,,,,,,,,,,,,,,,,,,,,,,,,,,,,,,,,,,,,,,,,,,,,,,,,,,,,,,,,,,,,,,,,,,,,,,,,,,,,,,,,,,,,,,,,,,,,,,,,,,,,,,,,,,,,,,,,,,,,,,,,,,,,,,,,,,,,,,,,,,,,,,,,,,,,,,,,,,,,,,,,,,,,,,,,,,,,,,,,,,,,,,,,,,,,,,,,,,,,,,,,,,,,,,,,,,,,,,,,,,,,,,,,,,,,,,,,,,,,,,,,,,,,,,,,,,,,,,,,,,,,,,,,,,,,,,,,,,,,,,,,,,,,,,,,,,,,,,,,,,,,,,,,,,,,
,,,,,,,,,,,,,,,,,,,,,,,,,,,,,,,,,,,,,,,,,,,,,,,,,,,,,,,,,,,,,,,,,,,,,,,,,,,,,,,,,,,,,,,,,,,,,,,,,,,,,,,,,,,,,,,,,,,,,,,,,,,,,,,,,,,,,,,,,,,,,,,,,,,,,,,,,,,,,,,,,,,,,,,,,,,,,,,,,,,,,,,,,,,,,,,,,,,,,,,,,,,,,,,,,,,,,,,,,,,,,,,,,,,,,,,,,,,,,,,,,,,,,,,,,,,,,,,,,,,,,,,,,,,,,,,,,,,,,,,,,,,,,,,,,,,,,,,,,,,,,,,,,,,,,,,,,,,,,,,,,,,,,,,,,,,,,,,,,,,,,,,,,,,,,,,,,,,,,,,,,,,,,,,,,,,,,,,,,,,,,,,,,,,,,,,,,,,,,,,,,,,,,,,,,,,,,,,,,,,,,,,,,,,,,,,,,,,,,,,,,,,,,,,,,,,,,,,,,,,,,,,,,,,,,,,,,,,,,,,,,,,,,,,,,,,,,,,,,,,,,,,,,,,,,,,,,,,,,,,,,,,,,,,,,,,
,,,,,,,,,,,,,,,,,,,,,,,,,,,,,,,,,,,,,,,,,,,,,,,,,,,,,,,,,,,,,,,,,,,,,,,,,,,,,,,,,,,,,,,,,,,,,,,,,,,,,,,,,,,,,,,,,,,,,,,,,,,,,,,,,,,,,,,,,,,,,,,,,,,,,,,,,,,,,,,,,,,,,,,,,,,,,,,,,,,,,,,,,,,,,,,,,,,,,,,,,,,,,,,,,,,,,,,,,,,,,,,,,,,,,,,,,,,,,,,,,,,,,,,,,,,,,,,,,,,,,,,,,,,,,,,,,,,,,,,,,,,,,,,,,,,,,,,,,,,,,,,,,,,,,,,,,,,,,,,,,,,,,,,,,,,,,,,,,,,,,,,,,,,,,,,,,,,,,,,,,,,,,,,,,,,,,,,,,,,,,,,,,,,,,,,,,,,,,,,,,,,,,,,,,,,,,,,,,,,,,,,,,,,,,,,,,,,,,,,,,,,,,,,,,,,,,,,,,,,,,,,,,,,,,,,,,,,,,,,,,,,,,,,,,,,,,,,,,,,,,,,,,,,,,,,,,,,,,,,,,,,,,,,,,,,
,,,,,,,,,,,,,,,,,,,,,,,,,,,,,,,,,,,,,,,,,,,,,,,,,,,,,,,,,,,,,,,,,,,,,,,,,,,,,,,,,,,,,,,,,,,,,,,,,,,,,,,,,,,,,,,,,,,,,,,,,,,,,,,,,,,,,,,,,,,,,,,,,,,,,,,,,,,,,,,,,,,,,,,,,,,,,,,,,,,,,,,,,,,,,,,,,,,,,,,,,,,,,,,,,,,,,,,,,,,,,,,,,,,,,,,,,,,,,,,,,,,,,,,,,,,,,,,,,,,,,,,,,,,,,,,,,,,,,,,,,,,,,,,,,,,,,,,,,,,,,,,,,,,,,,,,,,,,,,,,,,,,,,,,,,,,,,,,,,,,,,,,,,,,,,,,,,,,,,,,,,,,,,,,,,,,,,,,,,,,,,,,,,,,,,,,,,,,,,,,,,,,,,,,,,,,,,,,,,,,,,,,,,,,,,,,,,,,,,,,,,,,,,,,,,,,,,,,,,,,,,,,,,,,,,,,,,,,,,,,,,,,,,,,,,,,,,,,,,,,,,,,,,,,,,,,,,,,,,,,,,,,,,,,,,,
,,,,,,,,,,,,,,,,,,,,,,,,,,,,,,,,,,,,,,,,,,,,,,,,,,,,,,,,,,,,,,,,,,,,,,,,,,,,,,,,,,,,,,,,,,,,,,,,,,,,,,,,,,,,,,,,,,,,,,,,,,,,,,,,,,,,,,,,,,,,,,,,,,,,,,,,,,,,,,,,,,,,,,,,,,,,,,,,,,,,,,,,,,,,,,,,,,,,,,,,,,,,,,,,,,,,,,,,,,,,,,,,,,,,,,,,,,,,,,,,,,,,,,,,,,,,,,,,,,,,,,,,,,,,,,,,,,,,,,,,,,,,,,,,,,,,,,,,,,,,,,,,,,,,,,,,,,,,,,,,,,,,,,,,,,,,,,,,,,,,,,,,,,,,,,,,,,,,,,,,,,,,,,,,,,,,,,,,,,,,,,,,,,,,,,,,,,,,,,,,,,,,,,,,,,,,,,,,,,,,,,,,,,,,,,,,,,,,,,,,,,,,,,,,,,,,,,,,,,,,,,,,,,,,,,,,,,,,,,,,,,,,,,,,,,,,,,,,,,,,,,,,,,,,,,,,,,,,,,,,,,,,,,,,,,,
,,,,,,,,,,,,,,,,,,,,,,,,,,,,,,,,,,,,,,,,,,,,,,,,,,,,,,,,,,,,,,,,,,,,,,,,,,,,,,,,,,,,,,,,,,,,,,,,,,,,,,,,,,,,,,,,,,,,,,,,,,,,,,,,,,,,,,,,,,,,,,,,,,,,,,,,,,,,,,,,,,,,,,,,,,,,,,,,,,,,,,,,,,,,,,,,,,,,,,,,,,,,,,,,,,,,,,,,,,,,,,,,,,,,,,,,,,,,,,,,,,,,,,,,,,,,,,,,,,,,,,,,,,,,,,,,,,,,,,,,,,,,,,,,,,,,,,,,,,,,,,,,,,,,,,,,,,,,,,,,,,,,,,,,,,,,,,,,,,,,,,,,,,,,,,,,,,,,,,,,,,,,,,,,,,,,,,,,,,,,,,,,,,,,,,,,,,,,,,,,,,,,,,,,,,,,,,,,,,,,,,,,,,,,,,,,,,,,,,,,,,,,,,,,,,,,,,,,,,,,,,,,,,,,,,,,,,,,,,,,,,,,,,,,,,,,,,,,,,,,,,,,,,,,,,,,,,,,,,,,,,,,,,,,,,,
,,,,,,,,,,,,,,,,,,,,,,,,,,,,,,,,,,,,,,,,,,,,,,,,,,,,,,,,,,,,,,,,,,,,,,,,,,,,,,,,,,,,,,,,,,,,,,,,,,,,,,,,,,,,,,,,,,,,,,,,,,,,,,,,,,,,,,,,,,,,,,,,,,,,,,,,,,,,,,,,,,,,,,,,,,,,,,,,,,,,,,,,,,,,,,,,,,,,,,,,,,,,,,,,,,,,,,,,,,,,,,,,,,,,,,,,,,,,,,,,,,,,,,,,,,,,,,,,,,,,,,,,,,,,,,,,,,,,,,,,,,,,,,,,,,,,,,,,,,,,,,,,,,,,,,,,,,,,,,,,,,,,,,,,,,,,,,,,,,,,,,,,,,,,,,,,,,,,,,,,,,,,,,,,,,,,,,,,,,,,,,,,,,,,,,,,,,,,,,,,,,,,,,,,,,,,,,,,,,,,,,,,,,,,,,,,,,,,,,,,,,,,,,,,,,,,,,,,,,,,,,,,,,,,,,,,,,,,,,,,,,,,,,,,,,,,,,,,,,,,,,,,,,,,,,,,,,,,,,,,,,,,,,,,,,,
,,,,,,,,,,,,,,,,,,,,,,,,,,,,,,,,,,,,,,,,,,,,,,,,,,,,,,,,,,,,,,,,,,,,,,,,,,,,,,,,,,,,,,,,,,,,,,,,,,,,,,,,,,,,,,,,,,,,,,,,,,,,,,,,,,,,,,,,,,,,,,,,,,,,,,,,,,,,,,,,,,,,,,,,,,,,,,,,,,,,,,,,,,,,,,,,,,,,,,,,,,,,,,,,,,,,,,,,,,,,,,,,,,,,,,,,,,,,,,,,,,,,,,,,,,,,,,,,,,,,,,,,,,,,,,,,,,,,,,,,,,,,,,,,,,,,,,,,,,,,,,,,,,,,,,,,,,,,,,,,,,,,,,,,,,,,,,,,,,,,,,,,,,,,,,,,,,,,,,,,,,,,,,,,,,,,,,,,,,,,,,,,,,,,,,,,,,,,,,,,,,,,,,,,,,,,,,,,,,,,,,,,,,,,,,,,,,,,,,,,,,,,,,,,,,,,,,,,,,,,,,,,,,,,,,,,,,,,,,,,,,,,,,,,,,,,,,,,,,,,,,,,,,,,,,,,,,,,,,,,,,,,,,,,,,,
,,,,,,,,,,,,,,,,,,,,,,,,,,,,,,,,,,,,,,,,,,,,,,,,,,,,,,,,,,,,,,,,,,,,,,,,,,,,,,,,,,,,,,,,,,,,,,,,,,,,,,,,,,,,,,,,,,,,,,,,,,,,,,,,,,,,,,,,,,,,,,,,,,,,,,,,,,,,,,,,,,,,,,,,,,,,,,,,,,,,,,,,,,,,,,,,,,,,,,,,,,,,,,,,,,,,,,,,,,,,,,,,,,,,,,,,,,,,,,,,,,,,,,,,,,,,,,,,,,,,,,,,,,,,,,,,,,,,,,,,,,,,,,,,,,,,,,,,,,,,,,,,,,,,,,,,,,,,,,,,,,,,,,,,,,,,,,,,,,,,,,,,,,,,,,,,,,,,,,,,,,,,,,,,,,,,,,,,,,,,,,,,,,,,,,,,,,,,,,,,,,,,,,,,,,,,,,,,,,,,,,,,,,,,,,,,,,,,,,,,,,,,,,,,,,,,,,,,,,,,,,,,,,,,,,,,,,,,,,,,,,,,,,,,,,,,,,,,,,,,,,,,,,,,,,,,,,,,,,,,,,,,,,,,,,,
,,,,,,,,,,,,,,,,,,,,,,,,,,,,,,,,,,,,,,,,,,,,,,,,,,,,,,,,,,,,,,,,,,,,,,,,,,,,,,,,,,,,,,,,,,,,,,,,,,,,,,,,,,,,,,,,,,,,,,,,,,,,,,,,,,,,,,,,,,,,,,,,,,,,,,,,,,,,,,,,,,,,,,,,,,,,,,,,,,,,,,,,,,,,,,,,,,,,,,,,,,,,,,,,,,,,,,,,,,,,,,,,,,,,,,,,,,,,,,,,,,,,,,,,,,,,,,,,,,,,,,,,,,,,,,,,,,,,,,,,,,,,,,,,,,,,,,,,,,,,,,,,,,,,,,,,,,,,,,,,,,,,,,,,,,,,,,,,,,,,,,,,,,,,,,,,,,,,,,,,,,,,,,,,,,,,,,,,,,,,,,,,,,,,,,,,,,,,,,,,,,,,,,,,,,,,,,,,,,,,,,,,,,,,,,,,,,,,,,,,,,,,,,,,,,,,,,,,,,,,,,,,,,,,,,,,,,,,,,,,,,,,,,,,,,,,,,,,,,,,,,,,,,,,,,,,,,,,,,,,,,,,,,,,,,,
,,,,,,,,,,,,,,,,,,,,,,,,,,,,,,,,,,,,,,,,,,,,,,,,,,,,,,,,,,,,,,,,,,,,,,,,,,,,,,,,,,,,,,,,,,,,,,,,,,,,,,,,,,,,,,,,,,,,,,,,,,,,,,,,,,,,,,,,,,,,,,,,,,,,,,,,,,,,,,,,,,,,,,,,,,,,,,,,,,,,,,,,,,,,,,,,,,,,,,,,,,,,,,,,,,,,,,,,,,,,,,,,,,,,,,,,,,,,,,,,,,,,,,,,,,,,,,,,,,,,,,,,,,,,,,,,,,,,,,,,,,,,,,,,,,,,,,,,,,,,,,,,,,,,,,,,,,,,,,,,,,,,,,,,,,,,,,,,,,,,,,,,,,,,,,,,,,,,,,,,,,,,,,,,,,,,,,,,,,,,,,,,,,,,,,,,,,,,,,,,,,,,,,,,,,,,,,,,,,,,,,,,,,,,,,,,,,,,,,,,,,,,,,,,,,,,,,,,,,,,,,,,,,,,,,,,,,,,,,,,,,,,,,,,,,,,,,,,,,,,,,,,,,,,,,,,,,,,,,,,,,,,,,,,,,,
,,,,,,,,,,,,,,,,,,,,,,,,,,,,,,,,,,,,,,,,,,,,,,,,,,,,,,,,,,,,,,,,,,,,,,,,,,,,,,,,,,,,,,,,,,,,,,,,,,,,,,,,,,,,,,,,,,,,,,,,,,,,,,,,,,,,,,,,,,,,,,,,,,,,,,,,,,,,,,,,,,,,,,,,,,,,,,,,,,,,,,,,,,,,,,,,,,,,,,,,,,,,,,,,,,,,,,,,,,,,,,,,,,,,,,,,,,,,,,,,,,,,,,,,,,,,,,,,,,,,,,,,,,,,,,,,,,,,,,,,,,,,,,,,,,,,,,,,,,,,,,,,,,,,,,,,,,,,,,,,,,,,,,,,,,,,,,,,,,,,,,,,,,,,,,,,,,,,,,,,,,,,,,,,,,,,,,,,,,,,,,,,,,,,,,,,,,,,,,,,,,,,,,,,,,,,,,,,,,,,,,,,,,,,,,,,,,,,,,,,,,,,,,,,,,,,,,,,,,,,,,,,,,,,,,,,,,,,,,,,,,,,,,,,,,,,,,,,,,,,,,,,,,,,,,,,,,,,,,,,,,,,,,,,,,,
,,,,,,,,,,,,,,,,,,,,,,,,,,,,,,,,,,,,,,,,,,,,,,,,,,,,,,,,,,,,,,,,,,,,,,,,,,,,,,,,,,,,,,,,,,,,,,,,,,,,,,,,,,,,,,,,,,,,,,,,,,,,,,,,,,,,,,,,,,,,,,,,,,,,,,,,,,,,,,,,,,,,,,,,,,,,,,,,,,,,,,,,,,,,,,,,,,,,,,,,,,,,,,,,,,,,,,,,,,,,,,,,,,,,,,,,,,,,,,,,,,,,,,,,,,,,,,,,,,,,,,,,,,,,,,,,,,,,,,,,,,,,,,,,,,,,,,,,,,,,,,,,,,,,,,,,,,,,,,,,,,,,,,,,,,,,,,,,,,,,,,,,,,,,,,,,,,,,,,,,,,,,,,,,,,,,,,,,,,,,,,,,,,,,,,,,,,,,,,,,,,,,,,,,,,,,,,,,,,,,,,,,,,,,,,,,,,,,,,,,,,,,,,,,,,,,,,,,,,,,,,,,,,,,,,,,,,,,,,,,,,,,,,,,,,,,,,,,,,,,,,,,,,,,,,,,,,,,,,,,,,,,,,,,,,,
,,,,,,,,,,,,,,,,,,,,,,,,,,,,,,,,,,,,,,,,,,,,,,,,,,,,,,,,,,,,,,,,,,,,,,,,,,,,,,,,,,,,,,,,,,,,,,,,,,,,,,,,,,,,,,,,,,,,,,,,,,,,,,,,,,,,,,,,,,,,,,,,,,,,,,,,,,,,,,,,,,,,,,,,,,,,,,,,,,,,,,,,,,,,,,,,,,,,,,,,,,,,,,,,,,,,,,,,,,,,,,,,,,,,,,,,,,,,,,,,,,,,,,,,,,,,,,,,,,,,,,,,,,,,,,,,,,,,,,,,,,,,,,,,,,,,,,,,,,,,,,,,,,,,,,,,,,,,,,,,,,,,,,,,,,,,,,,,,,,,,,,,,,,,,,,,,,,,,,,,,,,,,,,,,,,,,,,,,,,,,,,,,,,,,,,,,,,,,,,,,,,,,,,,,,,,,,,,,,,,,,,,,,,,,,,,,,,,,,,,,,,,,,,,,,,,,,,,,,,,,,,,,,,,,,,,,,,,,,,,,,,,,,,,,,,,,,,,,,,,,,,,,,,,,,,,,,,,,,,,,,,,,,,,,,,
,,,,,,,,,,,,,,,,,,,,,,,,,,,,,,,,,,,,,,,,,,,,,,,,,,,,,,,,,,,,,,,,,,,,,,,,,,,,,,,,,,,,,,,,,,,,,,,,,,,,,,,,,,,,,,,,,,,,,,,,,,,,,,,,,,,,,,,,,,,,,,,,,,,,,,,,,,,,,,,,,,,,,,,,,,,,,,,,,,,,,,,,,,,,,,,,,,,,,,,,,,,,,,,,,,,,,,,,,,,,,,,,,,,,,,,,,,,,,,,,,,,,,,,,,,,,,,,,,,,,,,,,,,,,,,,,,,,,,,,,,,,,,,,,,,,,,,,,,,,,,,,,,,,,,,,,,,,,,,,,,,,,,,,,,,,,,,,,,,,,,,,,,,,,,,,,,,,,,,,,,,,,,,,,,,,,,,,,,,,,,,,,,,,,,,,,,,,,,,,,,,,,,,,,,,,,,,,,,,,,,,,,,,,,,,,,,,,,,,,,,,,,,,,,,,,,,,,,,,,,,,,,,,,,,,,,,,,,,,,,,,,,,,,,,,,,,,,,,,,,,,,,,,,,,,,,,,,,,,,,,,,,,,,,,,,
,,,,,,,,,,,,,,,,,,,,,,,,,,,,,,,,,,,,,,,,,,,,,,,,,,,,,,,,,,,,,,,,,,,,,,,,,,,,,,,,,,,,,,,,,,,,,,,,,,,,,,,,,,,,,,,,,,,,,,,,,,,,,,,,,,,,,,,,,,,,,,,,,,,,,,,,,,,,,,,,,,,,,,,,,,,,,,,,,,,,,,,,,,,,,,,,,,,,,,,,,,,,,,,,,,,,,,,,,,,,,,,,,,,,,,,,,,,,,,,,,,,,,,,,,,,,,,,,,,,,,,,,,,,,,,,,,,,,,,,,,,,,,,,,,,,,,,,,,,,,,,,,,,,,,,,,,,,,,,,,,,,,,,,,,,,,,,,,,,,,,,,,,,,,,,,,,,,,,,,,,,,,,,,,,,,,,,,,,,,,,,,,,,,,,,,,,,,,,,,,,,,,,,,,,,,,,,,,,,,,,,,,,,,,,,,,,,,,,,,,,,,,,,,,,,,,,,,,,,,,,,,,,,,,,,,,,,,,,,,,,,,,,,,,,,,,,,,,,,,,,,,,,,,,,,,,,,,,,,,,,,,,,,,,,,,
,,,,,,,,,,,,,,,,,,,,,,,,,,,,,,,,,,,,,,,,,,,,,,,,,,,,,,,,,,,,,,,,,,,,,,,,,,,,,,,,,,,,,,,,,,,,,,,,,,,,,,,,,,,,,,,,,,,,,,,,,,,,,,,,,,,,,,,,,,,,,,,,,,,,,,,,,,,,,,,,,,,,,,,,,,,,,,,,,,,,,,,,,,,,,,,,,,,,,,,,,,,,,,,,,,,,,,,,,,,,,,,,,,,,,,,,,,,,,,,,,,,,,,,,,,,,,,,,,,,,,,,,,,,,,,,,,,,,,,,,,,,,,,,,,,,,,,,,,,,,,,,,,,,,,,,,,,,,,,,,,,,,,,,,,,,,,,,,,,,,,,,,,,,,,,,,,,,,,,,,,,,,,,,,,,,,,,,,,,,,,,,,,,,,,,,,,,,,,,,,,,,,,,,,,,,,,,,,,,,,,,,,,,,,,,,,,,,,,,,,,,,,,,,,,,,,,,,,,,,,,,,,,,,,,,,,,,,,,,,,,,,,,,,,,,,,,,,,,,,,,,,,,,,,,,,,,,,,,,,,,,,,,,,,,,,
,,,,,,,,,,,,,,,,,,,,,,,,,,,,,,,,,,,,,,,,,,,,,,,,,,,,,,,,,,,,,,,,,,,,,,,,,,,,,,,,,,,,,,,,,,,,,,,,,,,,,,,,,,,,,,,,,,,,,,,,,,,,,,,,,,,,,,,,,,,,,,,,,,,,,,,,,,,,,,,,,,,,,,,,,,,,,,,,,,,,,,,,,,,,,,,,,,,,,,,,,,,,,,,,,,,,,,,,,,,,,,,,,,,,,,,,,,,,,,,,,,,,,,,,,,,,,,,,,,,,,,,,,,,,,,,,,,,,,,,,,,,,,,,,,,,,,,,,,,,,,,,,,,,,,,,,,,,,,,,,,,,,,,,,,,,,,,,,,,,,,,,,,,,,,,,,,,,,,,,,,,,,,,,,,,,,,,,,,,,,,,,,,,,,,,,,,,,,,,,,,,,,,,,,,,,,,,,,,,,,,,,,,,,,,,,,,,,,,,,,,,,,,,,,,,,,,,,,,,,,,,,,,,,,,,,,,,,,,,,,,,,,,,,,,,,,,,,,,,,,,,,,,,,,,,,,,,,,,,,,,,,,,,,,,,,
,,,,,,,,,,,,,,,,,,,,,,,,,,,,,,,,,,,,,,,,,,,,,,,,,,,,,,,,,,,,,,,,,,,,,,,,,,,,,,,,,,,,,,,,,,,,,,,,,,,,,,,,,,,,,,,,,,,,,,,,,,,,,,,,,,,,,,,,,,,,,,,,,,,,,,,,,,,,,,,,,,,,,,,,,,,,,,,,,,,,,,,,,,,,,,,,,,,,,,,,,,,,,,,,,,,,,,,,,,,,,,,,,,,,,,,,,,,,,,,,,,,,,,,,,,,,,,,,,,,,,,,,,,,,,,,,,,,,,,,,,,,,,,,,,,,,,,,,,,,,,,,,,,,,,,,,,,,,,,,,,,,,,,,,,,,,,,,,,,,,,,,,,,,,,,,,,,,,,,,,,,,,,,,,,,,,,,,,,,,,,,,,,,,,,,,,,,,,,,,,,,,,,,,,,,,,,,,,,,,,,,,,,,,,,,,,,,,,,,,,,,,,,,,,,,,,,,,,,,,,,,,,,,,,,,,,,,,,,,,,,,,,,,,,,,,,,,,,,,,,,,,,,,,,,,,,,,,,,,,,,,,,,,,,,,,
,,,,,,,,,,,,,,,,,,,,,,,,,,,,,,,,,,,,,,,,,,,,,,,,,,,,,,,,,,,,,,,,,,,,,,,,,,,,,,,,,,,,,,,,,,,,,,,,,,,,,,,,,,,,,,,,,,,,,,,,,,,,,,,,,,,,,,,,,,,,,,,,,,,,,,,,,,,,,,,,,,,,,,,,,,,,,,,,,,,,,,,,,,,,,,,,,,,,,,,,,,,,,,,,,,,,,,,,,,,,,,,,,,,,,,,,,,,,,,,,,,,,,,,,,,,,,,,,,,,,,,,,,,,,,,,,,,,,,,,,,,,,,,,,,,,,,,,,,,,,,,,,,,,,,,,,,,,,,,,,,,,,,,,,,,,,,,,,,,,,,,,,,,,,,,,,,,,,,,,,,,,,,,,,,,,,,,,,,,,,,,,,,,,,,,,,,,,,,,,,,,,,,,,,,,,,,,,,,,,,,,,,,,,,,,,,,,,,,,,,,,,,,,,,,,,,,,,,,,,,,,,,,,,,,,,,,,,,,,,,,,,,,,,,,,,,,,,,,,,,,,,,,,,,,,,,,,,,,,,,,,,,,,,,,,,
,,,,,,,,,,,,,,,,,,,,,,,,,,,,,,,,,,,,,,,,,,,,,,,,,,,,,,,,,,,,,,,,,,,,,,,,,,,,,,,,,,,,,,,,,,,,,,,,,,,,,,,,,,,,,,,,,,,,,,,,,,,,,,,,,,,,,,,,,,,,,,,,,,,,,,,,,,,,,,,,,,,,,,,,,,,,,,,,,,,,,,,,,,,,,,,,,,,,,,,,,,,,,,,,,,,,,,,,,,,,,,,,,,,,,,,,,,,,,,,,,,,,,,,,,,,,,,,,,,,,,,,,,,,,,,,,,,,,,,,,,,,,,,,,,,,,,,,,,,,,,,,,,,,,,,,,,,,,,,,,,,,,,,,,,,,,,,,,,,,,,,,,,,,,,,,,,,,,,,,,,,,,,,,,,,,,,,,,,,,,,,,,,,,,,,,,,,,,,,,,,,,,,,,,,,,,,,,,,,,,,,,,,,,,,,,,,,,,,,,,,,,,,,,,,,,,,,,,,,,,,,,,,,,,,,,,,,,,,,,,,,,,,,,,,,,,,,,,,,,,,,,,,,,,,,,,,,,,,,,,,,,,,,,,,,,
,,,,,,,,,,,,,,,,,,,,,,,,,,,,,,,,,,,,,,,,,,,,,,,,,,,,,,,,,,,,,,,,,,,,,,,,,,,,,,,,,,,,,,,,,,,,,,,,,,,,,,,,,,,,,,,,,,,,,,,,,,,,,,,,,,,,,,,,,,,,,,,,,,,,,,,,,,,,,,,,,,,,,,,,,,,,,,,,,,,,,,,,,,,,,,,,,,,,,,,,,,,,,,,,,,,,,,,,,,,,,,,,,,,,,,,,,,,,,,,,,,,,,,,,,,,,,,,,,,,,,,,,,,,,,,,,,,,,,,,,,,,,,,,,,,,,,,,,,,,,,,,,,,,,,,,,,,,,,,,,,,,,,,,,,,,,,,,,,,,,,,,,,,,,,,,,,,,,,,,,,,,,,,,,,,,,,,,,,,,,,,,,,,,,,,,,,,,,,,,,,,,,,,,,,,,,,,,,,,,,,,,,,,,,,,,,,,,,,,,,,,,,,,,,,,,,,,,,,,,,,,,,,,,,,,,,,,,,,,,,,,,,,,,,,,,,,,,,,,,,,,,,,,,,,,,,,,,,,,,,,,,,,,,,,,,
,,,,,,,,,,,,,,,,,,,,,,,,,,,,,,,,,,,,,,,,,,,,,,,,,,,,,,,,,,,,,,,,,,,,,,,,,,,,,,,,,,,,,,,,,,,,,,,,,,,,,,,,,,,,,,,,,,,,,,,,,,,,,,,,,,,,,,,,,,,,,,,,,,,,,,,,,,,,,,,,,,,,,,,,,,,,,,,,,,,,,,,,,,,,,,,,,,,,,,,,,,,,,,,,,,,,,,,,,,,,,,,,,,,,,,,,,,,,,,,,,,,,,,,,,,,,,,,,,,,,,,,,,,,,,,,,,,,,,,,,,,,,,,,,,,,,,,,,,,,,,,,,,,,,,,,,,,,,,,,,,,,,,,,,,,,,,,,,,,,,,,,,,,,,,,,,,,,,,,,,,,,,,,,,,,,,,,,,,,,,,,,,,,,,,,,,,,,,,,,,,,,,,,,,,,,,,,,,,,,,,,,,,,,,,,,,,,,,,,,,,,,,,,,,,,,,,,,,,,,,,,,,,,,,,,,,,,,,,,,,,,,,,,,,,,,,,,,,,,,,,,,,,,,,,,,,,,,,,,,,,,,,,,,,,,,
,,,,,,,,,,,,,,,,,,,,,,,,,,,,,,,,,,,,,,,,,,,,,,,,,,,,,,,,,,,,,,,,,,,,,,,,,,,,,,,,,,,,,,,,,,,,,,,,,,,,,,,,,,,,,,,,,,,,,,,,,,,,,,,,,,,,,,,,,,,,,,,,,,,,,,,,,,,,,,,,,,,,,,,,,,,,,,,,,,,,,,,,,,,,,,,,,,,,,,,,,,,,,,,,,,,,,,,,,,,,,,,,,,,,,,,,,,,,,,,,,,,,,,,,,,,,,,,,,,,,,,,,,,,,,,,,,,,,,,,,,,,,,,,,,,,,,,,,,,,,,,,,,,,,,,,,,,,,,,,,,,,,,,,,,,,,,,,,,,,,,,,,,,,,,,,,,,,,,,,,,,,,,,,,,,,,,,,,,,,,,,,,,,,,,,,,,,,,,,,,,,,,,,,,,,,,,,,,,,,,,,,,,,,,,,,,,,,,,,,,,,,,,,,,,,,,,,,,,,,,,,,,,,,,,,,,,,,,,,,,,,,,,,,,,,,,,,,,,,,,,,,,,,,,,,,,,,,,,,,,,,,,,,,,,,,
,,,,,,,,,,,,,,,,,,,,,,,,,,,,,,,,,,,,,,,,,,,,,,,,,,,,,,,,,,,,,,,,,,,,,,,,,,,,,,,,,,,,,,,,,,,,,,,,,,,,,,,,,,,,,,,,,,,,,,,,,,,,,,,,,,,,,,,,,,,,,,,,,,,,,,,,,,,,,,,,,,,,,,,,,,,,,,,,,,,,,,,,,,,,,,,,,,,,,,,,,,,,,,,,,,,,,,,,,,,,,,,,,,,,,,,,,,,,,,,,,,,,,,,,,,,,,,,,,,,,,,,,,,,,,,,,,,,,,,,,,,,,,,,,,,,,,,,,,,,,,,,,,,,,,,,,,,,,,,,,,,,,,,,,,,,,,,,,,,,,,,,,,,,,,,,,,,,,,,,,,,,,,,,,,,,,,,,,,,,,,,,,,,,,,,,,,,,,,,,,,,,,,,,,,,,,,,,,,,,,,,,,,,,,,,,,,,,,,,,,,,,,,,,,,,,,,,,,,,,,,,,,,,,,,,,,,,,,,,,,,,,,,,,,,,,,,,,,,,,,,,,,,,,,,,,,,,,,,,,,,,,,,,,,,,,
,,,,,,,,,,,,,,,,,,,,,,,,,,,,,,,,,,,,,,,,,,,,,,,,,,,,,,,,,,,,,,,,,,,,,,,,,,,,,,,,,,,,,,,,,,,,,,,,,,,,,,,,,,,,,,,,,,,,,,,,,,,,,,,,,,,,,,,,,,,,,,,,,,,,,,,,,,,,,,,,,,,,,,,,,,,,,,,,,,,,,,,,,,,,,,,,,,,,,,,,,,,,,,,,,,,,,,,,,,,,,,,,,,,,,,,,,,,,,,,,,,,,,,,,,,,,,,,,,,,,,,,,,,,,,,,,,,,,,,,,,,,,,,,,,,,,,,,,,,,,,,,,,,,,,,,,,,,,,,,,,,,,,,,,,,,,,,,,,,,,,,,,,,,,,,,,,,,,,,,,,,,,,,,,,,,,,,,,,,,,,,,,,,,,,,,,,,,,,,,,,,,,,,,,,,,,,,,,,,,,,,,,,,,,,,,,,,,,,,,,,,,,,,,,,,,,,,,,,,,,,,,,,,,,,,,,,,,,,,,,,,,,,,,,,,,,,,,,,,,,,,,,,,,,,,,,,,,,,,,,,,,,,,,,,,,
,,,,,,,,,,,,,,,,,,,,,,,,,,,,,,,,,,,,,,,,,,,,,,,,,,,,,,,,,,,,,,,,,,,,,,,,,,,,,,,,,,,,,,,,,,,,,,,,,,,,,,,,,,,,,,,,,,,,,,,,,,,,,,,,,,,,,,,,,,,,,,,,,,,,,,,,,,,,,,,,,,,,,,,,,,,,,,,,,,,,,,,,,,,,,,,,,,,,,,,,,,,,,,,,,,,,,,,,,,,,,,,,,,,,,,,,,,,,,,,,,,,,,,,,,,,,,,,,,,,,,,,,,,,,,,,,,,,,,,,,,,,,,,,,,,,,,,,,,,,,,,,,,,,,,,,,,,,,,,,,,,,,,,,,,,,,,,,,,,,,,,,,,,,,,,,,,,,,,,,,,,,,,,,,,,,,,,,,,,,,,,,,,,,,,,,,,,,,,,,,,,,,,,,,,,,,,,,,,,,,,,,,,,,,,,,,,,,,,,,,,,,,,,,,,,,,,,,,,,,,,,,,,,,,,,,,,,,,,,,,,,,,,,,,,,,,,,,,,,,,,,,,,,,,,,,,,,,,,,,,,,,,,,,,,,,
,,,,,,,,,,,,,,,,,,,,,,,,,,,,,,,,,,,,,,,,,,,,,,,,,,,,,,,,,,,,,,,,,,,,,,,,,,,,,,,,,,,,,,,,,,,,,,,,,,,,,,,,,,,,,,,,,,,,,,,,,,,,,,,,,,,,,,,,,,,,,,,,,,,,,,,,,,,,,,,,,,,,,,,,,,,,,,,,,,,,,,,,,,,,,,,,,,,,,,,,,,,,,,,,,,,,,,,,,,,,,,,,,,,,,,,,,,,,,,,,,,,,,,,,,,,,,,,,,,,,,,,,,,,,,,,,,,,,,,,,,,,,,,,,,,,,,,,,,,,,,,,,,,,,,,,,,,,,,,,,,,,,,,,,,,,,,,,,,,,,,,,,,,,,,,,,,,,,,,,,,,,,,,,,,,,,,,,,,,,,,,,,,,,,,,,,,,,,,,,,,,,,,,,,,,,,,,,,,,,,,,,,,,,,,,,,,,,,,,,,,,,,,,,,,,,,,,,,,,,,,,,,,,,,,,,,,,,,,,,,,,,,,,,,,,,,,,,,,,,,,,,,,,,,,,,,,,,,,,,,,,,,,,,,,,,
,,,,,,,,,,,,,,,,,,,,,,,,,,,,,,,,,,,,,,,,,,,,,,,,,,,,,,,,,,,,,,,,,,,,,,,,,,,,,,,,,,,,,,,,,,,,,,,,,,,,,,,,,,,,,,,,,,,,,,,,,,,,,,,,,,,,,,,,,,,,,,,,,,,,,,,,,,,,,,,,,,,,,,,,,,,,,,,,,,,,,,,,,,,,,,,,,,,,,,,,,,,,,,,,,,,,,,,,,,,,,,,,,,,,,,,,,,,,,,,,,,,,,,,,,,,,,,,,,,,,,,,,,,,,,,,,,,,,,,,,,,,,,,,,,,,,,,,,,,,,,,,,,,,,,,,,,,,,,,,,,,,,,,,,,,,,,,,,,,,,,,,,,,,,,,,,,,,,,,,,,,,,,,,,,,,,,,,,,,,,,,,,,,,,,,,,,,,,,,,,,,,,,,,,,,,,,,,,,,,,,,,,,,,,,,,,,,,,,,,,,,,,,,,,,,,,,,,,,,,,,,,,,,,,,,,,,,,,,,,,,,,,,,,,,,,,,,,,,,,,,,,,,,,,,,,,,,,,,,,,,,,,,,,,,,,
,,,,,,,,,,,,,,,,,,,,,,,,,,,,,,,,,,,,,,,,,,,,,,,,,,,,,,,,,,,,,,,,,,,,,,,,,,,,,,,,,,,,,,,,,,,,,,,,,,,,,,,,,,,,,,,,,,,,,,,,,,,,,,,,,,,,,,,,,,,,,,,,,,,,,,,,,,,,,,,,,,,,,,,,,,,,,,,,,,,,,,,,,,,,,,,,,,,,,,,,,,,,,,,,,,,,,,,,,,,,,,,,,,,,,,,,,,,,,,,,,,,,,,,,,,,,,,,,,,,,,,,,,,,,,,,,,,,,,,,,,,,,,,,,,,,,,,,,,,,,,,,,,,,,,,,,,,,,,,,,,,,,,,,,,,,,,,,,,,,,,,,,,,,,,,,,,,,,,,,,,,,,,,,,,,,,,,,,,,,,,,,,,,,,,,,,,,,,,,,,,,,,,,,,,,,,,,,,,,,,,,,,,,,,,,,,,,,,,,,,,,,,,,,,,,,,,,,,,,,,,,,,,,,,,,,,,,,,,,,,,,,,,,,,,,,,,,,,,,,,,,,,,,,,,,,,,,,,,,,,,,,,,,,,,,,
,,,,,,,,,,,,,,,,,,,,,,,,,,,,,,,,,,,,,,,,,,,,,,,,,,,,,,,,,,,,,,,,,,,,,,,,,,,,,,,,,,,,,,,,,,,,,,,,,,,,,,,,,,,,,,,,,,,,,,,,,,,,,,,,,,,,,,,,,,,,,,,,,,,,,,,,,,,,,,,,,,,,,,,,,,,,,,,,,,,,,,,,,,,,,,,,,,,,,,,,,,,,,,,,,,,,,,,,,,,,,,,,,,,,,,,,,,,,,,,,,,,,,,,,,,,,,,,,,,,,,,,,,,,,,,,,,,,,,,,,,,,,,,,,,,,,,,,,,,,,,,,,,,,,,,,,,,,,,,,,,,,,,,,,,,,,,,,,,,,,,,,,,,,,,,,,,,,,,,,,,,,,,,,,,,,,,,,,,,,,,,,,,,,,,,,,,,,,,,,,,,,,,,,,,,,,,,,,,,,,,,,,,,,,,,,,,,,,,,,,,,,,,,,,,,,,,,,,,,,,,,,,,,,,,,,,,,,,,,,,,,,,,,,,,,,,,,,,,,,,,,,,,,,,,,,,,,,,,,,,,,,,,,,,,,,
,,,,,,,,,,,,,,,,,,,,,,,,,,,,,,,,,,,,,,,,,,,,,,,,,,,,,,,,,,,,,,,,,,,,,,,,,,,,,,,,,,,,,,,,,,,,,,,,,,,,,,,,,,,,,,,,,,,,,,,,,,,,,,,,,,,,,,,,,,,,,,,,,,,,,,,,,,,,,,,,,,,,,,,,,,,,,,,,,,,,,,,,,,,,,,,,,,,,,,,,,,,,,,,,,,,,,,,,,,,,,,,,,,,,,,,,,,,,,,,,,,,,,,,,,,,,,,,,,,,,,,,,,,,,,,,,,,,,,,,,,,,,,,,,,,,,,,,,,,,,,,,,,,,,,,,,,,,,,,,,,,,,,,,,,,,,,,,,,,,,,,,,,,,,,,,,,,,,,,,,,,,,,,,,,,,,,,,,,,,,,,,,,,,,,,,,,,,,,,,,,,,,,,,,,,,,,,,,,,,,,,,,,,,,,,,,,,,,,,,,,,,,,,,,,,,,,,,,,,,,,,,,,,,,,,,,,,,,,,,,,,,,,,,,,,,,,,,,,,,,,,,,,,,,,,,,,,,,,,,,,,,,,,,,,,,
,,,,,,,,,,,,,,,,,,,,,,,,,,,,,,,,,,,,,,,,,,,,,,,,,,,,,,,,,,,,,,,,,,,,,,,,,,,,,,,,,,,,,,,,,,,,,,,,,,,,,,,,,,,,,,,,,,,,,,,,,,,,,,,,,,,,,,,,,,,,,,,,,,,,,,,,,,,,,,,,,,,,,,,,,,,,,,,,,,,,,,,,,,,,,,,,,,,,,,,,,,,,,,,,,,,,,,,,,,,,,,,,,,,,,,,,,,,,,,,,,,,,,,,,,,,,,,,,,,,,,,,,,,,,,,,,,,,,,,,,,,,,,,,,,,,,,,,,,,,,,,,,,,,,,,,,,,,,,,,,,,,,,,,,,,,,,,,,,,,,,,,,,,,,,,,,,,,,,,,,,,,,,,,,,,,,,,,,,,,,,,,,,,,,,,,,,,,,,,,,,,,,,,,,,,,,,,,,,,,,,,,,,,,,,,,,,,,,,,,,,,,,,,,,,,,,,,,,,,,,,,,,,,,,,,,,,,,,,,,,,,,,,,,,,,,,,,,,,,,,,,,,,,,,,,,,,,,,,,,,,,,,,,,,,,,
,,,,,,,,,,,,,,,,,,,,,,,,,,,,,,,,,,,,,,,,,,,,,,,,,,,,,,,,,,,,,,,,,,,,,,,,,,,,,,,,,,,,,,,,,,,,,,,,,,,,,,,,,,,,,,,,,,,,,,,,,,,,,,,,,,,,,,,,,,,,,,,,,,,,,,,,,,,,,,,,,,,,,,,,,,,,,,,,,,,,,,,,,,,,,,,,,,,,,,,,,,,,,,,,,,,,,,,,,,,,,,,,,,,,,,,,,,,,,,,,,,,,,,,,,,,,,,,,,,,,,,,,,,,,,,,,,,,,,,,,,,,,,,,,,,,,,,,,,,,,,,,,,,,,,,,,,,,,,,,,,,,,,,,,,,,,,,,,,,,,,,,,,,,,,,,,,,,,,,,,,,,,,,,,,,,,,,,,,,,,,,,,,,,,,,,,,,,,,,,,,,,,,,,,,,,,,,,,,,,,,,,,,,,,,,,,,,,,,,,,,,,,,,,,,,,,,,,,,,,,,,,,,,,,,,,,,,,,,,,,,,,,,,,,,,,,,,,,,,,,,,,,,,,,,,,,,,,,,,,,,,,,,,,,,,,
,,,,,,,,,,,,,,,,,,,,,,,,,,,,,,,,,,,,,,,,,,,,,,,,,,,,,,,,,,,,,,,,,,,,,,,,,,,,,,,,,,,,,,,,,,,,,,,,,,,,,,,,,,,,,,,,,,,,,,,,,,,,,,,,,,,,,,,,,,,,,,,,,,,,,,,,,,,,,,,,,,,,,,,,,,,,,,,,,,,,,,,,,,,,,,,,,,,,,,,,,,,,,,,,,,,,,,,,,,,,,,,,,,,,,,,,,,,,,,,,,,,,,,,,,,,,,,,,,,,,,,,,,,,,,,,,,,,,,,,,,,,,,,,,,,,,,,,,,,,,,,,,,,,,,,,,,,,,,,,,,,,,,,,,,,,,,,,,,,,,,,,,,,,,,,,,,,,,,,,,,,,,,,,,,,,,,,,,,,,,,,,,,,,,,,,,,,,,,,,,,,,,,,,,,,,,,,,,,,,,,,,,,,,,,,,,,,,,,,,,,,,,,,,,,,,,,,,,,,,,,,,,,,,,,,,,,,,,,,,,,,,,,,,,,,,,,,,,,,,,,,,,,,,,,,,,,,,,,,,,,,,,,,,,,,,
,,,,,,,,,,,,,,,,,,,,,,,,,,,,,,,,,,,,,,,,,,,,,,,,,,,,,,,,,,,,,,,,,,,,,,,,,,,,,,,,,,,,,,,,,,,,,,,,,,,,,,,,,,,,,,,,,,,,,,,,,,,,,,,,,,,,,,,,,,,,,,,,,,,,,,,,,,,,,,,,,,,,,,,,,,,,,,,,,,,,,,,,,,,,,,,,,,,,,,,,,,,,,,,,,,,,,,,,,,,,,,,,,,,,,,,,,,,,,,,,,,,,,,,,,,,,,,,,,,,,,,,,,,,,,,,,,,,,,,,,,,,,,,,,,,,,,,,,,,,,,,,,,,,,,,,,,,,,,,,,,,,,,,,,,,,,,,,,,,,,,,,,,,,,,,,,,,,,,,,,,,,,,,,,,,,,,,,,,,,,,,,,,,,,,,,,,,,,,,,,,,,,,,,,,,,,,,,,,,,,,,,,,,,,,,,,,,,,,,,,,,,,,,,,,,,,,,,,,,,,,,,,,,,,,,,,,,,,,,,,,,,,,,,,,,,,,,,,,,,,,,,,,,,,,,,,,,,,,,,,,,,,,,,,,,,
,,,,,,,,,,,,,,,,,,,,,,,,,,,,,,,,,,,,,,,,,,,,,,,,,,,,,,,,,,,,,,,,,,,,,,,,,,,,,,,,,,,,,,,,,,,,,,,,,,,,,,,,,,,,,,,,,,,,,,,,,,,,,,,,,,,,,,,,,,,,,,,,,,,,,,,,,,,,,,,,,,,,,,,,,,,,,,,,,,,,,,,,,,,,,,,,,,,,,,,,,,,,,,,,,,,,,,,,,,,,,,,,,,,,,,,,,,,,,,,,,,,,,,,,,,,,,,,,,,,,,,,,,,,,,,,,,,,,,,,,,,,,,,,,,,,,,,,,,,,,,,,,,,,,,,,,,,,,,,,,,,,,,,,,,,,,,,,,,,,,,,,,,,,,,,,,,,,,,,,,,,,,,,,,,,,,,,,,,,,,,,,,,,,,,,,,,,,,,,,,,,,,,,,,,,,,,,,,,,,,,,,,,,,,,,,,,,,,,,,,,,,,,,,,,,,,,,,,,,,,,,,,,,,,,,,,,,,,,,,,,,,,,,,,,,,,,,,,,,,,,,,,,,,,,,,,,,,,,,,,,,,,,,,,,,,
,,,,,,,,,,,,,,,,,,,,,,,,,,,,,,,,,,,,,,,,,,,,,,,,,,,,,,,,,,,,,,,,,,,,,,,,,,,,,,,,,,,,,,,,,,,,,,,,,,,,,,,,,,,,,,,,,,,,,,,,,,,,,,,,,,,,,,,,,,,,,,,,,,,,,,,,,,,,,,,,,,,,,,,,,,,,,,,,,,,,,,,,,,,,,,,,,,,,,,,,,,,,,,,,,,,,,,,,,,,,,,,,,,,,,,,,,,,,,,,,,,,,,,,,,,,,,,,,,,,,,,,,,,,,,,,,,,,,,,,,,,,,,,,,,,,,,,,,,,,,,,,,,,,,,,,,,,,,,,,,,,,,,,,,,,,,,,,,,,,,,,,,,,,,,,,,,,,,,,,,,,,,,,,,,,,,,,,,,,,,,,,,,,,,,,,,,,,,,,,,,,,,,,,,,,,,,,,,,,,,,,,,,,,,,,,,,,,,,,,,,,,,,,,,,,,,,,,,,,,,,,,,,,,,,,,,,,,,,,,,,,,,,,,,,,,,,,,,,,,,,,,,,,,,,,,,,,,,,,,,,,,,,,,,,,,
,,,,,,,,,,,,,,,,,,,,,,,,,,,,,,,,,,,,,,,,,,,,,,,,,,,,,,,,,,,,,,,,,,,,,,,,,,,,,,,,,,,,,,,,,,,,,,,,,,,,,,,,,,,,,,,,,,,,,,,,,,,,,,,,,,,,,,,,,,,,,,,,,,,,,,,,,,,,,,,,,,,,,,,,,,,,,,,,,,,,,,,,,,,,,,,,,,,,,,,,,,,,,,,,,,,,,,,,,,,,,,,,,,,,,,,,,,,,,,,,,,,,,,,,,,,,,,,,,,,,,,,,,,,,,,,,,,,,,,,,,,,,,,,,,,,,,,,,,,,,,,,,,,,,,,,,,,,,,,,,,,,,,,,,,,,,,,,,,,,,,,,,,,,,,,,,,,,,,,,,,,,,,,,,,,,,,,,,,,,,,,,,,,,,,,,,,,,,,,,,,,,,,,,,,,,,,,,,,,,,,,,,,,,,,,,,,,,,,,,,,,,,,,,,,,,,,,,,,,,,,,,,,,,,,,,,,,,,,,,,,,,,,,,,,,,,,,,,,,,,,,,,,,,,,,,,,,,,,,,,,,,,,,,,,,,
,,,,,,,,,,,,,,,,,,,,,,,,,,,,,,,,,,,,,,,,,,,,,,,,,,,,,,,,,,,,,,,,,,,,,,,,,,,,,,,,,,,,,,,,,,,,,,,,,,,,,,,,,,,,,,,,,,,,,,,,,,,,,,,,,,,,,,,,,,,,,,,,,,,,,,,,,,,,,,,,,,,,,,,,,,,,,,,,,,,,,,,,,,,,,,,,,,,,,,,,,,,,,,,,,,,,,,,,,,,,,,,,,,,,,,,,,,,,,,,,,,,,,,,,,,,,,,,,,,,,,,,,,,,,,,,,,,,,,,,,,,,,,,,,,,,,,,,,,,,,,,,,,,,,,,,,,,,,,,,,,,,,,,,,,,,,,,,,,,,,,,,,,,,,,,,,,,,,,,,,,,,,,,,,,,,,,,,,,,,,,,,,,,,,,,,,,,,,,,,,,,,,,,,,,,,,,,,,,,,,,,,,,,,,,,,,,,,,,,,,,,,,,,,,,,,,,,,,,,,,,,,,,,,,,,,,,,,,,,,,,,,,,,,,,,,,,,,,,,,,,,,,,,,,,,,,,,,,,,,,,,,,,,,,,,,
,,,,,,,,,,,,,,,,,,,,,,,,,,,,,,,,,,,,,,,,,,,,,,,,,,,,,,,,,,,,,,,,,,,,,,,,,,,,,,,,,,,,,,,,,,,,,,,,,,,,,,,,,,,,,,,,,,,,,,,,,,,,,,,,,,,,,,,,,,,,,,,,,,,,,,,,,,,,,,,,,,,,,,,,,,,,,,,,,,,,,,,,,,,,,,,,,,,,,,,,,,,,,,,,,,,,,,,,,,,,,,,,,,,,,,,,,,,,,,,,,,,,,,,,,,,,,,,,,,,,,,,,,,,,,,,,,,,,,,,,,,,,,,,,,,,,,,,,,,,,,,,,,,,,,,,,,,,,,,,,,,,,,,,,,,,,,,,,,,,,,,,,,,,,,,,,,,,,,,,,,,,,,,,,,,,,,,,,,,,,,,,,,,,,,,,,,,,,,,,,,,,,,,,,,,,,,,,,,,,,,,,,,,,,,,,,,,,,,,,,,,,,,,,,,,,,,,,,,,,,,,,,,,,,,,,,,,,,,,,,,,,,,,,,,,,,,,,,,,,,,,,,,,,,,,,,,,,,,,,,,,,,,,,,,,,
,,,,,,,,,,,,,,,,,,,,,,,,,,,,,,,,,,,,,,,,,,,,,,,,,,,,,,,,,,,,,,,,,,,,,,,,,,,,,,,,,,,,,,,,,,,,,,,,,,,,,,,,,,,,,,,,,,,,,,,,,,,,,,,,,,,,,,,,,,,,,,,,,,,,,,,,,,,,,,,,,,,,,,,,,,,,,,,,,,,,,,,,,,,,,,,,,,,,,,,,,,,,,,,,,,,,,,,,,,,,,,,,,,,,,,,,,,,,,,,,,,,,,,,,,,,,,,,,,,,,,,,,,,,,,,,,,,,,,,,,,,,,,,,,,,,,,,,,,,,,,,,,,,,,,,,,,,,,,,,,,,,,,,,,,,,,,,,,,,,,,,,,,,,,,,,,,,,,,,,,,,,,,,,,,,,,,,,,,,,,,,,,,,,,,,,,,,,,,,,,,,,,,,,,,,,,,,,,,,,,,,,,,,,,,,,,,,,,,,,,,,,,,,,,,,,,,,,,,,,,,,,,,,,,,,,,,,,,,,,,,,,,,,,,,,,,,,,,,,,,,,,,,,,,,,,,,,,,,,,,,,,,,,,,,,,
,,,,,,,,,,,,,,,,,,,,,,,,,,,,,,,,,,,,,,,,,,,,,,,,,,,,,,,,,,,,,,,,,,,,,,,,,,,,,,,,,,,,,,,,,,,,,,,,,,,,,,,,,,,,,,,,,,,,,,,,,,,,,,,,,,,,,,,,,,,,,,,,,,,,,,,,,,,,,,,,,,,,,,,,,,,,,,,,,,,,,,,,,,,,,,,,,,,,,,,,,,,,,,,,,,,,,,,,,,,,,,,,,,,,,,,,,,,,,,,,,,,,,,,,,,,,,,,,,,,,,,,,,,,,,,,,,,,,,,,,,,,,,,,,,,,,,,,,,,,,,,,,,,,,,,,,,,,,,,,,,,,,,,,,,,,,,,,,,,,,,,,,,,,,,,,,,,,,,,,,,,,,,,,,,,,,,,,,,,,,,,,,,,,,,,,,,,,,,,,,,,,,,,,,,,,,,,,,,,,,,,,,,,,,,,,,,,,,,,,,,,,,,,,,,,,,,,,,,,,,,,,,,,,,,,,,,,,,,,,,,,,,,,,,,,,,,,,,,,,,,,,,,,,,,,,,,,,,,,,,,,,,,,,,,,,
,,,,,,,,,,,,,,,,,,,,,,,,,,,,,,,,,,,,,,,,,,,,,,,,,,,,,,,,,,,,,,,,,,,,,,,,,,,,,,,,,,,,,,,,,,,,,,,,,,,,,,,,,,,,,,,,,,,,,,,,,,,,,,,,,,,,,,,,,,,,,,,,,,,,,,,,,,,,,,,,,,,,,,,,,,,,,,,,,,,,,,,,,,,,,,,,,,,,,,,,,,,,,,,,,,,,,,,,,,,,,,,,,,,,,,,,,,,,,,,,,,,,,,,,,,,,,,,,,,,,,,,,,,,,,,,,,,,,,,,,,,,,,,,,,,,,,,,,,,,,,,,,,,,,,,,,,,,,,,,,,,,,,,,,,,,,,,,,,,,,,,,,,,,,,,,,,,,,,,,,,,,,,,,,,,,,,,,,,,,,,,,,,,,,,,,,,,,,,,,,,,,,,,,,,,,,,,,,,,,,,,,,,,,,,,,,,,,,,,,,,,,,,,,,,,,,,,,,,,,,,,,,,,,,,,,,,,,,,,,,,,,,,,,,,,,,,,,,,,,,,,,,,,,,,,,,,,,,,,,,,,,,,,,,,,,
,,,,,,,,,,,,,,,,,,,,,,,,,,,,,,,,,,,,,,,,,,,,,,,,,,,,,,,,,,,,,,,,,,,,,,,,,,,,,,,,,,,,,,,,,,,,,,,,,,,,,,,,,,,,,,,,,,,,,,,,,,,,,,,,,,,,,,,,,,,,,,,,,,,,,,,,,,,,,,,,,,,,,,,,,,,,,,,,,,,,,,,,,,,,,,,,,,,,,,,,,,,,,,,,,,,,,,,,,,,,,,,,,,,,,,,,,,,,,,,,,,,,,,,,,,,,,,,,,,,,,,,,,,,,,,,,,,,,,,,,,,,,,,,,,,,,,,,,,,,,,,,,,,,,,,,,,,,,,,,,,,,,,,,,,,,,,,,,,,,,,,,,,,,,,,,,,,,,,,,,,,,,,,,,,,,,,,,,,,,,,,,,,,,,,,,,,,,,,,,,,,,,,,,,,,,,,,,,,,,,,,,,,,,,,,,,,,,,,,,,,,,,,,,,,,,,,,,,,,,,,,,,,,,,,,,,,,,,,,,,,,,,,,,,,,,,,,,,,,,,,,,,,,,,,,,,,,,,,,,,,,,,,,,,,,,
,,,,,,,,,,,,,,,,,,,,,,,,,,,,,,,,,,,,,,,,,,,,,,,,,,,,,,,,,,,,,,,,,,,,,,,,,,,,,,,,,,,,,,,,,,,,,,,,,,,,,,,,,,,,,,,,,,,,,,,,,,,,,,,,,,,,,,,,,,,,,,,,,,,,,,,,,,,,,,,,,,,,,,,,,,,,,,,,,,,,,,,,,,,,,,,,,,,,,,,,,,,,,,,,,,,,,,,,,,,,,,,,,,,,,,,,,,,,,,,,,,,,,,,,,,,,,,,,,,,,,,,,,,,,,,,,,,,,,,,,,,,,,,,,,,,,,,,,,,,,,,,,,,,,,,,,,,,,,,,,,,,,,,,,,,,,,,,,,,,,,,,,,,,,,,,,,,,,,,,,,,,,,,,,,,,,,,,,,,,,,,,,,,,,,,,,,,,,,,,,,,,,,,,,,,,,,,,,,,,,,,,,,,,,,,,,,,,,,,,,,,,,,,,,,,,,,,,,,,,,,,,,,,,,,,,,,,,,,,,,,,,,,,,,,,,,,,,,,,,,,,,,,,,,,,,,,,,,,,,,,,,,,,,,,,,
,,,,,,,,,,,,,,,,,,,,,,,,,,,,,,,,,,,,,,,,,,,,,,,,,,,,,,,,,,,,,,,,,,,,,,,,,,,,,,,,,,,,,,,,,,,,,,,,,,,,,,,,,,,,,,,,,,,,,,,,,,,,,,,,,,,,,,,,,,,,,,,,,,,,,,,,,,,,,,,,,,,,,,,,,,,,,,,,,,,,,,,,,,,,,,,,,,,,,,,,,,,,,,,,,,,,,,,,,,,,,,,,,,,,,,,,,,,,,,,,,,,,,,,,,,,,,,,,,,,,,,,,,,,,,,,,,,,,,,,,,,,,,,,,,,,,,,,,,,,,,,,,,,,,,,,,,,,,,,,,,,,,,,,,,,,,,,,,,,,,,,,,,,,,,,,,,,,,,,,,,,,,,,,,,,,,,,,,,,,,,,,,,,,,,,,,,,,,,,,,,,,,,,,,,,,,,,,,,,,,,,,,,,,,,,,,,,,,,,,,,,,,,,,,,,,,,,,,,,,,,,,,,,,,,,,,,,,,,,,,,,,,,,,,,,,,,,,,,,,,,,,,,,,,,,,,,,,,,,,,,,,,,,,,,,,
,,,,,,,,,,,,,,,,,,,,,,,,,,,,,,,,,,,,,,,,,,,,,,,,,,,,,,,,,,,,,,,,,,,,,,,,,,,,,,,,,,,,,,,,,,,,,,,,,,,,,,,,,,,,,,,,,,,,,,,,,,,,,,,,,,,,,,,,,,,,,,,,,,,,,,,,,,,,,,,,,,,,,,,,,,,,,,,,,,,,,,,,,,,,,,,,,,,,,,,,,,,,,,,,,,,,,,,,,,,,,,,,,,,,,,,,,,,,,,,,,,,,,,,,,,,,,,,,,,,,,,,,,,,,,,,,,,,,,,,,,,,,,,,,,,,,,,,,,,,,,,,,,,,,,,,,,,,,,,,,,,,,,,,,,,,,,,,,,,,,,,,,,,,,,,,,,,,,,,,,,,,,,,,,,,,,,,,,,,,,,,,,,,,,,,,,,,,,,,,,,,,,,,,,,,,,,,,,,,,,,,,,,,,,,,,,,,,,,,,,,,,,,,,,,,,,,,,,,,,,,,,,,,,,,,,,,,,,,,,,,,,,,,,,,,,,,,,,,,,,,,,,,,,,,,,,,,,,,,,,,,,,,,,,,,,
,,,,,,,,,,,,,,,,,,,,,,,,,,,,,,,,,,,,,,,,,,,,,,,,,,,,,,,,,,,,,,,,,,,,,,,,,,,,,,,,,,,,,,,,,,,,,,,,,,,,,,,,,,,,,,,,,,,,,,,,,,,,,,,,,,,,,,,,,,,,,,,,,,,,,,,,,,,,,,,,,,,,,,,,,,,,,,,,,,,,,,,,,,,,,,,,,,,,,,,,,,,,,,,,,,,,,,,,,,,,,,,,,,,,,,,,,,,,,,,,,,,,,,,,,,,,,,,,,,,,,,,,,,,,,,,,,,,,,,,,,,,,,,,,,,,,,,,,,,,,,,,,,,,,,,,,,,,,,,,,,,,,,,,,,,,,,,,,,,,,,,,,,,,,,,,,,,,,,,,,,,,,,,,,,,,,,,,,,,,,,,,,,,,,,,,,,,,,,,,,,,,,,,,,,,,,,,,,,,,,,,,,,,,,,,,,,,,,,,,,,,,,,,,,,,,,,,,,,,,,,,,,,,,,,,,,,,,,,,,,,,,,,,,,,,,,,,,,,,,,,,,,,,,,,,,,,,,,,,,,,,,,,,,,,,,
,,,,,,,,,,,,,,,,,,,,,,,,,,,,,,,,,,,,,,,,,,,,,,,,,,,,,,,,,,,,,,,,,,,,,,,,,,,,,,,,,,,,,,,,,,,,,,,,,,,,,,,,,,,,,,,,,,,,,,,,,,,,,,,,,,,,,,,,,,,,,,,,,,,,,,,,,,,,,,,,,,,,,,,,,,,,,,,,,,,,,,,,,,,,,,,,,,,,,,,,,,,,,,,,,,,,,,,,,,,,,,,,,,,,,,,,,,,,,,,,,,,,,,,,,,,,,,,,,,,,,,,,,,,,,,,,,,,,,,,,,,,,,,,,,,,,,,,,,,,,,,,,,,,,,,,,,,,,,,,,,,,,,,,,,,,,,,,,,,,,,,,,,,,,,,,,,,,,,,,,,,,,,,,,,,,,,,,,,,,,,,,,,,,,,,,,,,,,,,,,,,,,,,,,,,,,,,,,,,,,,,,,,,,,,,,,,,,,,,,,,,,,,,,,,,,,,,,,,,,,,,,,,,,,,,,,,,,,,,,,,,,,,,,,,,,,,,,,,,,,,,,,,,,,,,,,,,,,,,,,,,,,,,,,,,,
,,,,,,,,,,,,,,,,,,,,,,,,,,,,,,,,,,,,,,,,,,,,,,,,,,,,,,,,,,,,,,,,,,,,,,,,,,,,,,,,,,,,,,,,,,,,,,,,,,,,,,,,,,,,,,,,,,,,,,,,,,,,,,,,,,,,,,,,,,,,,,,,,,,,,,,,,,,,,,,,,,,,,,,,,,,,,,,,,,,,,,,,,,,,,,,,,,,,,,,,,,,,,,,,,,,,,,,,,,,,,,,,,,,,,,,,,,,,,,,,,,,,,,,,,,,,,,,,,,,,,,,,,,,,,,,,,,,,,,,,,,,,,,,,,,,,,,,,,,,,,,,,,,,,,,,,,,,,,,,,,,,,,,,,,,,,,,,,,,,,,,,,,,,,,,,,,,,,,,,,,,,,,,,,,,,,,,,,,,,,,,,,,,,,,,,,,,,,,,,,,,,,,,,,,,,,,,,,,,,,,,,,,,,,,,,,,,,,,,,,,,,,,,,,,,,,,,,,,,,,,,,,,,,,,,,,,,,,,,,,,,,,,,,,,,,,,,,,,,,,,,,,,,,,,,,,,,,,,,,,,,,,,,,,,,,
,,,,,,,,,,,,,,,,,,,,,,,,,,,,,,,,,,,,,,,,,,,,,,,,,,,,,,,,,,,,,,,,,,,,,,,,,,,,,,,,,,,,,,,,,,,,,,,,,,,,,,,,,,,,,,,,,,,,,,,,,,,,,,,,,,,,,,,,,,,,,,,,,,,,,,,,,,,,,,,,,,,,,,,,,,,,,,,,,,,,,,,,,,,,,,,,,,,,,,,,,,,,,,,,,,,,,,,,,,,,,,,,,,,,,,,,,,,,,,,,,,,,,,,,,,,,,,,,,,,,,,,,,,,,,,,,,,,,,,,,,,,,,,,,,,,,,,,,,,,,,,,,,,,,,,,,,,,,,,,,,,,,,,,,,,,,,,,,,,,,,,,,,,,,,,,,,,,,,,,,,,,,,,,,,,,,,,,,,,,,,,,,,,,,,,,,,,,,,,,,,,,,,,,,,,,,,,,,,,,,,,,,,,,,,,,,,,,,,,,,,,,,,,,,,,,,,,,,,,,,,,,,,,,,,,,,,,,,,,,,,,,,,,,,,,,,,,,,,,,,,,,,,,,,,,,,,,,,,,,,,,,,,,,,,,,
,,,,,,,,,,,,,,,,,,,,,,,,,,,,,,,,,,,,,,,,,,,,,,,,,,,,,,,,,,,,,,,,,,,,,,,,,,,,,,,,,,,,,,,,,,,,,,,,,,,,,,,,,,,,,,,,,,,,,,,,,,,,,,,,,,,,,,,,,,,,,,,,,,,,,,,,,,,,,,,,,,,,,,,,,,,,,,,,,,,,,,,,,,,,,,,,,,,,,,,,,,,,,,,,,,,,,,,,,,,,,,,,,,,,,,,,,,,,,,,,,,,,,,,,,,,,,,,,,,,,,,,,,,,,,,,,,,,,,,,,,,,,,,,,,,,,,,,,,,,,,,,,,,,,,,,,,,,,,,,,,,,,,,,,,,,,,,,,,,,,,,,,,,,,,,,,,,,,,,,,,,,,,,,,,,,,,,,,,,,,,,,,,,,,,,,,,,,,,,,,,,,,,,,,,,,,,,,,,,,,,,,,,,,,,,,,,,,,,,,,,,,,,,,,,,,,,,,,,,,,,,,,,,,,,,,,,,,,,,,,,,,,,,,,,,,,,,,,,,,,,,,,,,,,,,,,,,,,,,,,,,,,,,,,,,,
,,,,,,,,,,,,,,,,,,,,,,,,,,,,,,,,,,,,,,,,,,,,,,,,,,,,,,,,,,,,,,,,,,,,,,,,,,,,,,,,,,,,,,,,,,,,,,,,,,,,,,,,,,,,,,,,,,,,,,,,,,,,,,,,,,,,,,,,,,,,,,,,,,,,,,,,,,,,,,,,,,,,,,,,,,,,,,,,,,,,,,,,,,,,,,,,,,,,,,,,,,,,,,,,,,,,,,,,,,,,,,,,,,,,,,,,,,,,,,,,,,,,,,,,,,,,,,,,,,,,,,,,,,,,,,,,,,,,,,,,,,,,,,,,,,,,,,,,,,,,,,,,,,,,,,,,,,,,,,,,,,,,,,,,,,,,,,,,,,,,,,,,,,,,,,,,,,,,,,,,,,,,,,,,,,,,,,,,,,,,,,,,,,,,,,,,,,,,,,,,,,,,,,,,,,,,,,,,,,,,,,,,,,,,,,,,,,,,,,,,,,,,,,,,,,,,,,,,,,,,,,,,,,,,,,,,,,,,,,,,,,,,,,,,,,,,,,,,,,,,,,,,,,,,,,,,,,,,,,,,,,,,,,,,,,,
,,,,,,,,,,,,,,,,,,,,,,,,,,,,,,,,,,,,,,,,,,,,,,,,,,,,,,,,,,,,,,,,,,,,,,,,,,,,,,,,,,,,,,,,,,,,,,,,,,,,,,,,,,,,,,,,,,,,,,,,,,,,,,,,,,,,,,,,,,,,,,,,,,,,,,,,,,,,,,,,,,,,,,,,,,,,,,,,,,,,,,,,,,,,,,,,,,,,,,,,,,,,,,,,,,,,,,,,,,,,,,,,,,,,,,,,,,,,,,,,,,,,,,,,,,,,,,,,,,,,,,,,,,,,,,,,,,,,,,,,,,,,,,,,,,,,,,,,,,,,,,,,,,,,,,,,,,,,,,,,,,,,,,,,,,,,,,,,,,,,,,,,,,,,,,,,,,,,,,,,,,,,,,,,,,,,,,,,,,,,,,,,,,,,,,,,,,,,,,,,,,,,,,,,,,,,,,,,,,,,,,,,,,,,,,,,,,,,,,,,,,,,,,,,,,,,,,,,,,,,,,,,,,,,,,,,,,,,,,,,,,,,,,,,,,,,,,,,,,,,,,,,,,,,,,,,,,,,,,,,,,,,,,,,,,,
,,,,,,,,,,,,,,,,,,,,,,,,,,,,,,,,,,,,,,,,,,,,,,,,,,,,,,,,,,,,,,,,,,,,,,,,,,,,,,,,,,,,,,,,,,,,,,,,,,,,,,,,,,,,,,,,,,,,,,,,,,,,,,,,,,,,,,,,,,,,,,,,,,,,,,,,,,,,,,,,,,,,,,,,,,,,,,,,,,,,,,,,,,,,,,,,,,,,,,,,,,,,,,,,,,,,,,,,,,,,,,,,,,,,,,,,,,,,,,,,,,,,,,,,,,,,,,,,,,,,,,,,,,,,,,,,,,,,,,,,,,,,,,,,,,,,,,,,,,,,,,,,,,,,,,,,,,,,,,,,,,,,,,,,,,,,,,,,,,,,,,,,,,,,,,,,,,,,,,,,,,,,,,,,,,,,,,,,,,,,,,,,,,,,,,,,,,,,,,,,,,,,,,,,,,,,,,,,,,,,,,,,,,,,,,,,,,,,,,,,,,,,,,,,,,,,,,,,,,,,,,,,,,,,,,,,,,,,,,,,,,,,,,,,,,,,,,,,,,,,,,,,,,,,,,,,,,,,,,,,,,,,,,,,,,,
,,,,,,,,,,,,,,,,,,,,,,,,,,,,,,,,,,,,,,,,,,,,,,,,,,,,,,,,,,,,,,,,,,,,,,,,,,,,,,,,,,,,,,,,,,,,,,,,,,,,,,,,,,,,,,,,,,,,,,,,,,,,,,,,,,,,,,,,,,,,,,,,,,,,,,,,,,,,,,,,,,,,,,,,,,,,,,,,,,,,,,,,,,,,,,,,,,,,,,,,,,,,,,,,,,,,,,,,,,,,,,,,,,,,,,,,,,,,,,,,,,,,,,,,,,,,,,,,,,,,,,,,,,,,,,,,,,,,,,,,,,,,,,,,,,,,,,,,,,,,,,,,,,,,,,,,,,,,,,,,,,,,,,,,,,,,,,,,,,,,,,,,,,,,,,,,,,,,,,,,,,,,,,,,,,,,,,,,,,,,,,,,,,,,,,,,,,,,,,,,,,,,,,,,,,,,,,,,,,,,,,,,,,,,,,,,,,,,,,,,,,,,,,,,,,,,,,,,,,,,,,,,,,,,,,,,,,,,,,,,,,,,,,,,,,,,,,,,,,,,,,,,,,,,,,,,,,,,,,,,,,,,,,,,,,,
,,,,,,,,,,,,,,,,,,,,,,,,,,,,,,,,,,,,,,,,,,,,,,,,,,,,,,,,,,,,,,,,,,,,,,,,,,,,,,,,,,,,,,,,,,,,,,,,,,,,,,,,,,,,,,,,,,,,,,,,,,,,,,,,,,,,,,,,,,,,,,,,,,,,,,,,,,,,,,,,,,,,,,,,,,,,,,,,,,,,,,,,,,,,,,,,,,,,,,,,,,,,,,,,,,,,,,,,,,,,,,,,,,,,,,,,,,,,,,,,,,,,,,,,,,,,,,,,,,,,,,,,,,,,,,,,,,,,,,,,,,,,,,,,,,,,,,,,,,,,,,,,,,,,,,,,,,,,,,,,,,,,,,,,,,,,,,,,,,,,,,,,,,,,,,,,,,,,,,,,,,,,,,,,,,,,,,,,,,,,,,,,,,,,,,,,,,,,,,,,,,,,,,,,,,,,,,,,,,,,,,,,,,,,,,,,,,,,,,,,,,,,,,,,,,,,,,,,,,,,,,,,,,,,,,,,,,,,,,,,,,,,,,,,,,,,,,,,,,,,,,,,,,,,,,,,,,,,,,,,,,,,,,,,,,,
,,,,,,,,,,,,,,,,,,,,,,,,,,,,,,,,,,,,,,,,,,,,,,,,,,,,,,,,,,,,,,,,,,,,,,,,,,,,,,,,,,,,,,,,,,,,,,,,,,,,,,,,,,,,,,,,,,,,,,,,,,,,,,,,,,,,,,,,,,,,,,,,,,,,,,,,,,,,,,,,,,,,,,,,,,,,,,,,,,,,,,,,,,,,,,,,,,,,,,,,,,,,,,,,,,,,,,,,,,,,,,,,,,,,,,,,,,,,,,,,,,,,,,,,,,,,,,,,,,,,,,,,,,,,,,,,,,,,,,,,,,,,,,,,,,,,,,,,,,,,,,,,,,,,,,,,,,,,,,,,,,,,,,,,,,,,,,,,,,,,,,,,,,,,,,,,,,,,,,,,,,,,,,,,,,,,,,,,,,,,,,,,,,,,,,,,,,,,,,,,,,,,,,,,,,,,,,,,,,,,,,,,,,,,,,,,,,,,,,,,,,,,,,,,,,,,,,,,,,,,,,,,,,,,,,,,,,,,,,,,,,,,,,,,,,,,,,,,,,,,,,,,,,,,,,,,,,,,,,,,,,,,,,,,,,,
,,,,,,,,,,,,,,,,,,,,,,,,,,,,,,,,,,,,,,,,,,,,,,,,,,,,,,,,,,,,,,,,,,,,,,,,,,,,,,,,,,,,,,,,,,,,,,,,,,,,,,,,,,,,,,,,,,,,,,,,,,,,,,,,,,,,,,,,,,,,,,,,,,,,,,,,,,,,,,,,,,,,,,,,,,,,,,,,,,,,,,,,,,,,,,,,,,,,,,,,,,,,,,,,,,,,,,,,,,,,,,,,,,,,,,,,,,,,,,,,,,,,,,,,,,,,,,,,,,,,,,,,,,,,,,,,,,,,,,,,,,,,,,,,,,,,,,,,,,,,,,,,,,,,,,,,,,,,,,,,,,,,,,,,,,,,,,,,,,,,,,,,,,,,,,,,,,,,,,,,,,,,,,,,,,,,,,,,,,,,,,,,,,,,,,,,,,,,,,,,,,,,,,,,,,,,,,,,,,,,,,,,,,,,,,,,,,,,,,,,,,,,,,,,,,,,,,,,,,,,,,,,,,,,,,,,,,,,,,,,,,,,,,,,,,,,,,,,,,,,,,,,,,,,,,,,,,,,,,,,,,,,,,,,,,,
,,,,,,,,,,,,,,,,,,,,,,,,,,,,,,,,,,,,,,,,,,,,,,,,,,,,,,,,,,,,,,,,,,,,,,,,,,,,,,,,,,,,,,,,,,,,,,,,,,,,,,,,,,,,,,,,,,,,,,,,,,,,,,,,,,,,,,,,,,,,,,,,,,,,,,,,,,,,,,,,,,,,,,,,,,,,,,,,,,,,,,,,,,,,,,,,,,,,,,,,,,,,,,,,,,,,,,,,,,,,,,,,,,,,,,,,,,,,,,,,,,,,,,,,,,,,,,,,,,,,,,,,,,,,,,,,,,,,,,,,,,,,,,,,,,,,,,,,,,,,,,,,,,,,,,,,,,,,,,,,,,,,,,,,,,,,,,,,,,,,,,,,,,,,,,,,,,,,,,,,,,,,,,,,,,,,,,,,,,,,,,,,,,,,,,,,,,,,,,,,,,,,,,,,,,,,,,,,,,,,,,,,,,,,,,,,,,,,,,,,,,,,,,,,,,,,,,,,,,,,,,,,,,,,,,,,,,,,,,,,,,,,,,,,,,,,,,,,,,,,,,,,,,,,,,,,,,,,,,,,,,,,,,,,,,,
,,,,,,,,,,,,,,,,,,,,,,,,,,,,,,,,,,,,,,,,,,,,,,,,,,,,,,,,,,,,,,,,,,,,,,,,,,,,,,,,,,,,,,,,,,,,,,,,,,,,,,,,,,,,,,,,,,,,,,,,,,,,,,,,,,,,,,,,,,,,,,,,,,,,,,,,,,,,,,,,,,,,,,,,,,,,,,,,,,,,,,,,,,,,,,,,,,,,,,,,,,,,,,,,,,,,,,,,,,,,,,,,,,,,,,,,,,,,,,,,,,,,,,,,,,,,,,,,,,,,,,,,,,,,,,,,,,,,,,,,,,,,,,,,,,,,,,,,,,,,,,,,,,,,,,,,,,,,,,,,,,,,,,,,,,,,,,,,,,,,,,,,,,,,,,,,,,,,,,,,,,,,,,,,,,,,,,,,,,,,,,,,,,,,,,,,,,,,,,,,,,,,,,,,,,,,,,,,,,,,,,,,,,,,,,,,,,,,,,,,,,,,,,,,,,,,,,,,,,,,,,,,,,,,,,,,,,,,,,,,,,,,,,,,,,,,,,,,,,,,,,,,,,,,,,,,,,,,,,,,,,,,,,,,,,,
,,,,,,,,,,,,,,,,,,,,,,,,,,,,,,,,,,,,,,,,,,,,,,,,,,,,,,,,,,,,,,,,,,,,,,,,,,,,,,,,,,,,,,,,,,,,,,,,,,,,,,,,,,,,,,,,,,,,,,,,,,,,,,,,,,,,,,,,,,,,,,,,,,,,,,,,,,,,,,,,,,,,,,,,,,,,,,,,,,,,,,,,,,,,,,,,,,,,,,,,,,,,,,,,,,,,,,,,,,,,,,,,,,,,,,,,,,,,,,,,,,,,,,,,,,,,,,,,,,,,,,,,,,,,,,,,,,,,,,,,,,,,,,,,,,,,,,,,,,,,,,,,,,,,,,,,,,,,,,,,,,,,,,,,,,,,,,,,,,,,,,,,,,,,,,,,,,,,,,,,,,,,,,,,,,,,,,,,,,,,,,,,,,,,,,,,,,,,,,,,,,,,,,,,,,,,,,,,,,,,,,,,,,,,,,,,,,,,,,,,,,,,,,,,,,,,,,,,,,,,,,,,,,,,,,,,,,,,,,,,,,,,,,,,,,,,,,,,,,,,,,,,,,,,,,,,,,,,,,,,,,,,,,,,,,,
,,,,,,,,,,,,,,,,,,,,,,,,,,,,,,,,,,,,,,,,,,,,,,,,,,,,,,,,,,,,,,,,,,,,,,,,,,,,,,,,,,,,,,,,,,,,,,,,,,,,,,,,,,,,,,,,,,,,,,,,,,,,,,,,,,,,,,,,,,,,,,,,,,,,,,,,,,,,,,,,,,,,,,,,,,,,,,,,,,,,,,,,,,,,,,,,,,,,,,,,,,,,,,,,,,,,,,,,,,,,,,,,,,,,,,,,,,,,,,,,,,,,,,,,,,,,,,,,,,,,,,,,,,,,,,,,,,,,,,,,,,,,,,,,,,,,,,,,,,,,,,,,,,,,,,,,,,,,,,,,,,,,,,,,,,,,,,,,,,,,,,,,,,,,,,,,,,,,,,,,,,,,,,,,,,,,,,,,,,,,,,,,,,,,,,,,,,,,,,,,,,,,,,,,,,,,,,,,,,,,,,,,,,,,,,,,,,,,,,,,,,,,,,,,,,,,,,,,,,,,,,,,,,,,,,,,,,,,,,,,,,,,,,,,,,,,,,,,,,,,,,,,,,,,,,,,,,,,,,,,,,,,,,,,,,,
,,,,,,,,,,,,,,,,,,,,,,,,,,,,,,,,,,,,,,,,,,,,,,,,,,,,,,,,,,,,,,,,,,,,,,,,,,,,,,,,,,,,,,,,,,,,,,,,,,,,,,,,,,,,,,,,,,,,,,,,,,,,,,,,,,,,,,,,,,,,,,,,,,,,,,,,,,,,,,,,,,,,,,,,,,,,,,,,,,,,,,,,,,,,,,,,,,,,,,,,,,,,,,,,,,,,,,,,,,,,,,,,,,,,,,,,,,,,,,,,,,,,,,,,,,,,,,,,,,,,,,,,,,,,,,,,,,,,,,,,,,,,,,,,,,,,,,,,,,,,,,,,,,,,,,,,,,,,,,,,,,,,,,,,,,,,,,,,,,,,,,,,,,,,,,,,,,,,,,,,,,,,,,,,,,,,,,,,,,,,,,,,,,,,,,,,,,,,,,,,,,,,,,,,,,,,,,,,,,,,,,,,,,,,,,,,,,,,,,,,,,,,,,,,,,,,,,,,,,,,,,,,,,,,,,,,,,,,,,,,,,,,,,,,,,,,,,,,,,,,,,,,,,,,,,,,,,,,,,,,,,,,,,,,,,,
,,,,,,,,,,,,,,,,,,,,,,,,,,,,,,,,,,,,,,,,,,,,,,,,,,,,,,,,,,,,,,,,,,,,,,,,,,,,,,,,,,,,,,,,,,,,,,,,,,,,,,,,,,,,,,,,,,,,,,,,,,,,,,,,,,,,,,,,,,,,,,,,,,,,,,,,,,,,,,,,,,,,,,,,,,,,,,,,,,,,,,,,,,,,,,,,,,,,,,,,,,,,,,,,,,,,,,,,,,,,,,,,,,,,,,,,,,,,,,,,,,,,,,,,,,,,,,,,,,,,,,,,,,,,,,,,,,,,,,,,,,,,,,,,,,,,,,,,,,,,,,,,,,,,,,,,,,,,,,,,,,,,,,,,,,,,,,,,,,,,,,,,,,,,,,,,,,,,,,,,,,,,,,,,,,,,,,,,,,,,,,,,,,,,,,,,,,,,,,,,,,,,,,,,,,,,,,,,,,,,,,,,,,,,,,,,,,,,,,,,,,,,,,,,,,,,,,,,,,,,,,,,,,,,,,,,,,,,,,,,,,,,,,,,,,,,,,,,,,,,,,,,,,,,,,,,,,,,,,,,,,,,,,,,,,,
,,,,,,,,,,,,,,,,,,,,,,,,,,,,,,,,,,,,,,,,,,,,,,,,,,,,,,,,,,,,,,,,,,,,,,,,,,,,,,,,,,,,,,,,,,,,,,,,,,,,,,,,,,,,,,,,,,,,,,,,,,,,,,,,,,,,,,,,,,,,,,,,,,,,,,,,,,,,,,,,,,,,,,,,,,,,,,,,,,,,,,,,,,,,,,,,,,,,,,,,,,,,,,,,,,,,,,,,,,,,,,,,,,,,,,,,,,,,,,,,,,,,,,,,,,,,,,,,,,,,,,,,,,,,,,,,,,,,,,,,,,,,,,,,,,,,,,,,,,,,,,,,,,,,,,,,,,,,,,,,,,,,,,,,,,,,,,,,,,,,,,,,,,,,,,,,,,,,,,,,,,,,,,,,,,,,,,,,,,,,,,,,,,,,,,,,,,,,,,,,,,,,,,,,,,,,,,,,,,,,,,,,,,,,,,,,,,,,,,,,,,,,,,,,,,,,,,,,,,,,,,,,,,,,,,,,,,,,,,,,,,,,,,,,,,,,,,,,,,,,,,,,,,,,,,,,,,,,,,,,,,,,,,,,,,,
,,,,,,,,,,,,,,,,,,,,,,,,,,,,,,,,,,,,,,,,,,,,,,,,,,,,,,,,,,,,,,,,,,,,,,,,,,,,,,,,,,,,,,,,,,,,,,,,,,,,,,,,,,,,,,,,,,,,,,,,,,,,,,,,,,,,,,,,,,,,,,,,,,,,,,,,,,,,,,,,,,,,,,,,,,,,,,,,,,,,,,,,,,,,,,,,,,,,,,,,,,,,,,,,,,,,,,,,,,,,,,,,,,,,,,,,,,,,,,,,,,,,,,,,,,,,,,,,,,,,,,,,,,,,,,,,,,,,,,,,,,,,,,,,,,,,,,,,,,,,,,,,,,,,,,,,,,,,,,,,,,,,,,,,,,,,,,,,,,,,,,,,,,,,,,,,,,,,,,,,,,,,,,,,,,,,,,,,,,,,,,,,,,,,,,,,,,,,,,,,,,,,,,,,,,,,,,,,,,,,,,,,,,,,,,,,,,,,,,,,,,,,,,,,,,,,,,,,,,,,,,,,,,,,,,,,,,,,,,,,,,,,,,,,,,,,,,,,,,,,,,,,,,,,,,,,,,,,,,,,,,,,,,,,,,,
,,,,,,,,,,,,,,,,,,,,,,,,,,,,,,,,,,,,,,,,,,,,,,,,,,,,,,,,,,,,,,,,,,,,,,,,,,,,,,,,,,,,,,,,,,,,,,,,,,,,,,,,,,,,,,,,,,,,,,,,,,,,,,,,,,,,,,,,,,,,,,,,,,,,,,,,,,,,,,,,,,,,,,,,,,,,,,,,,,,,,,,,,,,,,,,,,,,,,,,,,,,,,,,,,,,,,,,,,,,,,,,,,,,,,,,,,,,,,,,,,,,,,,,,,,,,,,,,,,,,,,,,,,,,,,,,,,,,,,,,,,,,,,,,,,,,,,,,,,,,,,,,,,,,,,,,,,,,,,,,,,,,,,,,,,,,,,,,,,,,,,,,,,,,,,,,,,,,,,,,,,,,,,,,,,,,,,,,,,,,,,,,,,,,,,,,,,,,,,,,,,,,,,,,,,,,,,,,,,,,,,,,,,,,,,,,,,,,,,,,,,,,,,,,,,,,,,,,,,,,,,,,,,,,,,,,,,,,,,,,,,,,,,,,,,,,,,,,,,,,,,,,,,,,,,,,,,,,,,,,,,,,,,,,,,,
,,,,,,,,,,,,,,,,,,,,,,,,,,,,,,,,,,,,,,,,,,,,,,,,,,,,,,,,,,,,,,,,,,,,,,,,,,,,,,,,,,,,,,,,,,,,,,,,,,,,,,,,,,,,,,,,,,,,,,,,,,,,,,,,,,,,,,,,,,,,,,,,,,,,,,,,,,,,,,,,,,,,,,,,,,,,,,,,,,,,,,,,,,,,,,,,,,,,,,,,,,,,,,,,,,,,,,,,,,,,,,,,,,,,,,,,,,,,,,,,,,,,,,,,,,,,,,,,,,,,,,,,,,,,,,,,,,,,,,,,,,,,,,,,,,,,,,,,,,,,,,,,,,,,,,,,,,,,,,,,,,,,,,,,,,,,,,,,,,,,,,,,,,,,,,,,,,,,,,,,,,,,,,,,,,,,,,,,,,,,,,,,,,,,,,,,,,,,,,,,,,,,,,,,,,,,,,,,,,,,,,,,,,,,,,,,,,,,,,,,,,,,,,,,,,,,,,,,,,,,,,,,,,,,,,,,,,,,,,,,,,,,,,,,,,,,,,,,,,,,,,,,,,,,,,,,,,,,,,,,,,,,,,,,,,,
,,,,,,,,,,,,,,,,,,,,,,,,,,,,,,,,,,,,,,,,,,,,,,,,,,,,,,,,,,,,,,,,,,,,,,,,,,,,,,,,,,,,,,,,,,,,,,,,,,,,,,,,,,,,,,,,,,,,,,,,,,,,,,,,,,,,,,,,,,,,,,,,,,,,,,,,,,,,,,,,,,,,,,,,,,,,,,,,,,,,,,,,,,,,,,,,,,,,,,,,,,,,,,,,,,,,,,,,,,,,,,,,,,,,,,,,,,,,,,,,,,,,,,,,,,,,,,,,,,,,,,,,,,,,,,,,,,,,,,,,,,,,,,,,,,,,,,,,,,,,,,,,,,,,,,,,,,,,,,,,,,,,,,,,,,,,,,,,,,,,,,,,,,,,,,,,,,,,,,,,,,,,,,,,,,,,,,,,,,,,,,,,,,,,,,,,,,,,,,,,,,,,,,,,,,,,,,,,,,,,,,,,,,,,,,,,,,,,,,,,,,,,,,,,,,,,,,,,,,,,,,,,,,,,,,,,,,,,,,,,,,,,,,,,,,,,,,,,,,,,,,,,,,,,,,,,,,,,,,,,,,,,,,,,,,,
,,,,,,,,,,,,,,,,,,,,,,,,,,,,,,,,,,,,,,,,,,,,,,,,,,,,,,,,,,,,,,,,,,,,,,,,,,,,,,,,,,,,,,,,,,,,,,,,,,,,,,,,,,,,,,,,,,,,,,,,,,,,,,,,,,,,,,,,,,,,,,,,,,,,,,,,,,,,,,,,,,,,,,,,,,,,,,,,,,,,,,,,,,,,,,,,,,,,,,,,,,,,,,,,,,,,,,,,,,,,,,,,,,,,,,,,,,,,,,,,,,,,,,,,,,,,,,,,,,,,,,,,,,,,,,,,,,,,,,,,,,,,,,,,,,,,,,,,,,,,,,,,,,,,,,,,,,,,,,,,,,,,,,,,,,,,,,,,,,,,,,,,,,,,,,,,,,,,,,,,,,,,,,,,,,,,,,,,,,,,,,,,,,,,,,,,,,,,,,,,,,,,,,,,,,,,,,,,,,,,,,,,,,,,,,,,,,,,,,,,,,,,,,,,,,,,,,,,,,,,,,,,,,,,,,,,,,,,,,,,,,,,,,,,,,,,,,,,,,,,,,,,,,,,,,,,,,,,,,,,,,,,,,,,,,,
,,,,,,,,,,,,,,,,,,,,,,,,,,,,,,,,,,,,,,,,,,,,,,,,,,,,,,,,,,,,,,,,,,,,,,,,,,,,,,,,,,,,,,,,,,,,,,,,,,,,,,,,,,,,,,,,,,,,,,,,,,,,,,,,,,,,,,,,,,,,,,,,,,,,,,,,,,,,,,,,,,,,,,,,,,,,,,,,,,,,,,,,,,,,,,,,,,,,,,,,,,,,,,,,,,,,,,,,,,,,,,,,,,,,,,,,,,,,,,,,,,,,,,,,,,,,,,,,,,,,,,,,,,,,,,,,,,,,,,,,,,,,,,,,,,,,,,,,,,,,,,,,,,,,,,,,,,,,,,,,,,,,,,,,,,,,,,,,,,,,,,,,,,,,,,,,,,,,,,,,,,,,,,,,,,,,,,,,,,,,,,,,,,,,,,,,,,,,,,,,,,,,,,,,,,,,,,,,,,,,,,,,,,,,,,,,,,,,,,,,,,,,,,,,,,,,,,,,,,,,,,,,,,,,,,,,,,,,,,,,,,,,,,,,,,,,,,,,,,,,,,,,,,,,,,,,,,,,,,,,,,,,,,,,,,,
,,,,,,,,,,,,,,,,,,,,,,,,,,,,,,,,,,,,,,,,,,,,,,,,,,,,,,,,,,,,,,,,,,,,,,,,,,,,,,,,,,,,,,,,,,,,,,,,,,,,,,,,,,,,,,,,,,,,,,,,,,,,,,,,,,,,,,,,,,,,,,,,,,,,,,,,,,,,,,,,,,,,,,,,,,,,,,,,,,,,,,,,,,,,,,,,,,,,,,,,,,,,,,,,,,,,,,,,,,,,,,,,,,,,,,,,,,,,,,,,,,,,,,,,,,,,,,,,,,,,,,,,,,,,,,,,,,,,,,,,,,,,,,,,,,,,,,,,,,,,,,,,,,,,,,,,,,,,,,,,,,,,,,,,,,,,,,,,,,,,,,,,,,,,,,,,,,,,,,,,,,,,,,,,,,,,,,,,,,,,,,,,,,,,,,,,,,,,,,,,,,,,,,,,,,,,,,,,,,,,,,,,,,,,,,,,,,,,,,,,,,,,,,,,,,,,,,,,,,,,,,,,,,,,,,,,,,,,,,,,,,,,,,,,,,,,,,,,,,,,,,,,,,,,,,,,,,,,,,,,,,,,,,,,,,,
,,,,,,,,,,,,,,,,,,,,,,,,,,,,,,,,,,,,,,,,,,,,,,,,,,,,,,,,,,,,,,,,,,,,,,,,,,,,,,,,,,,,,,,,,,,,,,,,,,,,,,,,,,,,,,,,,,,,,,,,,,,,,,,,,,,,,,,,,,,,,,,,,,,,,,,,,,,,,,,,,,,,,,,,,,,,,,,,,,,,,,,,,,,,,,,,,,,,,,,,,,,,,,,,,,,,,,,,,,,,,,,,,,,,,,,,,,,,,,,,,,,,,,,,,,,,,,,,,,,,,,,,,,,,,,,,,,,,,,,,,,,,,,,,,,,,,,,,,,,,,,,,,,,,,,,,,,,,,,,,,,,,,,,,,,,,,,,,,,,,,,,,,,,,,,,,,,,,,,,,,,,,,,,,,,,,,,,,,,,,,,,,,,,,,,,,,,,,,,,,,,,,,,,,,,,,,,,,,,,,,,,,,,,,,,,,,,,,,,,,,,,,,,,,,,,,,,,,,,,,,,,,,,,,,,,,,,,,,,,,,,,,,,,,,,,,,,,,,,,,,,,,,,,,,,,,,,,,,,,,,,,,,,,,,,,
,,,,,,,,,,,,,,,,,,,,,,,,,,,,,,,,,,,,,,,,,,,,,,,,,,,,,,,,,,,,,,,,,,,,,,,,,,,,,,,,,,,,,,,,,,,,,,,,,,,,,,,,,,,,,,,,,,,,,,,,,,,,,,,,,,,,,,,,,,,,,,,,,,,,,,,,,,,,,,,,,,,,,,,,,,,,,,,,,,,,,,,,,,,,,,,,,,,,,,,,,,,,,,,,,,,,,,,,,,,,,,,,,,,,,,,,,,,,,,,,,,,,,,,,,,,,,,,,,,,,,,,,,,,,,,,,,,,,,,,,,,,,,,,,,,,,,,,,,,,,,,,,,,,,,,,,,,,,,,,,,,,,,,,,,,,,,,,,,,,,,,,,,,,,,,,,,,,,,,,,,,,,,,,,,,,,,,,,,,,,,,,,,,,,,,,,,,,,,,,,,,,,,,,,,,,,,,,,,,,,,,,,,,,,,,,,,,,,,,,,,,,,,,,,,,,,,,,,,,,,,,,,,,,,,,,,,,,,,,,,,,,,,,,,,,,,,,,,,,,,,,,,,,,,,,,,,,,,,,,,,,,,,,,,,,,
,,,,,,,,,,,,,,,,,,,,,,,,,,,,,,,,,,,,,,,,,,,,,,,,,,,,,,,,,,,,,,,,,,,,,,,,,,,,,,,,,,,,,,,,,,,,,,,,,,,,,,,,,,,,,,,,,,,,,,,,,,,,,,,,,,,,,,,,,,,,,,,,,,,,,,,,,,,,,,,,,,,,,,,,,,,,,,,,,,,,,,,,,,,,,,,,,,,,,,,,,,,,,,,,,,,,,,,,,,,,,,,,,,,,,,,,,,,,,,,,,,,,,,,,,,,,,,,,,,,,,,,,,,,,,,,,,,,,,,,,,,,,,,,,,,,,,,,,,,,,,,,,,,,,,,,,,,,,,,,,,,,,,,,,,,,,,,,,,,,,,,,,,,,,,,,,,,,,,,,,,,,,,,,,,,,,,,,,,,,,,,,,,,,,,,,,,,,,,,,,,,,,,,,,,,,,,,,,,,,,,,,,,,,,,,,,,,,,,,,,,,,,,,,,,,,,,,,,,,,,,,,,,,,,,,,,,,,,,,,,,,,,,,,,,,,,,,,,,,,,,,,,,,,,,,,,,,,,,,,,,,,,,,,,,,,
,,,,,,,,,,,,,,,,,,,,,,,,,,,,,,,,,,,,,,,,,,,,,,,,,,,,,,,,,,,,,,,,,,,,,,,,,,,,,,,,,,,,,,,,,,,,,,,,,,,,,,,,,,,,,,,,,,,,,,,,,,,,,,,,,,,,,,,,,,,,,,,,,,,,,,,,,,,,,,,,,,,,,,,,,,,,,,,,,,,,,,,,,,,,,,,,,,,,,,,,,,,,,,,,,,,,,,,,,,,,,,,,,,,,,,,,,,,,,,,,,,,,,,,,,,,,,,,,,,,,,,,,,,,,,,,,,,,,,,,,,,,,,,,,,,,,,,,,,,,,,,,,,,,,,,,,,,,,,,,,,,,,,,,,,,,,,,,,,,,,,,,,,,,,,,,,,,,,,,,,,,,,,,,,,,,,,,,,,,,,,,,,,,,,,,,,,,,,,,,,,,,,,,,,,,,,,,,,,,,,,,,,,,,,,,,,,,,,,,,,,,,,,,,,,,,,,,,,,,,,,,,,,,,,,,,,,,,,,,,,,,,,,,,,,,,,,,,,,,,,,,,,,,,,,,,,,,,,,,,,,,,,,,,,,,,
,,,,,,,,,,,,,,,,,,,,,,,,,,,,,,,,,,,,,,,,,,,,,,,,,,,,,,,,,,,,,,,,,,,,,,,,,,,,,,,,,,,,,,,,,,,,,,,,,,,,,,,,,,,,,,,,,,,,,,,,,,,,,,,,,,,,,,,,,,,,,,,,,,,,,,,,,,,,,,,,,,,,,,,,,,,,,,,,,,,,,,,,,,,,,,,,,,,,,,,,,,,,,,,,,,,,,,,,,,,,,,,,,,,,,,,,,,,,,,,,,,,,,,,,,,,,,,,,,,,,,,,,,,,,,,,,,,,,,,,,,,,,,,,,,,,,,,,,,,,,,,,,,,,,,,,,,,,,,,,,,,,,,,,,,,,,,,,,,,,,,,,,,,,,,,,,,,,,,,,,,,,,,,,,,,,,,,,,,,,,,,,,,,,,,,,,,,,,,,,,,,,,,,,,,,,,,,,,,,,,,,,,,,,,,,,,,,,,,,,,,,,,,,,,,,,,,,,,,,,,,,,,,,,,,,,,,,,,,,,,,,,,,,,,,,,,,,,,,,,,,,,,,,,,,,,,,,,,,,,,,,,,,,,,,,,
,,,,,,,,,,,,,,,,,,,,,,,,,,,,,,,,,,,,,,,,,,,,,,,,,,,,,,,,,,,,,,,,,,,,,,,,,,,,,,,,,,,,,,,,,,,,,,,,,,,,,,,,,,,,,,,,,,,,,,,,,,,,,,,,,,,,,,,,,,,,,,,,,,,,,,,,,,,,,,,,,,,,,,,,,,,,,,,,,,,,,,,,,,,,,,,,,,,,,,,,,,,,,,,,,,,,,,,,,,,,,,,,,,,,,,,,,,,,,,,,,,,,,,,,,,,,,,,,,,,,,,,,,,,,,,,,,,,,,,,,,,,,,,,,,,,,,,,,,,,,,,,,,,,,,,,,,,,,,,,,,,,,,,,,,,,,,,,,,,,,,,,,,,,,,,,,,,,,,,,,,,,,,,,,,,,,,,,,,,,,,,,,,,,,,,,,,,,,,,,,,,,,,,,,,,,,,,,,,,,,,,,,,,,,,,,,,,,,,,,,,,,,,,,,,,,,,,,,,,,,,,,,,,,,,,,,,,,,,,,,,,,,,,,,,,,,,,,,,,,,,,,,,,,,,,,,,,,,,,,,,,,,,,,,,,,
,,,,,,,,,,,,,,,,,,,,,,,,,,,,,,,,,,,,,,,,,,,,,,,,,,,,,,,,,,,,,,,,,,,,,,,,,,,,,,,,,,,,,,,,,,,,,,,,,,,,,,,,,,,,,,,,,,,,,,,,,,,,,,,,,,,,,,,,,,,,,,,,,,,,,,,,,,,,,,,,,,,,,,,,,,,,,,,,,,,,,,,,,,,,,,,,,,,,,,,,,,,,,,,,,,,,,,,,,,,,,,,,,,,,,,,,,,,,,,,,,,,,,,,,,,,,,,,,,,,,,,,,,,,,,,,,,,,,,,,,,,,,,,,,,,,,,,,,,,,,,,,,,,,,,,,,,,,,,,,,,,,,,,,,,,,,,,,,,,,,,,,,,,,,,,,,,,,,,,,,,,,,,,,,,,,,,,,,,,,,,,,,,,,,,,,,,,,,,,,,,,,,,,,,,,,,,,,,,,,,,,,,,,,,,,,,,,,,,,,,,,,,,,,,,,,,,,,,,,,,,,,,,,,,,,,,,,,,,,,,,,,,,,,,,,,,,,,,,,,,,,,,,,,,,,,,,,,,,,,,,,,,,,,,,,,
,,,,,,,,,,,,,,,,,,,,,,,,,,,,,,,,,,,,,,,,,,,,,,,,,,,,,,,,,,,,,,,,,,,,,,,,,,,,,,,,,,,,,,,,,,,,,,,,,,,,,,,,,,,,,,,,,,,,,,,,,,,,,,,,,,,,,,,,,,,,,,,,,,,,,,,,,,,,,,,,,,,,,,,,,,,,,,,,,,,,,,,,,,,,,,,,,,,,,,,,,,,,,,,,,,,,,,,,,,,,,,,,,,,,,,,,,,,,,,,,,,,,,,,,,,,,,,,,,,,,,,,,,,,,,,,,,,,,,,,,,,,,,,,,,,,,,,,,,,,,,,,,,,,,,,,,,,,,,,,,,,,,,,,,,,,,,,,,,,,,,,,,,,,,,,,,,,,,,,,,,,,,,,,,,,,,,,,,,,,,,,,,,,,,,,,,,,,,,,,,,,,,,,,,,,,,,,,,,,,,,,,,,,,,,,,,,,,,,,,,,,,,,,,,,,,,,,,,,,,,,,,,,,,,,,,,,,,,,,,,,,,,,,,,,,,,,,,,,,,,,,,,,,,,,,,,,,,,,,,,,,,,,,,,,,,
,,,,,,,,,,,,,,,,,,,,,,,,,,,,,,,,,,,,,,,,,,,,,,,,,,,,,,,,,,,,,,,,,,,,,,,,,,,,,,,,,,,,,,,,,,,,,,,,,,,,,,,,,,,,,,,,,,,,,,,,,,,,,,,,,,,,,,,,,,,,,,,,,,,,,,,,,,,,,,,,,,,,,,,,,,,,,,,,,,,,,,,,,,,,,,,,,,,,,,,,,,,,,,,,,,,,,,,,,,,,,,,,,,,,,,,,,,,,,,,,,,,,,,,,,,,,,,,,,,,,,,,,,,,,,,,,,,,,,,,,,,,,,,,,,,,,,,,,,,,,,,,,,,,,,,,,,,,,,,,,,,,,,,,,,,,,,,,,,,,,,,,,,,,,,,,,,,,,,,,,,,,,,,,,,,,,,,,,,,,,,,,,,,,,,,,,,,,,,,,,,,,,,,,,,,,,,,,,,,,,,,,,,,,,,,,,,,,,,,,,,,,,,,,,,,,,,,,,,,,,,,,,,,,,,,,,,,,,,,,,,,,,,,,,,,,,,,,,,,,,,,,,,,,,,,,,,,,,,,,,,,,,,,,,,,,
,,,,,,,,,,,,,,,,,,,,,,,,,,,,,,,,,,,,,,,,,,,,,,,,,,,,,,,,,,,,,,,,,,,,,,,,,,,,,,,,,,,,,,,,,,,,,,,,,,,,,,,,,,,,,,,,,,,,,,,,,,,,,,,,,,,,,,,,,,,,,,,,,,,,,,,,,,,,,,,,,,,,,,,,,,,,,,,,,,,,,,,,,,,,,,,,,,,,,,,,,,,,,,,,,,,,,,,,,,,,,,,,,,,,,,,,,,,,,,,,,,,,,,,,,,,,,,,,,,,,,,,,,,,,,,,,,,,,,,,,,,,,,,,,,,,,,,,,,,,,,,,,,,,,,,,,,,,,,,,,,,,,,,,,,,,,,,,,,,,,,,,,,,,,,,,,,,,,,,,,,,,,,,,,,,,,,,,,,,,,,,,,,,,,,,,,,,,,,,,,,,,,,,,,,,,,,,,,,,,,,,,,,,,,,,,,,,,,,,,,,,,,,,,,,,,,,,,,,,,,,,,,,,,,,,,,,,,,,,,,,,,,,,,,,,,,,,,,,,,,,,,,,,,,,,,,,,,,,,,,,,,,,,,,,,,
,,,,,,,,,,,,,,,,,,,,,,,,,,,,,,,,,,,,,,,,,,,,,,,,,,,,,,,,,,,,,,,,,,,,,,,,,,,,,,,,,,,,,,,,,,,,,,,,,,,,,,,,,,,,,,,,,,,,,,,,,,,,,,,,,,,,,,,,,,,,,,,,,,,,,,,,,,,,,,,,,,,,,,,,,,,,,,,,,,,,,,,,,,,,,,,,,,,,,,,,,,,,,,,,,,,,,,,,,,,,,,,,,,,,,,,,,,,,,,,,,,,,,,,,,,,,,,,,,,,,,,,,,,,,,,,,,,,,,,,,,,,,,,,,,,,,,,,,,,,,,,,,,,,,,,,,,,,,,,,,,,,,,,,,,,,,,,,,,,,,,,,,,,,,,,,,,,,,,,,,,,,,,,,,,,,,,,,,,,,,,,,,,,,,,,,,,,,,,,,,,,,,,,,,,,,,,,,,,,,,,,,,,,,,,,,,,,,,,,,,,,,,,,,,,,,,,,,,,,,,,,,,,,,,,,,,,,,,,,,,,,,,,,,,,,,,,,,,,,,,,,,,,,,,,,,,,,,,,,,,,,,,,,,,,,,
,,,,,,,,,,,,,,,,,,,,,,,,,,,,,,,,,,,,,,,,,,,,,,,,,,,,,,,,,,,,,,,,,,,,,,,,,,,,,,,,,,,,,,,,,,,,,,,,,,,,,,,,,,,,,,,,,,,,,,,,,,,,,,,,,,,,,,,,,,,,,,,,,,,,,,,,,,,,,,,,,,,,,,,,,,,,,,,,,,,,,,,,,,,,,,,,,,,,,,,,,,,,,,,,,,,,,,,,,,,,,,,,,,,,,,,,,,,,,,,,,,,,,,,,,,,,,,,,,,,,,,,,,,,,,,,,,,,,,,,,,,,,,,,,,,,,,,,,,,,,,,,,,,,,,,,,,,,,,,,,,,,,,,,,,,,,,,,,,,,,,,,,,,,,,,,,,,,,,,,,,,,,,,,,,,,,,,,,,,,,,,,,,,,,,,,,,,,,,,,,,,,,,,,,,,,,,,,,,,,,,,,,,,,,,,,,,,,,,,,,,,,,,,,,,,,,,,,,,,,,,,,,,,,,,,,,,,,,,,,,,,,,,,,,,,,,,,,,,,,,,,,,,,,,,,,,,,,,,,,,,,,,,,,,,,,
,,,,,,,,,,,,,,,,,,,,,,,,,,,,,,,,,,,,,,,,,,,,,,,,,,,,,,,,,,,,,,,,,,,,,,,,,,,,,,,,,,,,,,,,,,,,,,,,,,,,,,,,,,,,,,,,,,,,,,,,,,,,,,,,,,,,,,,,,,,,,,,,,,,,,,,,,,,,,,,,,,,,,,,,,,,,,,,,,,,,,,,,,,,,,,,,,,,,,,,,,,,,,,,,,,,,,,,,,,,,,,,,,,,,,,,,,,,,,,,,,,,,,,,,,,,,,,,,,,,,,,,,,,,,,,,,,,,,,,,,,,,,,,,,,,,,,,,,,,,,,,,,,,,,,,,,,,,,,,,,,,,,,,,,,,,,,,,,,,,,,,,,,,,,,,,,,,,,,,,,,,,,,,,,,,,,,,,,,,,,,,,,,,,,,,,,,,,,,,,,,,,,,,,,,,,,,,,,,,,,,,,,,,,,,,,,,,,,,,,,,,,,,,,,,,,,,,,,,,,,,,,,,,,,,,,,,,,,,,,,,,,,,,,,,,,,,,,,,,,,,,,,,,,,,,,,,,,,,,,,,,,,,,,,,,,
,,,,,,,,,,,,,,,,,,,,,,,,,,,,,,,,,,,,,,,,,,,,,,,,,,,,,,,,,,,,,,,,,,,,,,,,,,,,,,,,,,,,,,,,,,,,,,,,,,,,,,,,,,,,,,,,,,,,,,,,,,,,,,,,,,,,,,,,,,,,,,,,,,,,,,,,,,,,,,,,,,,,,,,,,,,,,,,,,,,,,,,,,,,,,,,,,,,,,,,,,,,,,,,,,,,,,,,,,,,,,,,,,,,,,,,,,,,,,,,,,,,,,,,,,,,,,,,,,,,,,,,,,,,,,,,,,,,,,,,,,,,,,,,,,,,,,,,,,,,,,,,,,,,,,,,,,,,,,,,,,,,,,,,,,,,,,,,,,,,,,,,,,,,,,,,,,,,,,,,,,,,,,,,,,,,,,,,,,,,,,,,,,,,,,,,,,,,,,,,,,,,,,,,,,,,,,,,,,,,,,,,,,,,,,,,,,,,,,,,,,,,,,,,,,,,,,,,,,,,,,,,,,,,,,,,,,,,,,,,,,,,,,,,,,,,,,,,,,,,,,,,,,,,,,,,,,,,,,,,,,,,,,,,,,,,
,,,,,,,,,,,,,,,,,,,,,,,,,,,,,,,,,,,,,,,,,,,,,,,,,,,,,,,,,,,,,,,,,,,,,,,,,,,,,,,,,,,,,,,,,,,,,,,,,,,,,,,,,,,,,,,,,,,,,,,,,,,,,,,,,,,,,,,,,,,,,,,,,,,,,,,,,,,,,,,,,,,,,,,,,,,,,,,,,,,,,,,,,,,,,,,,,,,,,,,,,,,,,,,,,,,,,,,,,,,,,,,,,,,,,,,,,,,,,,,,,,,,,,,,,,,,,,,,,,,,,,,,,,,,,,,,,,,,,,,,,,,,,,,,,,,,,,,,,,,,,,,,,,,,,,,,,,,,,,,,,,,,,,,,,,,,,,,,,,,,,,,,,,,,,,,,,,,,,,,,,,,,,,,,,,,,,,,,,,,,,,,,,,,,,,,,,,,,,,,,,,,,,,,,,,,,,,,,,,,,,,,,,,,,,,,,,,,,,,,,,,,,,,,,,,,,,,,,,,,,,,,,,,,,,,,,,,,,,,,,,,,,,,,,,,,,,,,,,,,,,,,,,,,,,,,,,,,,,,,,,,,,,,,,,,,
,,,,,,,,,,,,,,,,,,,,,,,,,,,,,,,,,,,,,,,,,,,,,,,,,,,,,,,,,,,,,,,,,,,,,,,,,,,,,,,,,,,,,,,,,,,,,,,,,,,,,,,,,,,,,,,,,,,,,,,,,,,,,,,,,,,,,,,,,,,,,,,,,,,,,,,,,,,,,,,,,,,,,,,,,,,,,,,,,,,,,,,,,,,,,,,,,,,,,,,,,,,,,,,,,,,,,,,,,,,,,,,,,,,,,,,,,,,,,,,,,,,,,,,,,,,,,,,,,,,,,,,,,,,,,,,,,,,,,,,,,,,,,,,,,,,,,,,,,,,,,,,,,,,,,,,,,,,,,,,,,,,,,,,,,,,,,,,,,,,,,,,,,,,,,,,,,,,,,,,,,,,,,,,,,,,,,,,,,,,,,,,,,,,,,,,,,,,,,,,,,,,,,,,,,,,,,,,,,,,,,,,,,,,,,,,,,,,,,,,,,,,,,,,,,,,,,,,,,,,,,,,,,,,,,,,,,,,,,,,,,,,,,,,,,,,,,,,,,,,,,,,,,,,,,,,,,,,,,,,,,,,,,,,,,,,
,,,,,,,,,,,,,,,,,,,,,,,,,,,,,,,,,,,,,,,,,,,,,,,,,,,,,,,,,,,,,,,,,,,,,,,,,,,,,,,,,,,,,,,,,,,,,,,,,,,,,,,,,,,,,,,,,,,,,,,,,,,,,,,,,,,,,,,,,,,,,,,,,,,,,,,,,,,,,,,,,,,,,,,,,,,,,,,,,,,,,,,,,,,,,,,,,,,,,,,,,,,,,,,,,,,,,,,,,,,,,,,,,,,,,,,,,,,,,,,,,,,,,,,,,,,,,,,,,,,,,,,,,,,,,,,,,,,,,,,,,,,,,,,,,,,,,,,,,,,,,,,,,,,,,,,,,,,,,,,,,,,,,,,,,,,,,,,,,,,,,,,,,,,,,,,,,,,,,,,,,,,,,,,,,,,,,,,,,,,,,,,,,,,,,,,,,,,,,,,,,,,,,,,,,,,,,,,,,,,,,,,,,,,,,,,,,,,,,,,,,,,,,,,,,,,,,,,,,,,,,,,,,,,,,,,,,,,,,,,,,,,,,,,,,,,,,,,,,,,,,,,,,,,,,,,,,,,,,,,,,,,,,,,,,,,
,,,,,,,,,,,,,,,,,,,,,,,,,,,,,,,,,,,,,,,,,,,,,,,,,,,,,,,,,,,,,,,,,,,,,,,,,,,,,,,,,,,,,,,,,,,,,,,,,,,,,,,,,,,,,,,,,,,,,,,,,,,,,,,,,,,,,,,,,,,,,,,,,,,,,,,,,,,,,,,,,,,,,,,,,,,,,,,,,,,,,,,,,,,,,,,,,,,,,,,,,,,,,,,,,,,,,,,,,,,,,,,,,,,,,,,,,,,,,,,,,,,,,,,,,,,,,,,,,,,,,,,,,,,,,,,,,,,,,,,,,,,,,,,,,,,,,,,,,,,,,,,,,,,,,,,,,,,,,,,,,,,,,,,,,,,,,,,,,,,,,,,,,,,,,,,,,,,,,,,,,,,,,,,,,,,,,,,,,,,,,,,,,,,,,,,,,,,,,,,,,,,,,,,,,,,,,,,,,,,,,,,,,,,,,,,,,,,,,,,,,,,,,,,,,,,,,,,,,,,,,,,,,,,,,,,,,,,,,,,,,,,,,,,,,,,,,,,,,,,,,,,,,,,,,,,,,,,,,,,,,,,,,,,,,,,
,,,,,,,,,,,,,,,,,,,,,,,,,,,,,,,,,,,,,,,,,,,,,,,,,,,,,,,,,,,,,,,,,,,,,,,,,,,,,,,,,,,,,,,,,,,,,,,,,,,,,,,,,,,,,,,,,,,,,,,,,,,,,,,,,,,,,,,,,,,,,,,,,,,,,,,,,,,,,,,,,,,,,,,,,,,,,,,,,,,,,,,,,,,,,,,,,,,,,,,,,,,,,,,,,,,,,,,,,,,,,,,,,,,,,,,,,,,,,,,,,,,,,,,,,,,,,,,,,,,,,,,,,,,,,,,,,,,,,,,,,,,,,,,,,,,,,,,,,,,,,,,,,,,,,,,,,,,,,,,,,,,,,,,,,,,,,,,,,,,,,,,,,,,,,,,,,,,,,,,,,,,,,,,,,,,,,,,,,,,,,,,,,,,,,,,,,,,,,,,,,,,,,,,,,,,,,,,,,,,,,,,,,,,,,,,,,,,,,,,,,,,,,,,,,,,,,,,,,,,,,,,,,,,,,,,,,,,,,,,,,,,,,,,,,,,,,,,,,,,,,,,,,,,,,,,,,,,,,,,,,,,,,,,,,,,
,,,,,,,,,,,,,,,,,,,,,,,,,,,,,,,,,,,,,,,,,,,,,,,,,,,,,,,,,,,,,,,,,,,,,,,,,,,,,,,,,,,,,,,,,,,,,,,,,,,,,,,,,,,,,,,,,,,,,,,,,,,,,,,,,,,,,,,,,,,,,,,,,,,,,,,,,,,,,,,,,,,,,,,,,,,,,,,,,,,,,,,,,,,,,,,,,,,,,,,,,,,,,,,,,,,,,,,,,,,,,,,,,,,,,,,,,,,,,,,,,,,,,,,,,,,,,,,,,,,,,,,,,,,,,,,,,,,,,,,,,,,,,,,,,,,,,,,,,,,,,,,,,,,,,,,,,,,,,,,,,,,,,,,,,,,,,,,,,,,,,,,,,,,,,,,,,,,,,,,,,,,,,,,,,,,,,,,,,,,,,,,,,,,,,,,,,,,,,,,,,,,,,,,,,,,,,,,,,,,,,,,,,,,,,,,,,,,,,,,,,,,,,,,,,,,,,,,,,,,,,,,,,,,,,,,,,,,,,,,,,,,,,,,,,,,,,,,,,,,,,,,,,,,,,,,,,,,,,,,,,,,,,,,,,,,
,,,,,,,,,,,,,,,,,,,,,,,,,,,,,,,,,,,,,,,,,,,,,,,,,,,,,,,,,,,,,,,,,,,,,,,,,,,,,,,,,,,,,,,,,,,,,,,,,,,,,,,,,,,,,,,,,,,,,,,,,,,,,,,,,,,,,,,,,,,,,,,,,,,,,,,,,,,,,,,,,,,,,,,,,,,,,,,,,,,,,,,,,,,,,,,,,,,,,,,,,,,,,,,,,,,,,,,,,,,,,,,,,,,,,,,,,,,,,,,,,,,,,,,,,,,,,,,,,,,,,,,,,,,,,,,,,,,,,,,,,,,,,,,,,,,,,,,,,,,,,,,,,,,,,,,,,,,,,,,,,,,,,,,,,,,,,,,,,,,,,,,,,,,,,,,,,,,,,,,,,,,,,,,,,,,,,,,,,,,,,,,,,,,,,,,,,,,,,,,,,,,,,,,,,,,,,,,,,,,,,,,,,,,,,,,,,,,,,,,,,,,,,,,,,,,,,,,,,,,,,,,,,,,,,,,,,,,,,,,,,,,,,,,,,,,,,,,,,,,,,,,,,,,,,,,,,,,,,,,,,,,,,,,,,,,
,,,,,,,,,,,,,,,,,,,,,,,,,,,,,,,,,,,,,,,,,,,,,,,,,,,,,,,,,,,,,,,,,,,,,,,,,,,,,,,,,,,,,,,,,,,,,,,,,,,,,,,,,,,,,,,,,,,,,,,,,,,,,,,,,,,,,,,,,,,,,,,,,,,,,,,,,,,,,,,,,,,,,,,,,,,,,,,,,,,,,,,,,,,,,,,,,,,,,,,,,,,,,,,,,,,,,,,,,,,,,,,,,,,,,,,,,,,,,,,,,,,,,,,,,,,,,,,,,,,,,,,,,,,,,,,,,,,,,,,,,,,,,,,,,,,,,,,,,,,,,,,,,,,,,,,,,,,,,,,,,,,,,,,,,,,,,,,,,,,,,,,,,,,,,,,,,,,,,,,,,,,,,,,,,,,,,,,,,,,,,,,,,,,,,,,,,,,,,,,,,,,,,,,,,,,,,,,,,,,,,,,,,,,,,,,,,,,,,,,,,,,,,,,,,,,,,,,,,,,,,,,,,,,,,,,,,,,,,,,,,,,,,,,,,,,,,,,,,,,,,,,,,,,,,,,,,,,,,,,,,,,,,,,,,,,
,,,,,,,,,,,,,,,,,,,,,,,,,,,,,,,,,,,,,,,,,,,,,,,,,,,,,,,,,,,,,,,,,,,,,,,,,,,,,,,,,,,,,,,,,,,,,,,,,,,,,,,,,,,,,,,,,,,,,,,,,,,,,,,,,,,,,,,,,,,,,,,,,,,,,,,,,,,,,,,,,,,,,,,,,,,,,,,,,,,,,,,,,,,,,,,,,,,,,,,,,,,,,,,,,,,,,,,,,,,,,,,,,,,,,,,,,,,,,,,,,,,,,,,,,,,,,,,,,,,,,,,,,,,,,,,,,,,,,,,,,,,,,,,,,,,,,,,,,,,,,,,,,,,,,,,,,,,,,,,,,,,,,,,,,,,,,,,,,,,,,,,,,,,,,,,,,,,,,,,,,,,,,,,,,,,,,,,,,,,,,,,,,,,,,,,,,,,,,,,,,,,,,,,,,,,,,,,,,,,,,,,,,,,,,,,,,,,,,,,,,,,,,,,,,,,,,,,,,,,,,,,,,,,,,,,,,,,,,,,,,,,,,,,,,,,,,,,,,,,,,,,,,,,,,,,,,,,,,,,,,,,,,,,,,,,
,,,,,,,,,,,,,,,,,,,,,,,,,,,,,,,,,,,,,,,,,,,,,,,,,,,,,,,,,,,,,,,,,,,,,,,,,,,,,,,,,,,,,,,,,,,,,,,,,,,,,,,,,,,,,,,,,,,,,,,,,,,,,,,,,,,,,,,,,,,,,,,,,,,,,,,,,,,,,,,,,,,,,,,,,,,,,,,,,,,,,,,,,,,,,,,,,,,,,,,,,,,,,,,,,,,,,,,,,,,,,,,,,,,,,,,,,,,,,,,,,,,,,,,,,,,,,,,,,,,,,,,,,,,,,,,,,,,,,,,,,,,,,,,,,,,,,,,,,,,,,,,,,,,,,,,,,,,,,,,,,,,,,,,,,,,,,,,,,,,,,,,,,,,,,,,,,,,,,,,,,,,,,,,,,,,,,,,,,,,,,,,,,,,,,,,,,,,,,,,,,,,,,,,,,,,,,,,,,,,,,,,,,,,,,,,,,,,,,,,,,,,,,,,,,,,,,,,,,,,,,,,,,,,,,,,,,,,,,,,,,,,,,,,,,,,,,,,,,,,,,,,,,,,,,,,,,,,,,,,,,,,,,,,,,,,
,,,,,,,,,,,,,,,,,,,,,,,,,,,,,,,,,,,,,,,,,,,,,,,,,,,,,,,,,,,,,,,,,,,,,,,,,,,,,,,,,,,,,,,,,,,,,,,,,,,,,,,,,,,,,,,,,,,,,,,,,,,,,,,,,,,,,,,,,,,,,,,,,,,,,,,,,,,,,,,,,,,,,,,,,,,,,,,,,,,,,,,,,,,,,,,,,,,,,,,,,,,,,,,,,,,,,,,,,,,,,,,,,,,,,,,,,,,,,,,,,,,,,,,,,,,,,,,,,,,,,,,,,,,,,,,,,,,,,,,,,,,,,,,,,,,,,,,,,,,,,,,,,,,,,,,,,,,,,,,,,,,,,,,,,,,,,,,,,,,,,,,,,,,,,,,,,,,,,,,,,,,,,,,,,,,,,,,,,,,,,,,,,,,,,,,,,,,,,,,,,,,,,,,,,,,,,,,,,,,,,,,,,,,,,,,,,,,,,,,,,,,,,,,,,,,,,,,,,,,,,,,,,,,,,,,,,,,,,,,,,,,,,,,,,,,,,,,,,,,,,,,,,,,,,,,,,,,,,,,,,,,,,,,,,,,
,,,,,,,,,,,,,,,,,,,,,,,,,,,,,,,,,,,,,,,,,,,,,,,,,,,,,,,,,,,,,,,,,,,,,,,,,,,,,,,,,,,,,,,,,,,,,,,,,,,,,,,,,,,,,,,,,,,,,,,,,,,,,,,,,,,,,,,,,,,,,,,,,,,,,,,,,,,,,,,,,,,,,,,,,,,,,,,,,,,,,,,,,,,,,,,,,,,,,,,,,,,,,,,,,,,,,,,,,,,,,,,,,,,,,,,,,,,,,,,,,,,,,,,,,,,,,,,,,,,,,,,,,,,,,,,,,,,,,,,,,,,,,,,,,,,,,,,,,,,,,,,,,,,,,,,,,,,,,,,,,,,,,,,,,,,,,,,,,,,,,,,,,,,,,,,,,,,,,,,,,,,,,,,,,,,,,,,,,,,,,,,,,,,,,,,,,,,,,,,,,,,,,,,,,,,,,,,,,,,,,,,,,,,,,,,,,,,,,,,,,,,,,,,,,,,,,,,,,,,,,,,,,,,,,,,,,,,,,,,,,,,,,,,,,,,,,,,,,,,,,,,,,,,,,,,,,,,,,,,,,,,,,,,,,,,
,,,,,,,,,,,,,,,,,,,,,,,,,,,,,,,,,,,,,,,,,,,,,,,,,,,,,,,,,,,,,,,,,,,,,,,,,,,,,,,,,,,,,,,,,,,,,,,,,,,,,,,,,,,,,,,,,,,,,,,,,,,,,,,,,,,,,,,,,,,,,,,,,,,,,,,,,,,,,,,,,,,,,,,,,,,,,,,,,,,,,,,,,,,,,,,,,,,,,,,,,,,,,,,,,,,,,,,,,,,,,,,,,,,,,,,,,,,,,,,,,,,,,,,,,,,,,,,,,,,,,,,,,,,,,,,,,,,,,,,,,,,,,,,,,,,,,,,,,,,,,,,,,,,,,,,,,,,,,,,,,,,,,,,,,,,,,,,,,,,,,,,,,,,,,,,,,,,,,,,,,,,,,,,,,,,,,,,,,,,,,,,,,,,,,,,,,,,,,,,,,,,,,,,,,,,,,,,,,,,,,,,,,,,,,,,,,,,,,,,,,,,,,,,,,,,,,,,,,,,,,,,,,,,,,,,,,,,,,,,,,,,,,,,,,,,,,,,,,,,,,,,,,,,,,,,,,,,,,,,,,,,,,,,,,,,
,,,,,,,,,,,,,,,,,,,,,,,,,,,,,,,,,,,,,,,,,,,,,,,,,,,,,,,,,,,,,,,,,,,,,,,,,,,,,,,,,,,,,,,,,,,,,,,,,,,,,,,,,,,,,,,,,,,,,,,,,,,,,,,,,,,,,,,,,,,,,,,,,,,,,,,,,,,,,,,,,,,,,,,,,,,,,,,,,,,,,,,,,,,,,,,,,,,,,,,,,,,,,,,,,,,,,,,,,,,,,,,,,,,,,,,,,,,,,,,,,,,,,,,,,,,,,,,,,,,,,,,,,,,,,,,,,,,,,,,,,,,,,,,,,,,,,,,,,,,,,,,,,,,,,,,,,,,,,,,,,,,,,,,,,,,,,,,,,,,,,,,,,,,,,,,,,,,,,,,,,,,,,,,,,,,,,,,,,,,,,,,,,,,,,,,,,,,,,,,,,,,,,,,,,,,,,,,,,,,,,,,,,,,,,,,,,,,,,,,,,,,,,,,,,,,,,,,,,,,,,,,,,,,,,,,,,,,,,,,,,,,,,,,,,,,,,,,,,,,,,,,,,,,,,,,,,,,,,,,,,,,,,,,,,,,
,,,,,,,,,,,,,,,,,,,,,,,,,,,,,,,,,,,,,,,,,,,,,,,,,,,,,,,,,,,,,,,,,,,,,,,,,,,,,,,,,,,,,,,,,,,,,,,,,,,,,,,,,,,,,,,,,,,,,,,,,,,,,,,,,,,,,,,,,,,,,,,,,,,,,,,,,,,,,,,,,,,,,,,,,,,,,,,,,,,,,,,,,,,,,,,,,,,,,,,,,,,,,,,,,,,,,,,,,,,,,,,,,,,,,,,,,,,,,,,,,,,,,,,,,,,,,,,,,,,,,,,,,,,,,,,,,,,,,,,,,,,,,,,,,,,,,,,,,,,,,,,,,,,,,,,,,,,,,,,,,,,,,,,,,,,,,,,,,,,,,,,,,,,,,,,,,,,,,,,,,,,,,,,,,,,,,,,,,,,,,,,,,,,,,,,,,,,,,,,,,,,,,,,,,,,,,,,,,,,,,,,,,,,,,,,,,,,,,,,,,,,,,,,,,,,,,,,,,,,,,,,,,,,,,,,,,,,,,,,,,,,,,,,,,,,,,,,,,,,,,,,,,,,,,,,,,,,,,,,,,,,,,,,,,,,
,,,,,,,,,,,,,,,,,,,,,,,,,,,,,,,,,,,,,,,,,,,,,,,,,,,,,,,,,,,,,,,,,,,,,,,,,,,,,,,,,,,,,,,,,,,,,,,,,,,,,,,,,,,,,,,,,,,,,,,,,,,,,,,,,,,,,,,,,,,,,,,,,,,,,,,,,,,,,,,,,,,,,,,,,,,,,,,,,,,,,,,,,,,,,,,,,,,,,,,,,,,,,,,,,,,,,,,,,,,,,,,,,,,,,,,,,,,,,,,,,,,,,,,,,,,,,,,,,,,,,,,,,,,,,,,,,,,,,,,,,,,,,,,,,,,,,,,,,,,,,,,,,,,,,,,,,,,,,,,,,,,,,,,,,,,,,,,,,,,,,,,,,,,,,,,,,,,,,,,,,,,,,,,,,,,,,,,,,,,,,,,,,,,,,,,,,,,,,,,,,,,,,,,,,,,,,,,,,,,,,,,,,,,,,,,,,,,,,,,,,,,,,,,,,,,,,,,,,,,,,,,,,,,,,,,,,,,,,,,,,,,,,,,,,,,,,,,,,,,,,,,,,,,,,,,,,,,,,,,,,,,,,,,,,,,
,,,,,,,,,,,,,,,,,,,,,,,,,,,,,,,,,,,,,,,,,,,,,,,,,,,,,,,,,,,,,,,,,,,,,,,,,,,,,,,,,,,,,,,,,,,,,,,,,,,,,,,,,,,,,,,,,,,,,,,,,,,,,,,,,,,,,,,,,,,,,,,,,,,,,,,,,,,,,,,,,,,,,,,,,,,,,,,,,,,,,,,,,,,,,,,,,,,,,,,,,,,,,,,,,,,,,,,,,,,,,,,,,,,,,,,,,,,,,,,,,,,,,,,,,,,,,,,,,,,,,,,,,,,,,,,,,,,,,,,,,,,,,,,,,,,,,,,,,,,,,,,,,,,,,,,,,,,,,,,,,,,,,,,,,,,,,,,,,,,,,,,,,,,,,,,,,,,,,,,,,,,,,,,,,,,,,,,,,,,,,,,,,,,,,,,,,,,,,,,,,,,,,,,,,,,,,,,,,,,,,,,,,,,,,,,,,,,,,,,,,,,,,,,,,,,,,,,,,,,,,,,,,,,,,,,,,,,,,,,,,,,,,,,,,,,,,,,,,,,,,,,,,,,,,,,,,,,,,,,,,,,,,,,,,,,
,,,,,,,,,,,,,,,,,,,,,,,,,,,,,,,,,,,,,,,,,,,,,,,,,,,,,,,,,,,,,,,,,,,,,,,,,,,,,,,,,,,,,,,,,,,,,,,,,,,,,,,,,,,,,,,,,,,,,,,,,,,,,,,,,,,,,,,,,,,,,,,,,,,,,,,,,,,,,,,,,,,,,,,,,,,,,,,,,,,,,,,,,,,,,,,,,,,,,,,,,,,,,,,,,,,,,,,,,,,,,,,,,,,,,,,,,,,,,,,,,,,,,,,,,,,,,,,,,,,,,,,,,,,,,,,,,,,,,,,,,,,,,,,,,,,,,,,,,,,,,,,,,,,,,,,,,,,,,,,,,,,,,,,,,,,,,,,,,,,,,,,,,,,,,,,,,,,,,,,,,,,,,,,,,,,,,,,,,,,,,,,,,,,,,,,,,,,,,,,,,,,,,,,,,,,,,,,,,,,,,,,,,,,,,,,,,,,,,,,,,,,,,,,,,,,,,,,,,,,,,,,,,,,,,,,,,,,,,,,,,,,,,,,,,,,,,,,,,,,,,,,,,,,,,,,,,,,,,,,,,,,,,,,,,,,
,,,,,,,,,,,,,,,,,,,,,,,,,,,,,,,,,,,,,,,,,,,,,,,,,,,,,,,,,,,,,,,,,,,,,,,,,,,,,,,,,,,,,,,,,,,,,,,,,,,,,,,,,,,,,,,,,,,,,,,,,,,,,,,,,,,,,,,,,,,,,,,,,,,,,,,,,,,,,,,,,,,,,,,,,,,,,,,,,,,,,,,,,,,,,,,,,,,,,,,,,,,,,,,,,,,,,,,,,,,,,,,,,,,,,,,,,,,,,,,,,,,,,,,,,,,,,,,,,,,,,,,,,,,,,,,,,,,,,,,,,,,,,,,,,,,,,,,,,,,,,,,,,,,,,,,,,,,,,,,,,,,,,,,,,,,,,,,,,,,,,,,,,,,,,,,,,,,,,,,,,,,,,,,,,,,,,,,,,,,,,,,,,,,,,,,,,,,,,,,,,,,,,,,,,,,,,,,,,,,,,,,,,,,,,,,,,,,,,,,,,,,,,,,,,,,,,,,,,,,,,,,,,,,,,,,,,,,,,,,,,,,,,,,,,,,,,,,,,,,,,,,,,,,,,,,,,,,,,,,,,,,,,,,,,,,
,,,,,,,,,,,,,,,,,,,,,,,,,,,,,,,,,,,,,,,,,,,,,,,,,,,,,,,,,,,,,,,,,,,,,,,,,,,,,,,,,,,,,,,,,,,,,,,,,,,,,,,,,,,,,,,,,,,,,,,,,,,,,,,,,,,,,,,,,,,,,,,,,,,,,,,,,,,,,,,,,,,,,,,,,,,,,,,,,,,,,,,,,,,,,,,,,,,,,,,,,,,,,,,,,,,,,,,,,,,,,,,,,,,,,,,,,,,,,,,,,,,,,,,,,,,,,,,,,,,,,,,,,,,,,,,,,,,,,,,,,,,,,,,,,,,,,,,,,,,,,,,,,,,,,,,,,,,,,,,,,,,,,,,,,,,,,,,,,,,,,,,,,,,,,,,,,,,,,,,,,,,,,,,,,,,,,,,,,,,,,,,,,,,,,,,,,,,,,,,,,,,,,,,,,,,,,,,,,,,,,,,,,,,,,,,,,,,,,,,,,,,,,,,,,,,,,,,,,,,,,,,,,,,,,,,,,,,,,,,,,,,,,,,,,,,,,,,,,,,,,,,,,,,,,,,,,,,,,,,,,,,,,,,,,,,
,,,,,,,,,,,,,,,,,,,,,,,,,,,,,,,,,,,,,,,,,,,,,,,,,,,,,,,,,,,,,,,,,,,,,,,,,,,,,,,,,,,,,,,,,,,,,,,,,,,,,,,,,,,,,,,,,,,,,,,,,,,,,,,,,,,,,,,,,,,,,,,,,,,,,,,,,,,,,,,,,,,,,,,,,,,,,,,,,,,,,,,,,,,,,,,,,,,,,,,,,,,,,,,,,,,,,,,,,,,,,,,,,,,,,,,,,,,,,,,,,,,,,,,,,,,,,,,,,,,,,,,,,,,,,,,,,,,,,,,,,,,,,,,,,,,,,,,,,,,,,,,,,,,,,,,,,,,,,,,,,,,,,,,,,,,,,,,,,,,,,,,,,,,,,,,,,,,,,,,,,,,,,,,,,,,,,,,,,,,,,,,,,,,,,,,,,,,,,,,,,,,,,,,,,,,,,,,,,,,,,,,,,,,,,,,,,,,,,,,,,,,,,,,,,,,,,,,,,,,,,,,,,,,,,,,,,,,,,,,,,,,,,,,,,,,,,,,,,,,,,,,,,,,,,,,,,,,,,,,,,,,,,,,,,,,
,,,,,,,,,,,,,,,,,,,,,,,,,,,,,,,,,,,,,,,,,,,,,,,,,,,,,,,,,,,,,,,,,,,,,,,,,,,,,,,,,,,,,,,,,,,,,,,,,,,,,,,,,,,,,,,,,,,,,,,,,,,,,,,,,,,,,,,,,,,,,,,,,,,,,,,,,,,,,,,,,,,,,,,,,,,,,,,,,,,,,,,,,,,,,,,,,,,,,,,,,,,,,,,,,,,,,,,,,,,,,,,,,,,,,,,,,,,,,,,,,,,,,,,,,,,,,,,,,,,,,,,,,,,,,,,,,,,,,,,,,,,,,,,,,,,,,,,,,,,,,,,,,,,,,,,,,,,,,,,,,,,,,,,,,,,,,,,,,,,,,,,,,,,,,,,,,,,,,,,,,,,,,,,,,,,,,,,,,,,,,,,,,,,,,,,,,,,,,,,,,,,,,,,,,,,,,,,,,,,,,,,,,,,,,,,,,,,,,,,,,,,,,,,,,,,,,,,,,,,,,,,,,,,,,,,,,,,,,,,,,,,,,,,,,,,,,,,,,,,,,,,,,,,,,,,,,,,,,,,,,,,,,,,,,,,
,,,,,,,,,,,,,,,,,,,,,,,,,,,,,,,,,,,,,,,,,,,,,,,,,,,,,,,,,,,,,,,,,,,,,,,,,,,,,,,,,,,,,,,,,,,,,,,,,,,,,,,,,,,,,,,,,,,,,,,,,,,,,,,,,,,,,,,,,,,,,,,,,,,,,,,,,,,,,,,,,,,,,,,,,,,,,,,,,,,,,,,,,,,,,,,,,,,,,,,,,,,,,,,,,,,,,,,,,,,,,,,,,,,,,,,,,,,,,,,,,,,,,,,,,,,,,,,,,,,,,,,,,,,,,,,,,,,,,,,,,,,,,,,,,,,,,,,,,,,,,,,,,,,,,,,,,,,,,,,,,,,,,,,,,,,,,,,,,,,,,,,,,,,,,,,,,,,,,,,,,,,,,,,,,,,,,,,,,,,,,,,,,,,,,,,,,,,,,,,,,,,,,,,,,,,,,,,,,,,,,,,,,,,,,,,,,,,,,,,,,,,,,,,,,,,,,,,,,,,,,,,,,,,,,,,,,,,,,,,,,,,,,,,,,,,,,,,,,,,,,,,,,,,,,,,,,,,,,,,,,,,,,,,,,,,
,,,,,,,,,,,,,,,,,,,,,,,,,,,,,,,,,,,,,,,,,,,,,,,,,,,,,,,,,,,,,,,,,,,,,,,,,,,,,,,,,,,,,,,,,,,,,,,,,,,,,,,,,,,,,,,,,,,,,,,,,,,,,,,,,,,,,,,,,,,,,,,,,,,,,,,,,,,,,,,,,,,,,,,,,,,,,,,,,,,,,,,,,,,,,,,,,,,,,,,,,,,,,,,,,,,,,,,,,,,,,,,,,,,,,,,,,,,,,,,,,,,,,,,,,,,,,,,,,,,,,,,,,,,,,,,,,,,,,,,,,,,,,,,,,,,,,,,,,,,,,,,,,,,,,,,,,,,,,,,,,,,,,,,,,,,,,,,,,,,,,,,,,,,,,,,,,,,,,,,,,,,,,,,,,,,,,,,,,,,,,,,,,,,,,,,,,,,,,,,,,,,,,,,,,,,,,,,,,,,,,,,,,,,,,,,,,,,,,,,,,,,,,,,,,,,,,,,,,,,,,,,,,,,,,,,,,,,,,,,,,,,,,,,,,,,,,,,,,,,,,,,,,,,,,,,,,,,,,,,,,,,,,,,,,,,
,,,,,,,,,,,,,,,,,,,,,,,,,,,,,,,,,,,,,,,,,,,,,,,,,,,,,,,,,,,,,,,,,,,,,,,,,,,,,,,,,,,,,,,,,,,,,,,,,,,,,,,,,,,,,,,,,,,,,,,,,,,,,,,,,,,,,,,,,,,,,,,,,,,,,,,,,,,,,,,,,,,,,,,,,,,,,,,,,,,,,,,,,,,,,,,,,,,,,,,,,,,,,,,,,,,,,,,,,,,,,,,,,,,,,,,,,,,,,,,,,,,,,,,,,,,,,,,,,,,,,,,,,,,,,,,,,,,,,,,,,,,,,,,,,,,,,,,,,,,,,,,,,,,,,,,,,,,,,,,,,,,,,,,,,,,,,,,,,,,,,,,,,,,,,,,,,,,,,,,,,,,,,,,,,,,,,,,,,,,,,,,,,,,,,,,,,,,,,,,,,,,,,,,,,,,,,,,,,,,,,,,,,,,,,,,,,,,,,,,,,,,,,,,,,,,,,,,,,,,,,,,,,,,,,,,,,,,,,,,,,,,,,,,,,,,,,,,,,,,,,,,,,,,,,,,,,,,,,,,,,,,,,,,,,,,
,,,,,,,,,,,,,,,,,,,,,,,,,,,,,,,,,,,,,,,,,,,,,,,,,,,,,,,,,,,,,,,,,,,,,,,,,,,,,,,,,,,,,,,,,,,,,,,,,,,,,,,,,,,,,,,,,,,,,,,,,,,,,,,,,,,,,,,,,,,,,,,,,,,,,,,,,,,,,,,,,,,,,,,,,,,,,,,,,,,,,,,,,,,,,,,,,,,,,,,,,,,,,,,,,,,,,,,,,,,,,,,,,,,,,,,,,,,,,,,,,,,,,,,,,,,,,,,,,,,,,,,,,,,,,,,,,,,,,,,,,,,,,,,,,,,,,,,,,,,,,,,,,,,,,,,,,,,,,,,,,,,,,,,,,,,,,,,,,,,,,,,,,,,,,,,,,,,,,,,,,,,,,,,,,,,,,,,,,,,,,,,,,,,,,,,,,,,,,,,,,,,,,,,,,,,,,,,,,,,,,,,,,,,,,,,,,,,,,,,,,,,,,,,,,,,,,,,,,,,,,,,,,,,,,,,,,,,,,,,,,,,,,,,,,,,,,,,,,,,,,,,,,,,,,,,,,,,,,,,,,,,,,,,,,,,
,,,,,,,,,,,,,,,,,,,,,,,,,,,,,,,,,,,,,,,,,,,,,,,,,,,,,,,,,,,,,,,,,,,,,,,,,,,,,,,,,,,,,,,,,,,,,,,,,,,,,,,,,,,,,,,,,,,,,,,,,,,,,,,,,,,,,,,,,,,,,,,,,,,,,,,,,,,,,,,,,,,,,,,,,,,,,,,,,,,,,,,,,,,,,,,,,,,,,,,,,,,,,,,,,,,,,,,,,,,,,,,,,,,,,,,,,,,,,,,,,,,,,,,,,,,,,,,,,,,,,,,,,,,,,,,,,,,,,,,,,,,,,,,,,,,,,,,,,,,,,,,,,,,,,,,,,,,,,,,,,,,,,,,,,,,,,,,,,,,,,,,,,,,,,,,,,,,,,,,,,,,,,,,,,,,,,,,,,,,,,,,,,,,,,,,,,,,,,,,,,,,,,,,,,,,,,,,,,,,,,,,,,,,,,,,,,,,,,,,,,,,,,,,,,,,,,,,,,,,,,,,,,,,,,,,,,,,,,,,,,,,,,,,,,,,,,,,,,,,,,,,,,,,,,,,,,,,,,,,,,,,,,,,,,,,
,,,,,,,,,,,,,,,,,,,,,,,,,,,,,,,,,,,,,,,,,,,,,,,,,,,,,,,,,,,,,,,,,,,,,,,,,,,,,,,,,,,,,,,,,,,,,,,,,,,,,,,,,,,,,,,,,,,,,,,,,,,,,,,,,,,,,,,,,,,,,,,,,,,,,,,,,,,,,,,,,,,,,,,,,,,,,,,,,,,,,,,,,,,,,,,,,,,,,,,,,,,,,,,,,,,,,,,,,,,,,,,,,,,,,,,,,,,,,,,,,,,,,,,,,,,,,,,,,,,,,,,,,,,,,,,,,,,,,,,,,,,,,,,,,,,,,,,,,,,,,,,,,,,,,,,,,,,,,,,,,,,,,,,,,,,,,,,,,,,,,,,,,,,,,,,,,,,,,,,,,,,,,,,,,,,,,,,,,,,,,,,,,,,,,,,,,,,,,,,,,,,,,,,,,,,,,,,,,,,,,,,,,,,,,,,,,,,,,,,,,,,,,,,,,,,,,,,,,,,,,,,,,,,,,,,,,,,,,,,,,,,,,,,,,,,,,,,,,,,,,,,,,,,,,,,,,,,,,,,,,,,,,,,,,,,
,,,,,,,,,,,,,,,,,,,,,,,,,,,,,,,,,,,,,,,,,,,,,,,,,,,,,,,,,,,,,,,,,,,,,,,,,,,,,,,,,,,,,,,,,,,,,,,,,,,,,,,,,,,,,,,,,,,,,,,,,,,,,,,,,,,,,,,,,,,,,,,,,,,,,,,,,,,,,,,,,,,,,,,,,,,,,,,,,,,,,,,,,,,,,,,,,,,,,,,,,,,,,,,,,,,,,,,,,,,,,,,,,,,,,,,,,,,,,,,,,,,,,,,,,,,,,,,,,,,,,,,,,,,,,,,,,,,,,,,,,,,,,,,,,,,,,,,,,,,,,,,,,,,,,,,,,,,,,,,,,,,,,,,,,,,,,,,,,,,,,,,,,,,,,,,,,,,,,,,,,,,,,,,,,,,,,,,,,,,,,,,,,,,,,,,,,,,,,,,,,,,,,,,,,,,,,,,,,,,,,,,,,,,,,,,,,,,,,,,,,,,,,,,,,,,,,,,,,,,,,,,,,,,,,,,,,,,,,,,,,,,,,,,,,,,,,,,,,,,,,,,,,,,,,,,,,,,,,,,,,,,,,,,,,,,
,,,,,,,,,,,,,,,,,,,,,,,,,,,,,,,,,,,,,,,,,,,,,,,,,,,,,,,,,,,,,,,,,,,,,,,,,,,,,,,,,,,,,,,,,,,,,,,,,,,,,,,,,,,,,,,,,,,,,,,,,,,,,,,,,,,,,,,,,,,,,,,,,,,,,,,,,,,,,,,,,,,,,,,,,,,,,,,,,,,,,,,,,,,,,,,,,,,,,,,,,,,,,,,,,,,,,,,,,,,,,,,,,,,,,,,,,,,,,,,,,,,,,,,,,,,,,,,,,,,,,,,,,,,,,,,,,,,,,,,,,,,,,,,,,,,,,,,,,,,,,,,,,,,,,,,,,,,,,,,,,,,,,,,,,,,,,,,,,,,,,,,,,,,,,,,,,,,,,,,,,,,,,,,,,,,,,,,,,,,,,,,,,,,,,,,,,,,,,,,,,,,,,,,,,,,,,,,,,,,,,,,,,,,,,,,,,,,,,,,,,,,,,,,,,,,,,,,,,,,,,,,,,,,,,,,,,,,,,,,,,,,,,,,,,,,,,,,,,,,,,,,,,,,,,,,,,,,,,,,,,,,,,,,,,,,
,,,,,,,,,,,,,,,,,,,,,,,,,,,,,,,,,,,,,,,,,,,,,,,,,,,,,,,,,,,,,,,,,,,,,,,,,,,,,,,,,,,,,,,,,,,,,,,,,,,,,,,,,,,,,,,,,,,,,,,,,,,,,,,,,,,,,,,,,,,,,,,,,,,,,,,,,,,,,,,,,,,,,,,,,,,,,,,,,,,,,,,,,,,,,,,,,,,,,,,,,,,,,,,,,,,,,,,,,,,,,,,,,,,,,,,,,,,,,,,,,,,,,,,,,,,,,,,,,,,,,,,,,,,,,,,,,,,,,,,,,,,,,,,,,,,,,,,,,,,,,,,,,,,,,,,,,,,,,,,,,,,,,,,,,,,,,,,,,,,,,,,,,,,,,,,,,,,,,,,,,,,,,,,,,,,,,,,,,,,,,,,,,,,,,,,,,,,,,,,,,,,,,,,,,,,,,,,,,,,,,,,,,,,,,,,,,,,,,,,,,,,,,,,,,,,,,,,,,,,,,,,,,,,,,,,,,,,,,,,,,,,,,,,,,,,,,,,,,,,,,,,,,,,,,,,,,,,,,,,,,,,,,,,,,,,
,,,,,,,,,,,,,,,,,,,,,,,,,,,,,,,,,,,,,,,,,,,,,,,,,,,,,,,,,,,,,,,,,,,,,,,,,,,,,,,,,,,,,,,,,,,,,,,,,,,,,,,,,,,,,,,,,,,,,,,,,,,,,,,,,,,,,,,,,,,,,,,,,,,,,,,,,,,,,,,,,,,,,,,,,,,,,,,,,,,,,,,,,,,,,,,,,,,,,,,,,,,,,,,,,,,,,,,,,,,,,,,,,,,,,,,,,,,,,,,,,,,,,,,,,,,,,,,,,,,,,,,,,,,,,,,,,,,,,,,,,,,,,,,,,,,,,,,,,,,,,,,,,,,,,,,,,,,,,,,,,,,,,,,,,,,,,,,,,,,,,,,,,,,,,,,,,,,,,,,,,,,,,,,,,,,,,,,,,,,,,,,,,,,,,,,,,,,,,,,,,,,,,,,,,,,,,,,,,,,,,,,,,,,,,,,,,,,,,,,,,,,,,,,,,,,,,,,,,,,,,,,,,,,,,,,,,,,,,,,,,,,,,,,,,,,,,,,,,,,,,,,,,,,,,,,,,,,,,,,,,,,,,,,,,,,
,,,,,,,,,,,,,,,,,,,,,,,,,,,,,,,,,,,,,,,,,,,,,,,,,,,,,,,,,,,,,,,,,,,,,,,,,,,,,,,,,,,,,,,,,,,,,,,,,,,,,,,,,,,,,,,,,,,,,,,,,,,,,,,,,,,,,,,,,,,,,,,,,,,,,,,,,,,,,,,,,,,,,,,,,,,,,,,,,,,,,,,,,,,,,,,,,,,,,,,,,,,,,,,,,,,,,,,,,,,,,,,,,,,,,,,,,,,,,,,,,,,,,,,,,,,,,,,,,,,,,,,,,,,,,,,,,,,,,,,,,,,,,,,,,,,,,,,,,,,,,,,,,,,,,,,,,,,,,,,,,,,,,,,,,,,,,,,,,,,,,,,,,,,,,,,,,,,,,,,,,,,,,,,,,,,,,,,,,,,,,,,,,,,,,,,,,,,,,,,,,,,,,,,,,,,,,,,,,,,,,,,,,,,,,,,,,,,,,,,,,,,,,,,,,,,,,,,,,,,,,,,,,,,,,,,,,,,,,,,,,,,,,,,,,,,,,,,,,,,,,,,,,,,,,,,,,,,,,,,,,,,,,,,,,,,
,,,,,,,,,,,,,,,,,,,,,,,,,,,,,,,,,,,,,,,,,,,,,,,,,,,,,,,,,,,,,,,,,,,,,,,,,,,,,,,,,,,,,,,,,,,,,,,,,,,,,,,,,,,,,,,,,,,,,,,,,,,,,,,,,,,,,,,,,,,,,,,,,,,,,,,,,,,,,,,,,,,,,,,,,,,,,,,,,,,,,,,,,,,,,,,,,,,,,,,,,,,,,,,,,,,,,,,,,,,,,,,,,,,,,,,,,,,,,,,,,,,,,,,,,,,,,,,,,,,,,,,,,,,,,,,,,,,,,,,,,,,,,,,,,,,,,,,,,,,,,,,,,,,,,,,,,,,,,,,,,,,,,,,,,,,,,,,,,,,,,,,,,,,,,,,,,,,,,,,,,,,,,,,,,,,,,,,,,,,,,,,,,,,,,,,,,,,,,,,,,,,,,,,,,,,,,,,,,,,,,,,,,,,,,,,,,,,,,,,,,,,,,,,,,,,,,,,,,,,,,,,,,,,,,,,,,,,,,,,,,,,,,,,,,,,,,,,,,,,,,,,,,,,,,,,,,,,,,,,,,,,,,,,,,,,
,,,,,,,,,,,,,,,,,,,,,,,,,,,,,,,,,,,,,,,,,,,,,,,,,,,,,,,,,,,,,,,,,,,,,,,,,,,,,,,,,,,,,,,,,,,,,,,,,,,,,,,,,,,,,,,,,,,,,,,,,,,,,,,,,,,,,,,,,,,,,,,,,,,,,,,,,,,,,,,,,,,,,,,,,,,,,,,,,,,,,,,,,,,,,,,,,,,,,,,,,,,,,,,,,,,,,,,,,,,,,,,,,,,,,,,,,,,,,,,,,,,,,,,,,,,,,,,,,,,,,,,,,,,,,,,,,,,,,,,,,,,,,,,,,,,,,,,,,,,,,,,,,,,,,,,,,,,,,,,,,,,,,,,,,,,,,,,,,,,,,,,,,,,,,,,,,,,,,,,,,,,,,,,,,,,,,,,,,,,,,,,,,,,,,,,,,,,,,,,,,,,,,,,,,,,,,,,,,,,,,,,,,,,,,,,,,,,,,,,,,,,,,,,,,,,,,,,,,,,,,,,,,,,,,,,,,,,,,,,,,,,,,,,,,,,,,,,,,,,,,,,,,,,,,,,,,,,,,,,,,,,,,,,,,,,
,,,,,,,,,,,,,,,,,,,,,,,,,,,,,,,,,,,,,,,,,,,,,,,,,,,,,,,,,,,,,,,,,,,,,,,,,,,,,,,,,,,,,,,,,,,,,,,,,,,,,,,,,,,,,,,,,,,,,,,,,,,,,,,,,,,,,,,,,,,,,,,,,,,,,,,,,,,,,,,,,,,,,,,,,,,,,,,,,,,,,,,,,,,,,,,,,,,,,,,,,,,,,,,,,,,,,,,,,,,,,,,,,,,,,,,,,,,,,,,,,,,,,,,,,,,,,,,,,,,,,,,,,,,,,,,,,,,,,,,,,,,,,,,,,,,,,,,,,,,,,,,,,,,,,,,,,,,,,,,,,,,,,,,,,,,,,,,,,,,,,,,,,,,,,,,,,,,,,,,,,,,,,,,,,,,,,,,,,,,,,,,,,,,,,,,,,,,,,,,,,,,,,,,,,,,,,,,,,,,,,,,,,,,,,,,,,,,,,,,,,,,,,,,,,,,,,,,,,,,,,,,,,,,,,,,,,,,,,,,,,,,,,,,,,,,,,,,,,,,,,,,,,,,,,,,,,,,,,,,,,,,,,,,,,,,
,,,,,,,,,,,,,,,,,,,,,,,,,,,,,,,,,,,,,,,,,,,,,,,,,,,,,,,,,,,,,,,,,,,,,,,,,,,,,,,,,,,,,,,,,,,,,,,,,,,,,,,,,,,,,,,,,,,,,,,,,,,,,,,,,,,,,,,,,,,,,,,,,,,,,,,,,,,,,,,,,,,,,,,,,,,,,,,,,,,,,,,,,,,,,,,,,,,,,,,,,,,,,,,,,,,,,,,,,,,,,,,,,,,,,,,,,,,,,,,,,,,,,,,,,,,,,,,,,,,,,,,,,,,,,,,,,,,,,,,,,,,,,,,,,,,,,,,,,,,,,,,,,,,,,,,,,,,,,,,,,,,,,,,,,,,,,,,,,,,,,,,,,,,,,,,,,,,,,,,,,,,,,,,,,,,,,,,,,,,,,,,,,,,,,,,,,,,,,,,,,,,,,,,,,,,,,,,,,,,,,,,,,,,,,,,,,,,,,,,,,,,,,,,,,,,,,,,,,,,,,,,,,,,,,,,,,,,,,,,,,,,,,,,,,,,,,,,,,,,,,,,,,,,,,,,,,,,,,,,,,,,,,,,,,,,
,,,,,,,,,,,,,,,,,,,,,,,,,,,,,,,,,,,,,,,,,,,,,,,,,,,,,,,,,,,,,,,,,,,,,,,,,,,,,,,,,,,,,,,,,,,,,,,,,,,,,,,,,,,,,,,,,,,,,,,,,,,,,,,,,,,,,,,,,,,,,,,,,,,,,,,,,,,,,,,,,,,,,,,,,,,,,,,,,,,,,,,,,,,,,,,,,,,,,,,,,,,,,,,,,,,,,,,,,,,,,,,,,,,,,,,,,,,,,,,,,,,,,,,,,,,,,,,,,,,,,,,,,,,,,,,,,,,,,,,,,,,,,,,,,,,,,,,,,,,,,,,,,,,,,,,,,,,,,,,,,,,,,,,,,,,,,,,,,,,,,,,,,,,,,,,,,,,,,,,,,,,,,,,,,,,,,,,,,,,,,,,,,,,,,,,,,,,,,,,,,,,,,,,,,,,,,,,,,,,,,,,,,,,,,,,,,,,,,,,,,,,,,,,,,,,,,,,,,,,,,,,,,,,,,,,,,,,,,,,,,,,,,,,,,,,,,,,,,,,,,,,,,,,,,,,,,,,,,,,,,,,,,,,,,,,
,,,,,,,,,,,,,,,,,,,,,,,,,,,,,,,,,,,,,,,,,,,,,,,,,,,,,,,,,,,,,,,,,,,,,,,,,,,,,,,,,,,,,,,,,,,,,,,,,,,,,,,,,,,,,,,,,,,,,,,,,,,,,,,,,,,,,,,,,,,,,,,,,,,,,,,,,,,,,,,,,,,,,,,,,,,,,,,,,,,,,,,,,,,,,,,,,,,,,,,,,,,,,,,,,,,,,,,,,,,,,,,,,,,,,,,,,,,,,,,,,,,,,,,,,,,,,,,,,,,,,,,,,,,,,,,,,,,,,,,,,,,,,,,,,,,,,,,,,,,,,,,,,,,,,,,,,,,,,,,,,,,,,,,,,,,,,,,,,,,,,,,,,,,,,,,,,,,,,,,,,,,,,,,,,,,,,,,,,,,,,,,,,,,,,,,,,,,,,,,,,,,,,,,,,,,,,,,,,,,,,,,,,,,,,,,,,,,,,,,,,,,,,,,,,,,,,,,,,,,,,,,,,,,,,,,,,,,,,,,,,,,,,,,,,,,,,,,,,,,,,,,,,,,,,,,,,,,,,,,,,,,,,,,,,,,
,,,,,,,,,,,,,,,,,,,,,,,,,,,,,,,,,,,,,,,,,,,,,,,,,,,,,,,,,,,,,,,,,,,,,,,,,,,,,,,,,,,,,,,,,,,,,,,,,,,,,,,,,,,,,,,,,,,,,,,,,,,,,,,,,,,,,,,,,,,,,,,,,,,,,,,,,,,,,,,,,,,,,,,,,,,,,,,,,,,,,,,,,,,,,,,,,,,,,,,,,,,,,,,,,,,,,,,,,,,,,,,,,,,,,,,,,,,,,,,,,,,,,,,,,,,,,,,,,,,,,,,,,,,,,,,,,,,,,,,,,,,,,,,,,,,,,,,,,,,,,,,,,,,,,,,,,,,,,,,,,,,,,,,,,,,,,,,,,,,,,,,,,,,,,,,,,,,,,,,,,,,,,,,,,,,,,,,,,,,,,,,,,,,,,,,,,,,,,,,,,,,,,,,,,,,,,,,,,,,,,,,,,,,,,,,,,,,,,,,,,,,,,,,,,,,,,,,,,,,,,,,,,,,,,,,,,,,,,,,,,,,,,,,,,,,,,,,,,,,,,,,,,,,,,,,,,,,,,,,,,,,,,,,,,,,
,,,,,,,,,,,,,,,,,,,,,,,,,,,,,,,,,,,,,,,,,,,,,,,,,,,,,,,,,,,,,,,,,,,,,,,,,,,,,,,,,,,,,,,,,,,,,,,,,,,,,,,,,,,,,,,,,,,,,,,,,,,,,,,,,,,,,,,,,,,,,,,,,,,,,,,,,,,,,,,,,,,,,,,,,,,,,,,,,,,,,,,,,,,,,,,,,,,,,,,,,,,,,,,,,,,,,,,,,,,,,,,,,,,,,,,,,,,,,,,,,,,,,,,,,,,,,,,,,,,,,,,,,,,,,,,,,,,,,,,,,,,,,,,,,,,,,,,,,,,,,,,,,,,,,,,,,,,,,,,,,,,,,,,,,,,,,,,,,,,,,,,,,,,,,,,,,,,,,,,,,,,,,,,,,,,,,,,,,,,,,,,,,,,,,,,,,,,,,,,,,,,,,,,,,,,,,,,,,,,,,,,,,,,,,,,,,,,,,,,,,,,,,,,,,,,,,,,,,,,,,,,,,,,,,,,,,,,,,,,,,,,,,,,,,,,,,,,,,,,,,,,,,,,,,,,,,,,,,,,,,,,,,,,,,,,
,,,,,,,,,,,,,,,,,,,,,,,,,,,,,,,,,,,,,,,,,,,,,,,,,,,,,,,,,,,,,,,,,,,,,,,,,,,,,,,,,,,,,,,,,,,,,,,,,,,,,,,,,,,,,,,,,,,,,,,,,,,,,,,,,,,,,,,,,,,,,,,,,,,,,,,,,,,,,,,,,,,,,,,,,,,,,,,,,,,,,,,,,,,,,,,,,,,,,,,,,,,,,,,,,,,,,,,,,,,,,,,,,,,,,,,,,,,,,,,,,,,,,,,,,,,,,,,,,,,,,,,,,,,,,,,,,,,,,,,,,,,,,,,,,,,,,,,,,,,,,,,,,,,,,,,,,,,,,,,,,,,,,,,,,,,,,,,,,,,,,,,,,,,,,,,,,,,,,,,,,,,,,,,,,,,,,,,,,,,,,,,,,,,,,,,,,,,,,,,,,,,,,,,,,,,,,,,,,,,,,,,,,,,,,,,,,,,,,,,,,,,,,,,,,,,,,,,,,,,,,,,,,,,,,,,,,,,,,,,,,,,,,,,,,,,,,,,,,,,,,,,,,,,,,,,,,,,,,,,,,,,,,,,,,,,
,,,,,,,,,,,,,,,,,,,,,,,,,,,,,,,,,,,,,,,,,,,,,,,,,,,,,,,,,,,,,,,,,,,,,,,,,,,,,,,,,,,,,,,,,,,,,,,,,,,,,,,,,,,,,,,,,,,,,,,,,,,,,,,,,,,,,,,,,,,,,,,,,,,,,,,,,,,,,,,,,,,,,,,,,,,,,,,,,,,,,,,,,,,,,,,,,,,,,,,,,,,,,,,,,,,,,,,,,,,,,,,,,,,,,,,,,,,,,,,,,,,,,,,,,,,,,,,,,,,,,,,,,,,,,,,,,,,,,,,,,,,,,,,,,,,,,,,,,,,,,,,,,,,,,,,,,,,,,,,,,,,,,,,,,,,,,,,,,,,,,,,,,,,,,,,,,,,,,,,,,,,,,,,,,,,,,,,,,,,,,,,,,,,,,,,,,,,,,,,,,,,,,,,,,,,,,,,,,,,,,,,,,,,,,,,,,,,,,,,,,,,,,,,,,,,,,,,,,,,,,,,,,,,,,,,,,,,,,,,,,,,,,,,,,,,,,,,,,,,,,,,,,,,,,,,,,,,,,,,,,,,,,,,,,,,
,,,,,,,,,,,,,,,,,,,,,,,,,,,,,,,,,,,,,,,,,,,,,,,,,,,,,,,,,,,,,,,,,,,,,,,,,,,,,,,,,,,,,,,,,,,,,,,,,,,,,,,,,,,,,,,,,,,,,,,,,,,,,,,,,,,,,,,,,,,,,,,,,,,,,,,,,,,,,,,,,,,,,,,,,,,,,,,,,,,,,,,,,,,,,,,,,,,,,,,,,,,,,,,,,,,,,,,,,,,,,,,,,,,,,,,,,,,,,,,,,,,,,,,,,,,,,,,,,,,,,,,,,,,,,,,,,,,,,,,,,,,,,,,,,,,,,,,,,,,,,,,,,,,,,,,,,,,,,,,,,,,,,,,,,,,,,,,,,,,,,,,,,,,,,,,,,,,,,,,,,,,,,,,,,,,,,,,,,,,,,,,,,,,,,,,,,,,,,,,,,,,,,,,,,,,,,,,,,,,,,,,,,,,,,,,,,,,,,,,,,,,,,,,,,,,,,,,,,,,,,,,,,,,,,,,,,,,,,,,,,,,,,,,,,,,,,,,,,,,,,,,,,,,,,,,,,,,,,,,,,,,,,,,,,,,
,,,,,,,,,,,,,,,,,,,,,,,,,,,,,,,,,,,,,,,,,,,,,,,,,,,,,,,,,,,,,,,,,,,,,,,,,,,,,,,,,,,,,,,,,,,,,,,,,,,,,,,,,,,,,,,,,,,,,,,,,,,,,,,,,,,,,,,,,,,,,,,,,,,,,,,,,,,,,,,,,,,,,,,,,,,,,,,,,,,,,,,,,,,,,,,,,,,,,,,,,,,,,,,,,,,,,,,,,,,,,,,,,,,,,,,,,,,,,,,,,,,,,,,,,,,,,,,,,,,,,,,,,,,,,,,,,,,,,,,,,,,,,,,,,,,,,,,,,,,,,,,,,,,,,,,,,,,,,,,,,,,,,,,,,,,,,,,,,,,,,,,,,,,,,,,,,,,,,,,,,,,,,,,,,,,,,,,,,,,,,,,,,,,,,,,,,,,,,,,,,,,,,,,,,,,,,,,,,,,,,,,,,,,,,,,,,,,,,,,,,,,,,,,,,,,,,,,,,,,,,,,,,,,,,,,,,,,,,,,,,,,,,,,,,,,,,,,,,,,,,,,,,,,,,,,,,,,,,,,,,,,,,,,,,,,
,,,,,,,,,,,,,,,,,,,,,,,,,,,,,,,,,,,,,,,,,,,,,,,,,,,,,,,,,,,,,,,,,,,,,,,,,,,,,,,,,,,,,,,,,,,,,,,,,,,,,,,,,,,,,,,,,,,,,,,,,,,,,,,,,,,,,,,,,,,,,,,,,,,,,,,,,,,,,,,,,,,,,,,,,,,,,,,,,,,,,,,,,,,,,,,,,,,,,,,,,,,,,,,,,,,,,,,,,,,,,,,,,,,,,,,,,,,,,,,,,,,,,,,,,,,,,,,,,,,,,,,,,,,,,,,,,,,,,,,,,,,,,,,,,,,,,,,,,,,,,,,,,,,,,,,,,,,,,,,,,,,,,,,,,,,,,,,,,,,,,,,,,,,,,,,,,,,,,,,,,,,,,,,,,,,,,,,,,,,,,,,,,,,,,,,,,,,,,,,,,,,,,,,,,,,,,,,,,,,,,,,,,,,,,,,,,,,,,,,,,,,,,,,,,,,,,,,,,,,,,,,,,,,,,,,,,,,,,,,,,,,,,,,,,,,,,,,,,,,,,,,,,,,,,,,,,,,,,,,,,,,,,,,,,,,
,,,,,,,,,,,,,,,,,,,,,,,,,,,,,,,,,,,,,,,,,,,,,,,,,,,,,,,,,,,,,,,,,,,,,,,,,,,,,,,,,,,,,,,,,,,,,,,,,,,,,,,,,,,,,,,,,,,,,,,,,,,,,,,,,,,,,,,,,,,,,,,,,,,,,,,,,,,,,,,,,,,,,,,,,,,,,,,,,,,,,,,,,,,,,,,,,,,,,,,,,,,,,,,,,,,,,,,,,,,,,,,,,,,,,,,,,,,,,,,,,,,,,,,,,,,,,,,,,,,,,,,,,,,,,,,,,,,,,,,,,,,,,,,,,,,,,,,,,,,,,,,,,,,,,,,,,,,,,,,,,,,,,,,,,,,,,,,,,,,,,,,,,,,,,,,,,,,,,,,,,,,,,,,,,,,,,,,,,,,,,,,,,,,,,,,,,,,,,,,,,,,,,,,,,,,,,,,,,,,,,,,,,,,,,,,,,,,,,,,,,,,,,,,,,,,,,,,,,,,,,,,,,,,,,,,,,,,,,,,,,,,,,,,,,,,,,,,,,,,,,,,,,,,,,,,,,,,,,,,,,,,,,,,,,,,
,,,,,,,,,,,,,,,,,,,,,,,,,,,,,,,,,,,,,,,,,,,,,,,,,,,,,,,,,,,,,,,,,,,,,,,,,,,,,,,,,,,,,,,,,,,,,,,,,,,,,,,,,,,,,,,,,,,,,,,,,,,,,,,,,,,,,,,,,,,,,,,,,,,,,,,,,,,,,,,,,,,,,,,,,,,,,,,,,,,,,,,,,,,,,,,,,,,,,,,,,,,,,,,,,,,,,,,,,,,,,,,,,,,,,,,,,,,,,,,,,,,,,,,,,,,,,,,,,,,,,,,,,,,,,,,,,,,,,,,,,,,,,,,,,,,,,,,,,,,,,,,,,,,,,,,,,,,,,,,,,,,,,,,,,,,,,,,,,,,,,,,,,,,,,,,,,,,,,,,,,,,,,,,,,,,,,,,,,,,,,,,,,,,,,,,,,,,,,,,,,,,,,,,,,,,,,,,,,,,,,,,,,,,,,,,,,,,,,,,,,,,,,,,,,,,,,,,,,,,,,,,,,,,,,,,,,,,,,,,,,,,,,,,,,,,,,,,,,,,,,,,,,,,,,,,,,,,,,,,,,,,,,,,,,,,
,,,,,,,,,,,,,,,,,,,,,,,,,,,,,,,,,,,,,,,,,,,,,,,,,,,,,,,,,,,,,,,,,,,,,,,,,,,,,,,,,,,,,,,,,,,,,,,,,,,,,,,,,,,,,,,,,,,,,,,,,,,,,,,,,,,,,,,,,,,,,,,,,,,,,,,,,,,,,,,,,,,,,,,,,,,,,,,,,,,,,,,,,,,,,,,,,,,,,,,,,,,,,,,,,,,,,,,,,,,,,,,,,,,,,,,,,,,,,,,,,,,,,,,,,,,,,,,,,,,,,,,,,,,,,,,,,,,,,,,,,,,,,,,,,,,,,,,,,,,,,,,,,,,,,,,,,,,,,,,,,,,,,,,,,,,,,,,,,,,,,,,,,,,,,,,,,,,,,,,,,,,,,,,,,,,,,,,,,,,,,,,,,,,,,,,,,,,,,,,,,,,,,,,,,,,,,,,,,,,,,,,,,,,,,,,,,,,,,,,,,,,,,,,,,,,,,,,,,,,,,,,,,,,,,,,,,,,,,,,,,,,,,,,,,,,,,,,,,,,,,,,,,,,,,,,,,,,,,,,,,,,,,,,,,,,
,,,,,,,,,,,,,,,,,,,,,,,,,,,,,,,,,,,,,,,,,,,,,,,,,,,,,,,,,,,,,,,,,,,,,,,,,,,,,,,,,,,,,,,,,,,,,,,,,,,,,,,,,,,,,,,,,,,,,,,,,,,,,,,,,,,,,,,,,,,,,,,,,,,,,,,,,,,,,,,,,,,,,,,,,,,,,,,,,,,,,,,,,,,,,,,,,,,,,,,,,,,,,,,,,,,,,,,,,,,,,,,,,,,,,,,,,,,,,,,,,,,,,,,,,,,,,,,,,,,,,,,,,,,,,,,,,,,,,,,,,,,,,,,,,,,,,,,,,,,,,,,,,,,,,,,,,,,,,,,,,,,,,,,,,,,,,,,,,,,,,,,,,,,,,,,,,,,,,,,,,,,,,,,,,,,,,,,,,,,,,,,,,,,,,,,,,,,,,,,,,,,,,,,,,,,,,,,,,,,,,,,,,,,,,,,,,,,,,,,,,,,,,,,,,,,,,,,,,,,,,,,,,,,,,,,,,,,,,,,,,,,,,,,,,,,,,,,,,,,,,,,,,,,,,,,,,,,,,,,,,,,,,,,,,,,
,,,,,,,,,,,,,,,,,,,,,,,,,,,,,,,,,,,,,,,,,,,,,,,,,,,,,,,,,,,,,,,,,,,,,,,,,,,,,,,,,,,,,,,,,,,,,,,,,,,,,,,,,,,,,,,,,,,,,,,,,,,,,,,,,,,,,,,,,,,,,,,,,,,,,,,,,,,,,,,,,,,,,,,,,,,,,,,,,,,,,,,,,,,,,,,,,,,,,,,,,,,,,,,,,,,,,,,,,,,,,,,,,,,,,,,,,,,,,,,,,,,,,,,,,,,,,,,,,,,,,,,,,,,,,,,,,,,,,,,,,,,,,,,,,,,,,,,,,,,,,,,,,,,,,,,,,,,,,,,,,,,,,,,,,,,,,,,,,,,,,,,,,,,,,,,,,,,,,,,,,,,,,,,,,,,,,,,,,,,,,,,,,,,,,,,,,,,,,,,,,,,,,,,,,,,,,,,,,,,,,,,,,,,,,,,,,,,,,,,,,,,,,,,,,,,,,,,,,,,,,,,,,,,,,,,,,,,,,,,,,,,,,,,,,,,,,,,,,,,,,,,,,,,,,,,,,,,,,,,,,,,,,,,,,,,
,,,,,,,,,,,,,,,,,,,,,,,,,,,,,,,,,,,,,,,,,,,,,,,,,,,,,,,,,,,,,,,,,,,,,,,,,,,,,,,,,,,,,,,,,,,,,,,,,,,,,,,,,,,,,,,,,,,,,,,,,,,,,,,,,,,,,,,,,,,,,,,,,,,,,,,,,,,,,,,,,,,,,,,,,,,,,,,,,,,,,,,,,,,,,,,,,,,,,,,,,,,,,,,,,,,,,,,,,,,,,,,,,,,,,,,,,,,,,,,,,,,,,,,,,,,,,,,,,,,,,,,,,,,,,,,,,,,,,,,,,,,,,,,,,,,,,,,,,,,,,,,,,,,,,,,,,,,,,,,,,,,,,,,,,,,,,,,,,,,,,,,,,,,,,,,,,,,,,,,,,,,,,,,,,,,,,,,,,,,,,,,,,,,,,,,,,,,,,,,,,,,,,,,,,,,,,,,,,,,,,,,,,,,,,,,,,,,,,,,,,,,,,,,,,,,,,,,,,,,,,,,,,,,,,,,,,,,,,,,,,,,,,,,,,,,,,,,,,,,,,,,,,,,,,,,,,,,,,,,,,,,,,,,,,,,
,,,,,,,,,,,,,,,,,,,,,,,,,,,,,,,,,,,,,,,,,,,,,,,,,,,,,,,,,,,,,,,,,,,,,,,,,,,,,,,,,,,,,,,,,,,,,,,,,,,,,,,,,,,,,,,,,,,,,,,,,,,,,,,,,,,,,,,,,,,,,,,,,,,,,,,,,,,,,,,,,,,,,,,,,,,,,,,,,,,,,,,,,,,,,,,,,,,,,,,,,,,,,,,,,,,,,,,,,,,,,,,,,,,,,,,,,,,,,,,,,,,,,,,,,,,,,,,,,,,,,,,,,,,,,,,,,,,,,,,,,,,,,,,,,,,,,,,,,,,,,,,,,,,,,,,,,,,,,,,,,,,,,,,,,,,,,,,,,,,,,,,,,,,,,,,,,,,,,,,,,,,,,,,,,,,,,,,,,,,,,,,,,,,,,,,,,,,,,,,,,,,,,,,,,,,,,,,,,,,,,,,,,,,,,,,,,,,,,,,,,,,,,,,,,,,,,,,,,,,,,,,,,,,,,,,,,,,,,,,,,,,,,,,,,,,,,,,,,,,,,,,,,,,,,,,,,,,,,,,,,,,,,,,,,,,
,,,,,,,,,,,,,,,,,,,,,,,,,,,,,,,,,,,,,,,,,,,,,,,,,,,,,,,,,,,,,,,,,,,,,,,,,,,,,,,,,,,,,,,,,,,,,,,,,,,,,,,,,,,,,,,,,,,,,,,,,,,,,,,,,,,,,,,,,,,,,,,,,,,,,,,,,,,,,,,,,,,,,,,,,,,,,,,,,,,,,,,,,,,,,,,,,,,,,,,,,,,,,,,,,,,,,,,,,,,,,,,,,,,,,,,,,,,,,,,,,,,,,,,,,,,,,,,,,,,,,,,,,,,,,,,,,,,,,,,,,,,,,,,,,,,,,,,,,,,,,,,,,,,,,,,,,,,,,,,,,,,,,,,,,,,,,,,,,,,,,,,,,,,,,,,,,,,,,,,,,,,,,,,,,,,,,,,,,,,,,,,,,,,,,,,,,,,,,,,,,,,,,,,,,,,,,,,,,,,,,,,,,,,,,,,,,,,,,,,,,,,,,,,,,,,,,,,,,,,,,,,,,,,,,,,,,,,,,,,,,,,,,,,,,,,,,,,,,,,,,,,,,,,,,,,,,,,,,,,,,,,,,,,,,,,
,,,,,,,,,,,,,,,,,,,,,,,,,,,,,,,,,,,,,,,,,,,,,,,,,,,,,,,,,,,,,,,,,,,,,,,,,,,,,,,,,,,,,,,,,,,,,,,,,,,,,,,,,,,,,,,,,,,,,,,,,,,,,,,,,,,,,,,,,,,,,,,,,,,,,,,,,,,,,,,,,,,,,,,,,,,,,,,,,,,,,,,,,,,,,,,,,,,,,,,,,,,,,,,,,,,,,,,,,,,,,,,,,,,,,,,,,,,,,,,,,,,,,,,,,,,,,,,,,,,,,,,,,,,,,,,,,,,,,,,,,,,,,,,,,,,,,,,,,,,,,,,,,,,,,,,,,,,,,,,,,,,,,,,,,,,,,,,,,,,,,,,,,,,,,,,,,,,,,,,,,,,,,,,,,,,,,,,,,,,,,,,,,,,,,,,,,,,,,,,,,,,,,,,,,,,,,,,,,,,,,,,,,,,,,,,,,,,,,,,,,,,,,,,,,,,,,,,,,,,,,,,,,,,,,,,,,,,,,,,,,,,,,,,,,,,,,,,,,,,,,,,,,,,,,,,,,,,,,,,,,,,,,,,,,,,
,,,,,,,,,,,,,,,,,,,,,,,,,,,,,,,,,,,,,,,,,,,,,,,,,,,,,,,,,,,,,,,,,,,,,,,,,,,,,,,,,,,,,,,,,,,,,,,,,,,,,,,,,,,,,,,,,,,,,,,,,,,,,,,,,,,,,,,,,,,,,,,,,,,,,,,,,,,,,,,,,,,,,,,,,,,,,,,,,,,,,,,,,,,,,,,,,,,,,,,,,,,,,,,,,,,,,,,,,,,,,,,,,,,,,,,,,,,,,,,,,,,,,,,,,,,,,,,,,,,,,,,,,,,,,,,,,,,,,,,,,,,,,,,,,,,,,,,,,,,,,,,,,,,,,,,,,,,,,,,,,,,,,,,,,,,,,,,,,,,,,,,,,,,,,,,,,,,,,,,,,,,,,,,,,,,,,,,,,,,,,,,,,,,,,,,,,,,,,,,,,,,,,,,,,,,,,,,,,,,,,,,,,,,,,,,,,,,,,,,,,,,,,,,,,,,,,,,,,,,,,,,,,,,,,,,,,,,,,,,,,,,,,,,,,,,,,,,,,,,,,,,,,,,,,,,,,,,,,,,,,,,,,,,,,,,
,,,,,,,,,,,,,,,,,,,,,,,,,,,,,,,,,,,,,,,,,,,,,,,,,,,,,,,,,,,,,,,,,,,,,,,,,,,,,,,,,,,,,,,,,,,,,,,,,,,,,,,,,,,,,,,,,,,,,,,,,,,,,,,,,,,,,,,,,,,,,,,,,,,,,,,,,,,,,,,,,,,,,,,,,,,,,,,,,,,,,,,,,,,,,,,,,,,,,,,,,,,,,,,,,,,,,,,,,,,,,,,,,,,,,,,,,,,,,,,,,,,,,,,,,,,,,,,,,,,,,,,,,,,,,,,,,,,,,,,,,,,,,,,,,,,,,,,,,,,,,,,,,,,,,,,,,,,,,,,,,,,,,,,,,,,,,,,,,,,,,,,,,,,,,,,,,,,,,,,,,,,,,,,,,,,,,,,,,,,,,,,,,,,,,,,,,,,,,,,,,,,,,,,,,,,,,,,,,,,,,,,,,,,,,,,,,,,,,,,,,,,,,,,,,,,,,,,,,,,,,,,,,,,,,,,,,,,,,,,,,,,,,,,,,,,,,,,,,,,,,,,,,,,,,,,,,,,,,,,,,,,,,,,,,,,
,,,,,,,,,,,,,,,,,,,,,,,,,,,,,,,,,,,,,,,,,,,,,,,,,,,,,,,,,,,,,,,,,,,,,,,,,,,,,,,,,,,,,,,,,,,,,,,,,,,,,,,,,,,,,,,,,,,,,,,,,,,,,,,,,,,,,,,,,,,,,,,,,,,,,,,,,,,,,,,,,,,,,,,,,,,,,,,,,,,,,,,,,,,,,,,,,,,,,,,,,,,,,,,,,,,,,,,,,,,,,,,,,,,,,,,,,,,,,,,,,,,,,,,,,,,,,,,,,,,,,,,,,,,,,,,,,,,,,,,,,,,,,,,,,,,,,,,,,,,,,,,,,,,,,,,,,,,,,,,,,,,,,,,,,,,,,,,,,,,,,,,,,,,,,,,,,,,,,,,,,,,,,,,,,,,,,,,,,,,,,,,,,,,,,,,,,,,,,,,,,,,,,,,,,,,,,,,,,,,,,,,,,,,,,,,,,,,,,,,,,,,,,,,,,,,,,,,,,,,,,,,,,,,,,,,,,,,,,,,,,,,,,,,,,,,,,,,,,,,,,,,,,,,,,,,,,,,,,,,,,,,,,,,,,,,
,,,,,,,,,,,,,,,,,,,,,,,,,,,,,,,,,,,,,,,,,,,,,,,,,,,,,,,,,,,,,,,,,,,,,,,,,,,,,,,,,,,,,,,,,,,,,,,,,,,,,,,,,,,,,,,,,,,,,,,,,,,,,,,,,,,,,,,,,,,,,,,,,,,,,,,,,,,,,,,,,,,,,,,,,,,,,,,,,,,,,,,,,,,,,,,,,,,,,,,,,,,,,,,,,,,,,,,,,,,,,,,,,,,,,,,,,,,,,,,,,,,,,,,,,,,,,,,,,,,,,,,,,,,,,,,,,,,,,,,,,,,,,,,,,,,,,,,,,,,,,,,,,,,,,,,,,,,,,,,,,,,,,,,,,,,,,,,,,,,,,,,,,,,,,,,,,,,,,,,,,,,,,,,,,,,,,,,,,,,,,,,,,,,,,,,,,,,,,,,,,,,,,,,,,,,,,,,,,,,,,,,,,,,,,,,,,,,,,,,,,,,,,,,,,,,,,,,,,,,,,,,,,,,,,,,,,,,,,,,,,,,,,,,,,,,,,,,,,,,,,,,,,,,,,,,,,,,,,,,,,,,,,,,,,,,
,,,,,,,,,,,,,,,,,,,,,,,,,,,,,,,,,,,,,,,,,,,,,,,,,,,,,,,,,,,,,,,,,,,,,,,,,,,,,,,,,,,,,,,,,,,,,,,,,,,,,,,,,,,,,,,,,,,,,,,,,,,,,,,,,,,,,,,,,,,,,,,,,,,,,,,,,,,,,,,,,,,,,,,,,,,,,,,,,,,,,,,,,,,,,,,,,,,,,,,,,,,,,,,,,,,,,,,,,,,,,,,,,,,,,,,,,,,,,,,,,,,,,,,,,,,,,,,,,,,,,,,,,,,,,,,,,,,,,,,,,,,,,,,,,,,,,,,,,,,,,,,,,,,,,,,,,,,,,,,,,,,,,,,,,,,,,,,,,,,,,,,,,,,,,,,,,,,,,,,,,,,,,,,,,,,,,,,,,,,,,,,,,,,,,,,,,,,,,,,,,,,,,,,,,,,,,,,,,,,,,,,,,,,,,,,,,,,,,,,,,,,,,,,,,,,,,,,,,,,,,,,,,,,,,,,,,,,,,,,,,,,,,,,,,,,,,,,,,,,,,,,,,,,,,,,,,,,,,,,,,,,,,,,,,,,
,,,,,,,,,,,,,,,,,,,,,,,,,,,,,,,,,,,,,,,,,,,,,,,,,,,,,,,,,,,,,,,,,,,,,,,,,,,,,,,,,,,,,,,,,,,,,,,,,,,,,,,,,,,,,,,,,,,,,,,,,,,,,,,,,,,,,,,,,,,,,,,,,,,,,,,,,,,,,,,,,,,,,,,,,,,,,,,,,,,,,,,,,,,,,,,,,,,,,,,,,,,,,,,,,,,,,,,,,,,,,,,,,,,,,,,,,,,,,,,,,,,,,,,,,,,,,,,,,,,,,,,,,,,,,,,,,,,,,,,,,,,,,,,,,,,,,,,,,,,,,,,,,,,,,,,,,,,,,,,,,,,,,,,,,,,,,,,,,,,,,,,,,,,,,,,,,,,,,,,,,,,,,,,,,,,,,,,,,,,,,,,,,,,,,,,,,,,,,,,,,,,,,,,,,,,,,,,,,,,,,,,,,,,,,,,,,,,,,,,,,,,,,,,,,,,,,,,,,,,,,,,,,,,,,,,,,,,,,,,,,,,,,,,,,,,,,,,,,,,,,,,,,,,,,,,,,,,,,,,,,,,,,,,,,,,
,,,,,,,,,,,,,,,,,,,,,,,,,,,,,,,,,,,,,,,,,,,,,,,,,,,,,,,,,,,,,,,,,,,,,,,,,,,,,,,,,,,,,,,,,,,,,,,,,,,,,,,,,,,,,,,,,,,,,,,,,,,,,,,,,,,,,,,,,,,,,,,,,,,,,,,,,,,,,,,,,,,,,,,,,,,,,,,,,,,,,,,,,,,,,,,,,,,,,,,,,,,,,,,,,,,,,,,,,,,,,,,,,,,,,,,,,,,,,,,,,,,,,,,,,,,,,,,,,,,,,,,,,,,,,,,,,,,,,,,,,,,,,,,,,,,,,,,,,,,,,,,,,,,,,,,,,,,,,,,,,,,,,,,,,,,,,,,,,,,,,,,,,,,,,,,,,,,,,,,,,,,,,,,,,,,,,,,,,,,,,,,,,,,,,,,,,,,,,,,,,,,,,,,,,,,,,,,,,,,,,,,,,,,,,,,,,,,,,,,,,,,,,,,,,,,,,,,,,,,,,,,,,,,,,,,,,,,,,,,,,,,,,,,,,,,,,,,,,,,,,,,,,,,,,,,,,,,,,,,,,,,,,,,,,,,
,,,,,,,,,,,,,,,,,,,,,,,,,,,,,,,,,,,,,,,,,,,,,,,,,,,,,,,,,,,,,,,,,,,,,,,,,,,,,,,,,,,,,,,,,,,,,,,,,,,,,,,,,,,,,,,,,,,,,,,,,,,,,,,,,,,,,,,,,,,,,,,,,,,,,,,,,,,,,,,,,,,,,,,,,,,,,,,,,,,,,,,,,,,,,,,,,,,,,,,,,,,,,,,,,,,,,,,,,,,,,,,,,,,,,,,,,,,,,,,,,,,,,,,,,,,,,,,,,,,,,,,,,,,,,,,,,,,,,,,,,,,,,,,,,,,,,,,,,,,,,,,,,,,,,,,,,,,,,,,,,,,,,,,,,,,,,,,,,,,,,,,,,,,,,,,,,,,,,,,,,,,,,,,,,,,,,,,,,,,,,,,,,,,,,,,,,,,,,,,,,,,,,,,,,,,,,,,,,,,,,,,,,,,,,,,,,,,,,,,,,,,,,,,,,,,,,,,,,,,,,,,,,,,,,,,,,,,,,,,,,,,,,,,,,,,,,,,,,,,,,,,,,,,,,,,,,,,,,,,,,,,,,,,,,,,
,,,,,,,,,,,,,,,,,,,,,,,,,,,,,,,,,,,,,,,,,,,,,,,,,,,,,,,,,,,,,,,,,,,,,,,,,,,,,,,,,,,,,,,,,,,,,,,,,,,,,,,,,,,,,,,,,,,,,,,,,,,,,,,,,,,,,,,,,,,,,,,,,,,,,,,,,,,,,,,,,,,,,,,,,,,,,,,,,,,,,,,,,,,,,,,,,,,,,,,,,,,,,,,,,,,,,,,,,,,,,,,,,,,,,,,,,,,,,,,,,,,,,,,,,,,,,,,,,,,,,,,,,,,,,,,,,,,,,,,,,,,,,,,,,,,,,,,,,,,,,,,,,,,,,,,,,,,,,,,,,,,,,,,,,,,,,,,,,,,,,,,,,,,,,,,,,,,,,,,,,,,,,,,,,,,,,,,,,,,,,,,,,,,,,,,,,,,,,,,,,,,,,,,,,,,,,,,,,,,,,,,,,,,,,,,,,,,,,,,,,,,,,,,,,,,,,,,,,,,,,,,,,,,,,,,,,,,,,,,,,,,,,,,,,,,,,,,,,,,,,,,,,,,,,,,,,,,,,,,,,,,,,,,,,,,
,,,,,,,,,,,,,,,,,,,,,,,,,,,,,,,,,,,,,,,,,,,,,,,,,,,,,,,,,,,,,,,,,,,,,,,,,,,,,,,,,,,,,,,,,,,,,,,,,,,,,,,,,,,,,,,,,,,,,,,,,,,,,,,,,,,,,,,,,,,,,,,,,,,,,,,,,,,,,,,,,,,,,,,,,,,,,,,,,,,,,,,,,,,,,,,,,,,,,,,,,,,,,,,,,,,,,,,,,,,,,,,,,,,,,,,,,,,,,,,,,,,,,,,,,,,,,,,,,,,,,,,,,,,,,,,,,,,,,,,,,,,,,,,,,,,,,,,,,,,,,,,,,,,,,,,,,,,,,,,,,,,,,,,,,,,,,,,,,,,,,,,,,,,,,,,,,,,,,,,,,,,,,,,,,,,,,,,,,,,,,,,,,,,,,,,,,,,,,,,,,,,,,,,,,,,,,,,,,,,,,,,,,,,,,,,,,,,,,,,,,,,,,,,,,,,,,,,,,,,,,,,,,,,,,,,,,,,,,,,,,,,,,,,,,,,,,,,,,,,,,,,,,,,,,,,,,,,,,,,,,,,,,,,,,,,
,,,,,,,,,,,,,,,,,,,,,,,,,,,,,,,,,,,,,,,,,,,,,,,,,,,,,,,,,,,,,,,,,,,,,,,,,,,,,,,,,,,,,,,,,,,,,,,,,,,,,,,,,,,,,,,,,,,,,,,,,,,,,,,,,,,,,,,,,,,,,,,,,,,,,,,,,,,,,,,,,,,,,,,,,,,,,,,,,,,,,,,,,,,,,,,,,,,,,,,,,,,,,,,,,,,,,,,,,,,,,,,,,,,,,,,,,,,,,,,,,,,,,,,,,,,,,,,,,,,,,,,,,,,,,,,,,,,,,,,,,,,,,,,,,,,,,,,,,,,,,,,,,,,,,,,,,,,,,,,,,,,,,,,,,,,,,,,,,,,,,,,,,,,,,,,,,,,,,,,,,,,,,,,,,,,,,,,,,,,,,,,,,,,,,,,,,,,,,,,,,,,,,,,,,,,,,,,,,,,,,,,,,,,,,,,,,,,,,,,,,,,,,,,,,,,,,,,,,,,,,,,,,,,,,,,,,,,,,,,,,,,,,,,,,,,,,,,,,,,,,,,,,,,,,,,,,,,,,,,,,,,,,,,,,,,
,,,,,,,,,,,,,,,,,,,,,,,,,,,,,,,,,,,,,,,,,,,,,,,,,,,,,,,,,,,,,,,,,,,,,,,,,,,,,,,,,,,,,,,,,,,,,,,,,,,,,,,,,,,,,,,,,,,,,,,,,,,,,,,,,,,,,,,,,,,,,,,,,,,,,,,,,,,,,,,,,,,,,,,,,,,,,,,,,,,,,,,,,,,,,,,,,,,,,,,,,,,,,,,,,,,,,,,,,,,,,,,,,,,,,,,,,,,,,,,,,,,,,,,,,,,,,,,,,,,,,,,,,,,,,,,,,,,,,,,,,,,,,,,,,,,,,,,,,,,,,,,,,,,,,,,,,,,,,,,,,,,,,,,,,,,,,,,,,,,,,,,,,,,,,,,,,,,,,,,,,,,,,,,,,,,,,,,,,,,,,,,,,,,,,,,,,,,,,,,,,,,,,,,,,,,,,,,,,,,,,,,,,,,,,,,,,,,,,,,,,,,,,,,,,,,,,,,,,,,,,,,,,,,,,,,,,,,,,,,,,,,,,,,,,,,,,,,,,,,,,,,,,,,,,,,,,,,,,,,,,,,,,,,,,,,
,,,,,,,,,,,,,,,,,,,,,,,,,,,,,,,,,,,,,,,,,,,,,,,,,,,,,,,,,,,,,,,,,,,,,,,,,,,,,,,,,,,,,,,,,,,,,,,,,,,,,,,,,,,,,,,,,,,,,,,,,,,,,,,,,,,,,,,,,,,,,,,,,,,,,,,,,,,,,,,,,,,,,,,,,,,,,,,,,,,,,,,,,,,,,,,,,,,,,,,,,,,,,,,,,,,,,,,,,,,,,,,,,,,,,,,,,,,,,,,,,,,,,,,,,,,,,,,,,,,,,,,,,,,,,,,,,,,,,,,,,,,,,,,,,,,,,,,,,,,,,,,,,,,,,,,,,,,,,,,,,,,,,,,,,,,,,,,,,,,,,,,,,,,,,,,,,,,,,,,,,,,,,,,,,,,,,,,,,,,,,,,,,,,,,,,,,,,,,,,,,,,,,,,,,,,,,,,,,,,,,,,,,,,,,,,,,,,,,,,,,,,,,,,,,,,,,,,,,,,,,,,,,,,,,,,,,,,,,,,,,,,,,,,,,,,,,,,,,,,,,,,,,,,,,,,,,,,,,,,,,,,,,,,,,,,
,,,,,,,,,,,,,,,,,,,,,,,,,,,,,,,,,,,,,,,,,,,,,,,,,,,,,,,,,,,,,,,,,,,,,,,,,,,,,,,,,,,,,,,,,,,,,,,,,,,,,,,,,,,,,,,,,,,,,,,,,,,,,,,,,,,,,,,,,,,,,,,,,,,,,,,,,,,,,,,,,,,,,,,,,,,,,,,,,,,,,,,,,,,,,,,,,,,,,,,,,,,,,,,,,,,,,,,,,,,,,,,,,,,,,,,,,,,,,,,,,,,,,,,,,,,,,,,,,,,,,,,,,,,,,,,,,,,,,,,,,,,,,,,,,,,,,,,,,,,,,,,,,,,,,,,,,,,,,,,,,,,,,,,,,,,,,,,,,,,,,,,,,,,,,,,,,,,,,,,,,,,,,,,,,,,,,,,,,,,,,,,,,,,,,,,,,,,,,,,,,,,,,,,,,,,,,,,,,,,,,,,,,,,,,,,,,,,,,,,,,,,,,,,,,,,,,,,,,,,,,,,,,,,,,,,,,,,,,,,,,,,,,,,,,,,,,,,,,,,,,,,,,,,,,,,,,,,,,,,,,,,,,,,,,,,
,,,,,,,,,,,,,,,,,,,,,,,,,,,,,,,,,,,,,,,,,,,,,,,,,,,,,,,,,,,,,,,,,,,,,,,,,,,,,,,,,,,,,,,,,,,,,,,,,,,,,,,,,,,,,,,,,,,,,,,,,,,,,,,,,,,,,,,,,,,,,,,,,,,,,,,,,,,,,,,,,,,,,,,,,,,,,,,,,,,,,,,,,,,,,,,,,,,,,,,,,,,,,,,,,,,,,,,,,,,,,,,,,,,,,,,,,,,,,,,,,,,,,,,,,,,,,,,,,,,,,,,,,,,,,,,,,,,,,,,,,,,,,,,,,,,,,,,,,,,,,,,,,,,,,,,,,,,,,,,,,,,,,,,,,,,,,,,,,,,,,,,,,,,,,,,,,,,,,,,,,,,,,,,,,,,,,,,,,,,,,,,,,,,,,,,,,,,,,,,,,,,,,,,,,,,,,,,,,,,,,,,,,,,,,,,,,,,,,,,,,,,,,,,,,,,,,,,,,,,,,,,,,,,,,,,,,,,,,,,,,,,,,,,,,,,,,,,,,,,,,,,,,,,,,,,,,,,,,,,,,,,,,,,,,,,
,,,,,,,,,,,,,,,,,,,,,,,,,,,,,,,,,,,,,,,,,,,,,,,,,,,,,,,,,,,,,,,,,,,,,,,,,,,,,,,,,,,,,,,,,,,,,,,,,,,,,,,,,,,,,,,,,,,,,,,,,,,,,,,,,,,,,,,,,,,,,,,,,,,,,,,,,,,,,,,,,,,,,,,,,,,,,,,,,,,,,,,,,,,,,,,,,,,,,,,,,,,,,,,,,,,,,,,,,,,,,,,,,,,,,,,,,,,,,,,,,,,,,,,,,,,,,,,,,,,,,,,,,,,,,,,,,,,,,,,,,,,,,,,,,,,,,,,,,,,,,,,,,,,,,,,,,,,,,,,,,,,,,,,,,,,,,,,,,,,,,,,,,,,,,,,,,,,,,,,,,,,,,,,,,,,,,,,,,,,,,,,,,,,,,,,,,,,,,,,,,,,,,,,,,,,,,,,,,,,,,,,,,,,,,,,,,,,,,,,,,,,,,,,,,,,,,,,,,,,,,,,,,,,,,,,,,,,,,,,,,,,,,,,,,,,,,,,,,,,,,,,,,,,,,,,,,,,,,,,,,,,,,,,,,,,
,,,,,,,,,,,,,,,,,,,,,,,,,,,,,,,,,,,,,,,,,,,,,,,,,,,,,,,,,,,,,,,,,,,,,,,,,,,,,,,,,,,,,,,,,,,,,,,,,,,,,,,,,,,,,,,,,,,,,,,,,,,,,,,,,,,,,,,,,,,,,,,,,,,,,,,,,,,,,,,,,,,,,,,,,,,,,,,,,,,,,,,,,,,,,,,,,,,,,,,,,,,,,,,,,,,,,,,,,,,,,,,,,,,,,,,,,,,,,,,,,,,,,,,,,,,,,,,,,,,,,,,,,,,,,,,,,,,,,,,,,,,,,,,,,,,,,,,,,,,,,,,,,,,,,,,,,,,,,,,,,,,,,,,,,,,,,,,,,,,,,,,,,,,,,,,,,,,,,,,,,,,,,,,,,,,,,,,,,,,,,,,,,,,,,,,,,,,,,,,,,,,,,,,,,,,,,,,,,,,,,,,,,,,,,,,,,,,,,,,,,,,,,,,,,,,,,,,,,,,,,,,,,,,,,,,,,,,,,,,,,,,,,,,,,,,,,,,,,,,,,,,,,,,,,,,,,,,,,,,,,,,,,,,,,,,
,,,,,,,,,,,,,,,,,,,,,,,,,,,,,,,,,,,,,,,,,,,,,,,,,,,,,,,,,,,,,,,,,,,,,,,,,,,,,,,,,,,,,,,,,,,,,,,,,,,,,,,,,,,,,,,,,,,,,,,,,,,,,,,,,,,,,,,,,,,,,,,,,,,,,,,,,,,,,,,,,,,,,,,,,,,,,,,,,,,,,,,,,,,,,,,,,,,,,,,,,,,,,,,,,,,,,,,,,,,,,,,,,,,,,,,,,,,,,,,,,,,,,,,,,,,,,,,,,,,,,,,,,,,,,,,,,,,,,,,,,,,,,,,,,,,,,,,,,,,,,,,,,,,,,,,,,,,,,,,,,,,,,,,,,,,,,,,,,,,,,,,,,,,,,,,,,,,,,,,,,,,,,,,,,,,,,,,,,,,,,,,,,,,,,,,,,,,,,,,,,,,,,,,,,,,,,,,,,,,,,,,,,,,,,,,,,,,,,,,,,,,,,,,,,,,,,,,,,,,,,,,,,,,,,,,,,,,,,,,,,,,,,,,,,,,,,,,,,,,,,,,,,,,,,,,,,,,,,,,,,,,,,,,,,,,
,,,,,,,,,,,,,,,,,,,,,,,,,,,,,,,,,,,,,,,,,,,,,,,,,,,,,,,,,,,,,,,,,,,,,,,,,,,,,,,,,,,,,,,,,,,,,,,,,,,,,,,,,,,,,,,,,,,,,,,,,,,,,,,,,,,,,,,,,,,,,,,,,,,,,,,,,,,,,,,,,,,,,,,,,,,,,,,,,,,,,,,,,,,,,,,,,,,,,,,,,,,,,,,,,,,,,,,,,,,,,,,,,,,,,,,,,,,,,,,,,,,,,,,,,,,,,,,,,,,,,,,,,,,,,,,,,,,,,,,,,,,,,,,,,,,,,,,,,,,,,,,,,,,,,,,,,,,,,,,,,,,,,,,,,,,,,,,,,,,,,,,,,,,,,,,,,,,,,,,,,,,,,,,,,,,,,,,,,,,,,,,,,,,,,,,,,,,,,,,,,,,,,,,,,,,,,,,,,,,,,,,,,,,,,,,,,,,,,,,,,,,,,,,,,,,,,,,,,,,,,,,,,,,,,,,,,,,,,,,,,,,,,,,,,,,,,,,,,,,,,,,,,,,,,,,,,,,,,,,,,,,,,,,,,,,
,,,,,,,,,,,,,,,,,,,,,,,,,,,,,,,,,,,,,,,,,,,,,,,,,,,,,,,,,,,,,,,,,,,,,,,,,,,,,,,,,,,,,,,,,,,,,,,,,,,,,,,,,,,,,,,,,,,,,,,,,,,,,,,,,,,,,,,,,,,,,,,,,,,,,,,,,,,,,,,,,,,,,,,,,,,,,,,,,,,,,,,,,,,,,,,,,,,,,,,,,,,,,,,,,,,,,,,,,,,,,,,,,,,,,,,,,,,,,,,,,,,,,,,,,,,,,,,,,,,,,,,,,,,,,,,,,,,,,,,,,,,,,,,,,,,,,,,,,,,,,,,,,,,,,,,,,,,,,,,,,,,,,,,,,,,,,,,,,,,,,,,,,,,,,,,,,,,,,,,,,,,,,,,,,,,,,,,,,,,,,,,,,,,,,,,,,,,,,,,,,,,,,,,,,,,,,,,,,,,,,,,,,,,,,,,,,,,,,,,,,,,,,,,,,,,,,,,,,,,,,,,,,,,,,,,,,,,,,,,,,,,,,,,,,,,,,,,,,,,,,,,,,,,,,,,,,,,,,,,,,,,,,,,,,,,
,,,,,,,,,,,,,,,,,,,,,,,,,,,,,,,,,,,,,,,,,,,,,,,,,,,,,,,,,,,,,,,,,,,,,,,,,,,,,,,,,,,,,,,,,,,,,,,,,,,,,,,,,,,,,,,,,,,,,,,,,,,,,,,,,,,,,,,,,,,,,,,,,,,,,,,,,,,,,,,,,,,,,,,,,,,,,,,,,,,,,,,,,,,,,,,,,,,,,,,,,,,,,,,,,,,,,,,,,,,,,,,,,,,,,,,,,,,,,,,,,,,,,,,,,,,,,,,,,,,,,,,,,,,,,,,,,,,,,,,,,,,,,,,,,,,,,,,,,,,,,,,,,,,,,,,,,,,,,,,,,,,,,,,,,,,,,,,,,,,,,,,,,,,,,,,,,,,,,,,,,,,,,,,,,,,,,,,,,,,,,,,,,,,,,,,,,,,,,,,,,,,,,,,,,,,,,,,,,,,,,,,,,,,,,,,,,,,,,,,,,,,,,,,,,,,,,,,,,,,,,,,,,,,,,,,,,,,,,,,,,,,,,,,,,,,,,,,,,,,,,,,,,,,,,,,,,,,,,,,,,,,,,,,,,,,
,,,,,,,,,,,,,,,,,,,,,,,,,,,,,,,,,,,,,,,,,,,,,,,,,,,,,,,,,,,,,,,,,,,,,,,,,,,,,,,,,,,,,,,,,,,,,,,,,,,,,,,,,,,,,,,,,,,,,,,,,,,,,,,,,,,,,,,,,,,,,,,,,,,,,,,,,,,,,,,,,,,,,,,,,,,,,,,,,,,,,,,,,,,,,,,,,,,,,,,,,,,,,,,,,,,,,,,,,,,,,,,,,,,,,,,,,,,,,,,,,,,,,,,,,,,,,,,,,,,,,,,,,,,,,,,,,,,,,,,,,,,,,,,,,,,,,,,,,,,,,,,,,,,,,,,,,,,,,,,,,,,,,,,,,,,,,,,,,,,,,,,,,,,,,,,,,,,,,,,,,,,,,,,,,,,,,,,,,,,,,,,,,,,,,,,,,,,,,,,,,,,,,,,,,,,,,,,,,,,,,,,,,,,,,,,,,,,,,,,,,,,,,,,,,,,,,,,,,,,,,,,,,,,,,,,,,,,,,,,,,,,,,,,,,,,,,,,,,,,,,,,,,,,,,,,,,,,,,,,,,,,,,,,,,,,
,,,,,,,,,,,,,,,,,,,,,,,,,,,,,,,,,,,,,,,,,,,,,,,,,,,,,,,,,,,,,,,,,,,,,,,,,,,,,,,,,,,,,,,,,,,,,,,,,,,,,,,,,,,,,,,,,,,,,,,,,,,,,,,,,,,,,,,,,,,,,,,,,,,,,,,,,,,,,,,,,,,,,,,,,,,,,,,,,,,,,,,,,,,,,,,,,,,,,,,,,,,,,,,,,,,,,,,,,,,,,,,,,,,,,,,,,,,,,,,,,,,,,,,,,,,,,,,,,,,,,,,,,,,,,,,,,,,,,,,,,,,,,,,,,,,,,,,,,,,,,,,,,,,,,,,,,,,,,,,,,,,,,,,,,,,,,,,,,,,,,,,,,,,,,,,,,,,,,,,,,,,,,,,,,,,,,,,,,,,,,,,,,,,,,,,,,,,,,,,,,,,,,,,,,,,,,,,,,,,,,,,,,,,,,,,,,,,,,,,,,,,,,,,,,,,,,,,,,,,,,,,,,,,,,,,,,,,,,,,,,,,,,,,,,,,,,,,,,,,,,,,,,,,,,,,,,,,,,,,,,,,,,,,,,,,
,,,,,,,,,,,,,,,,,,,,,,,,,,,,,,,,,,,,,,,,,,,,,,,,,,,,,,,,,,,,,,,,,,,,,,,,,,,,,,,,,,,,,,,,,,,,,,,,,,,,,,,,,,,,,,,,,,,,,,,,,,,,,,,,,,,,,,,,,,,,,,,,,,,,,,,,,,,,,,,,,,,,,,,,,,,,,,,,,,,,,,,,,,,,,,,,,,,,,,,,,,,,,,,,,,,,,,,,,,,,,,,,,,,,,,,,,,,,,,,,,,,,,,,,,,,,,,,,,,,,,,,,,,,,,,,,,,,,,,,,,,,,,,,,,,,,,,,,,,,,,,,,,,,,,,,,,,,,,,,,,,,,,,,,,,,,,,,,,,,,,,,,,,,,,,,,,,,,,,,,,,,,,,,,,,,,,,,,,,,,,,,,,,,,,,,,,,,,,,,,,,,,,,,,,,,,,,,,,,,,,,,,,,,,,,,,,,,,,,,,,,,,,,,,,,,,,,,,,,,,,,,,,,,,,,,,,,,,,,,,,,,,,,,,,,,,,,,,,,,,,,,,,,,,,,,,,,,,,,,,,,,,,,,,,,,
,,,,,,,,,,,,,,,,,,,,,,,,,,,,,,,,,,,,,,,,,,,,,,,,,,,,,,,,,,,,,,,,,,,,,,,,,,,,,,,,,,,,,,,,,,,,,,,,,,,,,,,,,,,,,,,,,,,,,,,,,,,,,,,,,,,,,,,,,,,,,,,,,,,,,,,,,,,,,,,,,,,,,,,,,,,,,,,,,,,,,,,,,,,,,,,,,,,,,,,,,,,,,,,,,,,,,,,,,,,,,,,,,,,,,,,,,,,,,,,,,,,,,,,,,,,,,,,,,,,,,,,,,,,,,,,,,,,,,,,,,,,,,,,,,,,,,,,,,,,,,,,,,,,,,,,,,,,,,,,,,,,,,,,,,,,,,,,,,,,,,,,,,,,,,,,,,,,,,,,,,,,,,,,,,,,,,,,,,,,,,,,,,,,,,,,,,,,,,,,,,,,,,,,,,,,,,,,,,,,,,,,,,,,,,,,,,,,,,,,,,,,,,,,,,,,,,,,,,,,,,,,,,,,,,,,,,,,,,,,,,,,,,,,,,,,,,,,,,,,,,,,,,,,,,,,,,,,,,,,,,,,,,,,,,,,
,,,,,,,,,,,,,,,,,,,,,,,,,,,,,,,,,,,,,,,,,,,,,,,,,,,,,,,,,,,,,,,,,,,,,,,,,,,,,,,,,,,,,,,,,,,,,,,,,,,,,,,,,,,,,,,,,,,,,,,,,,,,,,,,,,,,,,,,,,,,,,,,,,,,,,,,,,,,,,,,,,,,,,,,,,,,,,,,,,,,,,,,,,,,,,,,,,,,,,,,,,,,,,,,,,,,,,,,,,,,,,,,,,,,,,,,,,,,,,,,,,,,,,,,,,,,,,,,,,,,,,,,,,,,,,,,,,,,,,,,,,,,,,,,,,,,,,,,,,,,,,,,,,,,,,,,,,,,,,,,,,,,,,,,,,,,,,,,,,,,,,,,,,,,,,,,,,,,,,,,,,,,,,,,,,,,,,,,,,,,,,,,,,,,,,,,,,,,,,,,,,,,,,,,,,,,,,,,,,,,,,,,,,,,,,,,,,,,,,,,,,,,,,,,,,,,,,,,,,,,,,,,,,,,,,,,,,,,,,,,,,,,,,,,,,,,,,,,,,,,,,,,,,,,,,,,,,,,,,,,,,,,,,,,,,,
,,,,,,,,,,,,,,,,,,,,,,,,,,,,,,,,,,,,,,,,,,,,,,,,,,,,,,,,,,,,,,,,,,,,,,,,,,,,,,,,,,,,,,,,,,,,,,,,,,,,,,,,,,,,,,,,,,,,,,,,,,,,,,,,,,,,,,,,,,,,,,,,,,,,,,,,,,,,,,,,,,,,,,,,,,,,,,,,,,,,,,,,,,,,,,,,,,,,,,,,,,,,,,,,,,,,,,,,,,,,,,,,,,,,,,,,,,,,,,,,,,,,,,,,,,,,,,,,,,,,,,,,,,,,,,,,,,,,,,,,,,,,,,,,,,,,,,,,,,,,,,,,,,,,,,,,,,,,,,,,,,,,,,,,,,,,,,,,,,,,,,,,,,,,,,,,,,,,,,,,,,,,,,,,,,,,,,,,,,,,,,,,,,,,,,,,,,,,,,,,,,,,,,,,,,,,,,,,,,,,,,,,,,,,,,,,,,,,,,,,,,,,,,,,,,,,,,,,,,,,,,,,,,,,,,,,,,,,,,,,,,,,,,,,,,,,,,,,,,,,,,,,,,,,,,,,,,,,,,,,,,,,,,,,,,,
,,,,,,,,,,,,,,,,,,,,,,,,,,,,,,,,,,,,,,,,,,,,,,,,,,,,,,,,,,,,,,,,,,,,,,,,,,,,,,,,,,,,,,,,,,,,,,,,,,,,,,,,,,,,,,,,,,,,,,,,,,,,,,,,,,,,,,,,,,,,,,,,,,,,,,,,,,,,,,,,,,,,,,,,,,,,,,,,,,,,,,,,,,,,,,,,,,,,,,,,,,,,,,,,,,,,,,,,,,,,,,,,,,,,,,,,,,,,,,,,,,,,,,,,,,,,,,,,,,,,,,,,,,,,,,,,,,,,,,,,,,,,,,,,,,,,,,,,,,,,,,,,,,,,,,,,,,,,,,,,,,,,,,,,,,,,,,,,,,,,,,,,,,,,,,,,,,,,,,,,,,,,,,,,,,,,,,,,,,,,,,,,,,,,,,,,,,,,,,,,,,,,,,,,,,,,,,,,,,,,,,,,,,,,,,,,,,,,,,,,,,,,,,,,,,,,,,,,,,,,,,,,,,,,,,,,,,,,,,,,,,,,,,,,,,,,,,,,,,,,,,,,,,,,,,,,,,,,,,,,,,,,,,,,,,,
,,,,,,,,,,,,,,,,,,,,,,,,,,,,,,,,,,,,,,,,,,,,,,,,,,,,,,,,,,,,,,,,,,,,,,,,,,,,,,,,,,,,,,,,,,,,,,,,,,,,,,,,,,,,,,,,,,,,,,,,,,,,,,,,,,,,,,,,,,,,,,,,,,,,,,,,,,,,,,,,,,,,,,,,,,,,,,,,,,,,,,,,,,,,,,,,,,,,,,,,,,,,,,,,,,,,,,,,,,,,,,,,,,,,,,,,,,,,,,,,,,,,,,,,,,,,,,,,,,,,,,,,,,,,,,,,,,,,,,,,,,,,,,,,,,,,,,,,,,,,,,,,,,,,,,,,,,,,,,,,,,,,,,,,,,,,,,,,,,,,,,,,,,,,,,,,,,,,,,,,,,,,,,,,,,,,,,,,,,,,,,,,,,,,,,,,,,,,,,,,,,,,,,,,,,,,,,,,,,,,,,,,,,,,,,,,,,,,,,,,,,,,,,,,,,,,,,,,,,,,,,,,,,,,,,,,,,,,,,,,,,,,,,,,,,,,,,,,,,,,,,,,,,,,,,,,,,,,,,,,,,,,,,,,,,,
